ISO-10303-21;
HEADER;
FILE_DESCRIPTION (( 'STEP AP214' ),
    '1' );
FILE_NAME ('26.07.13 Avionics Bay Plate (Bottom Half).STEP',
    '2026-07-13T20:37:18',
    ( '' ),
    ( '' ),
    'SwSTEP 2.0',
    'SolidWorks 2025',
    '' );
FILE_SCHEMA (( 'AUTOMOTIVE_DESIGN' ));
ENDSEC;

DATA;
#1 = CARTESIAN_POINT ( 'NONE',  ( 313.7994845112278313, 38.21726914570503908, -4.999999999999990230 ) ) ;
#2 = ORIENTED_EDGE ( 'NONE', *, *, #1527, .F. ) ;
#3 = AXIS2_PLACEMENT_3D ( 'NONE', #312, #3367, #376 ) ;
#4 = CARTESIAN_POINT ( 'NONE',  ( 411.8987684432514698, -20.66660875104113160, 4.999999999999960920 ) ) ;
#5 = CARTESIAN_POINT ( 'NONE',  ( 263.4481735402231379, 38.76087333616484898, -7.904289623057010772 ) ) ;
#6 = DIRECTION ( 'NONE',  ( 1.000000000000000000, 0.000000000000000000, 0.000000000000000000 ) ) ;
#7 = FACE_OUTER_BOUND ( 'NONE', #2942, .T. ) ;
#8 = CARTESIAN_POINT ( 'NONE',  ( 263.4487652200347156, 40.65965511045245506, 5.000000000000063949 ) ) ;
#9 = CARTESIAN_POINT ( 'NONE',  ( 270.4487652200348293, -29.87784032947381263, 4.999999999999968914 ) ) ;
#10 = CARTESIAN_POINT ( 'NONE',  ( 416.4487652200347725, 36.20799627220453942, -5.000000000000059508 ) ) ;
#11 = CARTESIAN_POINT ( 'NONE',  ( 264.1491657135201194, -30.90573547797346876, 8.947943962257570050 ) ) ;
#12 = CARTESIAN_POINT ( 'NONE',  ( 263.9141343340932622, -30.78050955914133979, -9.433060730626571910 ) ) ;
#13 = ORIENTED_EDGE ( 'NONE', *, *, #1155, .F. ) ;
#14 = ORIENTED_EDGE ( 'NONE', *, *, #3982, .F. ) ;
#15 = DIRECTION ( 'NONE',  ( 0.000000000000000000, -1.000000000000000000, 0.000000000000000000 ) ) ;
#16 = CARTESIAN_POINT ( 'NONE',  ( 411.8987652200348180, 26.40339627220449970, -4.000000000000054179 ) ) ;
#17 = CARTESIAN_POINT ( 'NONE',  ( 416.4487652200347725, 20.75799627220454013, 8.199999999999999289 ) ) ;
#18 = DIRECTION ( 'NONE',  ( -0.000000000000000000, -0.000000000000000000, 1.000000000000000000 ) ) ;
#19 = ORIENTED_EDGE ( 'NONE', *, *, #2577, .T. ) ;
#20 = CYLINDRICAL_SURFACE ( 'NONE', #481, 0.8000000000000229150 ) ;
#21 = ADVANCED_FACE ( 'NONE', ( #633 ), #1982, .F. ) ;
#22 = AXIS2_PLACEMENT_3D ( 'NONE', #158, #3425, #1768 ) ;
#23 = CARTESIAN_POINT ( 'NONE',  ( 263.4487652200348293, 39.41251450586273108, 3.722975602965002739 ) ) ;
#24 = CARTESIAN_POINT ( 'NONE',  ( 323.4487652200347156, -24.00127660129597729, 1.800000000000009592 ) ) ;
#25 = DIRECTION ( 'NONE',  ( -1.000000000000000000, -1.226999531788473846E-16, 0.000000000000000000 ) ) ;
#26 = CARTESIAN_POINT ( 'NONE',  ( 285.7487652254412183, 39.25007184482242195, -3.373641671048128732 ) ) ;
#27 = CARTESIAN_POINT ( 'NONE',  ( 263.4487652200347725, -28.06455846538489851, 4.999999999999971578 ) ) ;
#28 = EDGE_CURVE ( 'NONE', #1694, #2734, #1653, .T. ) ;
#29 = CARTESIAN_POINT ( 'NONE',  ( 259.4487652200347725, -25.11223060601727397, -5.000000000000023981 ) ) ;
#30 = LINE ( 'NONE', #124, #2073 ) ;
#31 = ORIENTED_EDGE ( 'NONE', *, *, #2977, .T. ) ;
#32 = PLANE ( 'NONE',  #2582 ) ;
#33 = CARTESIAN_POINT ( 'NONE',  ( 263.4487652200348293, -30.15630499072365467, -11.47893901266004590 ) ) ;
#34 = ORIENTED_EDGE ( 'NONE', *, *, #2085, .F. ) ;
#35 = VERTEX_POINT ( 'NONE', #10 ) ;
#36 = CARTESIAN_POINT ( 'NONE',  ( 261.4487652200347156, -25.11223060601726687, 5.000000000000009770 ) ) ;
#37 = AXIS2_PLACEMENT_3D ( 'NONE', #1603, #2610, #3217 ) ;
#38 = CARTESIAN_POINT ( 'NONE',  ( 429.4487652200347725, 3.757996272204540134, 0.000000000000000000 ) ) ;
#39 = VECTOR ( 'NONE', #3003, 1000.000000000000000 ) ;
#40 =( LENGTH_UNIT ( ) NAMED_UNIT ( * ) SI_UNIT ( .MILLI., .METRE. ) );
#41 = CARTESIAN_POINT ( 'NONE',  ( 263.4487652200347725, 37.48691561451369836, 12.00000000000005862 ) ) ;
#42 = EDGE_CURVE ( 'NONE', #1854, #1872, #1349, .T. ) ;
#43 = DIRECTION ( 'NONE',  ( 1.000000000000000000, 1.226999531788473846E-16, -0.000000000000000000 ) ) ;
#44 = CARTESIAN_POINT ( 'NONE',  ( 263.4487652200348293, 39.12331066234553845, 5.561882602724106839 ) ) ;
#45 = VECTOR ( 'NONE', #643, 1000.000000000000000 ) ;
#46 = LINE ( 'NONE', #3041, #1961 ) ;
#47 = ORIENTED_EDGE ( 'NONE', *, *, #935, .T. ) ;
#48 = CARTESIAN_POINT ( 'NONE',  ( 261.4487652200347156, -26.25127660129598439, 1.400000000000009681 ) ) ;
#49 = EDGE_CURVE ( 'NONE', #2077, #245, #2469, .T. ) ;
#50 = CARTESIAN_POINT ( 'NONE',  ( 274.2068737731543706, 39.30824376409223220, -1.686023339324898229 ) ) ;
#51 = CARTESIAN_POINT ( 'NONE',  ( 263.4487652200347725, -29.87784032947382329, 11.99999999999996980 ) ) ;
#52 = CARTESIAN_POINT ( 'NONE',  ( 411.8987652200347611, 28.83339627220454204, 4.999999999999931610 ) ) ;
#53 = LINE ( 'NONE', #3775, #2495 ) ;
#54 = LINE ( 'NONE', #1374, #4019 ) ;
#55 = B_SPLINE_CURVE_WITH_KNOTS ( 'NONE', 3,
 ( #2475, #1815, #2150, #4066 ),
 .UNSPECIFIED., .F., .F.,
 ( 4, 4 ),
 ( 0.5000000517753625529, 1.000000000000000000 ),
 .UNSPECIFIED. ) ;
#56 = EDGE_CURVE ( 'NONE', #237, #2119, #3390, .T. ) ;
#57 = VERTEX_POINT ( 'NONE', #2789 ) ;
#58 = VERTEX_POINT ( 'NONE', #3047 ) ;
#59 = CARTESIAN_POINT ( 'NONE',  ( 264.8078012077319272, 31.99535041191070661, 7.829719178415420089 ) ) ;
#60 = CARTESIAN_POINT ( 'NONE',  ( 263.4487652200347725, -26.25127660129598439, 1.400000000000009681 ) ) ;
#61 = DIRECTION ( 'NONE',  ( 1.000000000000000000, 0.000000000000000000, 0.000000000000000000 ) ) ;
#62 = VECTOR ( 'NONE', #318, 1000.000000000000000 ) ;
#63 = DIRECTION ( 'NONE',  ( -1.000000000000000000, -1.226999531788473599E-16, 0.000000000000000000 ) ) ;
#64 = ORIENTED_EDGE ( 'NONE', *, *, #4267, .T. ) ;
#65 = CARTESIAN_POINT ( 'NONE',  ( 270.4418414259054657, -31.38935388833775875, 4.999999999999964473 ) ) ;
#66 = CARTESIAN_POINT ( 'NONE',  ( 263.4487652200348293, 38.93921822184003645, -6.732437161406942927 ) ) ;
#67 = LINE ( 'NONE', #3788, #2031 ) ;
#68 = ORIENTED_EDGE ( 'NONE', *, *, #3759, .T. ) ;
#69 = DIRECTION ( 'NONE',  ( 0.000000000000000000, 1.000000000000000000, -5.857254280169296935E-16 ) ) ;
#70 = CARTESIAN_POINT ( 'NONE',  ( 263.4487652200347725, 37.01415087545659333, 12.00000000000005862 ) ) ;
#71 = CARTESIAN_POINT ( 'NONE',  ( 414.6987652200347725, -0.6666037277954632856, -4.000000000000038192 ) ) ;
#72 = EDGE_CURVE ( 'NONE', #2438, #3750, #3289, .T. ) ;
#73 = CYLINDRICAL_SURFACE ( 'NONE', #2239, 0.8000000000000229150 ) ;
#74 = CARTESIAN_POINT ( 'NONE',  ( 409.4487652200347725, 31.69872339870403266, 5.000000000000009770 ) ) ;
#75 = AXIS2_PLACEMENT_3D ( 'NONE', #1023, #3065, #1676 ) ;
#76 = CARTESIAN_POINT ( 'NONE',  ( 414.6987621389477567, -8.736603552638840142, -4.000000000000032863 ) ) ;
#77 = EDGE_CURVE ( 'NONE', #4311, #1687, #3594, .T. ) ;
#78 = CARTESIAN_POINT ( 'NONE',  ( 414.6987621389478704, -8.736603552638825931, 4.999999999999952038 ) ) ;
#79 = VERTEX_POINT ( 'NONE', #1091 ) ;
#80 = ORIENTED_EDGE ( 'NONE', *, *, #1440, .T. ) ;
#81 = CARTESIAN_POINT ( 'NONE',  ( 268.5921380208425830, 32.58451927711332274, 5.246585852805663919 ) ) ;
#82 = LINE ( 'NONE', #2127, #779 ) ;
#83 = CARTESIAN_POINT ( 'NONE',  ( 411.8987684432514698, -20.66660875104113160, -4.000000000000025757 ) ) ;
#84 = CARTESIAN_POINT ( 'NONE',  ( 263.4889165627503758, -31.02991832739756362, 6.665209607811140025 ) ) ;
#85 = LINE ( 'NONE', #3806, #3181 ) ;
#86 = ORIENTED_EDGE ( 'NONE', *, *, #1820, .F. ) ;
#87 = CARTESIAN_POINT ( 'NONE',  ( 416.4487652200347725, 36.20799627220453942, -4.000000000000058620 ) ) ;
#88 = CARTESIAN_POINT ( 'NONE',  ( 415.4487652200347725, -13.24200372779546164, 5.000000000000020428 ) ) ;
#89 = STYLED_ITEM ( 'NONE', ( #681 ), #1859 ) ;
#90 = ORIENTED_EDGE ( 'NONE', *, *, #2853, .F. ) ;
#91 = CARTESIAN_POINT ( 'NONE',  ( 263.5007503884820039, 38.78465688731471062, 7.402879027835331804 ) ) ;
#92 = VECTOR ( 'NONE', #3862, 1000.000000000000000 ) ;
#93 = CARTESIAN_POINT ( 'NONE',  ( 414.6987652200348293, -3.096603727795502969, -4.000000000000036415 ) ) ;
#94 = DIRECTION ( 'NONE',  ( 7.186848259333761210E-32, -5.857254280169296935E-16, -1.000000000000000000 ) ) ;
#95 = VECTOR ( 'NONE', #2202, 1000.000000000000000 ) ;
#96 = CARTESIAN_POINT ( 'NONE',  ( 411.8987652200347043, 11.26339627220456663, -4.000000000000045297 ) ) ;
#97 = CARTESIAN_POINT ( 'NONE',  ( 374.4987652200347270, -21.24200372779546342, -3.000000000000026201 ) ) ;
#98 = ORIENTED_EDGE ( 'NONE', *, *, #49, .F. ) ;
#99 = CARTESIAN_POINT ( 'NONE',  ( 414.6987652200346588, 21.76339627220456663, -4.000000000000051514 ) ) ;
#100 = CARTESIAN_POINT ( 'NONE',  ( 314.4487652200347156, 32.01726914570501492, 5.000000000000009770 ) ) ;
#101 = ORIENTED_EDGE ( 'NONE', *, *, #3665, .F. ) ;
#102 = EDGE_CURVE ( 'NONE', #3496, #3187, #53, .T. ) ;
#103 = ORIENTED_EDGE ( 'NONE', *, *, #2225, .F. ) ;
#104 = CARTESIAN_POINT ( 'NONE',  ( 425.4487652200348293, -30.51505395041987256, -9.679158184214402993 ) ) ;
#105 = EDGE_CURVE ( 'NONE', #3221, #1619, #394, .T. ) ;
#106 = CARTESIAN_POINT ( 'NONE',  ( 425.3357453388766203, -12.66611662378133829, -8.775887104014124418 ) ) ;
#107 = CARTESIAN_POINT ( 'NONE',  ( 263.4487652200348293, -31.42198472370218099, 6.740327784385629961 ) ) ;
#108 = ORIENTED_EDGE ( 'NONE', *, *, #430, .T. ) ;
#109 = DIRECTION ( 'NONE',  ( -1.000000000000000000, -1.226999531788473599E-16, 0.000000000000000000 ) ) ;
#110 = ADVANCED_FACE ( 'NONE', ( #3419 ), #3796, .F. ) ;
#111 = CARTESIAN_POINT ( 'NONE',  ( 276.6050914670577754, 39.21323417878306827, 3.370140126223112098 ) ) ;
#112 = B_SPLINE_CURVE_WITH_KNOTS ( 'NONE', 3,
 ( #3371, #3350, #1366, #2047 ),
 .UNSPECIFIED., .F., .F.,
 ( 4, 4 ),
 ( 0.000000000000000000, 0.5000000517753071527 ),
 .UNSPECIFIED. ) ;
#113 = DIRECTION ( 'NONE',  ( 7.186848259333761210E-32, -5.857254280169296935E-16, -1.000000000000000000 ) ) ;
#114 =( BOUNDED_CURVE ( )  B_SPLINE_CURVE ( 3, ( #1259, #2872, #290, #4214 ),
 .UNSPECIFIED., .F., .F. ) 
 B_SPLINE_CURVE_WITH_KNOTS ( ( 4, 4 ),
 ( 0.000000000000000000, 1.000000000000000000 ),
 .UNSPECIFIED. ) 
 CURVE ( )  GEOMETRIC_REPRESENTATION_ITEM ( )  RATIONAL_B_SPLINE_CURVE ( ( 1.000000000000000000, 0.9933548145881267999, 0.9933548145881267999, 1.000000000000000000 ) ) 
 REPRESENTATION_ITEM ( '' )  );
#115 = EDGE_CURVE ( 'NONE', #3114, #433, #4058, .T. ) ;
#116 = VERTEX_POINT ( 'NONE', #719 ) ;
#117 = FACE_BOUND ( 'NONE', #700, .T. ) ;
#118 = EDGE_CURVE ( 'NONE', #320, #1834, #30, .T. ) ;
#119 = CARTESIAN_POINT ( 'NONE',  ( 310.3994845112277972, 3.757996272204525479, 0.000000000000000000 ) ) ;
#120 = DIRECTION ( 'NONE',  ( 0.000000000000000000, -1.000000000000000000, 0.000000000000000000 ) ) ;
#121 = VECTOR ( 'NONE', #3849, 1000.000000000000000 ) ;
#122 = DIRECTION ( 'NONE',  ( 7.186848259333761210E-32, -5.857254280169296935E-16, -1.000000000000000000 ) ) ;
#124 = CARTESIAN_POINT ( 'NONE',  ( 315.4987652200347270, -14.84200372779544708, -5.000000000000029310 ) ) ;
#123 = VECTOR ( 'NONE', #1015, 1000.000000000000000 ) ;
#125 = VERTEX_POINT ( 'NONE', #2420 ) ;
#126 = DIRECTION ( 'NONE',  ( 7.186848259333761210E-32, -5.857254280169296935E-16, -1.000000000000000000 ) ) ;
#127 = EDGE_LOOP ( 'NONE', ( #3201, #1293, #3837, #4162 ) ) ;
#128 = ORIENTED_EDGE ( 'NONE', *, *, #4186, .F. ) ;
#129 = CARTESIAN_POINT ( 'NONE',  ( 411.8987684432514698, -20.66660875104113160, -4.000000000000025757 ) ) ;
#130 = CARTESIAN_POINT ( 'NONE',  ( 315.4987652200347270, 22.35799627220455932, -5.000000000000051514 ) ) ;
#131 = CARTESIAN_POINT ( 'NONE',  ( 270.4487652200348862, -27.96400257310375181, 4.999999999999971578 ) ) ;
#132 = CARTESIAN_POINT ( 'NONE',  ( 263.4484693801289836, -32.04494343264860845, 1.861653990671567227 ) ) ;
#133 = B_SPLINE_CURVE_WITH_KNOTS ( 'NONE', 3,
 ( #1832, #2141, #1185, #1457 ),
 .UNSPECIFIED., .F., .F.,
 ( 4, 4 ),
 ( 0.000000000000000000, 0.01529523522301504818 ),
 .UNSPECIFIED. ) ;
#134 = DIRECTION ( 'NONE',  ( -0.000000000000000000, -0.000000000000000000, 1.000000000000000000 ) ) ;
#135 = EDGE_CURVE ( 'NONE', #2099, #1172, #189, .T. ) ;
#136 = VERTEX_POINT ( 'NONE', #2725 ) ;
#137 = CARTESIAN_POINT ( 'NONE',  ( 315.4987652200347270, -14.84200372779544530, -1.500000000000029532 ) ) ;
#138 = CARTESIAN_POINT ( 'NONE',  ( 269.7695250099446298, -31.37927977129854185, 5.001984710174161464 ) ) ;
#139 = CARTESIAN_POINT ( 'NONE',  ( 317.4987652200346702, -25.24200372779544921, -2.341876692568689577E-14 ) ) ;
#140 = PRODUCT_DEFINITION_FORMATION_WITH_SPECIFIED_SOURCE ( 'ANY', '', #1414, .NOT_KNOWN. ) ;
#141 = CARTESIAN_POINT ( 'NONE',  ( 414.6987624429701782, -11.16660355263884163, 4.999999999999953815 ) ) ;
#142 = VERTEX_POINT ( 'NONE', #2446 ) ;
#143 = PLANE ( 'NONE',  #1059 ) ;
#144 = CARTESIAN_POINT ( 'NONE',  ( 270.4487652200348293, -27.20463857625129478, -5.000000000000023093 ) ) ;
#145 = AXIS2_PLACEMENT_3D ( 'NONE', #441, #1441, #2776 ) ;
#146 = CARTESIAN_POINT ( 'NONE',  ( 270.4279939279221594, -31.38915241233176801, -4.999999999951362462 ) ) ;
#147 = VECTOR ( 'NONE', #3043, 1000.000000000000000 ) ;
#148 =( BOUNDED_SURFACE ( )  B_SPLINE_SURFACE ( 2, 3, ( 
 ( #3409, #2107, #1169, #1443, #3427, #3120, #1193, #3449, #510, #2819, #490, #817 ),
 ( #2517, #4116, #84, #3472, #1147, #3144, #1838, #1769, #159, #4164, #2498, #3099 ),
 ( #3825, #837, #107, #2082, #3165, #2169, #3493, #178, #1512, #2840, #2779, #1122 ),
 ( #2130, #1794, #4185, #3841, #415, #132, #1420, #2753, #4091, #2801, #1101, #4143 ),
 ( #2477, #3805, #880, #257, #3924, #529, #2207, #3571, #2619, #921, #3534, #1209 ) ),
 .UNSPECIFIED., .F., .F., .F. ) 
 B_SPLINE_SURFACE_WITH_KNOTS ( ( 3, 2, 3 ),
 ( 4, 3, 2, 3, 4 ),
 ( 0.000000000000000000, 1.000000000000000000, 1.010000000000000009 ),
 ( 2.885635205977377105, 2.985600938419092465, 3.141592653589794004, 3.297584368760495543, 3.396880751463036585 ),
 .UNSPECIFIED. ) 
 GEOMETRIC_REPRESENTATION_ITEM ( )  RATIONAL_B_SPLINE_SURFACE ( (
 ( 1.000000000000000000, 1.000000000000000000, 1.000000000000000000, 1.000000000000000000, 1.000000000000000000, 1.000000000000000000, 1.000000000000000000, 1.000000000000000000, 1.000000000000000000, 1.000000000000000000, 1.000000000000000000, 1.000000000000000000),
 ( 0.7368119864849599354, 0.7368119864849599354, 0.7368119864849599354, 0.7368119864849599354, 0.7368119864849599354, 0.7368119864849600464, 0.7368119864849600464, 0.7368119864849599354, 0.7368119864849599354, 0.7368119864849599354, 0.7368119864849599354, 0.7368119864849599354),
 ( 1.000000000000000000, 1.000000000000000000, 1.000000000000000000, 1.000000000000000000, 1.000000000000000000, 1.000000000000000000, 1.000000000000000000, 1.000000000000000000, 1.000000000000000000, 1.000000000000000000, 1.000000000000000000, 1.000000000000000000),
 ( 1.000000000000000000, 1.000000000000000000, 1.000000000000000000, 1.000000000000000000, 1.000000000000000000, 1.000000000000000000, 1.000000000000000000, 1.000000000000000000, 1.000000000000000000, 1.000000000000000000, 1.000000000000000000, 1.000000000000000000),
 ( 1.000000000000000000, 1.000000000000000000, 1.000000000000000000, 1.000000000000000000, 1.000000000000000000, 1.000000000000000000, 1.000000000000000000, 1.000000000000000000, 1.000000000000000000, 1.000000000000000000, 1.000000000000000000, 1.000000000000000000) ) ) 
 REPRESENTATION_ITEM ( '' )  SURFACE ( )  );
#149 = CARTESIAN_POINT ( 'NONE',  ( 267.2779423200589690, 38.78626695840549132, 5.750736566698407159 ) ) ;
#150 = CARTESIAN_POINT ( 'NONE',  ( 259.4487652200347725, -25.94200372779547692, 7.862232450526008818E-15 ) ) ;
#151 = VECTOR ( 'NONE', #2157, 1000.000000000000000 ) ;
#152 = ORIENTED_EDGE ( 'NONE', *, *, #2310, .T. ) ;
#153 = CARTESIAN_POINT ( 'NONE',  ( 411.8987652200347611, 19.33339627220453849, -4.000000000000049738 ) ) ;
#154 = CARTESIAN_POINT ( 'NONE',  ( 414.6987624429701782, -11.16660355263884341, 4.999999999999953815 ) ) ;
#155 = ORIENTED_EDGE ( 'NONE', *, *, #1444, .F. ) ;
#156 = EDGE_LOOP ( 'NONE', ( #3428, #1699, #437, #1939, #1453, #1790, #3222, #1698 ) ) ;
#157 = CARTESIAN_POINT ( 'NONE',  ( 410.4487652200347725, -24.00127660129596663, 1.800000000000009592 ) ) ;
#158 = CARTESIAN_POINT ( 'NONE',  ( 425.4487652200347725, 11.95799627220453587, 17.00000000000000000 ) ) ;
#159 = CARTESIAN_POINT ( 'NONE',  ( 263.4889165627503758, -31.21318625729477603, -5.499897712254848692 ) ) ;
#160 = VERTEX_POINT ( 'NONE', #1071 ) ;
#161 = DIRECTION ( 'NONE',  ( -0.000000000000000000, 0.7071067811865475727, -0.7071067811865474617 ) ) ;
#162 = CARTESIAN_POINT ( 'NONE',  ( 272.0714450008226208, 39.28203833296532110, -7.544726533107537972E-10 ) ) ;
#163 = CARTESIAN_POINT ( 'NONE',  ( 263.6096014849818516, 31.11594509509197337, -10.49217781704058083 ) ) ;
#164 = ORIENTED_EDGE ( 'NONE', *, *, #3282, .T. ) ;
#165 = EDGE_CURVE ( 'NONE', #1872, #2904, #2142, .T. ) ;
#166 = CARTESIAN_POINT ( 'NONE',  ( 270.4487652200348293, -29.49815833104757345, -5.000000000000022204 ) ) ;
#167 = DIRECTION ( 'NONE',  ( -0.000000000000000000, 0.000000000000000000, 1.000000000000000000 ) ) ;
#168 = CARTESIAN_POINT ( 'NONE',  ( 311.1994845112278085, 37.41726914570504192, -4.999999999999990230 ) ) ;
#169 = CARTESIAN_POINT ( 'NONE',  ( 265.6826936622563267, 38.65112484220286149, 6.862864924843989023 ) ) ;
#170 = PLANE ( 'NONE',  #4007 ) ;
#171 = ORIENTED_EDGE ( 'NONE', *, *, #841, .T. ) ;
#172 = EDGE_CURVE ( 'NONE', #199, #3785, #1928, .T. ) ;
#173 = VECTOR ( 'NONE', #1744, 1000.000000000000000 ) ;
#174 = ORIENTED_EDGE ( 'NONE', *, *, #1972, .F. ) ;
#175 = ORIENTED_EDGE ( 'NONE', *, *, #1482, .F. ) ;
#176 = DIRECTION ( 'NONE',  ( 0.000000000000000000, 3.469446951953613696E-16, -1.000000000000000000 ) ) ;
#177 = FACE_OUTER_BOUND ( 'NONE', #3950, .T. ) ;
#178 = CARTESIAN_POINT ( 'NONE',  ( 263.4487652200348293, -31.89652196149093299, -3.722975602977083742 ) ) ;
#179 = EDGE_LOOP ( 'NONE', ( #2707, #344, #1507, #2390 ) ) ;
#180 = VERTEX_POINT ( 'NONE', #431 ) ;
#181 = LINE ( 'NONE', #2884, #2009 ) ;
#182 = CARTESIAN_POINT ( 'NONE',  ( 265.6831954117502619, -31.13519882207517497, 6.862270849379808801 ) ) ;
#183 = CARTESIAN_POINT ( 'NONE',  ( 268.1263017947645722, 32.56043682039016574, -5.380000847438456191 ) ) ;
#184 = ORIENTED_EDGE ( 'NONE', *, *, #3480, .F. ) ;
#185 = VECTOR ( 'NONE', #3647, 1000.000000000000000 ) ;
#186 = CARTESIAN_POINT ( 'NONE',  ( 398.4987652200347270, -22.01700372779545845, -3.000000000000025313 ) ) ;
#187 = CYLINDRICAL_SURFACE ( 'NONE', #275, 35.79999999999999716 ) ;
#188 = VECTOR ( 'NONE', #2878, 1000.000000000000000 ) ;
#189 = CIRCLE ( 'NONE', #1371, 1.000000000000000888 ) ;
#190 = CARTESIAN_POINT ( 'NONE',  ( 414.6987652200347725, 28.83339627220454560, 4.999999999999931610 ) ) ;
#191 = FACE_OUTER_BOUND ( 'NONE', #1231, .T. ) ;
#192 = EDGE_LOOP ( 'NONE', ( #2032, #1445, #3922, #855 ) ) ;
#193 = VECTOR ( 'NONE', #3030, 1000.000000000000000 ) ;
#194 = ORIENTED_EDGE ( 'NONE', *, *, #3492, .T. ) ;
#195 = EDGE_LOOP ( 'NONE', ( #760, #4334, #3432, #1551, #1180, #508, #3844, #1235, #2395, #942 ) ) ;
#196 = DIRECTION ( 'NONE',  ( 1.000000000000000000, 0.000000000000000000, 0.000000000000000000 ) ) ;
#197 = CARTESIAN_POINT ( 'NONE',  ( 263.4487652200347725, -31.69112204916912390, -5.000001023725027416 ) ) ;
#198 = EDGE_LOOP ( 'NONE', ( #784, #2405, #1533, #583, #962, #3612 ) ) ;
#199 = VERTEX_POINT ( 'NONE', #4081 ) ;
#200 = LINE ( 'NONE', #2539, #1184 ) ;
#201 = CYLINDRICAL_SURFACE ( 'NONE', #3650, 1.000000000000000888 ) ;
#202 = DIRECTION ( 'NONE',  ( -1.000000000000000000, 0.000000000000000000, 0.000000000000000000 ) ) ;
#203 = CARTESIAN_POINT ( 'NONE',  ( 263.8557882733053361, 31.42864832315985524, -9.637107629401505449 ) ) ;
#204 = EDGE_LOOP ( 'NONE', ( #3596, #3611, #194, #1287, #3226, #4205, #2003 ) ) ;
#205 = CARTESIAN_POINT ( 'NONE',  ( 415.4487652200347725, -13.24200372779546164, -5.000000000000020428 ) ) ;
#206 = AXIS2_PLACEMENT_3D ( 'NONE', #2659, #3993, #3946 ) ;
#207 = CARTESIAN_POINT ( 'NONE',  ( 263.4889165627503758, 39.15902001950345124, -1.840755470824736673 ) ) ;
#208 = CARTESIAN_POINT ( 'NONE',  ( 274.2068737731542569, -31.42934873533033269, -5.066640707133300836 ) ) ;
#209 = EDGE_CURVE ( 'NONE', #232, #136, #3878, .T. ) ;
#210 = AXIS2_PLACEMENT_3D ( 'NONE', #807, #1183, #456 ) ;
#211 = ADVANCED_FACE ( 'NONE', ( #789 ), #3749, .F. ) ;
#212 = EDGE_CURVE ( 'NONE', #3708, #1988, #2118, .T. ) ;
#213 = VERTEX_POINT ( 'NONE', #3110 ) ;
#214 = ORIENTED_EDGE ( 'NONE', *, *, #28, .T. ) ;
#215 = ADVANCED_FACE ( 'NONE', ( #191 ), #2552, .F. ) ;
#216 = CARTESIAN_POINT ( 'NONE',  ( 411.8987652200347043, 26.40339627220450680, 4.999999999999933387 ) ) ;
#217 = CARTESIAN_POINT ( 'NONE',  ( 317.4987652200346702, 32.75799627220455079, -5.724587470723463412E-14 ) ) ;
#218 = ORIENTED_EDGE ( 'NONE', *, *, #4312, .F. ) ;
#219 = ORIENTED_EDGE ( 'NONE', *, *, #2228, .F. ) ;
#220 = EDGE_CURVE ( 'NONE', #1552, #320, #2813, .T. ) ;
#221 = CARTESIAN_POINT ( 'NONE',  ( 376.4987652200347270, -22.01700372779545845, -5.000000000000024869 ) ) ;
#222 = CARTESIAN_POINT ( 'NONE',  ( 411.8987652200347611, 8.833396272204540267, 4.999999999999944045 ) ) ;
#223 = CARTESIAN_POINT ( 'NONE',  ( 398.4987652200347270, 28.75799627220454013, -3.000000000000054623 ) ) ;
#224 = CARTESIAN_POINT ( 'NONE',  ( 267.2716959584800520, 32.48686431278875375, -5.758088197581800571 ) ) ;
#225 = ORIENTED_EDGE ( 'NONE', *, *, #1534, .T. ) ;
#226 = DIRECTION ( 'NONE',  ( 1.000000000000000000, 0.000000000000000000, -0.000000000000000000 ) ) ;
#227 = CARTESIAN_POINT ( 'NONE',  ( 415.4487652200347725, -13.24200372779546164, -4.000000000000030198 ) ) ;
#228 = DIRECTION ( 'NONE',  ( 1.000000000000000000, 0.000000000000000000, 0.000000000000000000 ) ) ;
#229 = CARTESIAN_POINT ( 'NONE',  ( 268.8194540445511507, -25.07903655083269001, -5.188236560221827887 ) ) ;
#230 = PRESENTATION_LAYER_ASSIGNMENT (  '', '', ( #89 ) ) ;
#231 = VERTEX_POINT ( 'NONE', #830 ) ;
#232 = VERTEX_POINT ( 'NONE', #1204 ) ;
#233 = EDGE_CURVE ( 'NONE', #2251, #1117, #2490, .T. ) ;
#234 = AXIS2_PLACEMENT_3D ( 'NONE', #2759, #1237, #1881 ) ;
#235 = CARTESIAN_POINT ( 'NONE',  ( 324.4487652200347156, -24.00127660129597729, 5.000000000000009770 ) ) ;
#236 = PLANE ( 'NONE',  #450 ) ;
#237 = VERTEX_POINT ( 'NONE', #150 ) ;
#238 = VERTEX_POINT ( 'NONE', #2897 ) ;
#239 = EDGE_CURVE ( 'NONE', #2010, #1574, #1773, .T. ) ;
#240 = CARTESIAN_POINT ( 'NONE',  ( 421.7692683366826714, 38.99339922694949223, -5.165965295658494050 ) ) ;
#241 = CARTESIAN_POINT ( 'NONE',  ( 263.4487652200347725, 28.73373397666005147, -12.00000000000005329 ) ) ;
#242 = CARTESIAN_POINT ( 'NONE',  ( 414.6987652200347725, 19.33339627220453494, -4.000000000000048850 ) ) ;
#243 = LINE ( 'NONE', #1580, #3468 ) ;
#244 = CARTESIAN_POINT ( 'NONE',  ( 266.0825071963649293, 32.32721735636526006, -6.508731695768900316 ) ) ;
#245 = VERTEX_POINT ( 'NONE', #1550 ) ;
#246 = EDGE_CURVE ( 'NONE', #2985, #3464, #4223, .T. ) ;
#247 = CARTESIAN_POINT ( 'NONE',  ( 264.4559658917666525, 38.48349860185739857, -8.367806660604660607 ) ) ;
#248 = CARTESIAN_POINT ( 'NONE',  ( 263.9285455155944646, 38.48865154026388780, -8.685886906250861017 ) ) ;
#249 = EDGE_CURVE ( 'NONE', #2386, #3980, #3098, .T. ) ;
#250 = CARTESIAN_POINT ( 'NONE',  ( 272.0714450008227345, -31.88775238023831093, 1.699199091559698838 ) ) ;
#251 = PLANE ( 'NONE',  #4079 ) ;
#252 = VECTOR ( 'NONE', #3193, 1000.000000000000000 ) ;
#253 = CARTESIAN_POINT ( 'NONE',  ( 411.8987668890957252, -11.16660390295199434, 4.999999999999953815 ) ) ;
#254 = ORIENTED_EDGE ( 'NONE', *, *, #77, .T. ) ;
#255 = ORIENTED_EDGE ( 'NONE', *, *, #3485, .F. ) ;
#256 = CARTESIAN_POINT ( 'NONE',  ( 352.4987652200347270, -21.24200372779546342, -3.000000000000026201 ) ) ;
#257 = CARTESIAN_POINT ( 'NONE',  ( 263.4481735402231379, -31.61312613952003403, 5.562796026929590631 ) ) ;
#258 = EDGE_LOOP ( 'NONE', ( #1861, #2609, #2453, #3588 ) ) ;
#259 = ORIENTED_EDGE ( 'NONE', *, *, #115, .T. ) ;
#260 = CARTESIAN_POINT ( 'NONE',  ( 424.9602968682884239, 38.50214721688535491, -7.820214959365863194 ) ) ;
#261 = DIRECTION ( 'NONE',  ( -0.000000000000000000, -1.000000000000000000, -0.000000000000000000 ) ) ;
#262 = ADVANCED_FACE ( 'NONE', ( #3487 ), #170, .F. ) ;
#263 = CARTESIAN_POINT ( 'NONE',  ( 414.6987652200348293, 16.90339627220448904, -4.000000000000047073 ) ) ;
#264 = PLANE ( 'NONE',  #325 ) ;
#265 = EDGE_CURVE ( 'NONE', #3025, #1855, #3196, .T. ) ;
#266 = CARTESIAN_POINT ( 'NONE',  ( 267.4820065927825681, 32.50715735355299074, -5.655482718674972098 ) ) ;
#267 = ORIENTED_EDGE ( 'NONE', *, *, #722, .F. ) ;
#268 = DIRECTION ( 'NONE',  ( 0.000000000000000000, -1.000000000000000000, 5.857254280169296935E-16 ) ) ;
#269 = CARTESIAN_POINT ( 'NONE',  ( 425.3357453388765066, 20.18210916819042211, -8.775887104014113760 ) ) ;
#270 = DIRECTION ( 'NONE',  ( 1.226999531788473599E-16, -1.000000000000000000, 0.000000000000000000 ) ) ;
#271 = CARTESIAN_POINT ( 'NONE',  ( 338.2347567193427267, 33.39240393505461668, -5.000000000000058620 ) ) ;
#272 = AXIS2_PLACEMENT_3D ( 'NONE', #901, #879, #3840 ) ;
#273 = ORIENTED_EDGE ( 'NONE', *, *, #1668, .T. ) ;
#274 = ORIENTED_EDGE ( 'NONE', *, *, #1604, .T. ) ;
#275 = AXIS2_PLACEMENT_3D ( 'NONE', #3772, #1430, #120 ) ;
#276 = CARTESIAN_POINT ( 'NONE',  ( 263.4487652862523532, -31.64238565738321896, 5.345533448927594300 ) ) ;
#277 = VECTOR ( 'NONE', #3991, 1000.000000000000000 ) ;
#278 = CARTESIAN_POINT ( 'NONE',  ( 264.1491657136192543, 38.42172802243533170, 8.947943962052921307 ) ) ;
#279 =( BOUNDED_SURFACE ( )  B_SPLINE_SURFACE ( 4, 3, ( 
 ( #2368, #3014, #2328, #1084 ),
 ( #4096, #2436, #1842, #823 ),
 ( #782, #1496, #449, #1128 ),
 ( #471, #1799, #3787, #4168 ),
 ( #3102, #2156, #801, #842 ),
 ( #3740, #2110, #111, #1105 ),
 ( #3412, #2176, #2825, #2134 ),
 ( #162, #1176, #4148, #2482 ),
 ( #421, #3499, #1749, #2461 ),
 ( #514, #1775, #3477, #2804 ) ),
 .UNSPECIFIED., .F., .F., .T. ) 
 B_SPLINE_SURFACE_WITH_KNOTS ( ( 5, 1, 1, 1, 1, 1, 5 ),
 ( 4, 4 ),
 ( 0.3227730440611806806, 0.3327047476761634259, 0.3376705994935765842, 0.3426364513109897425, 0.3525681549458160591, 0.3624998585806424867, 0.3669353667341783698 ),
 ( 0.000000000000000000, 1.000000000000000000 ),
 .UNSPECIFIED. ) 
 GEOMETRIC_REPRESENTATION_ITEM ( )  RATIONAL_B_SPLINE_SURFACE ( (
 ( 1.000000000000000000, 0.9983165957521901168, 0.9983165957521901168, 1.000000000000000000),
 ( 1.000000000000000000, 0.9983165957521901168, 0.9983165957521901168, 1.000000000000000000),
 ( 1.000000000000000000, 0.9983165957521901168, 0.9983165957521901168, 1.000000000000000000),
 ( 1.000000000000000000, 0.9983165957521901168, 0.9983165957521901168, 1.000000000000000000),
 ( 1.000000000000000000, 0.9983165957521901168, 0.9983165957521901168, 1.000000000000000000),
 ( 1.000000000000000000, 0.9983165957521901168, 0.9983165957521901168, 1.000000000000000000),
 ( 1.000000000000000000, 0.9983165957521901168, 0.9983165957521901168, 1.000000000000000000),
 ( 1.000000000000000000, 0.9983165957521901168, 0.9983165957521901168, 1.000000000000000000),
 ( 1.000000000000000000, 0.9983165957521901168, 0.9983165957521901168, 1.000000000000000000),
 ( 1.000000000000000000, 0.9983165957521901168, 0.9983165957521901168, 1.000000000000000000) ) ) 
 REPRESENTATION_ITEM ( '' )  SURFACE ( )  );
#280 = ORIENTED_EDGE ( 'NONE', *, *, #2883, .T. ) ;
#281 = VERTEX_POINT ( 'NONE', #1871 ) ;
#282 = CARTESIAN_POINT ( 'NONE',  ( 270.4487652200348293, -32.17530231772295224, -5.000000000000020428 ) ) ;
#283 = LINE ( 'NONE', #2944, #193 ) ;
#284 = CARTESIAN_POINT ( 'NONE',  ( 411.8987652200347043, 6.403396272204510353, 4.999999999999945821 ) ) ;
#285 = CARTESIAN_POINT ( 'NONE',  ( 263.4487652200347156, 39.55799627220451953, -3.350261463275597443E-09 ) ) ;
#286 = DIRECTION ( 'NONE',  ( 0.000000000000000000, 1.000000000000000000, 0.000000000000000000 ) ) ;
#287 = ORIENTED_EDGE ( 'NONE', *, *, #2146, .F. ) ;
#288 = AXIS2_PLACEMENT_3D ( 'NONE', #1954, #1526, #270 ) ;
#289 = CARTESIAN_POINT ( 'NONE',  ( 317.4987652200346702, -25.24200372779545276, -5.000000000000023093 ) ) ;
#290 = CARTESIAN_POINT ( 'NONE',  ( 270.4279939279221594, -31.86176314446322877, -1.677816065492680586 ) ) ;
#291 = DIRECTION ( 'NONE',  ( 1.000000000000000000, -0.000000000000000000, -0.000000000000000000 ) ) ;
#292 = EDGE_CURVE ( 'NONE', #58, #1951, #2335, .T. ) ;
#293 = DIRECTION ( 'NONE',  ( -1.000000000000000000, -1.226999531788473599E-16, -0.000000000000000000 ) ) ;
#294 = EDGE_CURVE ( 'NONE', #1353, #2574, #3898, .T. ) ;
#295 = EDGE_LOOP ( 'NONE', ( #2642, #3906, #4161, #1412, #3216 ) ) ;
#296 = DIRECTION ( 'NONE',  ( 0.000000000000000000, -1.387778780781445478E-15, 1.000000000000000000 ) ) ;
#297 = ADVANCED_FACE ( 'NONE', ( #3524 ), #2832, .F. ) ;
#298 = AXIS2_PLACEMENT_3D ( 'NONE', #1357, #3032, #326 ) ;
#299 = CARTESIAN_POINT ( 'NONE',  ( 425.4487652200347725, 3.757996272204539689, 0.000000000000000000 ) ) ;
#300 = CARTESIAN_POINT ( 'NONE',  ( 429.4487652200347725, 11.95799627220453942, -16.99999999999999645 ) ) ;
#301 = ORIENTED_EDGE ( 'NONE', *, *, #4093, .T. ) ;
#302 = ORIENTED_EDGE ( 'NONE', *, *, #1050, .T. ) ;
#303 = CARTESIAN_POINT ( 'NONE',  ( 414.6987652200347725, -0.6666037277954580675, 4.999999999999948486 ) ) ;
#304 = VECTOR ( 'NONE', #1783, 1000.000000000000000 ) ;
#305 = DIRECTION ( 'NONE',  ( 8.676196894403485393E-17, -0.7071067811865475727, 0.7071067811865475727 ) ) ;
#306 =( BOUNDED_SURFACE ( )  B_SPLINE_SURFACE ( 2, 3, ( 
 ( #3606, #1605, #627, #1953, #4299, #1627, #2950, #3218, #1295, #2893, #3563, #3961 ),
 ( #4256, #3236, #971, #4234, #911, #207, #2591, #1547, #2243, #585, #1997, #1339 ),
 ( #711, #375, #66, #331, #3320, #3697, #2042, #23, #44, #2413, #2995, #1646 ),
 ( #3056, #2063, #2971, #1361, #3366, #1708, #4322, #2670, #1403, #2715, #2347, #3651 ),
 ( #644, #5, #2736, #1970, #3299, #356, #1016, #686, #1729, #1689, #2692, #4006 ) ),
 .UNSPECIFIED., .F., .F., .F. ) 
 B_SPLINE_SURFACE_WITH_KNOTS ( ( 3, 2, 3 ),
 ( 4, 3, 2, 3, 4 ),
 ( 0.000000000000000000, 1.000000000000000000, 1.010000000000000009 ),
 ( 6.027897209247747412, 6.127193592008882916, 6.283185307179586232, 6.439177022350289548, 6.539142754785753908 ),
 .UNSPECIFIED. ) 
 GEOMETRIC_REPRESENTATION_ITEM ( )  RATIONAL_B_SPLINE_SURFACE ( (
 ( 1.000000000000000000, 1.000000000000000000, 1.000000000000000000, 1.000000000000000000, 1.000000000000000000, 1.000000000000000000, 1.000000000000000000, 1.000000000000000000, 1.000000000000000000, 1.000000000000000000, 1.000000000000000000, 1.000000000000000000),
 ( 0.7368119864849596024, 0.7368119864849596024, 0.7368119864849596024, 0.7368119864849596024, 0.7368119864849596024, 0.7368119864849600464, 0.7368119864849600464, 0.7368119864849599354, 0.7368119864849599354, 0.7368119864849599354, 0.7368119864849599354, 0.7368119864849599354),
 ( 1.000000000000000000, 1.000000000000000000, 1.000000000000000000, 1.000000000000000000, 1.000000000000000000, 1.000000000000000000, 1.000000000000000000, 1.000000000000000000, 1.000000000000000000, 1.000000000000000000, 1.000000000000000000, 1.000000000000000000),
 ( 1.000000000000000000, 1.000000000000000000, 1.000000000000000000, 1.000000000000000000, 1.000000000000000000, 1.000000000000000000, 1.000000000000000000, 1.000000000000000000, 1.000000000000000000, 1.000000000000000000, 1.000000000000000000, 1.000000000000000000),
 ( 1.000000000000000000, 1.000000000000000000, 1.000000000000000000, 1.000000000000000000, 1.000000000000000000, 1.000000000000000000, 1.000000000000000000, 1.000000000000000000, 1.000000000000000000, 1.000000000000000000, 1.000000000000000000, 1.000000000000000000) ) ) 
 REPRESENTATION_ITEM ( '' )  SURFACE ( )  );
#307 = DIRECTION ( 'NONE',  ( 1.000000000000000000, 0.000000000000000000, 0.000000000000000000 ) ) ;
#308 = CARTESIAN_POINT ( 'NONE',  ( 264.2487652200347270, 6.017269145705022915, 5.000000000000018652 ) ) ;
#309 = ORIENTED_EDGE ( 'NONE', *, *, #4122, .F. ) ;
#310 = DIRECTION ( 'NONE',  ( 0.000000000000000000, 0.000000000000000000, -1.000000000000000000 ) ) ;
#311 = DIRECTION ( 'NONE',  ( 0.000000000000000000, 5.857254280169296935E-16, 1.000000000000000000 ) ) ;
#312 = CARTESIAN_POINT ( 'NONE',  ( 324.4487652200347156, 31.69872339870401845, 1.800000000000009592 ) ) ;
#313 = CARTESIAN_POINT ( 'NONE',  ( 264.8078012077318704, -24.47935786750167608, -7.829719178415390779 ) ) ;
#314 = CARTESIAN_POINT ( 'NONE',  ( 272.0714450008226777, 39.28203833296532110, -1.684780507794480631 ) ) ;
#315 = CARTESIAN_POINT ( 'NONE',  ( 319.4487652200347725, -29.14200372779547266, 7.666288962662431950E-15 ) ) ;
#316 = FACE_BOUND ( 'NONE', #1074, .T. ) ;
#317 = EDGE_LOOP ( 'NONE', ( #2189, #3451 ) ) ;
#318 = DIRECTION ( 'NONE',  ( 1.000000000000000000, 1.226999531788473599E-16, -0.000000000000000000 ) ) ;
#319 = CARTESIAN_POINT ( 'NONE',  ( 317.4987652200346702, -25.24200372779544921, -2.341876692568689577E-14 ) ) ;
#320 = VERTEX_POINT ( 'NONE', #1851 ) ;
#321 = ORIENTED_EDGE ( 'NONE', *, *, #292, .T. ) ;
#322 = CARTESIAN_POINT ( 'NONE',  ( 423.5254802864303088, -31.33773494257680170, -6.044925937034449248 ) ) ;
#323 = CARTESIAN_POINT ( 'NONE',  ( 420.4487652200347725, 39.01726914570503624, 5.000000000000063061 ) ) ;
#324 = CARTESIAN_POINT ( 'NONE',  ( 414.6987652200347725, 28.83339627220453849, -4.000000000000055955 ) ) ;
#325 = AXIS2_PLACEMENT_3D ( 'NONE', #3621, #2926, #4273 ) ;
#326 = DIRECTION ( 'NONE',  ( 7.186848259333761210E-32, 0.000000000000000000, -1.000000000000000000 ) ) ;
#327 = CARTESIAN_POINT ( 'NONE',  ( 409.4487652200347725, -25.00127660129596663, 5.000000000000009770 ) ) ;
#328 = AXIS2_PLACEMENT_3D ( 'NONE', #4095, #2109, #3124 ) ;
#329 = ORIENTED_EDGE ( 'NONE', *, *, #1989, .F. ) ;
#330 = PLANE ( 'NONE',  #3039 ) ;
#331 = CARTESIAN_POINT ( 'NONE',  ( 263.4487652200348293, 39.12331066234554555, -5.561882602724118385 ) ) ;
#332 = LINE ( 'NONE', #1017, #1206 ) ;
#333 = CARTESIAN_POINT ( 'NONE',  ( 265.7430709707215897, -24.73945600601898676, -6.812431639620310619 ) ) ;
#334 = CARTESIAN_POINT ( 'NONE',  ( 263.4487652200347156, 39.69129486213197566, 5.000000000000062172 ) ) ;
#335 = CARTESIAN_POINT ( 'NONE',  ( 315.4987652200347270, -14.84200372779544530, -1.500000000000029532 ) ) ;
#336 = B_SPLINE_CURVE_WITH_KNOTS ( 'NONE', 3,
 ( #3158, #429, #1758, #3086, #169, #480, #2767, #4106, #149, #1112, #2468, #4130, #2444, #3773, #852, #788 ),
 .UNSPECIFIED., .F., .F.,
 ( 4, 2, 2, 2, 2, 2, 2, 4 ),
 ( 0.000000000000000000, 0.001947741526996801678, 0.002921612290495204361, 0.003895483053993606826, 0.004869353817492008858, 0.005843224580990412191, 0.006817095344488813789, 0.007790966107987217122 ),
 .UNSPECIFIED. ) ;
#337 = ADVANCED_FACE ( 'NONE', ( #3565 ), #4178, .F. ) ;
#338 = FACE_OUTER_BOUND ( 'NONE', #2615, .T. ) ;
#339 = EDGE_CURVE ( 'NONE', #2193, #3640, #457, .T. ) ;
#340 = ORIENTED_EDGE ( 'NONE', *, *, #3016, .T. ) ;
#341 = CARTESIAN_POINT ( 'NONE',  ( 263.7575433942621430, -31.04587801447240025, 8.387696819204183640 ) ) ;
#342 = EDGE_CURVE ( 'NONE', #1682, #868, #1018, .T. ) ;
#343 = FACE_OUTER_BOUND ( 'NONE', #2385, .T. ) ;
#344 = ORIENTED_EDGE ( 'NONE', *, *, #3896, .F. ) ;
#345 = VERTEX_POINT ( 'NONE', #2269 ) ;
#346 = VECTOR ( 'NONE', #2266, 1000.000000000000000 ) ;
#347 = CARTESIAN_POINT ( 'NONE',  ( 414.6987652200347725, 1.763396272204577286, -4.000000000000040856 ) ) ;
#348 = VECTOR ( 'NONE', #1673, 1000.000000000000000 ) ;
#349 = CARTESIAN_POINT ( 'NONE',  ( 411.8987652200347611, 19.33339627220453849, -4.000000000000049738 ) ) ;
#350 = FILL_AREA_STYLE ('',( #988 ) ) ;
#351 = FACE_OUTER_BOUND ( 'NONE', #708, .T. ) ;
#352 = EDGE_CURVE ( 'NONE', #2836, #590, #2547, .T. ) ;
#353 = VERTEX_POINT ( 'NONE', #271 ) ;
#354 = AXIS2_PLACEMENT_3D ( 'NONE', #1905, #1256, #4275 ) ;
#355 = FACE_OUTER_BOUND ( 'NONE', #2858, .T. ) ;
#356 = CARTESIAN_POINT ( 'NONE',  ( 263.4481735402231379, 39.56387568191077975, -1.861806847214030558 ) ) ;
#357 = FACE_BOUND ( 'NONE', #2838, .T. ) ;
#358 = CARTESIAN_POINT ( 'NONE',  ( 263.4482222938061113, 39.10460909084305570, 5.690222743388545723 ) ) ;
#359 = CARTESIAN_POINT ( 'NONE',  ( 263.4487652200347725, 28.73373397665999462, 5.000000000000047962 ) ) ;
#360 = LINE ( 'NONE', #2333, #3551 ) ;
#361 = ORIENTED_EDGE ( 'NONE', *, *, #1214, .F. ) ;
#362 = LINE ( 'NONE', #4036, #3268 ) ;
#363 = DIRECTION ( 'NONE',  ( 0.000000000000000000, 0.7071067811865475727, -0.7071067811865474617 ) ) ;
#364 = VERTEX_POINT ( 'NONE', #1608 ) ;
#365 = ADVANCED_FACE ( 'NONE', ( #7 ), #3239, .F. ) ;
#366 = ORIENTED_EDGE ( 'NONE', *, *, #2896, .T. ) ;
#367 = LINE ( 'NONE', #2341, #1451 ) ;
#368 = CARTESIAN_POINT ( 'NONE',  ( 425.4487652200347725, -13.24200372779546520, 8.199999999999997513 ) ) ;
#369 = DIRECTION ( 'NONE',  ( -0.000000000000000000, -0.000000000000000000, 1.000000000000000000 ) ) ;
#370 = EDGE_CURVE ( 'NONE', #1554, #1694, #996, .T. ) ;
#371 = DIRECTION ( 'NONE',  ( 0.000000000000000000, -1.000000000000000000, 0.000000000000000000 ) ) ;
#372 = ORIENTED_EDGE ( 'NONE', *, *, #2748, .F. ) ;
#373 = CARTESIAN_POINT ( 'NONE',  ( 263.4487652200347725, -25.50853751640802969, 1.400000000000009681 ) ) ;
#374 = VECTOR ( 'NONE', #3782, 1000.000000000000000 ) ;
#375 = CARTESIAN_POINT ( 'NONE',  ( 263.4487652200348293, 38.75512578133452735, -7.902991720089767469 ) ) ;
#376 = DIRECTION ( 'NONE',  ( 1.000000000000000000, 0.000000000000000000, -0.000000000000000000 ) ) ;
#377 = ADVANCED_FACE ( 'NONE', ( #1630 ), #2103, .F. ) ;
#378 = ORIENTED_EDGE ( 'NONE', *, *, #2596, .T. ) ;
#379 = CARTESIAN_POINT ( 'NONE',  ( 281.5976034109485795, 39.24400992103871744, -3.373065464716051398 ) ) ;
#380 = CARTESIAN_POINT ( 'NONE',  ( 425.3357453388766203, 20.18210916819041145, 8.775887104014126194 ) ) ;
#381 = EDGE_CURVE ( 'NONE', #3826, #238, #2746, .T. ) ;
#382 = DIRECTION ( 'NONE',  ( -0.000000000000000000, -5.887380384135967118E-16, -1.000000000000000000 ) ) ;
#383 = DIRECTION ( 'NONE',  ( 0.000000000000000000, -1.000000000000000000, 0.000000000000000000 ) ) ;
#384 = DIRECTION ( 'NONE',  ( -0.000000000000000000, -1.000000000000000000, 5.829043938094109521E-16 ) ) ;
#385 = EDGE_CURVE ( 'NONE', #1988, #281, #2350, .T. ) ;
#386 = ORIENTED_EDGE ( 'NONE', *, *, #3485, .T. ) ;
#387 = DIRECTION ( 'NONE',  ( 7.186848259333761210E-32, -5.857254280169296935E-16, -1.000000000000000000 ) ) ;
#388 = EDGE_LOOP ( 'NONE', ( #3717, #3880, #2165, #511, #2960, #3494, #2956, #2936 ) ) ;
#389 = VECTOR ( 'NONE', #134, 1000.000000000000000 ) ;
#390 = ORIENTED_EDGE ( 'NONE', *, *, #3476, .T. ) ;
#391 = DIRECTION ( 'NONE',  ( 1.000000000000000000, -0.000000000000000000, 0.000000000000000000 ) ) ;
#392 = VECTOR ( 'NONE', #2318, 1000.000000000000000 ) ;
#393 = FACE_OUTER_BOUND ( 'NONE', #530, .T. ) ;
#394 = CIRCLE ( 'NONE', #4176, 1.600000000000000755 ) ;
#395 = DIRECTION ( 'NONE',  ( 1.000000000000000000, 1.226999531788473599E-16, -0.000000000000000000 ) ) ;
#396 = CARTESIAN_POINT ( 'NONE',  ( 409.4487652200347725, -25.00127660129596663, 1.800000000000009592 ) ) ;
#397 = ORIENTED_EDGE ( 'NONE', *, *, #3492, .F. ) ;
#398 = ADVANCED_FACE ( 'NONE', ( #667 ), #251, .F. ) ;
#399 = DIRECTION ( 'NONE',  ( 1.000000000000000000, 0.000000000000000000, 0.000000000000000000 ) ) ;
#400 = FACE_OUTER_BOUND ( 'NONE', #2663, .T. ) ;
#401 = LINE ( 'NONE', #496, #3908 ) ;
#402 = VERTEX_POINT ( 'NONE', #1587 ) ;
#403 = DIRECTION ( 'NONE',  ( 0.000000000000000000, 0.000000000000000000, 1.000000000000000000 ) ) ;
#404 = CARTESIAN_POINT ( 'NONE',  ( 270.4279939233934442, 39.25901119639762271, -1.683688411608657676 ) ) ;
#405 = DIRECTION ( 'NONE',  ( -0.000000000000000000, -5.887380384135967118E-16, -1.000000000000000000 ) ) ;
#406 = PRODUCT_RELATED_PRODUCT_CATEGORY ( 'part', '', ( #1414 ) ) ;
#407 = DIRECTION ( 'NONE',  ( 1.000000000000000000, 4.130118327667343092E-47, 7.186848259333761210E-32 ) ) ;
#408 = DIRECTION ( 'NONE',  ( -1.000000000000000000, -1.226999531788473599E-16, 0.000000000000000000 ) ) ;
#409 = EDGE_LOOP ( 'NONE', ( #2518, #1944, #3820, #486 ) ) ;
#410 = CARTESIAN_POINT ( 'NONE',  ( 336.4487652200347725, 33.39240393505461668, 5.000000000000009770 ) ) ;
#411 = ORIENTED_EDGE ( 'NONE', *, *, #1915, .T. ) ;
#412 = ORIENTED_EDGE ( 'NONE', *, *, #3011, .F. ) ;
#413 = CARTESIAN_POINT ( 'NONE',  ( 266.0989014102641477, 32.32590869288226543, 6.510636767522155033 ) ) ;
#414 = CARTESIAN_POINT ( 'NONE',  ( 263.4487652200347725, 37.48691561451371257, -12.00000000000006217 ) ) ;
#415 = CARTESIAN_POINT ( 'NONE',  ( 263.4484693801289836, -31.89944972014965785, 3.723281313854085894 ) ) ;
#416 = UNCERTAINTY_MEASURE_WITH_UNIT (LENGTH_MEASURE( 1.000000000000000082E-05 ), #40, 'distance_accuracy_value', 'NONE');
#417 = FACE_OUTER_BOUND ( 'NONE', #2305, .T. ) ;
#418 = VECTOR ( 'NONE', #3306, 1000.000000000000000 ) ;
#419 = ORIENTED_EDGE ( 'NONE', *, *, #342, .T. ) ;
#420 = CARTESIAN_POINT ( 'NONE',  ( 315.4987652200347270, 22.35799627220456287, -1.500000000000051292 ) ) ;
#421 = CARTESIAN_POINT ( 'NONE',  ( 270.8148560937343632, 39.26458582857968338, -7.541019906122853811E-10 ) ) ;
#422 = FACE_OUTER_BOUND ( 'NONE', #192, .T. ) ;
#423 =( BOUNDED_SURFACE ( )  B_SPLINE_SURFACE ( 4, 3, ( 
 ( #1733, #26, #3630, #737 ),
 ( #716, #1046, #3681, #1408 ),
 ( #3305, #2371, #1365, #3702 ),
 ( #998, #379, #3370, #2046 ),
 ( #2067, #1712, #3044, #3324 ),
 ( #2654, #3018, #1977, #3724 ),
 ( #689, #2697, #50, #1387 ),
 ( #2719, #4029, #314, #3395 ),
 ( #1650, #4055, #1068, #3987 ),
 ( #2397, #2332, #404, #4009 ) ),
 .UNSPECIFIED., .F., .F., .F. ) 
 B_SPLINE_SURFACE_WITH_KNOTS ( ( 5, 1, 1, 1, 1, 1, 5 ),
 ( 4, 4 ),
 ( 0.3227730440611806806, 0.3327047476761634259, 0.3376705994935765842, 0.3426364513109897425, 0.3525681549458160591, 0.3624998585806424867, 0.3669353667341783698 ),
 ( 0.000000000000000000, 1.000000000000000000 ),
 .UNSPECIFIED. ) 
 GEOMETRIC_REPRESENTATION_ITEM ( )  RATIONAL_B_SPLINE_SURFACE ( (
 ( 1.000000000000000000, 0.9983165957527111445, 0.9983165957527111445, 1.000000000000000000),
 ( 1.000000000000000000, 0.9983165957527111445, 0.9983165957527111445, 1.000000000000000000),
 ( 1.000000000000000000, 0.9983165957527111445, 0.9983165957527111445, 1.000000000000000000),
 ( 1.000000000000000000, 0.9983165957527111445, 0.9983165957527111445, 1.000000000000000000),
 ( 1.000000000000000000, 0.9983165957527111445, 0.9983165957527111445, 1.000000000000000000),
 ( 1.000000000000000000, 0.9983165957527111445, 0.9983165957527111445, 1.000000000000000000),
 ( 1.000000000000000000, 0.9983165957527111445, 0.9983165957527111445, 1.000000000000000000),
 ( 1.000000000000000000, 0.9983165957527111445, 0.9983165957527111445, 1.000000000000000000),
 ( 1.000000000000000000, 0.9983165957527111445, 0.9983165957527111445, 1.000000000000000000),
 ( 1.000000000000000000, 0.9983165957527111445, 0.9983165957527111445, 1.000000000000000000) ) ) 
 REPRESENTATION_ITEM ( '' )  SURFACE ( )  );
#424 = VERTEX_POINT ( 'NONE', #3940 ) ;
#425 = FACE_OUTER_BOUND ( 'NONE', #258, .T. ) ;
#426 = FACE_OUTER_BOUND ( 'NONE', #3234, .T. ) ;
#427 = CARTESIAN_POINT ( 'NONE',  ( 263.4487652200347725, -25.56207567024053517, 4.999999999999975131 ) ) ;
#428 = EDGE_CURVE ( 'NONE', #2194, #3548, #1999, .T. ) ;
#429 = CARTESIAN_POINT ( 'NONE',  ( 264.4350130552920177, 38.48408692943026921, 8.357940452902695938 ) ) ;
#430 = EDGE_CURVE ( 'NONE', #1163, #3042, #2973, .T. ) ;
#431 = CARTESIAN_POINT ( 'NONE',  ( 314.4487652200347156, 32.01726914570501492, 5.000000000000009770 ) ) ;
#432 = VECTOR ( 'NONE', #4300, 1000.000000000000000 ) ;
#433 = VERTEX_POINT ( 'NONE', #2916 ) ;
#434 = EDGE_CURVE ( 'NONE', #3051, #3379, #4258, .T. ) ;
#435 = DIRECTION ( 'NONE',  ( 1.000000000000000000, 0.000000000000000000, 0.000000000000000000 ) ) ;
#436 = CARTESIAN_POINT ( 'NONE',  ( 398.4987652200347270, -22.01700372779545845, -3.000000000000025313 ) ) ;
#437 = ORIENTED_EDGE ( 'NONE', *, *, #1846, .T. ) ;
#438 = ADVANCED_FACE ( 'NONE', ( #425 ), #4125, .F. ) ;
#439 = ORIENTED_EDGE ( 'NONE', *, *, #578, .F. ) ;
#440 = LINE ( 'NONE', #4140, #4265 ) ;
#441 = CARTESIAN_POINT ( 'NONE',  ( 338.2347567193427267, 34.19240393505462094, -34.99999999999999289 ) ) ;
#442 = CARTESIAN_POINT ( 'NONE',  ( 411.8987652200347611, 28.83339627220454204, -4.000000000000055955 ) ) ;
#443 = EDGE_CURVE ( 'NONE', #1957, #2438, #3149, .T. ) ;
#444 = FACE_OUTER_BOUND ( 'NONE', #4040, .T. ) ;
#445 = EDGE_CURVE ( 'NONE', #125, #4060, #2005, .T. ) ;
#446 = CARTESIAN_POINT ( 'NONE',  ( 317.4987652200346702, 32.75799627220455079, -5.724587470723463412E-14 ) ) ;
#447 = ORIENTED_EDGE ( 'NONE', *, *, #4323, .F. ) ;
#448 = PLANE ( 'NONE',  #2843 ) ;
#449 = CARTESIAN_POINT ( 'NONE',  ( 283.9429980065349355, 39.24867293936685542, 3.373508700124141946 ) ) ;
#450 = AXIS2_PLACEMENT_3D ( 'NONE', #594, #2940, #2192 ) ;
#451 = CARTESIAN_POINT ( 'NONE',  ( 263.4487652200347725, -26.25127660129598439, 11.99999999999997335 ) ) ;
#452 = EDGE_LOOP ( 'NONE', ( #3095, #773, #340, #2263, #3812, #3168, #1720, #2148, #366, #2546 ) ) ;
#453 = CARTESIAN_POINT ( 'NONE',  ( 338.2347567193427267, 33.39240393505461668, 5.000000000000009770 ) ) ;
#454 = CIRCLE ( 'NONE', #1700, 35.61202498550131423 ) ;
#455 = PLANE ( 'NONE',  #1299 ) ;
#456 = DIRECTION ( 'NONE',  ( 0.000000000000000000, -1.387778780781445478E-15, 1.000000000000000000 ) ) ;
#457 = CIRCLE ( 'NONE', #2889, 35.61202498550130713 ) ;
#458 =( BOUNDED_SURFACE ( )  B_SPLINE_SURFACE ( 2, 3, ( 
 ( #2195, #1597, #1577, #1902, #1540, #532, #1863, #1236, #2844, #1922 ),
 ( #3210, #905, #1253, #2583, #2235, #3229, #3887, #4189, #3249, #1197 ),
 ( #241, #2906, #4207, #883, #4248, #925, #2258, #3575, #599, #4271 ) ),
 .UNSPECIFIED., .F., .F., .T. ) 
 B_SPLINE_SURFACE_WITH_KNOTS ( ( 3, 3 ),
 ( 4, 3, 3, 4 ),
 ( 0.000000000000000000, 1.000000000000000000 ),
 ( 0.06051573770445554945, 0.06441022687822178794, 0.07098911846576724805, 0.07244165883824790764 ),
 .UNSPECIFIED. ) 
 GEOMETRIC_REPRESENTATION_ITEM ( )  RATIONAL_B_SPLINE_SURFACE ( (
 ( 1.000000000000000000, 1.000000000000000000, 1.000000000000000000, 1.000000000000000000, 1.000000000000000000, 1.000000000000000000, 1.000000000000000000, 1.000000000000000000, 1.000000000000000000, 1.000000000000000000),
 ( 0.7071067811865475727, 0.7071067811865475727, 0.7071067811865475727, 0.7071067811865475727, 0.7071067811865475727, 0.7071067811865475727, 0.7071067811865475727, 0.7071067811865475727, 0.7071067811865475727, 0.7071067811865475727),
 ( 1.000000000000000000, 1.000000000000000000, 1.000000000000000000, 1.000000000000000000, 1.000000000000000000, 1.000000000000000000, 1.000000000000000000, 1.000000000000000000, 1.000000000000000000, 1.000000000000000000) ) ) 
 REPRESENTATION_ITEM ( '' )  SURFACE ( )  );
#459 = CARTESIAN_POINT ( 'NONE',  ( 400.4987652200347270, 36.20799627220453942, -4.000000000000058620 ) ) ;
#460 = CARTESIAN_POINT ( 'NONE',  ( 314.4487652200347156, -0.8512766012959865902, 1.400000000000009681 ) ) ;
#461 = ORIENTED_EDGE ( 'NONE', *, *, #4129, .F. ) ;
#462 = CARTESIAN_POINT ( 'NONE',  ( 424.9591197003908292, 38.50260302111889388, 7.818103143741997663 ) ) ;
#463 = ORIENTED_EDGE ( 'NONE', *, *, #3990, .T. ) ;
#464 = CARTESIAN_POINT ( 'NONE',  ( 411.8987597243054779, -18.23660875105674251, -4.000000000000027534 ) ) ;
#465 = CARTESIAN_POINT ( 'NONE',  ( 411.8987771621974616, -23.09660875102553490, -4.000000000000023981 ) ) ;
#466 = FACE_OUTER_BOUND ( 'NONE', #3561, .T. ) ;
#467 = DIRECTION ( 'NONE',  ( -1.000000000000000000, 0.000000000000000000, 0.000000000000000000 ) ) ;
#468 = ORIENTED_EDGE ( 'NONE', *, *, #3626, .F. ) ;
#469 = AXIS2_PLACEMENT_3D ( 'NONE', #1394, #2295, #1413 ) ;
#470 = DIRECTION ( 'NONE',  ( 0.000000000000000000, 0.000000000000000000, 1.000000000000000000 ) ) ;
#471 = CARTESIAN_POINT ( 'NONE',  ( 281.5976034109485227, 39.36393884697713474, -7.562120865094961541E-10 ) ) ;
#472 = CARTESIAN_POINT ( 'NONE',  ( 352.4987652200347270, -21.24200372779546342, -3.000000000000026201 ) ) ;
#473 = LINE ( 'NONE', #1179, #1130 ) ;
#474 = ORIENTED_EDGE ( 'NONE', *, *, #4097, .F. ) ;
#475 = CARTESIAN_POINT ( 'NONE',  ( 425.2889818946269429, 38.28231856076934747, -8.735728432082142447 ) ) ;
#476 = DIRECTION ( 'NONE',  ( -1.000000000000000000, -1.226999531788473599E-16, -0.000000000000000000 ) ) ;
#477 = B_SPLINE_CURVE_WITH_KNOTS ( 'NONE', 3,
 ( #1121, #131, #3119, #2168 ),
 .UNSPECIFIED., .F., .F.,
 ( 4, 4 ),
 ( 9.088153423276361734E-05, 0.005229059449656054889 ),
 .UNSPECIFIED. ) ;
#478 = DIRECTION ( 'NONE',  ( 0.000000000000000000, 0.000000000000000000, 1.000000000000000000 ) ) ;
#479 = AXIS2_PLACEMENT_3D ( 'NONE', #3213, #202, #3252 ) ;
#480 = CARTESIAN_POINT ( 'NONE',  ( 266.1791172689462996, 38.70040786590115545, 6.443409206354266061 ) ) ;
#482 = CARTESIAN_POINT ( 'NONE',  ( 319.4487652200347725, -27.54200372779547124, 7.666288962662431950E-15 ) ) ;
#481 = AXIS2_PLACEMENT_3D ( 'NONE', #1706, #730, #399 ) ;
#483 = ORIENTED_EDGE ( 'NONE', *, *, #3214, .T. ) ;
#484 = APPLICATION_PROTOCOL_DEFINITION ( 'draft international standard', 'automotive_design', 1998, #1642 ) ;
#485 = CARTESIAN_POINT ( 'NONE',  ( 420.7832599060588450, 39.01726914570503624, 5.000000000000063061 ) ) ;
#486 = ORIENTED_EDGE ( 'NONE', *, *, #385, .T. ) ;
#487 = VERTEX_POINT ( 'NONE', #3415 ) ;
#488 = EDGE_CURVE ( 'NONE', #2137, #2919, #1609, .T. ) ;
#489 = PLANE ( 'NONE',  #22 ) ;
#490 = CARTESIAN_POINT ( 'NONE',  ( 270.4279940190702973, -30.94685336643377482, -7.836989579950286888 ) ) ;
#491 = EDGE_CURVE ( 'NONE', #1277, #3525, #2370, .T. ) ;
#492 = LINE ( 'NONE', #2755, #2912 ) ;
#493 = ORIENTED_EDGE ( 'NONE', *, *, #1537, .T. ) ;
#494 = CARTESIAN_POINT ( 'NONE',  ( 376.4987652200347270, 28.75799627220454013, -3.000000000000054623 ) ) ;
#495 = CARTESIAN_POINT ( 'NONE',  ( 267.8763674750312589, -31.30630527677562114, 5.481672484424572112 ) ) ;
#496 = CARTESIAN_POINT ( 'NONE',  ( 313.7994845112278313, 38.21726914570503908, -4.999999999999990230 ) ) ;
#497 = EDGE_LOOP ( 'NONE', ( #2166, #4239, #735, #3420 ) ) ;
#498 = EDGE_CURVE ( 'NONE', #4181, #2658, #4051, .T. ) ;
#499 = CARTESIAN_POINT ( 'NONE',  ( 423.1237704966310389, 38.89918769038241209, -5.772509954988758629 ) ) ;
#500 = CARTESIAN_POINT ( 'NONE',  ( 414.6987652200347725, -0.6666037277954632856, -4.000000000000038192 ) ) ;
#501 = CIRCLE ( 'NONE', #3901, 0.8000000000000229150 ) ;
#502 = DIRECTION ( 'NONE',  ( -1.000000000000000000, -1.226999531788473599E-16, -0.000000000000000000 ) ) ;
#503 = VECTOR ( 'NONE', #25, 1000.000000000000000 ) ;
#504 = DIRECTION ( 'NONE',  ( -0.000000000000000000, -0.000000000000000000, 1.000000000000000000 ) ) ;
#505 = DIRECTION ( 'NONE',  ( -2.595737674153678166E-32, 2.115516434118057955E-16, -1.000000000000000000 ) ) ;
#506 = VERTEX_POINT ( 'NONE', #453 ) ;
#507 = ORIENTED_EDGE ( 'NONE', *, *, #3532, .F. ) ;
#508 = ORIENTED_EDGE ( 'NONE', *, *, #2129, .T. ) ;
#509 = CARTESIAN_POINT ( 'NONE',  ( 425.4487652200347725, -12.05927762492191846, -9.382726102873544249 ) ) ;
#510 = CARTESIAN_POINT ( 'NONE',  ( 270.4279940190704110, -31.31196333706742152, -5.515432326636462435 ) ) ;
#511 = ORIENTED_EDGE ( 'NONE', *, *, #1850, .T. ) ;
#512 = EDGE_LOOP ( 'NONE', ( #3242, #3247 ) ) ;
#513 = FACE_OUTER_BOUND ( 'NONE', #2422, .T. ) ;
#514 = CARTESIAN_POINT ( 'NONE',  ( 270.4279939233933305, 39.25901119639762271, -7.539835945264334168E-10 ) ) ;
#515 = CARTESIAN_POINT ( 'NONE',  ( 376.4987652200347270, -22.01700372779545845, -3.000000000000025313 ) ) ;
#516 = ORIENTED_EDGE ( 'NONE', *, *, #2621, .T. ) ;
#517 = CARTESIAN_POINT ( 'NONE',  ( 425.4181512904728493, 38.11897293490642369, -9.361874673226285637 ) ) ;
#518 = CARTESIAN_POINT ( 'NONE',  ( 80.74876521989999389, 33.39240393505461668, -5.000000000000058620 ) ) ;
#519 = CARTESIAN_POINT ( 'NONE',  ( 264.0302259762595440, -30.93814000485500060, -8.822411009431876394 ) ) ;
#520 = CARTESIAN_POINT ( 'NONE',  ( 414.6987652200348293, 31.26339627220458439, 4.999999999999929834 ) ) ;
#521 = CARTESIAN_POINT ( 'NONE',  ( 312.9994845112278199, 38.21726914570503908, -4.999999999999990230 ) ) ;
#522 = ADVANCED_FACE ( 'NONE', ( #3083 ), #2045, .F. ) ;
#523 = ORIENTED_EDGE ( 'NONE', *, *, #246, .T. ) ;
#524 = AXIS2_PLACEMENT_3D ( 'NONE', #256, #4202, #1856 ) ;
#525 = B_SPLINE_CURVE_WITH_KNOTS ( 'NONE', 3,
 ( #3564, #1260, #3277, #3857, #2267, #1909, #3238 ),
 .UNSPECIFIED., .F., .F.,
 ( 4, 3, 4 ),
 ( 0.06399014487723762856, 0.06884883734132504762, 0.07098911846576719253 ),
 .UNSPECIFIED. ) ;
#526 = ORIENTED_EDGE ( 'NONE', *, *, #2123, .F. ) ;
#527 = ORIENTED_EDGE ( 'NONE', *, *, #2894, .T. ) ;
#528 = DIRECTION ( 'NONE',  ( -0.000000000000000000, -0.7071067811865476838, 0.7071067811865474617 ) ) ;
#529 = CARTESIAN_POINT ( 'NONE',  ( 263.4481735402231379, -32.04788313750173501, 1.861806847205591753 ) ) ;
#530 = EDGE_LOOP ( 'NONE', ( #610, #4182, #3147, #1963 ) ) ;
#531 = EDGE_LOOP ( 'NONE', ( #1076, #175, #3223, #2296 ) ) ;
#532 = CARTESIAN_POINT ( 'NONE',  ( 270.4487652200348293, 37.01415087545659333, -5.000000000000059508 ) ) ;
#533 = CARTESIAN_POINT ( 'NONE',  ( 259.4487652200347725, -32.04200372779547479, -2.174747558998717680E-14 ) ) ;
#534 = ADVANCED_FACE ( 'NONE', ( #1732 ), #2763, .F. ) ;
#535 = DIRECTION ( 'NONE',  ( -1.000000000000000000, -4.191556735829515573E-47, -7.186848259333761210E-32 ) ) ;
#536 = CARTESIAN_POINT ( 'NONE',  ( 420.7833713842692305, -31.50127660129598794, 4.999999999999962697 ) ) ;
#537 = ADVANCED_FACE ( 'NONE', ( #688 ), #3737, .F. ) ;
#538 = ORIENTED_EDGE ( 'NONE', *, *, #2977, .F. ) ;
#539 = VECTOR ( 'NONE', #18, 1000.000000000000000 ) ;
#540 = FACE_OUTER_BOUND ( 'NONE', #672, .T. ) ;
#541 = DIRECTION ( 'NONE',  ( -0.000000000000000000, 1.000000000000000000, 2.115516434118057709E-16 ) ) ;
#542 = VECTOR ( 'NONE', #1536, 1000.000000000000000 ) ;
#543 = CARTESIAN_POINT ( 'NONE',  ( 279.4395032573818298, -31.95725755389238287, -1.702512337408628396 ) ) ;
#544 = ADVANCED_FACE ( 'NONE', ( #117, #4054, #3723, #736, #1454 ), #2785, .F. ) ;
#545 = CARTESIAN_POINT ( 'NONE',  ( 264.2487652200347270, 6.017269145705021138, 5.000000000000009770 ) ) ;
#546 = ORIENTED_EDGE ( 'NONE', *, *, #428, .F. ) ;
#547 = EDGE_CURVE ( 'NONE', #3708, #597, #2138, .T. ) ;
#548 = VECTOR ( 'NONE', #822, 1000.000000000000000 ) ;
#549 = ORIENTED_EDGE ( 'NONE', *, *, #1798, .T. ) ;
#550 = ORIENTED_EDGE ( 'NONE', *, *, #2562, .F. ) ;
#551 = DIRECTION ( 'NONE',  ( 0.000000000000000000, -1.000000000000000000, 0.000000000000000000 ) ) ;
#552 = CARTESIAN_POINT ( 'NONE',  ( 263.9141343341909192, 38.29650210362209606, 9.433060730366044311 ) ) ;
#553 = ORIENTED_EDGE ( 'NONE', *, *, #2532, .F. ) ;
#554 = ORIENTED_EDGE ( 'NONE', *, *, #1165, .T. ) ;
#555 = DIRECTION ( 'NONE',  ( 7.186848259333761210E-32, -5.857254280169296935E-16, -1.000000000000000000 ) ) ;
#556 = CARTESIAN_POINT ( 'NONE',  ( 350.4987652200347270, -25.24200372779544921, -2.341876692568689577E-14 ) ) ;
#557 = LINE ( 'NONE', #639, #680 ) ;
#558 = LINE ( 'NONE', #886, #3556 ) ;
#559 = EDGE_LOOP ( 'NONE', ( #589, #3779, #4296, #1213 ) ) ;
#560 = CARTESIAN_POINT ( 'NONE',  ( 265.4506287299624887, 38.62518788006893544, -7.088455022017951634 ) ) ;
#561 = AXIS2_PLACEMENT_3D ( 'NONE', #1785, #1461, #1141 ) ;
#562 = CARTESIAN_POINT ( 'NONE',  ( 264.2487652200347270, 32.01726914570501492, 0.2000000000000100586 ) ) ;
#563 = CARTESIAN_POINT ( 'NONE',  ( 429.4487652200347725, -13.24200372779546164, -8.200000000000001066 ) ) ;
#564 = VECTOR ( 'NONE', #502, 1000.000000000000000 ) ;
#565 = CARTESIAN_POINT ( 'NONE',  ( 269.9739541181322693, -25.11223060601727397, -5.000000000000024869 ) ) ;
#566 = ORIENTED_EDGE ( 'NONE', *, *, #135, .F. ) ;
#567 = ADVANCED_FACE ( 'NONE', ( #1596 ), #143, .F. ) ;
#568 = VECTOR ( 'NONE', #1827, 1000.000000000000000 ) ;
#569 = ORIENTED_EDGE ( 'NONE', *, *, #3207, .T. ) ;
#570 =( BOUNDED_CURVE ( )  B_SPLINE_CURVE ( 3, ( #3271, #3540, #284, #222 ),
 .UNSPECIFIED., .F., .F. ) 
 B_SPLINE_CURVE_WITH_KNOTS ( ( 4, 4 ),
 ( 0.000000000000000000, 3.141592653589791784 ),
 .UNSPECIFIED. ) 
 CURVE ( )  GEOMETRIC_REPRESENTATION_ITEM ( )  RATIONAL_B_SPLINE_CURVE ( ( 1.000000000000000000, 0.3333333333333338144, 0.3333333333333338144, 1.000000000000000000 ) ) 
 REPRESENTATION_ITEM ( '' )  );
#571 = ORIENTED_EDGE ( 'NONE', *, *, #1613, .T. ) ;
#572 = DIRECTION ( 'NONE',  ( 0.000000000000000000, 0.000000000000000000, 1.000000000000000000 ) ) ;
#573 = FACE_OUTER_BOUND ( 'NONE', #693, .T. ) ;
#574 = EDGE_CURVE ( 'NONE', #899, #1247, #970, .T. ) ;
#575 = VERTEX_POINT ( 'NONE', #3907 ) ;
#576 = ORIENTED_EDGE ( 'NONE', *, *, #2706, .T. ) ;
#577 = LINE ( 'NONE', #2866, #2291 ) ;
#578 = EDGE_CURVE ( 'NONE', #1678, #3174, #3791, .T. ) ;
#579 = DIRECTION ( 'NONE',  ( 7.186848259333761210E-32, -5.857254280169296935E-16, -1.000000000000000000 ) ) ;
#580 = DIRECTION ( 'NONE',  ( -1.000000000000000000, -0.000000000000000000, -0.000000000000000000 ) ) ;
#581 = EDGE_CURVE ( 'NONE', #3496, #1632, #4021, .T. ) ;
#582 = FACE_OUTER_BOUND ( 'NONE', #497, .T. ) ;
#583 = ORIENTED_EDGE ( 'NONE', *, *, #1083, .T. ) ;
#584 = DIRECTION ( 'NONE',  ( 1.226999531788473599E-16, -1.000000000000000000, -2.115516434118057955E-16 ) ) ;
#585 = CARTESIAN_POINT ( 'NONE',  ( 263.4889165627503758, 38.54591087181719189, 6.665209607742069942 ) ) ;
#586 = CARTESIAN_POINT ( 'NONE',  ( 425.4487652200347725, 37.93717595176924107, -10.00000000000006040 ) ) ;
#587 = CARTESIAN_POINT ( 'NONE',  ( 265.5742078904276582, -24.70119651979543107, -6.970906701373438707 ) ) ;
#588 = DIRECTION ( 'NONE',  ( -0.000000000000000000, -5.887380384135967118E-16, -1.000000000000000000 ) ) ;
#589 = ORIENTED_EDGE ( 'NONE', *, *, #1336, .T. ) ;
#590 = VERTEX_POINT ( 'NONE', #2159 ) ;
#591 = AXIS2_PLACEMENT_3D ( 'NONE', #3250, #3848, #4209 ) ;
#592 = ADVANCED_FACE ( 'NONE', ( #1921 ), #2849, .T. ) ;
#593 = PLANE ( 'NONE',  #524 ) ;
#594 = CARTESIAN_POINT ( 'NONE',  ( -1.437369651866752242E-31, -1.690842879327894012E-15, -3.000000000000038192 ) ) ;
#595 =( BOUNDED_CURVE ( )  B_SPLINE_CURVE ( 3, ( #1233, #1857, #3904, #4242 ),
 .UNSPECIFIED., .F., .T. ) 
 B_SPLINE_CURVE_WITH_KNOTS ( ( 4, 4 ),
 ( 0.000000000000000000, 3.141592653589795781 ),
 .UNSPECIFIED. ) 
 CURVE ( )  GEOMETRIC_REPRESENTATION_ITEM ( )  RATIONAL_B_SPLINE_CURVE ( ( 1.000000000000000000, 0.3333333333333324822, 0.3333333333333324822, 1.000000000000000000 ) ) 
 REPRESENTATION_ITEM ( '' )  );
#596 = ORIENTED_EDGE ( 'NONE', *, *, #4279, .T. ) ;
#597 = VERTEX_POINT ( 'NONE', #2322 ) ;
#598 = CARTESIAN_POINT ( 'NONE',  ( 263.4487652200347725, -27.30519446853242727, -5.000000000000023981 ) ) ;
#599 = CARTESIAN_POINT ( 'NONE',  ( 263.4487652200347725, 40.17547498629217984, -12.00000000000005862 ) ) ;
#600 = CARTESIAN_POINT ( 'NONE',  ( 313.7994845112278313, 39.01726914570503624, -4.999999999999990230 ) ) ;
#601 = DIRECTION ( 'NONE',  ( 0.000000000000000000, 1.000000000000000000, 0.000000000000000000 ) ) ;
#602 = CARTESIAN_POINT ( 'NONE',  ( 423.1237704966309821, -31.38319514597333182, 5.772509954988692904 ) ) ;
#603 = EDGE_LOOP ( 'NONE', ( #1251, #3944, #4245, #3006 ) ) ;
#604 = PLANE ( 'NONE',  #1927 ) ;
#605 = CARTESIAN_POINT ( 'NONE',  ( 263.4487652200347725, 39.20711473797175728, -5.000000000000061284 ) ) ;
#606 = CARTESIAN_POINT ( 'NONE',  ( 285.0303245368926355, -31.49049559462807579, -5.075445269295208561 ) ) ;
#607 = CARTESIAN_POINT ( 'NONE',  ( 411.8987652200347043, -3.096603727795490535, 4.999999999999950262 ) ) ;
#608 = VECTOR ( 'NONE', #3155, 1000.000000000000000 ) ;
#609 = CARTESIAN_POINT ( 'NONE',  ( 270.4487652200348293, 32.62822315042630805, -5.000000000000057732 ) ) ;
#610 = ORIENTED_EDGE ( 'NONE', *, *, #3925, .F. ) ;
#611 = ORIENTED_EDGE ( 'NONE', *, *, #1450, .T. ) ;
#612 = CARTESIAN_POINT ( 'NONE',  ( 414.6987652200347725, 28.83339627220454560, 4.999999999999931610 ) ) ;
#613 = DIRECTION ( 'NONE',  ( -1.226999531788473599E-16, 1.000000000000000000, 0.000000000000000000 ) ) ;
#614 = AXIS2_PLACEMENT_3D ( 'NONE', #4147, #800, #1175 ) ;
#615 = VERTEX_POINT ( 'NONE', #702 ) ;
#616 = ORIENTED_EDGE ( 'NONE', *, *, #2853, .T. ) ;
#617 = EDGE_CURVE ( 'NONE', #1855, #1821, #1549, .T. ) ;
#618 = CARTESIAN_POINT ( 'NONE',  ( 425.3269693052712341, 38.24252390195717055, -8.891566255828591281 ) ) ;
#619 = DIRECTION ( 'NONE',  ( 0.000000000000000000, -1.000000000000000000, 0.000000000000000000 ) ) ;
#620 = DIRECTION ( 'NONE',  ( 1.000000000000000000, 1.226999531788473599E-16, -0.000000000000000000 ) ) ;
#621 = EDGE_CURVE ( 'NONE', #3750, #2433, #4101, .T. ) ;
#622 = CARTESIAN_POINT ( 'NONE',  ( 270.4487652200348293, -25.11223060601727397, -5.000000000000023981 ) ) ;
#623 = DIRECTION ( 'NONE',  ( 0.000000000000000000, -1.000000000000000000, 0.000000000000000000 ) ) ;
#624 = EDGE_LOOP ( 'NONE', ( #152, #1582, #3445, #1515 ) ) ;
#625 = DIRECTION ( 'NONE',  ( -1.000000000000000000, -1.226999531788473599E-16, 0.000000000000000000 ) ) ;
#626 = EDGE_CURVE ( 'NONE', #1571, #2941, #1264, .T. ) ;
#627 = CARTESIAN_POINT ( 'NONE',  ( 270.4279940190702973, 38.64540089605132067, -6.676210953982087304 ) ) ;
#628 = CARTESIAN_POINT ( 'NONE',  ( 276.6050914670577754, -31.93894794080637922, 1.701639535463887798 ) ) ;
#629 = EDGE_CURVE ( 'NONE', #2747, #3050, #4177, .T. ) ;
#630 = CARTESIAN_POINT ( 'NONE',  ( 267.9187772294388878, -25.02722477691315106, -5.468987264488746725 ) ) ;
#631 = CARTESIAN_POINT ( 'NONE',  ( 398.4987652200347270, 28.75799627220454013, -5.000000000000055067 ) ) ;
#632 = EDGE_LOOP ( 'NONE', ( #4063, #2149, #2554, #1055, #390, #2187 ) ) ;
#633 = FACE_OUTER_BOUND ( 'NONE', #1897, .T. ) ;
#634 = CARTESIAN_POINT ( 'NONE',  ( 398.4987652200347270, 28.75799627220454013, -3.000000000000054623 ) ) ;
#635 = EDGE_LOOP ( 'NONE', ( #3034, #3865, #1885, #3423, #2683, #1140 ) ) ;
#636 = ORIENTED_EDGE ( 'NONE', *, *, #3930, .F. ) ;
#637 = PLANE ( 'NONE',  #3958 ) ;
#638 = CARTESIAN_POINT ( 'NONE',  ( 263.4487652200347725, 3.757996272204519705, -2.174747558998717680E-14 ) ) ;
#639 = CARTESIAN_POINT ( 'NONE',  ( 312.9994845112278199, 37.41726914570503482, -4.999999999999990230 ) ) ;
#640 = CYLINDRICAL_SURFACE ( 'NONE', #2419, 1.600000000000000755 ) ;
#641 = EDGE_LOOP ( 'NONE', ( #3877, #1532, #1772, #1282, #411 ) ) ;
#642 = VECTOR ( 'NONE', #972, 1000.000000000000000 ) ;
#643 = DIRECTION ( 'NONE',  ( 1.000000000000000000, -0.000000000000000000, -0.000000000000000000 ) ) ;
#644 = CARTESIAN_POINT ( 'NONE',  ( 263.4481735402231379, 38.57675066228272698, -9.075036421120669772 ) ) ;
#645 = FACE_BOUND ( 'NONE', #4289, .T. ) ;
#646 = CARTESIAN_POINT ( 'NONE',  ( 411.8987652200347611, -0.6666037277954613982, -4.000000000000038192 ) ) ;
#647 = CARTESIAN_POINT ( 'NONE',  ( 263.4487652200347725, 32.62822315042630095, 5.000000000000053291 ) ) ;
#648 = CARTESIAN_POINT ( 'NONE',  ( 420.4487652200347725, -13.24200372779546164, -10.00000000000003020 ) ) ;
#649 = FACE_BOUND ( 'NONE', #1270, .T. ) ;
#650 = VERTEX_POINT ( 'NONE', #2427 ) ;
#651 = FACE_OUTER_BOUND ( 'NONE', #3078, .T. ) ;
#652 = LINE ( 'NONE', #4332, #2902 ) ;
#653 = ORIENTED_EDGE ( 'NONE', *, *, #2437, .T. ) ;
#654 = ORIENTED_EDGE ( 'NONE', *, *, #3203, .T. ) ;
#655 = CIRCLE ( 'NONE', #2887, 1.000000000000000888 ) ;
#656 = CARTESIAN_POINT ( 'NONE',  ( 424.2415951894346335, -31.21397094650413351, -6.725628552859038045 ) ) ;
#657 = LINE ( 'NONE', #323, #4335 ) ;
#658 = DIRECTION ( 'NONE',  ( -0.000000000000000000, -0.000000000000000000, 1.000000000000000000 ) ) ;
#659 = LINE ( 'NONE', #3293, #2126 ) ;
#660 = CARTESIAN_POINT ( 'NONE',  ( 319.4487652200347725, -27.54200372779547124, 7.666288962662431950E-15 ) ) ;
#661 = ORIENTED_EDGE ( 'NONE', *, *, #3665, .T. ) ;
#662 = CARTESIAN_POINT ( 'NONE',  ( 263.4487652200347725, 31.91479610894555563, 12.00000000000005151 ) ) ;
#663 = EDGE_CURVE ( 'NONE', #1054, #4109, #440, .T. ) ;
#664 = CARTESIAN_POINT ( 'NONE',  ( 374.4987652200347270, -21.24200372779546342, -5.000000000000025757 ) ) ;
#665 = EDGE_CURVE ( 'NONE', #1894, #575, #1145, .T. ) ;
#666 = PLANE ( 'NONE',  #2527 ) ;
#667 = FACE_OUTER_BOUND ( 'NONE', #2538, .T. ) ;
#668 = CARTESIAN_POINT ( 'NONE',  ( 263.4487652200347725, 34.82118701294144358, 12.00000000000005507 ) ) ;
#669 = CARTESIAN_POINT ( 'NONE',  ( 270.4487652200348293, -32.19976405171757250, 4.999999999999964473 ) ) ;
#670 = CARTESIAN_POINT ( 'NONE',  ( 414.6987652200347725, 8.833396272204536714, -4.000000000000043521 ) ) ;
#671 = EDGE_CURVE ( 'NONE', #2661, #1086, #3123, .T. ) ;
#672 = EDGE_LOOP ( 'NONE', ( #2366, #4227, #3802, #2380 ) ) ;
#673 = CARTESIAN_POINT ( 'NONE',  ( 263.4482222948551566, -31.58861668422384383, 5.690221892741077703 ) ) ;
#674 = EDGE_CURVE ( 'NONE', #125, #1810, #1191, .T. ) ;
#675 = CARTESIAN_POINT ( 'NONE',  ( 270.4279940190704110, 38.90513869438508010, -4.999999109074598103 ) ) ;
#676 = VERTEX_POINT ( 'NONE', #748 ) ;
#677 = ORIENTED_EDGE ( 'NONE', *, *, #2702, .T. ) ;
#678 = CARTESIAN_POINT ( 'NONE',  ( 414.6987652200347725, 1.763396272204582615, 4.999999999999946709 ) ) ;
#679 = CARTESIAN_POINT ( 'NONE',  ( 420.4487652200347725, 3.757996272204533028, -10.00000000000004086 ) ) ;
#680 = VECTOR ( 'NONE', #1966, 1000.000000000000000 ) ;
#681 = PRESENTATION_STYLE_ASSIGNMENT (( #2059 ) ) ;
#682 = LINE ( 'NONE', #3273, #1096 ) ;
#683 = VECTOR ( 'NONE', #840, 1000.000000000000000 ) ;
#684 = VERTEX_POINT ( 'NONE', #670 ) ;
#685 = CARTESIAN_POINT ( 'NONE',  ( 411.8987652200347611, -0.6666037277954609541, 4.999999999999948486 ) ) ;
#686 = CARTESIAN_POINT ( 'NONE',  ( 263.4481735402231379, 39.41837002319687855, 3.723587024721826122 ) ) ;
#687 = DIRECTION ( 'NONE',  ( -1.000000000000000000, -1.226999531788473599E-16, 0.000000000000000000 ) ) ;
#688 = FACE_OUTER_BOUND ( 'NONE', #1266, .T. ) ;
#689 = CARTESIAN_POINT ( 'NONE',  ( 274.2068737731542569, 38.94962448665957311, -5.036804577312834041 ) ) ;
#690 = CARTESIAN_POINT ( 'NONE',  ( 270.4487652200348293, -25.56207567024053162, 4.999999999999976019 ) ) ;
#691 = EDGE_CURVE ( 'NONE', #2598, #820, #2930, .T. ) ;
#692 = LINE ( 'NONE', #2314, #856 ) ;
#693 = EDGE_LOOP ( 'NONE', ( #4070, #2559, #1940, #2638 ) ) ;
#694 = ORIENTED_EDGE ( 'NONE', *, *, #3160, .F. ) ;
#695 = ADVANCED_FACE ( 'NONE', ( #1070 ), #73, .F. ) ;
#696 = VECTOR ( 'NONE', #3465, 1000.000000000000000 ) ;
#697 = DIRECTION ( 'NONE',  ( 0.000000000000000000, -1.000000000000000000, 0.000000000000000000 ) ) ;
#698 = CARTESIAN_POINT ( 'NONE',  ( 263.7377959053823133, -30.63807476251712103, -9.941595844281206240 ) ) ;
#699 = ORIENTED_EDGE ( 'NONE', *, *, #342, .F. ) ;
#700 = EDGE_LOOP ( 'NONE', ( #2061, #267 ) ) ;
#701 = AXIS2_PLACEMENT_3D ( 'NONE', #2372, #94, #3108 ) ;
#702 = CARTESIAN_POINT ( 'NONE',  ( 311.1994845112278085, 37.41726914570502771, 5.000000000000009770 ) ) ;
#703 = LINE ( 'NONE', #3291, #3325 ) ;
#704 = VECTOR ( 'NONE', #1900, 1000.000000000000000 ) ;
#705 = FACE_BOUND ( 'NONE', #1595, .T. ) ;
#706 = EDGE_CURVE ( 'NONE', #1309, #2919, #1325, .T. ) ;
#707 = PLANE ( 'NONE',  #3143 ) ;
#708 = EDGE_LOOP ( 'NONE', ( #2284, #3529, #1804, #3309 ) ) ;
#709 = EDGE_CURVE ( 'NONE', #4188, #4012, #975, .T. ) ;
#710 = CARTESIAN_POINT ( 'NONE',  ( 263.5077194961978080, -30.32946557307698399, 10.95307183094194237 ) ) ;
#711 = CARTESIAN_POINT ( 'NONE',  ( 263.4487652200348293, 38.57103334082901824, -9.073546278772591123 ) ) ;
#712 = FACE_BOUND ( 'NONE', #2513, .T. ) ;
#713 = ORIENTED_EDGE ( 'NONE', *, *, #3211, .T. ) ;
#714 = ADVANCED_FACE ( 'NONE', ( #2334 ), #3660, .F. ) ;
#715 = CARTESIAN_POINT ( 'NONE',  ( 324.4487652200347156, 31.69872339870401845, 5.000000000000009770 ) ) ;
#716 = CARTESIAN_POINT ( 'NONE',  ( 285.0303245368926355, 39.01077878910628982, -5.045557291697314817 ) ) ;
#717 = CARTESIAN_POINT ( 'NONE',  ( 263.4487652200347725, -25.56207567024053873, 11.99999999999997335 ) ) ;
#718 = DIRECTION ( 'NONE',  ( -1.676931260511210767E-31, 1.366692665372836214E-15, -1.000000000000000000 ) ) ;
#719 = CARTESIAN_POINT ( 'NONE',  ( 336.4487652200347725, 34.99240393505462521, -5.000000000000060396 ) ) ;
#720 = ORIENTED_EDGE ( 'NONE', *, *, #1668, .F. ) ;
#721 = LINE ( 'NONE', #2030, #1787 ) ;
#722 = EDGE_CURVE ( 'NONE', #1687, #4311, #3632, .T. ) ;
#723 = ORIENTED_EDGE ( 'NONE', *, *, #626, .F. ) ;
#724 = ORIENTED_EDGE ( 'NONE', *, *, #1485, .F. ) ;
#725 = ADVANCED_FACE ( 'NONE', ( #2002, #1348, #3327, #2355, #2978, #4011, #649, #3022, #316, #338 ), #3002, .F. ) ;
#726 = CARTESIAN_POINT ( 'NONE',  ( 398.4987652200347270, 28.75799627220454013, -5.000000000000055067 ) ) ;
#727 = SURFACE_SIDE_STYLE ('',( #2364 ) ) ;
#728 = DIRECTION ( 'NONE',  ( -1.000000000000000000, 0.000000000000000000, 0.000000000000000000 ) ) ;
#729 = ORIENTED_EDGE ( 'NONE', *, *, #860, .T. ) ;
#730 = DIRECTION ( 'NONE',  ( -0.000000000000000000, -0.000000000000000000, 1.000000000000000000 ) ) ;
#731 = VECTOR ( 'NONE', #987, 1000.000000000000000 ) ;
#732 = CARTESIAN_POINT ( 'NONE',  ( 425.1135267359110230, -13.24200372779546164, -8.200000000000001066 ) ) ;
#733 = CARTESIAN_POINT ( 'NONE',  ( 259.4487652200347725, -27.54200372779547834, 7.666288962662431950E-15 ) ) ;
#734 =( BOUNDED_CURVE ( )  B_SPLINE_CURVE ( 2, ( #451, #3057, #802 ),
 .UNSPECIFIED., .F., .T. ) 
 B_SPLINE_CURVE_WITH_KNOTS ( ( 3, 3 ),
 ( 0.000000000000000000, 0.01093511513775098642 ),
 .UNSPECIFIED. ) 
 CURVE ( )  GEOMETRIC_REPRESENTATION_ITEM ( )  RATIONAL_B_SPLINE_CURVE ( ( 1.000000000000000000, 0.7071067811865475727, 1.000000000000000000 ) ) 
 REPRESENTATION_ITEM ( '' )  );
#735 = ORIENTED_EDGE ( 'NONE', *, *, #1631, .T. ) ;
#736 = FACE_BOUND ( 'NONE', #198, .T. ) ;
#737 = CARTESIAN_POINT ( 'NONE',  ( 285.7487652254412183, 39.37002125770581529, -9.866239769618090349E-15 ) ) ;
#738 = ADVANCED_BREP_SHAPE_REPRESENTATION ( '26.07.13 Avionics Bay Plate (Bottom Half)', ( #1859, #561 ), #776 ) ;
#739 = CARTESIAN_POINT ( 'NONE',  ( 425.1135267359110230, 20.75799627220454013, 8.199999999999999289 ) ) ;
#740 = DIRECTION ( 'NONE',  ( -0.000000000000000000, -0.000000000000000000, 1.000000000000000000 ) ) ;
#741 = CARTESIAN_POINT ( 'NONE',  ( 414.6987627469924291, -13.59660355263885734, 4.999999999999955591 ) ) ;
#742 = ORIENTED_EDGE ( 'NONE', *, *, #3178, .F. ) ;
#743 = CARTESIAN_POINT ( 'NONE',  ( 313.7994845112278313, 40.54498741208333712, -4.999999999999990230 ) ) ;
#744 = CARTESIAN_POINT ( 'NONE',  ( 422.0799149520206583, 38.97936432697194675, 5.261973860998532260 ) ) ;
#745 = VERTEX_POINT ( 'NONE', #4328 ) ;
#746 = VECTOR ( 'NONE', #1686, 1000.000000000000000 ) ;
#747 = VERTEX_POINT ( 'NONE', #29 ) ;
#748 = CARTESIAN_POINT ( 'NONE',  ( 425.4487652200347725, 18.95799627220450034, 10.00000000000003730 ) ) ;
#749 = VECTOR ( 'NONE', #902, 1000.000000000000000 ) ;
#750 = FACE_OUTER_BOUND ( 'NONE', #1727, .T. ) ;
#751 = FACE_OUTER_BOUND ( 'NONE', #815, .T. ) ;
#752 = DIRECTION ( 'NONE',  ( 1.000000000000000000, 1.226999531788473599E-16, -0.000000000000000000 ) ) ;
#753 = ORIENTED_EDGE ( 'NONE', *, *, #209, .T. ) ;
#754 = DIRECTION ( 'NONE',  ( 0.000000000000000000, 0.000000000000000000, 1.000000000000000000 ) ) ;
#755 = EDGE_CURVE ( 'NONE', #3296, #2084, #877, .T. ) ;
#756 = CARTESIAN_POINT ( 'NONE',  ( 264.1491657135201194, -30.90573547797346876, 8.947943962257570050 ) ) ;
#757 = EDGE_CURVE ( 'NONE', #1470, #3525, #692, .T. ) ;
#758 = VECTOR ( 'NONE', #2299, 1000.000000000000000 ) ;
#759 = DIRECTION ( 'NONE',  ( 0.000000000000000000, 1.000000000000000000, 0.000000000000000000 ) ) ;
#760 = ORIENTED_EDGE ( 'NONE', *, *, #3978, .F. ) ;
#761 = CARTESIAN_POINT ( 'NONE',  ( 263.4846353668685310, 38.82009077291282750, 7.233243595742300691 ) ) ;
#762 = EDGE_CURVE ( 'NONE', #1054, #747, #991, .T. ) ;
#763 = CARTESIAN_POINT ( 'NONE',  ( 270.4487652200348293, 40.17547498629222247, 5.000000000000063949 ) ) ;
#764 = CARTESIAN_POINT ( 'NONE',  ( 263.4487652200347725, -26.25127660129598794, 4.999999999999974243 ) ) ;
#765 =( BOUNDED_CURVE ( )  B_SPLINE_CURVE ( 3, ( #153, #3091, #99, #2492 ),
 .UNSPECIFIED., .F., .T. ) 
 B_SPLINE_CURVE_WITH_KNOTS ( ( 4, 4 ),
 ( 3.141592653589795781, 6.283185307179586232 ),
 .UNSPECIFIED. ) 
 CURVE ( )  GEOMETRIC_REPRESENTATION_ITEM ( )  RATIONAL_B_SPLINE_CURVE ( ( 1.000000000000000000, 0.3333333333333342585, 0.3333333333333342585, 1.000000000000000000 ) ) 
 REPRESENTATION_ITEM ( '' )  );
#766 = ADVANCED_FACE ( 'NONE', ( #1716 ), #2656, .F. ) ;
#767 = CARTESIAN_POINT ( 'NONE',  ( 414.6987652200346588, 11.26339627220456130, -4.000000000000045297 ) ) ;
#768 = CARTESIAN_POINT ( 'NONE',  ( 414.6987624429701782, -11.16660355263884341, 4.999999999999953815 ) ) ;
#769 = ORIENTED_EDGE ( 'NONE', *, *, #4316, .F. ) ;
#770 = CARTESIAN_POINT ( 'NONE',  ( 414.6987624429701782, -11.16660355263884874, -4.000000000000031086 ) ) ;
#771 = EDGE_CURVE ( 'NONE', #1962, #57, #1090, .T. ) ;
#772 = LINE ( 'NONE', #100, #1025 ) ;
#773 = ORIENTED_EDGE ( 'NONE', *, *, #3920, .F. ) ;
#774 = EDGE_LOOP ( 'NONE', ( #571, #3800, #713, #3422, #259, #3536, #2339, #1438, #1840, #3029 ) ) ;
#775 = CARTESIAN_POINT ( 'NONE',  ( 414.6987511673888207, -18.23659870456529575, -4.000000000000027534 ) ) ;
#776 =( GEOMETRIC_REPRESENTATION_CONTEXT ( 3 ) GLOBAL_UNCERTAINTY_ASSIGNED_CONTEXT ( ( #1037 ) ) GLOBAL_UNIT_ASSIGNED_CONTEXT ( ( #3777, #4135, #2449 ) ) REPRESENTATION_CONTEXT ( 'NONE', 'WORKASPACE' ) );
#777 = CARTESIAN_POINT ( 'NONE',  ( 411.8987652200347611, 19.33339627220453849, -4.000000000000049738 ) ) ;
#778 = DIRECTION ( 'NONE',  ( 1.000000000000000000, -3.854941057726187413E-15, 0.000000000000000000 ) ) ;
#779 = VECTOR ( 'NONE', #2428, 1000.000000000000000 ) ;
#780 = EDGE_LOOP ( 'NONE', ( #1892, #80, #273, #2292 ) ) ;
#781 = DIRECTION ( 'NONE',  ( -7.186848259333761210E-32, 0.000000000000000000, 1.000000000000000000 ) ) ;
#782 = CARTESIAN_POINT ( 'NONE',  ( 283.9429980065349355, 39.36861762445920476, -7.563114561041809786E-10 ) ) ;
#783 = CARTESIAN_POINT ( 'NONE',  ( 414.6987598863348694, -20.66659870454967773, 4.999999999999960920 ) ) ;
#784 = ORIENTED_EDGE ( 'NONE', *, *, #2992, .T. ) ;
#785 = CARTESIAN_POINT ( 'NONE',  ( 411.8987652200347611, 11.26339627220457373, 4.999999999999941380 ) ) ;
#786 = DIRECTION ( 'NONE',  ( 1.000000000000000000, 1.226999531788473599E-16, 0.000000000000000000 ) ) ;
#787 = CARTESIAN_POINT ( 'NONE',  ( 270.4418414243957614, -31.38935388831582429, -5.000000000000020428 ) ) ;
#788 = CARTESIAN_POINT ( 'NONE',  ( 270.4279939279221594, 38.90514495674080564, 4.999999999951413976 ) ) ;
#789 = FACE_OUTER_BOUND ( 'NONE', #1836, .T. ) ;
#790 = ORIENTED_EDGE ( 'NONE', *, *, #2450, .F. ) ;
#791 = CARTESIAN_POINT ( 'NONE',  ( 263.4487652200347725, -28.35135891540887343, -12.00000000000002132 ) ) ;
#792 = FACE_OUTER_BOUND ( 'NONE', #3549, .T. ) ;
#793 = EDGE_LOOP ( 'NONE', ( #4170, #3188, #893, #1032, #742 ) ) ;
#794 = EDGE_LOOP ( 'NONE', ( #3884, #3690, #839, #4253 ) ) ;
#795 = CARTESIAN_POINT ( 'NONE',  ( 266.8636973090975744, 32.44470621406817656, 5.969608606389158467 ) ) ;
#796 = CYLINDRICAL_SURFACE ( 'NONE', #1007, 1.599999999999997202 ) ;
#797 = DIRECTION ( 'NONE',  ( 0.000000000000000000, -1.000000000000000000, 0.000000000000000000 ) ) ;
#798 = PLANE ( 'NONE',  #1446 ) ;
#799 = ORIENTED_EDGE ( 'NONE', *, *, #2246, .F. ) ;
#800 = DIRECTION ( 'NONE',  ( 0.000000000000000000, 0.000000000000000000, 1.000000000000000000 ) ) ;
#801 = CARTESIAN_POINT ( 'NONE',  ( 279.4395032573818298, 39.23141981630170960, 3.371868732497987686 ) ) ;
#802 = CARTESIAN_POINT ( 'NONE',  ( 270.4487652200348293, -26.25127660129598439, 5.000000000000009770 ) ) ;
#803 = ORIENTED_EDGE ( 'NONE', *, *, #2534, .T. ) ;
#804 = CARTESIAN_POINT ( 'NONE',  ( 263.4487652200347725, -33.14366256604342453, -12.00000000000001954 ) ) ;
#805 = AXIS2_PLACEMENT_3D ( 'NONE', #368, #305, #1992 ) ;
#806 = CARTESIAN_POINT ( 'NONE',  ( 270.4487652200348293, 40.65965511045246217, 5.000000000000064837 ) ) ;
#807 = CARTESIAN_POINT ( 'NONE',  ( 420.4487652200347725, 3.757996272204525479, 10.00000000000001599 ) ) ;
#808 = DIRECTION ( 'NONE',  ( -1.000000000000000000, -0.000000000000000000, -0.000000000000000000 ) ) ;
#809 = DIRECTION ( 'NONE',  ( 1.000000000000000000, 4.114174149937278359E-47, 7.186848259333761210E-32 ) ) ;
#810 = ORIENTED_EDGE ( 'NONE', *, *, #2499, .F. ) ;
#811 = ADVANCED_FACE ( 'NONE', ( #1849 ), #3177, .F. ) ;
#812 = FACE_OUTER_BOUND ( 'NONE', #295, .T. ) ;
#813 = CARTESIAN_POINT ( 'NONE',  ( 414.6987624429701782, -11.16660355263884874, -4.000000000000031086 ) ) ;
#814 = ORIENTED_EDGE ( 'NONE', *, *, #3518, .F. ) ;
#815 = EDGE_LOOP ( 'NONE', ( #4138, #1281, #3537, #2401 ) ) ;
#816 = CARTESIAN_POINT ( 'NONE',  ( 263.5077194961992859, 37.84545811748972000, -10.95307183093082060 ) ) ;
#817 = CARTESIAN_POINT ( 'NONE',  ( 270.4279940190702405, -30.76429838111695148, -8.997768206607197783 ) ) ;
#818 = EDGE_CURVE ( 'NONE', #3980, #2386, #3284, .T. ) ;
#819 = LINE ( 'NONE', #2153, #1796 ) ;
#820 = VERTEX_POINT ( 'NONE', #1782 ) ;
#821 = CIRCLE ( 'NONE', #1862, 35.61202498550130002 ) ;
#822 = DIRECTION ( 'NONE',  ( 1.000000000000000000, -0.000000000000000000, -0.000000000000000000 ) ) ;
#823 = CARTESIAN_POINT ( 'NONE',  ( 285.0303245368926355, 39.01077878910237473, 5.045557291724631632 ) ) ;
#824 = CARTESIAN_POINT ( 'NONE',  ( 313.7994845112278313, 40.54498741208333712, 5.000000000000009770 ) ) ;
#825 = ORIENTED_EDGE ( 'NONE', *, *, #1468, .T. ) ;
#826 = CARTESIAN_POINT ( 'NONE',  ( 411.8987652200347611, 19.33339627220453849, 4.999999999999936939 ) ) ;
#827 = CARTESIAN_POINT ( 'NONE',  ( 270.4487652200348293, -25.11223060601727397, -5.000000000000023981 ) ) ;
#828 = DIRECTION ( 'NONE',  ( 1.000000000000000000, -0.000000000000000000, -0.000000000000000000 ) ) ;
#829 = LINE ( 'NONE', #3794, #1617 ) ;
#830 = CARTESIAN_POINT ( 'NONE',  ( 414.6987652200347725, 28.83339627220454560, 4.999999999999931610 ) ) ;
#831 = EDGE_CURVE ( 'NONE', #1731, #684, #1319, .T. ) ;
#832 = EDGE_LOOP ( 'NONE', ( #1987, #1637, #990, #3501 ) ) ;
#833 = ORIENTED_EDGE ( 'NONE', *, *, #3795, .T. ) ;
#834 = ORIENTED_EDGE ( 'NONE', *, *, #3853, .T. ) ;
#835 = EDGE_CURVE ( 'NONE', #4060, #3357, #336, .T. ) ;
#836 = LINE ( 'NONE', #1816, #4294 ) ;
#837 = CARTESIAN_POINT ( 'NONE',  ( 263.4487652200348293, -31.23665132946785405, 7.918772966047242790 ) ) ;
#838 = ORIENTED_EDGE ( 'NONE', *, *, #2310, .F. ) ;
#839 = ORIENTED_EDGE ( 'NONE', *, *, #1527, .T. ) ;
#840 = DIRECTION ( 'NONE',  ( -0.000000000000000000, -0.000000000000000000, 1.000000000000000000 ) ) ;
#841 = EDGE_CURVE ( 'NONE', #2336, #1172, #3109, .T. ) ;
#842 = CARTESIAN_POINT ( 'NONE',  ( 279.4395032573818867, 38.99225251540744352, 5.042905717333726834 ) ) ;
#843 = CARTESIAN_POINT ( 'NONE',  ( 319.4487652200347725, 33.45799627220453232, 5.510910596163077723E-16 ) ) ;
#844 = AXIS2_PLACEMENT_3D ( 'NONE', #3751, #3070, #3112 ) ;
#845 = CARTESIAN_POINT ( 'NONE',  ( 263.6602234501312410, 31.19707376684347366, -10.27806875513006801 ) ) ;
#846 = EDGE_CURVE ( 'NONE', #4166, #1117, #3438, .T. ) ;
#847 = EDGE_LOOP ( 'NONE', ( #3543, #3414, #4232, #280 ) ) ;
#848 = CARTESIAN_POINT ( 'NONE',  ( 420.4487652200347725, 39.01726914570503624, -5.000000000000020428 ) ) ;
#849 = CARTESIAN_POINT ( 'NONE',  ( 270.4487652200348293, 38.90544706112834206, 5.000000000000062172 ) ) ;
#850 = VECTOR ( 'NONE', #2798, 1000.000000000000000 ) ;
#851 = LINE ( 'NONE', #168, #2172 ) ;
#852 = CARTESIAN_POINT ( 'NONE',  ( 270.0987174187195592, 38.90020261949472058, 5.001007888917079036 ) ) ;
#853 = DIRECTION ( 'NONE',  ( 7.186848259333761210E-32, 0.000000000000000000, -1.000000000000000000 ) ) ;
#854 = EDGE_LOOP ( 'NONE', ( #2340, #1005, #2821, #1062 ) ) ;
#855 = ORIENTED_EDGE ( 'NONE', *, *, #3199, .T. ) ;
#856 = VECTOR ( 'NONE', #2049, 1000.000000000000000 ) ;
#857 = ORIENTED_EDGE ( 'NONE', *, *, #900, .F. ) ;
#858 = CARTESIAN_POINT ( 'NONE',  ( 261.4487652200347156, -26.25127660129598439, 1.400000000000009681 ) ) ;
#859 = CARTESIAN_POINT ( 'NONE',  ( 263.4487652200347725, -32.04200372779548900, 3.350541378678490709E-09 ) ) ;
#860 = EDGE_CURVE ( 'NONE', #3826, #1591, #133, .T. ) ;
#861 = ORIENTED_EDGE ( 'NONE', *, *, #1450, .F. ) ;
#862 = EDGE_LOOP ( 'NONE', ( #3604, #3926, #720, #4086, #968 ) ) ;
#863 = CARTESIAN_POINT ( 'NONE',  ( 409.4487652200347725, 31.69872339870403266, 1.800000000000009592 ) ) ;
#864 = LINE ( 'NONE', #556, #4159 ) ;
#865 = CARTESIAN_POINT ( 'NONE',  ( 319.4487652200347725, -25.94200372779546981, 7.862232450526008818E-15 ) ) ;
#866 = EDGE_CURVE ( 'NONE', #2749, #575, #829, .T. ) ;
#867 = CARTESIAN_POINT ( 'NONE',  ( 424.4538146255584934, -31.16256986882538982, 6.989112969240732554 ) ) ;
#868 = VERTEX_POINT ( 'NONE', #4157 ) ;
#869 = CARTESIAN_POINT ( 'NONE',  ( 264.8198438393513356, 38.54252273116014749, -7.826067042497613535 ) ) ;
#870 = VECTOR ( 'NONE', #1335, 1000.000000000000000 ) ;
#871 = CARTESIAN_POINT ( 'NONE',  ( 429.4487652200347725, 11.95799627220453942, -16.99999999999999645 ) ) ;
#872 = LINE ( 'NONE', #3522, #3847 ) ;
#873 = DIRECTION ( 'NONE',  ( 1.000000000000000000, 0.000000000000000000, 0.000000000000000000 ) ) ;
#874 = VECTOR ( 'NONE', #2529, 1000.000000000000000 ) ;
#875 = ORIENTED_EDGE ( 'NONE', *, *, #1531, .F. ) ;
#876 = VERTEX_POINT ( 'NONE', #1808 ) ;
#877 =( BOUNDED_CURVE ( )  B_SPLINE_CURVE ( 3, ( #2678, #2024, #3351, #1368 ),
 .UNSPECIFIED., .F., .F. ) 
 B_SPLINE_CURVE_WITH_KNOTS ( ( 4, 4 ),
 ( 3.141592653589791784, 6.283185307179586232 ),
 .UNSPECIFIED. ) 
 CURVE ( )  GEOMETRIC_REPRESENTATION_ITEM ( )  RATIONAL_B_SPLINE_CURVE ( ( 1.000000000000000000, 0.3333333333333329263, 0.3333333333333329263, 1.000000000000000000 ) ) 
 REPRESENTATION_ITEM ( '' )  );
#878 = ORIENTED_EDGE ( 'NONE', *, *, #1075, .F. ) ;
#879 = DIRECTION ( 'NONE',  ( 7.186848259333761210E-32, -5.857254280169296935E-16, -1.000000000000000000 ) ) ;
#880 = CARTESIAN_POINT ( 'NONE',  ( 263.4481735402231379, -31.42776230810807903, 6.741434743843688793 ) ) ;
#881 = VERTEX_POINT ( 'NONE', #3461 ) ;
#882 = ORIENTED_EDGE ( 'NONE', *, *, #4305, .F. ) ;
#883 = CARTESIAN_POINT ( 'NONE',  ( 263.4487652200347725, 32.62822315042628674, -12.00000000000005507 ) ) ;
#884 = DIRECTION ( 'NONE',  ( -0.000000000000000000, -0.000000000000000000, 1.000000000000000000 ) ) ;
#885 = CARTESIAN_POINT ( 'NONE',  ( 411.8987652200348180, 21.76339627220458439, 4.999999999999935163 ) ) ;
#886 = CARTESIAN_POINT ( 'NONE',  ( 420.4487652200347725, -13.24200372779546520, 4.999999999999991118 ) ) ;
#887 = VERTEX_POINT ( 'NONE', #1483 ) ;
#888 = EDGE_CURVE ( 'NONE', #3358, #1687, #1160, .T. ) ;
#889 = PLANE ( 'NONE',  #37 ) ;
#890 = ADVANCED_FACE ( 'NONE', ( #2162 ), #3566, .T. ) ;
#891 = CARTESIAN_POINT ( 'NONE',  ( 263.7591316171595963, 38.56106689942261312, -8.391026255103039233 ) ) ;
#892 = CARTESIAN_POINT ( 'NONE',  ( 283.9429980065349923, -31.97462829536697981, 1.703340384186326162 ) ) ;
#893 = ORIENTED_EDGE ( 'NONE', *, *, #3889, .T. ) ;
#894 = VECTOR ( 'NONE', #1520, 1000.000000000000000 ) ;
#895 = ADVANCED_FACE ( 'NONE', ( #1243 ), #1203, .F. ) ;
#896 = VECTOR ( 'NONE', #3101, 1000.000000000000000 ) ;
#897 = VERTEX_POINT ( 'NONE', #563 ) ;
#898 = ADVANCED_FACE ( 'NONE', ( #912 ), #2915, .T. ) ;
#899 = VERTEX_POINT ( 'NONE', #586 ) ;
#900 = EDGE_CURVE ( 'NONE', #1529, #3789, #525, .T. ) ;
#901 = CARTESIAN_POINT ( 'NONE',  ( 338.2347567193427267, 34.19240393505462094, -5.000000000000056843 ) ) ;
#902 = DIRECTION ( 'NONE',  ( -0.000000000000000000, -0.000000000000000000, 1.000000000000000000 ) ) ;
#903 = ORIENTED_EDGE ( 'NONE', *, *, #4224, .T. ) ;
#904 = ORIENTED_EDGE ( 'NONE', *, *, #762, .T. ) ;
#905 = CARTESIAN_POINT ( 'NONE',  ( 263.4487652200347156, 30.03189703458214410, -5.000000000000055955 ) ) ;
#906 = CARTESIAN_POINT ( 'NONE',  ( 324.4487652200347156, -24.00127660129597729, 1.800000000000009592 ) ) ;
#907 = CARTESIAN_POINT ( 'NONE',  ( 414.6987652200348293, 21.76339627220458439, -4.000000000000050626 ) ) ;
#908 = CARTESIAN_POINT ( 'NONE',  ( 424.9602968682884239, -30.98615467247629596, 7.820214959365785035 ) ) ;
#909 = ORIENTED_EDGE ( 'NONE', *, *, #2303, .T. ) ;
#910 = DIRECTION ( 'NONE',  ( 1.226999531788473599E-16, -1.000000000000000000, 0.000000000000000000 ) ) ;
#911 = CARTESIAN_POINT ( 'NONE',  ( 263.4889165627503758, 39.01515958754114166, -3.681484573500120483 ) ) ;
#912 = FACE_OUTER_BOUND ( 'NONE', #2240, .T. ) ;
#913 = CIRCLE ( 'NONE', #4127, 1.000000000000000888 ) ;
#914 = DIRECTION ( 'NONE',  ( 1.000000000000000000, 0.000000000000000000, 0.000000000000000000 ) ) ;
#915 = EDGE_CURVE ( 'NONE', #1489, #1508, #872, .T. ) ;
#916 = AXIS2_PLACEMENT_3D ( 'NONE', #3017, #403, #4102 ) ;
#917 = VECTOR ( 'NONE', #1477, 1000.000000000000000 ) ;
#918 = ORIENTED_EDGE ( 'NONE', *, *, #4122, .T. ) ;
#919 = VERTEX_POINT ( 'NONE', #3584 ) ;
#920 = CARTESIAN_POINT ( 'NONE',  ( 336.4487652200347725, 34.99240393505462521, -34.99999999999999289 ) ) ;
#921 = CARTESIAN_POINT ( 'NONE',  ( 263.4481735402231379, -31.42900346573913239, -6.733542824297257035 ) ) ;
#922 = ORIENTED_EDGE ( 'NONE', *, *, #4083, .T. ) ;
#923 = VERTEX_POINT ( 'NONE', #1606 ) ;
#924 = CARTESIAN_POINT ( 'NONE',  ( 270.4487652200348293, -27.30519446853242727, -5.000000000000023093 ) ) ;
#925 = CARTESIAN_POINT ( 'NONE',  ( 263.4487652200347725, 37.01415087545658622, -12.00000000000005862 ) ) ;
#926 = CARTESIAN_POINT ( 'NONE',  ( 350.4987652200347270, -25.24200372779544921, -2.341876692568689577E-14 ) ) ;
#927 = CARTESIAN_POINT ( 'NONE',  ( 411.8987652200348180, 21.76339627220457729, -4.000000000000050626 ) ) ;
#928 = CARTESIAN_POINT ( 'NONE',  ( 422.0858476296713206, -31.46304713467180392, 5.264137318723458137 ) ) ;
#929 = ORIENTED_EDGE ( 'NONE', *, *, #1767, .F. ) ;
#930 = CARTESIAN_POINT ( 'NONE',  ( 269.1270239307627321, 38.87796622154741755, -5.095001312521333148 ) ) ;
#931 = DIRECTION ( 'NONE',  ( -0.000000000000000000, -0.000000000000000000, 1.000000000000000000 ) ) ;
#932 = CARTESIAN_POINT ( 'NONE',  ( 270.4279939233933874, -31.86464635190649020, -1.698097649087187522 ) ) ;
#933 = CARTESIAN_POINT ( 'NONE',  ( 263.4487652200347725, -22.97194948157507710, -12.00000000000002842 ) ) ;
#934 = CARTESIAN_POINT ( 'NONE',  ( 411.8987665850735311, -8.736603902951975087, 4.999999999999952038 ) ) ;
#935 = EDGE_CURVE ( 'NONE', #1852, #1271, #3939, .T. ) ;
#936 = ORIENTED_EDGE ( 'NONE', *, *, #1976, .T. ) ;
#937 = VERTEX_POINT ( 'NONE', #3721 ) ;
#938 = ADVANCED_FACE ( 'NONE', ( #1322 ), #666, .T. ) ;
#939 = AXIS2_PLACEMENT_3D ( 'NONE', #1466, #1793, #1419 ) ;
#940 = CARTESIAN_POINT ( 'NONE',  ( 270.4349176462897049, 38.90524426972643823, -5.000010272650491139 ) ) ;
#941 = ORIENTED_EDGE ( 'NONE', *, *, #1983, .T. ) ;
#942 = ORIENTED_EDGE ( 'NONE', *, *, #172, .F. ) ;
#943 = CARTESIAN_POINT ( 'NONE',  ( 263.4487652200347156, -22.51590449017308515, -5.000000000000026645 ) ) ;
#944 = LINE ( 'NONE', #3169, #3538 ) ;
#945 = CARTESIAN_POINT ( 'NONE',  ( 425.4487652200347725, -4.442003727795459156, -17.00000000000000000 ) ) ;
#946 = EDGE_CURVE ( 'NONE', #424, #2251, #4027, .T. ) ;
#947 = FACE_OUTER_BOUND ( 'NONE', #3843, .T. ) ;
#948 = LINE ( 'NONE', #2283, #1648 ) ;
#949 = ORIENTED_EDGE ( 'NONE', *, *, #1161, .T. ) ;
#950 = FACE_OUTER_BOUND ( 'NONE', #2055, .T. ) ;
#951 = CARTESIAN_POINT ( 'NONE',  ( 285.0303245368926355, -31.97603673750561271, -1.703407523312770344 ) ) ;
#952 = CIRCLE ( 'NONE', #1297, 5.000000000000004441 ) ;
#953 = CARTESIAN_POINT ( 'NONE',  ( 374.4987652200347270, -21.24200372779546342, -5.000000000000025757 ) ) ;
#954 = VECTOR ( 'NONE', #3355, 1000.000000000000000 ) ;
#955 = DIRECTION ( 'NONE',  ( 0.000000000000000000, 0.000000000000000000, -1.000000000000000000 ) ) ;
#956 = ORIENTED_EDGE ( 'NONE', *, *, #3629, .T. ) ;
#957 = ORIENTED_EDGE ( 'NONE', *, *, #3656, .T. ) ;
#958 = CARTESIAN_POINT ( 'NONE',  ( 425.4487652200347725, 11.95799627220453587, 17.00000000000000000 ) ) ;
#959 = CARTESIAN_POINT ( 'NONE',  ( 259.4487652200347725, -29.14200372779547976, 7.666288962662431950E-15 ) ) ;
#960 = AXIS2_PLACEMENT_3D ( 'NONE', #863, #4228, #2279 ) ;
#961 = EDGE_LOOP ( 'NONE', ( #1464, #838, #1778, #1437, #1723 ) ) ;
#962 = ORIENTED_EDGE ( 'NONE', *, *, #2865, .T. ) ;
#963 = CARTESIAN_POINT ( 'NONE',  ( 421.7586271227849011, -31.47778502281239099, -5.163367384003255900 ) ) ;
#964 = CARTESIAN_POINT ( 'NONE',  ( 259.4487652200347725, -14.84200372779544530, 1.089449296111487061E-14 ) ) ;
#965 = CARTESIAN_POINT ( 'NONE',  ( 314.4487652200347156, 6.017269145705021138, 0.2000000000000100586 ) ) ;
#966 = CARTESIAN_POINT ( 'NONE',  ( 409.4487652200347725, 32.69872339870403977, 5.000000000000009770 ) ) ;
#967 = CARTESIAN_POINT ( 'NONE',  ( 261.4487652200347156, -0.8512766012959865902, 1.400000000000009681 ) ) ;
#968 = ORIENTED_EDGE ( 'NONE', *, *, #2839, .F. ) ;
#969 = CARTESIAN_POINT ( 'NONE',  ( 324.4487652200347156, 32.69872339870401845, 1.800000000000009592 ) ) ;
#970 = B_SPLINE_CURVE_WITH_KNOTS ( 'NONE', 3,
 ( #1479, #2809, #517, #618, #475, #2506, #3832, #260, #3482, #4172, #3269, #3457, #1620, #499, #1829, #3502, #1252, #4153, #240, #2924, #1181, #848 ),
 .UNSPECIFIED., .F., .F.,
 ( 4, 2, 2, 2, 2, 2, 2, 2, 2, 2, 4 ),
 ( 0.000000000000000000, 0.0009892544292756861365, 0.001483881643913526928, 0.001978508858551367502, 0.002967763287827057759, 0.003957017717102748015, 0.004946272146378437838, 0.005440899361016282750, 0.005935526575654128528, 0.006924781004929820086, 0.007914035434205511643 ),
 .UNSPECIFIED. ) ;
#971 = CARTESIAN_POINT ( 'NONE',  ( 263.4889165627503758, 38.54713799561510967, -6.657406922574693908 ) ) ;
#972 = DIRECTION ( 'NONE',  ( 0.000000000000000000, 0.000000000000000000, -1.000000000000000000 ) ) ;
#973 = DIRECTION ( 'NONE',  ( -0.000000000000000000, -0.000000000000000000, 1.000000000000000000 ) ) ;
#974 = LINE ( 'NONE', #2313, #418 ) ;
#975 = LINE ( 'NONE', #2399, #277 ) ;
#976 = VECTOR ( 'NONE', #2167, 1000.000000000000000 ) ;
#977 = ORIENTED_EDGE ( 'NONE', *, *, #381, .F. ) ;
#978 = ORIENTED_EDGE ( 'NONE', *, *, #3251, .F. ) ;
#979 = CARTESIAN_POINT ( 'NONE',  ( 420.4487652200347725, -31.78200372779546612, -5.000000000000020428 ) ) ;
#980 = CARTESIAN_POINT ( 'NONE',  ( 410.4487652200347725, 31.69872339870403266, 5.000000000000009770 ) ) ;
#981 = ORIENTED_EDGE ( 'NONE', *, *, #1468, .F. ) ;
#982 = EDGE_CURVE ( 'NONE', #923, #2102, #46, .T. ) ;
#983 = ORIENTED_EDGE ( 'NONE', *, *, #1389, .F. ) ;
#984 = CARTESIAN_POINT ( 'NONE',  ( 263.4487652200347725, -32.17530231772295934, -12.00000000000001954 ) ) ;
#985 = DIRECTION ( 'NONE',  ( 0.000000000000000000, 0.000000000000000000, -1.000000000000000000 ) ) ;
#986 = EDGE_CURVE ( 'NONE', #3197, #4012, #2694, .T. ) ;
#987 = DIRECTION ( 'NONE',  ( -0.000000000000000000, -0.000000000000000000, 1.000000000000000000 ) ) ;
#988 = FILL_AREA_STYLE_COLOUR ( '', #1975 ) ;
#989 = LINE ( 'NONE', #2304, #2070 ) ;
#990 = ORIENTED_EDGE ( 'NONE', *, *, #102, .T. ) ;
#991 = CIRCLE ( 'NONE', #3280, 29.30000000000000071 ) ;
#992 = CARTESIAN_POINT ( 'NONE',  ( 263.4487652200347725, 34.24778730512209535, 12.00000000000005507 ) ) ;
#993 = FACE_BOUND ( 'NONE', #179, .T. ) ;
#994 = EDGE_CURVE ( 'NONE', #2629, #1957, #4008, .T. ) ;
#995 = CARTESIAN_POINT ( 'NONE',  ( 259.4487652200347725, 32.62822315042630805, -5.000000000000055955 ) ) ;
#996 = LINE ( 'NONE', #3609, #1633 ) ;
#997 = EDGE_CURVE ( 'NONE', #232, #3635, #332, .T. ) ;
#998 = CARTESIAN_POINT ( 'NONE',  ( 281.5976034109485227, 39.00475773575175253, -5.044695527958745984 ) ) ;
#999 = CARTESIAN_POINT ( 'NONE',  ( 263.4487652200347725, -25.21747520471281234, 11.99999999999997335 ) ) ;
#1000 = CARTESIAN_POINT ( 'NONE',  ( 411.8987597243054211, -18.23660875105672829, 4.999999999999959144 ) ) ;
#1001 = EDGE_LOOP ( 'NONE', ( #2536, #2968, #1395, #2848 ) ) ;
#1002 = AXIS2_PLACEMENT_3D ( 'NONE', #3715, #1665, #2666 ) ;
#1003 = CARTESIAN_POINT ( 'NONE',  ( 263.4846353265794505, -31.30409832427812233, 7.233243132538951237 ) ) ;
#1004 = CARTESIAN_POINT ( 'NONE',  ( 270.4279939279222731, 39.25901119642733761, -1.673619347914416799 ) ) ;
#1005 = ORIENTED_EDGE ( 'NONE', *, *, #2764, .F. ) ;
#1006 = ORIENTED_EDGE ( 'NONE', *, *, #445, .T. ) ;
#1007 = AXIS2_PLACEMENT_3D ( 'NONE', #4142, #2476, #2081 ) ;
#1008 = CARTESIAN_POINT ( 'NONE',  ( 314.4487652200347156, -0.8512766012959865902, 1.400000000000009681 ) ) ;
#1009 = CARTESIAN_POINT ( 'NONE',  ( 410.4487652200347725, 31.69872339870403266, 1.800000000000009592 ) ) ;
#1010 = CARTESIAN_POINT ( 'NONE',  ( 338.2347567193427267, 33.39240393505461668, -34.99999999999999289 ) ) ;
#1011 = DIRECTION ( 'NONE',  ( -1.000000000000000000, 0.000000000000000000, -0.000000000000000000 ) ) ;
#1012 = VERTEX_POINT ( 'NONE', #2633 ) ;
#1013 =( BOUNDED_CURVE ( )  B_SPLINE_CURVE ( 3, ( #2407, #1078, #2128, #777 ),
 .UNSPECIFIED., .F., .T. ) 
 B_SPLINE_CURVE_WITH_KNOTS ( ( 4, 4 ),
 ( 0.000000000000000000, 3.141592653589795781 ),
 .UNSPECIFIED. ) 
 CURVE ( )  GEOMETRIC_REPRESENTATION_ITEM ( )  RATIONAL_B_SPLINE_CURVE ( ( 1.000000000000000000, 0.3333333333333324822, 0.3333333333333324822, 1.000000000000000000 ) ) 
 REPRESENTATION_ITEM ( '' )  );
#1014 = EDGE_CURVE ( 'NONE', #2119, #237, #2873, .T. ) ;
#1015 = DIRECTION ( 'NONE',  ( -0.000000000000000000, -0.000000000000000000, 1.000000000000000000 ) ) ;
#1016 = CARTESIAN_POINT ( 'NONE',  ( 263.4481735402231379, 39.56387568191077975, 1.861806847213775651 ) ) ;
#1017 = CARTESIAN_POINT ( 'NONE',  ( 414.6987624429701782, -11.16660355263883631, 17.99999999999996803 ) ) ;
#1018 = B_SPLINE_CURVE_WITH_KNOTS ( 'NONE', 3,
 ( #1227, #565, #1890, #229, #1809, #3628, #630, #3986, #2290, #3323, #3260, #333, #587, #4301, #313, #2672, #1911, #1323, #3278, #1935, #2998, #933 ),
 .UNSPECIFIED., .F., .F.,
 ( 4, 2, 2, 2, 2, 2, 2, 2, 2, 2, 4 ),
 ( 0.000000000000000000, 0.001404244692362371883, 0.002106367038543557717, 0.002808489384724743767, 0.004212734077086961910, 0.004914856423268138853, 0.005616978769449316664, 0.007021223461811556925, 0.008425468154173797186, 0.009829712846536036580, 0.01123395753889827597 ),
 .UNSPECIFIED. ) ;
#1019 = DIRECTION ( 'NONE',  ( 1.000000000000000000, 1.226999531788473599E-16, -0.000000000000000000 ) ) ;
#1020 = ADVANCED_FACE ( 'NONE', ( #2671 ), #3962, .F. ) ;
#1021 = CARTESIAN_POINT ( 'NONE',  ( 263.4487652200347725, 40.65965511045245506, 12.00000000000006217 ) ) ;
#1022 = CARTESIAN_POINT ( 'NONE',  ( 263.4487652200347725, -28.06455846538491272, 11.99999999999997158 ) ) ;
#1023 = CARTESIAN_POINT ( 'NONE',  ( 259.4487652200347725, 35.05799627220452663, 5.510910596163077723E-16 ) ) ;
#1024 = ORIENTED_EDGE ( 'NONE', *, *, #3214, .F. ) ;
#1025 = VECTOR ( 'NONE', #3729, 1000.000000000000000 ) ;
#1026 = ADVANCED_FACE ( 'NONE', ( #2394, #357, #645, #1043, #712, #2716, #2043 ), #1690, .F. ) ;
#1027 = ORIENTED_EDGE ( 'NONE', *, *, #1628, .T. ) ;
#1028 = PLANE ( 'NONE',  #3132 ) ;
#1029 = CARTESIAN_POINT ( 'NONE',  ( 279.4395032573818867, 39.35130619254772455, 0.000000000000000000 ) ) ;
#1030 = ADVANCED_FACE ( 'NONE', ( #3678 ), #3984, .T. ) ;
#1031 = VERTEX_POINT ( 'NONE', #3321 ) ;
#1032 = ORIENTED_EDGE ( 'NONE', *, *, #547, .F. ) ;
#1033 = CARTESIAN_POINT ( 'NONE',  ( 420.4487652200347725, -13.24200372779546164, -5.000000000000020428 ) ) ;
#1034 = FACE_OUTER_BOUND ( 'NONE', #2524, .T. ) ;
#1035 = VECTOR ( 'NONE', #3578, 1000.000000000000000 ) ;
#1036 = DIRECTION ( 'NONE',  ( 0.000000000000000000, 0.000000000000000000, 1.000000000000000000 ) ) ;
#1037 = UNCERTAINTY_MEASURE_WITH_UNIT (LENGTH_MEASURE( 1.000000000000000082E-05 ), #3777, 'distance_accuracy_value', 'NONE');
#1038 = CARTESIAN_POINT ( 'NONE',  ( 416.4487652200347725, -13.24200372779546520, -4.000000000000030198 ) ) ;
#1039 = ORIENTED_EDGE ( 'NONE', *, *, #3712, .T. ) ;
#1040 = PRODUCT_DEFINITION_SHAPE ( 'NONE', 'NONE',  #1194 ) ;
#1041 = CARTESIAN_POINT ( 'NONE',  ( 411.8987597243054211, -18.23660875105672829, 4.999999999999959144 ) ) ;
#1042 = DIRECTION ( 'NONE',  ( 7.186848259333761210E-32, -5.857254280169296935E-16, -1.000000000000000000 ) ) ;
#1043 = FACE_BOUND ( 'NONE', #1478, .T. ) ;
#1044 =( BOUNDED_CURVE ( )  B_SPLINE_CURVE ( 3, ( #2408, #3734, #2431, #1467 ),
 .UNSPECIFIED., .F., .F. ) 
 B_SPLINE_CURVE_WITH_KNOTS ( ( 4, 4 ),
 ( 0.4999999999248536664, 1.000000000000000000 ),
 .UNSPECIFIED. ) 
 CURVE ( )  GEOMETRIC_REPRESENTATION_ITEM ( )  RATIONAL_B_SPLINE_CURVE ( ( 1.000000000000000000, 0.9983366285430803622, 0.9983366285430803622, 1.000000000000000000 ) ) 
 REPRESENTATION_ITEM ( '' )  );
#1045 = CARTESIAN_POINT ( 'NONE',  ( 264.0302537981091859, 38.45412496945859715, 8.822440373082720555 ) ) ;
#1046 = CARTESIAN_POINT ( 'NONE',  ( 285.0303245368926355, 39.25007184481972189, -3.373641671047871604 ) ) ;
#1047 = EDGE_CURVE ( 'NONE', #3378, #1854, #2972, .T. ) ;
#1048 = CARTESIAN_POINT ( 'NONE',  ( 310.3994845112277972, 38.21726914570503908, -4.999999999999990230 ) ) ;
#1049 = DIRECTION ( 'NONE',  ( 7.186848259333761210E-32, 0.000000000000000000, -1.000000000000000000 ) ) ;
#1050 = EDGE_CURVE ( 'NONE', #1489, #424, #1340, .T. ) ;
#1051 = DIRECTION ( 'NONE',  ( 0.000000000000000000, 0.000000000000000000, 1.000000000000000000 ) ) ;
#1052 = DIRECTION ( 'NONE',  ( 1.226999531788473599E-16, -1.000000000000000000, 5.857254280169296935E-16 ) ) ;
#1053 = CARTESIAN_POINT ( 'NONE',  ( 263.5062561034669670, -30.32632860855571622, -10.96283850010730276 ) ) ;
#1054 = VERTEX_POINT ( 'NONE', #995 ) ;
#1055 = ORIENTED_EDGE ( 'NONE', *, *, #4259, .T. ) ;
#1056 = CIRCLE ( 'NONE', #701, 0.8000000000000020428 ) ;
#1057 = CARTESIAN_POINT ( 'NONE',  ( 263.4487652200347725, -27.30519446853243082, -12.00000000000002309 ) ) ;
#1058 = DIRECTION ( 'NONE',  ( -8.676196894403484160E-17, 0.7071067811865474617, -0.7071067811865476838 ) ) ;
#1059 = AXIS2_PLACEMENT_3D ( 'NONE', #1805, #2943, #2828 ) ;
#1060 = CARTESIAN_POINT ( 'NONE',  ( 411.8987652200347611, 28.83339627220454204, -4.000000000000055955 ) ) ;
#1061 = DIRECTION ( 'NONE',  ( 0.000000000000000000, 1.000000000000000000, 0.000000000000000000 ) ) ;
#1062 = ORIENTED_EDGE ( 'NONE', *, *, #220, .T. ) ;
#1063 = CARTESIAN_POINT ( 'NONE',  ( 414.6987598863348694, -20.66659870454968484, -4.000000000000023981 ) ) ;
#1064 = PLANE ( 'NONE',  #3973 ) ;
#1065 = DIRECTION ( 'NONE',  ( 0.000000000000000000, -1.000000000000000000, 0.000000000000000000 ) ) ;
#1066 = ORIENTED_EDGE ( 'NONE', *, *, #1920, .F. ) ;
#1067 = DIRECTION ( 'NONE',  ( 0.000000000000000000, 0.000000000000000000, 1.000000000000000000 ) ) ;
#1068 = CARTESIAN_POINT ( 'NONE',  ( 270.8148560937343632, 39.26458582857967627, -1.683952796827613563 ) ) ;
#1069 =( BOUNDED_CURVE ( )  B_SPLINE_CURVE ( 3, ( #2068, #2698, #380, #739 ),
 .UNSPECIFIED., .F., .T. ) 
 B_SPLINE_CURVE_WITH_KNOTS ( ( 4, 4 ),
 ( 4.712388980384689674, 5.080656873821336461 ),
 .UNSPECIFIED. ) 
 CURVE ( )  GEOMETRIC_REPRESENTATION_ITEM ( )  RATIONAL_B_SPLINE_CURVE ( ( 1.000000000000000000, 0.9887301263230195980, 0.9887301263230195980, 1.000000000000000000 ) ) 
 REPRESENTATION_ITEM ( '' )  );
#1070 = FACE_OUTER_BOUND ( 'NONE', #2728, .T. ) ;
#1071 = CARTESIAN_POINT ( 'NONE',  ( 376.4987652200347270, -22.01700372779545845, -5.000000000000024869 ) ) ;
#1072 = CARTESIAN_POINT ( 'NONE',  ( 263.4487652200347725, -24.39880356453654286, -12.00000000000002487 ) ) ;
#1073 = CARTESIAN_POINT ( 'NONE',  ( 400.4987652200347270, -28.69200372779545916, -5.000000000000022204 ) ) ;
#1074 = EDGE_LOOP ( 'NONE', ( #677, #2961, #2817, #566, #861, #3595, #4219, #1747 ) ) ;
#1075 = EDGE_CURVE ( 'NONE', #2985, #676, #2064, .T. ) ;
#1076 = ORIENTED_EDGE ( 'NONE', *, *, #3654, .F. ) ;
#1077 = CARTESIAN_POINT ( 'NONE',  ( 269.5073968458139575, 32.62005865851961772, 5.047811146966937557 ) ) ;
#1078 = CARTESIAN_POINT ( 'NONE',  ( 414.6987652200348293, 16.90339627220449259, -4.000000000000047962 ) ) ;
#1079 = CARTESIAN_POINT ( 'NONE',  ( 317.4987652200347270, 32.75799627220455079, -5.000000000000058620 ) ) ;
#1080 = ADVANCED_FACE ( 'NONE', ( #2019 ), #1709, .F. ) ;
#1081 = ORIENTED_EDGE ( 'NONE', *, *, #2573, .T. ) ;
#1082 = CARTESIAN_POINT ( 'NONE',  ( 336.4487652200347725, 34.99240393505462521, -34.99999999999999289 ) ) ;
#1083 = EDGE_CURVE ( 'NONE', #4109, #1660, #2826, .T. ) ;
#1084 = CARTESIAN_POINT ( 'NONE',  ( 285.7487652254412183, 39.01077878910506058, 5.045557291725015325 ) ) ;
#1085 = LINE ( 'NONE', #1730, #3000 ) ;
#1086 = VERTEX_POINT ( 'NONE', #783 ) ;
#1087 = CARTESIAN_POINT ( 'NONE',  ( 280.6475230161844365, 39.01726914564763149, 5.000000000000063061 ) ) ;
#1088 = CARTESIAN_POINT ( 'NONE',  ( 270.4487652200348293, 31.33006009250419766, 5.000000000000051514 ) ) ;
#1089 = CARTESIAN_POINT ( 'NONE',  ( 263.4487652200347725, -31.94544312264014252, 4.999999999999965361 ) ) ;
#1090 = LINE ( 'NONE', #3131, #4059 ) ;
#1091 = CARTESIAN_POINT ( 'NONE',  ( 259.4487652200347725, 32.62822315042630095, 5.000000000000052403 ) ) ;
#1092 = EDGE_LOOP ( 'NONE', ( #3666, #1634, #1212, #4145 ) ) ;
#1093 = CARTESIAN_POINT ( 'NONE',  ( 263.4487652200347725, -26.73179476071307903, -12.00000000000002487 ) ) ;
#1094 = CARTESIAN_POINT ( 'NONE',  ( 425.4181626968766636, 38.11936461240956220, 9.360535194385116498 ) ) ;
#1095 = ORIENTED_EDGE ( 'NONE', *, *, #1490, .T. ) ;
#1096 = VECTOR ( 'NONE', #3674, 1000.000000000000000 ) ;
#1097 = ORIENTED_EDGE ( 'NONE', *, *, #617, .F. ) ;
#1098 = CARTESIAN_POINT ( 'NONE',  ( 414.6987598863348694, -20.66659870454968484, -4.000000000000025757 ) ) ;
#1099 = AXIS2_PLACEMENT_3D ( 'NONE', #4203, #2682, #363 ) ;
#1100 = CARTESIAN_POINT ( 'NONE',  ( 425.4487652200347725, -31.50127660129596663, 5.000000000000020428 ) ) ;
#1101 = CARTESIAN_POINT ( 'NONE',  ( 263.4484693801289836, -31.24200701454306994, -7.903640670181366623 ) ) ;
#1102 = LINE ( 'NONE', #446, #2004 ) ;
#1103 = ORIENTED_EDGE ( 'NONE', *, *, #1579, .F. ) ;
#1104 = DIRECTION ( 'NONE',  ( 1.000000000000000000, -0.000000000000000000, -0.000000000000000000 ) ) ;
#1105 = CARTESIAN_POINT ( 'NONE',  ( 276.6050914670577754, 38.97418948826597784, 5.040320445142500994 ) ) ;
#1106 = AXIS2_PLACEMENT_3D ( 'NONE', #4119, #754, #4072 ) ;
#1107 = CARTESIAN_POINT ( 'NONE',  ( 270.4487652200348293, 34.72063112066032176, -5.000000000000058620 ) ) ;
#1108 = ORIENTED_EDGE ( 'NONE', *, *, #3718, .T. ) ;
#1109 = DIRECTION ( 'NONE',  ( 0.000000000000000000, -0.000000000000000000, -1.000000000000000000 ) ) ;
#1110 = CARTESIAN_POINT ( 'NONE',  ( 270.4487652200348293, 37.01415087545660043, 5.000000000000060396 ) ) ;
#1111 = DIRECTION ( 'NONE',  ( 1.000000000000000000, -3.854941057726187413E-15, 0.000000000000000000 ) ) ;
#1112 = CARTESIAN_POINT ( 'NONE',  ( 267.8757083677229502, 38.82227386785861256, 5.481810852960570024 ) ) ;
#1113 = DIRECTION ( 'NONE',  ( -1.000000000000000000, -1.226999531788473599E-16, 0.000000000000000000 ) ) ;
#1114 = ORIENTED_EDGE ( 'NONE', *, *, #3173, .T. ) ;
#1115 = CARTESIAN_POINT ( 'NONE',  ( 263.4487652200347725, -29.97092307010468559, -12.00000000000001954 ) ) ;
#1116 = CARTESIAN_POINT ( 'NONE',  ( 310.3994845112277972, 39.01726914570501492, -4.999999999999990230 ) ) ;
#1117 = VERTEX_POINT ( 'NONE', #2463 ) ;
#1118 = VERTEX_POINT ( 'NONE', #3126 ) ;
#1119 = CARTESIAN_POINT ( 'NONE',  ( 425.2949782153702358, -30.76946664655329755, -8.727975580303224845 ) ) ;
#1120 = LINE ( 'NONE', #130, #850 ) ;
#1121 = CARTESIAN_POINT ( 'NONE',  ( 270.4487652200348293, -26.25127660129598439, 5.000000000000009770 ) ) ;
#1122 = CARTESIAN_POINT ( 'NONE',  ( 263.4487652200348293, -31.05504079672363105, -9.073546276684762546 ) ) ;
#1123 = EDGE_CURVE ( 'NONE', #1309, #3728, #401, .T. ) ;
#1124 = VECTOR ( 'NONE', #3163, 1000.000000000000000 ) ;
#1125 = ORIENTED_EDGE ( 'NONE', *, *, #900, .T. ) ;
#1126 = ADVANCED_FACE ( 'NONE', ( #422 ), #1189, .F. ) ;
#1127 = LINE ( 'NONE', #1150, #683 ) ;
#1128 = CARTESIAN_POINT ( 'NONE',  ( 283.9429980065349355, 39.00938931525188735, 5.045358423169654216 ) ) ;
#1129 = LINE ( 'NONE', #1800, #3115 ) ;
#1130 = VECTOR ( 'NONE', #4099, 1000.000000000000000 ) ;
#1131 = CARTESIAN_POINT ( 'NONE',  ( 429.4487652200347725, 11.95799627220453587, 17.00000000000000000 ) ) ;
#1132 = ORIENTED_EDGE ( 'NONE', *, *, #755, .F. ) ;
#1133 = CARTESIAN_POINT ( 'NONE',  ( 259.4487652200347725, 3.757996272204519261, 0.000000000000000000 ) ) ;
#1134 = FACE_OUTER_BOUND ( 'NONE', #1624, .T. ) ;
#1135 = B_SPLINE_CURVE_WITH_KNOTS ( 'NONE', 3,
 ( #1728, #65, #3808, #2781 ),
 .UNSPECIFIED., .F., .F.,
 ( 4, 4 ),
 ( 0.000000000000000000, 2.077357602714300966E-05 ),
 .UNSPECIFIED. ) ;
#1136 = LINE ( 'NONE', #871, #3417 ) ;
#1137 = DIRECTION ( 'NONE',  ( -0.000000000000000000, -1.000000000000000000, -0.000000000000000000 ) ) ;
#1138 = EDGE_CURVE ( 'NONE', #3197, #1558, #734, .T. ) ;
#1139 = CARTESIAN_POINT ( 'NONE',  ( 350.4987652200347270, 32.75799627220455079, -5.724587470723463412E-14 ) ) ;
#1140 = ORIENTED_EDGE ( 'NONE', *, *, #2690, .F. ) ;
#1141 = DIRECTION ( 'NONE',  ( 1.000000000000000000, 0.000000000000000000, 0.000000000000000000 ) ) ;
#1142 = DIRECTION ( 'NONE',  ( 1.000000000000000000, 1.226999531788473599E-16, 0.000000000000000000 ) ) ;
#1143 = EDGE_LOOP ( 'NONE', ( #546, #2738, #2857, #2668 ) ) ;
#1144 = ORIENTED_EDGE ( 'NONE', *, *, #2577, .F. ) ;
#1145 = LINE ( 'NONE', #4065, #2377 ) ;
#1146 = DIRECTION ( 'NONE',  ( -1.000000000000000000, -1.224510688924804602E-16, 0.000000000000000000 ) ) ;
#1147 = CARTESIAN_POINT ( 'NONE',  ( 263.4889165627503758, -31.49916704313174520, 3.681484573506062841 ) ) ;
#1148 = CARTESIAN_POINT ( 'NONE',  ( 263.4487652200347725, -29.97092307010468559, 11.99999999999996447 ) ) ;
#1149 = EDGE_LOOP ( 'NONE', ( #2505, #2620, #4226, #2179, #2580 ) ) ;
#1150 = CARTESIAN_POINT ( 'NONE',  ( 314.4487652200347156, 32.01726914570501492, 0.2000000000000100586 ) ) ;
#1151 = DIRECTION ( 'NONE',  ( 1.226999531788473599E-16, -1.000000000000000000, 0.000000000000000000 ) ) ;
#1152 = LINE ( 'NONE', #2699, #2773 ) ;
#1153 = LINE ( 'NONE', #824, #151 ) ;
#1154 = EDGE_LOOP ( 'NONE', ( #949, #4024, #2480, #463, #1683 ) ) ;
#1155 = EDGE_CURVE ( 'NONE', #1845, #231, #2823, .T. ) ;
#1156 = DIRECTION ( 'NONE',  ( 7.186848259333761210E-32, -5.857254280169296935E-16, -1.000000000000000000 ) ) ;
#1157 = CIRCLE ( 'NONE', #1770, 29.30000000000000071 ) ;
#1158 = LINE ( 'NONE', #1480, #3528 ) ;
#1159 = CARTESIAN_POINT ( 'NONE',  ( 425.4487652200347725, -30.42118340736018922, 9.999999999999969802 ) ) ;
#1160 = LINE ( 'NONE', #2489, #3426 ) ;
#1161 = EDGE_CURVE ( 'NONE', #897, #1839, #3104, .T. ) ;
#1162 = DIRECTION ( 'NONE',  ( 0.000000000000000000, 0.000000000000000000, 1.000000000000000000 ) ) ;
#1163 = VERTEX_POINT ( 'NONE', #1404 ) ;
#1164 = ORIENTED_EDGE ( 'NONE', *, *, #1664, .T. ) ;
#1165 = EDGE_CURVE ( 'NONE', #3548, #4313, #3455, .T. ) ;
#1166 = ORIENTED_EDGE ( 'NONE', *, *, #2808, .T. ) ;
#1167 = CARTESIAN_POINT ( 'NONE',  ( 414.6987686052809181, -23.09659870453408814, -4.000000000000023981 ) ) ;
#1168 = EDGE_CURVE ( 'NONE', #1508, #2251, #1085, .T. ) ;
#1169 = CARTESIAN_POINT ( 'NONE',  ( 270.4279940190704679, -31.12817776178869877, 6.684035678120634039 ) ) ;
#1170 = ORIENTED_EDGE ( 'NONE', *, *, #835, .T. ) ;
#1171 = B_SPLINE_CURVE_WITH_KNOTS ( 'NONE', 3,
 ( #3186, #3225, #2601, #3512, #552, #278 ),
 .UNSPECIFIED., .F., .F.,
 ( 4, 2, 4 ),
 ( 1.734723475976806902E-18, 0.001636567796376602914, 0.003273135592753204093 ),
 .UNSPECIFIED. ) ;
#1172 = VERTEX_POINT ( 'NONE', #4169 ) ;
#1173 = VECTOR ( 'NONE', #3752, 1000.000000000000000 ) ;
#1174 = AXIS2_PLACEMENT_3D ( 'NONE', #4034, #1113, #2378 ) ;
#1175 = DIRECTION ( 'NONE',  ( 1.000000000000000000, 0.000000000000000000, 0.000000000000000000 ) ) ;
#1176 = CARTESIAN_POINT ( 'NONE',  ( 272.0714450008226208, 39.28203833300110404, 1.684780507301328001 ) ) ;
#1177 = EDGE_CURVE ( 'NONE', #3208, #1591, #3064, .T. ) ;
#1178 = CARTESIAN_POINT ( 'NONE',  ( 398.4987652200347270, -22.01700372779545845, -3.000000000000025313 ) ) ;
#1179 = CARTESIAN_POINT ( 'NONE',  ( 415.4487652200347725, 20.75799627220454013, 5.000000000000020428 ) ) ;
#1180 = ORIENTED_EDGE ( 'NONE', *, *, #3769, .T. ) ;
#1181 = CARTESIAN_POINT ( 'NONE',  ( 420.7833713842692305, 39.01726914570503624, -5.000000000000057732 ) ) ;
#1182 = CARTESIAN_POINT ( 'NONE',  ( 0.000000000000000000, 0.000000000000000000, 1.400000000000009681 ) ) ;
#1183 = DIRECTION ( 'NONE',  ( -1.226999531788473599E-16, 1.000000000000000000, 1.366692665372836214E-15 ) ) ;
#1184 = VECTOR ( 'NONE', #3868, 1000.000000000000000 ) ;
#1185 = CARTESIAN_POINT ( 'NONE',  ( 275.5475378130250306, 38.97955111798557226, -5.000000000000060396 ) ) ;
#1186 = CARTESIAN_POINT ( 'NONE',  ( 425.4487652200347725, 3.757996272204539689, 0.000000000000000000 ) ) ;
#1187 = EDGE_CURVE ( 'NONE', #4094, #1667, #473, .T. ) ;
#1188 = ORIENTED_EDGE ( 'NONE', *, *, #2225, .T. ) ;
#1189 =( BOUNDED_SURFACE ( )  B_SPLINE_SURFACE ( 3, 1, ( 
 ( #141, #2136 ),
 ( #3742, #2111 ),
 ( #1426, #2088 ),
 ( #2783, #3431 ) ),
 .UNSPECIFIED., .F., .F., .F. ) 
 B_SPLINE_SURFACE_WITH_KNOTS ( ( 4, 4 ),
 ( 2, 2 ),
 ( 0.000000000000000000, 1.000000000000000000 ),
 ( 0.000000000000000000, 1.000000000000000000 ),
 .UNSPECIFIED. ) 
 GEOMETRIC_REPRESENTATION_ITEM ( )  RATIONAL_B_SPLINE_SURFACE ( (
 ( 1.000000000000000000, 1.000000000000000000),
 ( 0.3333333333333318715, 0.3333333333333318715),
 ( 0.3333333333333318715, 0.3333333333333318715),
 ( 1.000000000000000000, 1.000000000000000000) ) ) 
 REPRESENTATION_ITEM ( '' )  SURFACE ( )  );
#1190 = ORIENTED_EDGE ( 'NONE', *, *, #663, .F. ) ;
#1191 = B_SPLINE_CURVE_WITH_KNOTS ( 'NONE', 3,
 ( #3398, #1693, #2657, #3965 ),
 .UNSPECIFIED., .F., .F.,
 ( 4, 4 ),
 ( 0.000000000000000000, 0.5000000517753625529 ),
 .UNSPECIFIED. ) ;
#1192 = DIRECTION ( 'NONE',  ( -0.000000000000000000, 1.000000000000000000, 0.000000000000000000 ) ) ;
#1193 = CARTESIAN_POINT ( 'NONE',  ( 270.4279940190704110, -31.74301865336727602, -1.845954735949671743 ) ) ;
#1194 = PRODUCT_DEFINITION ( 'UNKNOWN', '', #140, #4274 ) ;
#1195 = EDGE_LOOP ( 'NONE', ( #2918, #2256, #2922, #68 ) ) ;
#1196 = ORIENTED_EDGE ( 'NONE', *, *, #3343, .T. ) ;
#1197 = CARTESIAN_POINT ( 'NONE',  ( 263.4487652200347725, 40.65965511045241243, -5.000000000000060396 ) ) ;
#1198 = CARTESIAN_POINT ( 'NONE',  ( 264.8198438393343395, -31.02653018674627816, 7.826067042520239880 ) ) ;
#1199 = CARTESIAN_POINT ( 'NONE',  ( 264.8087785737548643, 31.98818923442249584, -7.847397866786346654 ) ) ;
#1200 = VERTEX_POINT ( 'NONE', #3391 ) ;
#1201 = CARTESIAN_POINT ( 'NONE',  ( 315.4987652200347270, -14.84200372779544530, -1.500000000000029532 ) ) ;
#1202 = DIRECTION ( 'NONE',  ( 1.000000000000000000, 0.000000000000000000, 0.000000000000000000 ) ) ;
#1203 = PLANE ( 'NONE',  #288 ) ;
#1204 = CARTESIAN_POINT ( 'NONE',  ( 414.6987624429701782, -11.16660355263884341, 4.999999999999953815 ) ) ;
#1205 = ORIENTED_EDGE ( 'NONE', *, *, #1656, .T. ) ;
#1206 = VECTOR ( 'NONE', #1998, 1000.000000000000000 ) ;
#1207 = ORIENTED_EDGE ( 'NONE', *, *, #352, .F. ) ;
#1208 = LINE ( 'NONE', #2900, #92 ) ;
#1209 = CARTESIAN_POINT ( 'NONE',  ( 263.4481735402231379, -31.06075811817730070, -9.075036419032478818 ) ) ;
#1210 =( BOUNDED_CURVE ( )  B_SPLINE_CURVE ( 3, ( #500, #93, #3833, #1931 ),
 .UNSPECIFIED., .F., .F. ) 
 B_SPLINE_CURVE_WITH_KNOTS ( ( 4, 4 ),
 ( 0.000000000000000000, 3.141592653589794892 ),
 .UNSPECIFIED. ) 
 CURVE ( )  GEOMETRIC_REPRESENTATION_ITEM ( )  RATIONAL_B_SPLINE_CURVE ( ( 1.000000000000000000, 0.3333333333333327597, 0.3333333333333327597, 1.000000000000000000 ) ) 
 REPRESENTATION_ITEM ( '' )  );
#1211 = EDGE_CURVE ( 'NONE', #1682, #747, #67, .T. ) ;
#1212 = ORIENTED_EDGE ( 'NONE', *, *, #2879, .F. ) ;
#1213 = ORIENTED_EDGE ( 'NONE', *, *, #3160, .T. ) ;
#1214 = EDGE_CURVE ( 'NONE', #2336, #2598, #4150, .T. ) ;
#1215 = LINE ( 'NONE', #1841, #2429 ) ;
#1216 = CARTESIAN_POINT ( 'NONE',  ( 314.4487652200347156, -0.8512766012959865902, 5.000000000000009770 ) ) ;
#1217 = EDGE_CURVE ( 'NONE', #2102, #2749, #3811, .T. ) ;
#1218 = CARTESIAN_POINT ( 'NONE',  ( 270.4487652200348293, 32.62822315042630805, -5.000000000000057732 ) ) ;
#1219 = ORIENTED_EDGE ( 'NONE', *, *, #3619, .F. ) ;
#1220 = EDGE_CURVE ( 'NONE', #2919, #1951, #1153, .T. ) ;
#1221 = DIRECTION ( 'NONE',  ( -0.000000000000000000, -0.7071067811865474617, -0.7071067811865474617 ) ) ;
#1222 = AXIS2_PLACEMENT_3D ( 'NONE', #3673, #1315, #61 ) ;
#1223 = CARTESIAN_POINT ( 'NONE',  ( 263.4521521741934293, 38.92300481287464464, -6.721857537861337661 ) ) ;
#1224 = EDGE_CURVE ( 'NONE', #3789, #3208, #4280, .T. ) ;
#1225 = CARTESIAN_POINT ( 'NONE',  ( 270.4279939233933874, -31.86464635190757733, 1.698097649064216785 ) ) ;
#1226 = EDGE_CURVE ( 'NONE', #3464, #2565, #3636, .T. ) ;
#1227 = CARTESIAN_POINT ( 'NONE',  ( 270.4487652200348293, -25.11223060601727397, -5.000000000000023981 ) ) ;
#1228 = AXIS2_PLACEMENT_3D ( 'NONE', #2510, #3836, #853 ) ;
#1229 = B_SPLINE_CURVE_WITH_KNOTS ( 'NONE', 3,
 ( #1524, #2442, #2811, #3505 ),
 .UNSPECIFIED., .F., .F.,
 ( 4, 4 ),
 ( 0.1911026887070563784, 0.2064039740785088006 ),
 .UNSPECIFIED. ) ;
#1230 = ORIENTED_EDGE ( 'NONE', *, *, #239, .T. ) ;
#1231 = EDGE_LOOP ( 'NONE', ( #2880, #2272, #184, #1164 ) ) ;
#1232 = CARTESIAN_POINT ( 'NONE',  ( 268.1809459154003434, -31.32198405232825067, -5.369601326860435897 ) ) ;
#1233 = CARTESIAN_POINT ( 'NONE',  ( 414.6987652200347725, 8.833396272204536714, -4.000000000000043521 ) ) ;
#1234 = ORIENTED_EDGE ( 'NONE', *, *, #2721, .T. ) ;
#1235 = ORIENTED_EDGE ( 'NONE', *, *, #3311, .T. ) ;
#1236 = CARTESIAN_POINT ( 'NONE',  ( 270.4487652200348293, 39.69129486213196856, -5.000000000000060396 ) ) ;
#1237 = DIRECTION ( 'NONE',  ( -1.000000000000000000, -1.226999531788473599E-16, 0.000000000000000000 ) ) ;
#1238 = CARTESIAN_POINT ( 'NONE',  ( 414.6987652200347725, 19.33339627220453494, -4.000000000000048850 ) ) ;
#1239 = CARTESIAN_POINT ( 'NONE',  ( 350.4987652200347270, -25.24200372779544921, -2.341876692568689577E-14 ) ) ;
#1240 = VERTEX_POINT ( 'NONE', #2910 ) ;
#1241 = LINE ( 'NONE', #289, #3816 ) ;
#1242 = CARTESIAN_POINT ( 'NONE',  ( 425.1135267359109662, 20.75799627220454013, -8.199999999999999289 ) ) ;
#1243 = FACE_OUTER_BOUND ( 'NONE', #4329, .T. ) ;
#1244 = VECTOR ( 'NONE', #580, 1000.000000000000000 ) ;
#1245 = AXIS2_PLACEMENT_3D ( 'NONE', #1008, #3009, #985 ) ;
#1246 = VERTEX_POINT ( 'NONE', #3215 ) ;
#1247 = VERTEX_POINT ( 'NONE', #2869 ) ;
#1248 = CARTESIAN_POINT ( 'NONE',  ( 270.4487652200348862, -31.38945451671930442, 4.999999999999962697 ) ) ;
#1249 = LINE ( 'NONE', #4266, #749 ) ;
#1250 = EDGE_LOOP ( 'NONE', ( #3900, #694, #98, #493 ) ) ;
#1251 = ORIENTED_EDGE ( 'NONE', *, *, #294, .T. ) ;
#1252 = CARTESIAN_POINT ( 'NONE',  ( 422.5410687462407395, 38.94967560012736385, -5.455841717964943882 ) ) ;
#1253 = CARTESIAN_POINT ( 'NONE',  ( 263.4487652200347156, 31.33006009250421897, -5.000000000000056843 ) ) ;
#1254 = CARTESIAN_POINT ( 'NONE',  ( 311.1994845112278085, 37.41726914570504192, 5.000000000000009770 ) ) ;
#1255 = FACE_OUTER_BOUND ( 'NONE', #3839, .T. ) ;
#1256 = DIRECTION ( 'NONE',  ( 1.000000000000000000, 4.130118327667343092E-47, 7.186848259333761210E-32 ) ) ;
#1257 = VERTEX_POINT ( 'NONE', #2544 ) ;
#1258 = CARTESIAN_POINT ( 'NONE',  ( 264.2920711395930766, 38.45290349571235566, -8.652979865784956814 ) ) ;
#1259 = CARTESIAN_POINT ( 'NONE',  ( 270.4279940190704110, -31.38914614997599628, 4.999999109074518167 ) ) ;
#1260 = CARTESIAN_POINT ( 'NONE',  ( 263.4487652200347725, 35.86735145981788975, -12.00000000000005862 ) ) ;
#1261 = EDGE_CURVE ( 'NONE', #2565, #3262, #558, .T. ) ;
#1262 = VECTOR ( 'NONE', #2914, 1000.000000000000114 ) ;
#1263 = CARTESIAN_POINT ( 'NONE',  ( 319.4487652200347725, 35.05799627220453374, 5.510910596163077723E-16 ) ) ;
#1264 = CIRCLE ( 'NONE', #1822, 0.8000000000000229150 ) ;
#1265 = ORIENTED_EDGE ( 'NONE', *, *, #2909, .T. ) ;
#1266 = EDGE_LOOP ( 'NONE', ( #1132, #3192, #3180, #3161 ) ) ;
#1267 = EDGE_CURVE ( 'NONE', #3695, #2065, #3233, .T. ) ;
#1268 = CARTESIAN_POINT ( 'NONE',  ( 266.1791172687879339, -31.18441532147214446, -6.443409206475203987 ) ) ;
#1269 = LINE ( 'NONE', #2275, #188 ) ;
#1270 = EDGE_LOOP ( 'NONE', ( #3754, #155, #3134, #2756 ) ) ;
#1271 = VERTEX_POINT ( 'NONE', #3891 ) ;
#1272 = CARTESIAN_POINT ( 'NONE',  ( 263.4487652200347725, -25.11223060601728108, -5.000000000000025757 ) ) ;
#1273 = LINE ( 'NONE', #1880, #1525 ) ;
#1274 = FACE_OUTER_BOUND ( 'NONE', #2599, .T. ) ;
#1275 = LINE ( 'NONE', #2607, #3322 ) ;
#1276 = CARTESIAN_POINT ( 'NONE',  ( 269.9736844028723795, 32.62822315042629384, -5.000000000000055067 ) ) ;
#1277 = VERTEX_POINT ( 'NONE', #3560 ) ;
#1278 = CARTESIAN_POINT ( 'NONE',  ( 279.4395032573818867, -31.47197157578372639, -5.072777987978121850 ) ) ;
#1279 = CARTESIAN_POINT ( 'NONE',  ( 414.6987652200347725, -0.6666037277954580675, 4.999999999999948486 ) ) ;
#1280 = CARTESIAN_POINT ( 'NONE',  ( 411.8987671931179761, -13.59660390295201715, -4.000000000000029310 ) ) ;
#1281 = ORIENTED_EDGE ( 'NONE', *, *, #3527, .F. ) ;
#1282 = ORIENTED_EDGE ( 'NONE', *, *, #381, .T. ) ;
#1283 = VECTOR ( 'NONE', #620, 1000.000000000000000 ) ;
#1284 = FACE_OUTER_BOUND ( 'NONE', #854, .T. ) ;
#1285 = PLANE ( 'NONE',  #1099 ) ;
#1286 = ORIENTED_EDGE ( 'NONE', *, *, #3038, .T. ) ;
#1287 = ORIENTED_EDGE ( 'NONE', *, *, #3394, .T. ) ;
#1288 = DIRECTION ( 'NONE',  ( -1.000000000000000000, -1.226999531788473599E-16, 0.000000000000000000 ) ) ;
#1289 = ADVANCED_FACE ( 'NONE', ( #582 ), #4252, .F. ) ;
#1290 = CARTESIAN_POINT ( 'NONE',  ( 429.4487652200347725, 3.757996272204540134, 0.000000000000000000 ) ) ;
#1291 = DIRECTION ( 'NONE',  ( 1.000000000000000000, 1.226999531788473846E-16, -0.000000000000000000 ) ) ;
#1292 = LINE ( 'NONE', #1379, #3386 ) ;
#1293 = ORIENTED_EDGE ( 'NONE', *, *, #1304, .F. ) ;
#1294 = CARTESIAN_POINT ( 'NONE',  ( 414.6987652200347725, 8.833396272204549149, 17.99999999999995381 ) ) ;
#1295 = CARTESIAN_POINT ( 'NONE',  ( 270.4279940190704110, 38.82795588147644850, 5.515432326636497962 ) ) ;
#1296 = DIRECTION ( 'NONE',  ( 0.000000000000000000, -1.000000000000000000, 0.000000000000000000 ) ) ;
#1297 = AXIS2_PLACEMENT_3D ( 'NONE', #2432, #4117, #467 ) ;
#1298 = CARTESIAN_POINT ( 'NONE',  ( 285.7487652200347270, 3.757996272204522370, 0.000000000000000000 ) ) ;
#1299 = AXIS2_PLACEMENT_3D ( 'NONE', #1182, #167, #3435 ) ;
#1300 = DIRECTION ( 'NONE',  ( 1.226999531788473599E-16, -1.000000000000000000, -2.115516434118057955E-16 ) ) ;
#1301 = AXIS2_PLACEMENT_3D ( 'NONE', #1759, #2768, #4108 ) ;
#1302 = EDGE_CURVE ( 'NONE', #1845, #3980, #2587, .T. ) ;
#1303 = VERTEX_POINT ( 'NONE', #3934 ) ;
#1304 = EDGE_CURVE ( 'NONE', #1694, #160, #2178, .T. ) ;
#1305 = VERTEX_POINT ( 'NONE', #327 ) ;
#1306 = DIRECTION ( 'NONE',  ( 0.000000000000000000, 5.857254280169296935E-16, 1.000000000000000000 ) ) ;
#1307 = CARTESIAN_POINT ( 'NONE',  ( 398.4987652200347270, -22.01700372779545845, -5.000000000000024869 ) ) ;
#1308 = AXIS2_PLACEMENT_3D ( 'NONE', #3643, #2963, #15 ) ;
#1309 = VERTEX_POINT ( 'NONE', #1 ) ;
#1310 = ORIENTED_EDGE ( 'NONE', *, *, #3394, .F. ) ;
#1311 = ADVANCED_FACE ( 'NONE', ( #351 ), #707, .F. ) ;
#1312 = CARTESIAN_POINT ( 'NONE',  ( 263.4487652200347725, -23.81406754809518489, -12.00000000000002487 ) ) ;
#1313 = CARTESIAN_POINT ( 'NONE',  ( 411.8987652200347611, 8.833396272204545596, 4.999999999999944045 ) ) ;
#1314 = CARTESIAN_POINT ( 'NONE',  ( 319.4487652200347725, -27.54200372779547124, 7.666288962662431950E-15 ) ) ;
#1315 = DIRECTION ( 'NONE',  ( 0.000000000000000000, 0.000000000000000000, 1.000000000000000000 ) ) ;
#1316 = CARTESIAN_POINT ( 'NONE',  ( 425.4487652200347725, 39.37002125770583660, 4.361215240964972884E-15 ) ) ;
#1317 = EDGE_CURVE ( 'NONE', #142, #897, #682, .T. ) ;
#1318 = ORIENTED_EDGE ( 'NONE', *, *, #1656, .F. ) ;
#1319 =( BOUNDED_CURVE ( )  B_SPLINE_CURVE ( 3, ( #2788, #96, #767, #3835 ),
 .UNSPECIFIED., .F., .T. ) 
 B_SPLINE_CURVE_WITH_KNOTS ( ( 4, 4 ),
 ( 3.141592653589795781, 6.283185307179586232 ),
 .UNSPECIFIED. ) 
 CURVE ( )  GEOMETRIC_REPRESENTATION_ITEM ( )  RATIONAL_B_SPLINE_CURVE ( ( 1.000000000000000000, 0.3333333333333342585, 0.3333333333333342585, 1.000000000000000000 ) ) 
 REPRESENTATION_ITEM ( '' )  );
#1320 = DIRECTION ( 'NONE',  ( -0.000000000000000000, 1.000000000000000000, 0.000000000000000000 ) ) ;
#1321 = DIRECTION ( 'NONE',  ( 0.000000000000000000, 1.000000000000000000, -5.857254280169296935E-16 ) ) ;
#1322 = FACE_OUTER_BOUND ( 'NONE', #3736, .T. ) ;
#1323 = CARTESIAN_POINT ( 'NONE',  ( 263.7760589025654667, -23.84453162033136309, -9.837845060704133004 ) ) ;
#1324 = CARTESIAN_POINT ( 'NONE',  ( 263.4487652200347725, -25.21747520471280524, 4.999999999999976019 ) ) ;
#1325 = LINE ( 'NONE', #3706, #2794 ) ;
#1326 = CIRCLE ( 'NONE', #234, 1.599999999999997202 ) ;
#1327 = CARTESIAN_POINT ( 'NONE',  ( 376.4987652200347270, -22.01700372779545845, -3.000000000000025313 ) ) ;
#1328 = DIRECTION ( 'NONE',  ( -0.000000000000000000, -1.000000000000000000, -0.000000000000000000 ) ) ;
#1329 = CARTESIAN_POINT ( 'NONE',  ( 283.9429980065349355, 39.36861762445920476, 0.000000000000000000 ) ) ;
#1330 = EDGE_LOOP ( 'NONE', ( #549, #4276, #2230, #2470 ) ) ;
#1331 = ORIENTED_EDGE ( 'NONE', *, *, #1899, .F. ) ;
#1332 = CARTESIAN_POINT ( 'NONE',  ( 425.2020112834633210, -30.84676791681255636, -8.415505351754756447 ) ) ;
#1333 = CARTESIAN_POINT ( 'NONE',  ( 311.1994845112278085, 37.41726914570502771, -4.999999999999990230 ) ) ;
#1334 = CARTESIAN_POINT ( 'NONE',  ( 285.7487652200347839, 39.01726914570502203, -5.000000000000020428 ) ) ;
#1335 = DIRECTION ( 'NONE',  ( 7.186848259333761210E-32, 8.818259449237331880E-48, -1.000000000000000000 ) ) ;
#1336 = EDGE_CURVE ( 'NONE', #1012, #1163, #1292, .T. ) ;
#1337 = LINE ( 'NONE', #4023, #1715 ) ;
#1338 = ORIENTED_EDGE ( 'NONE', *, *, #2568, .F. ) ;
#1339 = CARTESIAN_POINT ( 'NONE',  ( 263.4889165627503758, 38.17937501204394835, 8.995833398716444052 ) ) ;
#1340 = LINE ( 'NONE', #4324, #4132 ) ;
#1341 =( BOUNDED_SURFACE ( )  B_SPLINE_SURFACE ( 3, 1, ( 
 ( #3360, #2685 ),
 ( #3270, #4018 ),
 ( #1377, #3599 ),
 ( #1313, #3618 ) ),
 .UNSPECIFIED., .F., .F., .F. ) 
 B_SPLINE_SURFACE_WITH_KNOTS ( ( 4, 4 ),
 ( 2, 2 ),
 ( 0.000000000000000000, 1.000000000000000000 ),
 ( 0.000000000000000000, 1.000000000000000000 ),
 .UNSPECIFIED. ) 
 GEOMETRIC_REPRESENTATION_ITEM ( )  RATIONAL_B_SPLINE_SURFACE ( (
 ( 1.000000000000000000, 1.000000000000000000),
 ( 0.3333333333333318715, 0.3333333333333318715),
 ( 0.3333333333333318715, 0.3333333333333318715),
 ( 1.000000000000000000, 1.000000000000000000) ) ) 
 REPRESENTATION_ITEM ( '' )  SURFACE ( )  );
#1342 = ADVANCED_FACE ( 'NONE', ( #3979 ), #1623, .T. ) ;
#1343 = DIRECTION ( 'NONE',  ( 0.000000000000000000, -1.000000000000000000, 0.000000000000000000 ) ) ;
#1344 = CARTESIAN_POINT ( 'NONE',  ( 263.4487652200347725, 39.20711473797174307, 12.00000000000006217 ) ) ;
#1345 = DIRECTION ( 'NONE',  ( 1.000000000000000000, 0.000000000000000000, 7.186848259333761210E-32 ) ) ;
#1346 = EDGE_CURVE ( 'NONE', #3935, #1353, #3295, .T. ) ;
#1347 = EDGE_CURVE ( 'NONE', #3162, #2132, #2628, .T. ) ;
#1348 = FACE_BOUND ( 'NONE', #2361, .T. ) ;
#1349 = LINE ( 'NONE', #2679, #1719 ) ;
#1350 = CARTESIAN_POINT ( 'NONE',  ( 324.4487652200347156, 32.69872339870401845, 5.000000000000009770 ) ) ;
#1351 = CARTESIAN_POINT ( 'NONE',  ( 285.7487652200347270, 39.37002125770582950, 0.000000000000000000 ) ) ;
#1352 = ORIENTED_EDGE ( 'NONE', *, *, #3769, .F. ) ;
#1353 = VERTEX_POINT ( 'NONE', #308 ) ;
#1354 = AXIS2_PLACEMENT_3D ( 'NONE', #1314, #2014, #3336 ) ;
#1355 = FACE_OUTER_BOUND ( 'NONE', #1873, .T. ) ;
#1356 = CARTESIAN_POINT ( 'NONE',  ( 414.6987652200347725, 28.83339627220454560, 4.999999999999931610 ) ) ;
#1357 = CARTESIAN_POINT ( 'NONE',  ( 350.4987652200347270, -25.24200372779544921, -2.341876692568689577E-14 ) ) ;
#1358 = CARTESIAN_POINT ( 'NONE',  ( 264.2487652200347270, 32.01726914570501492, 5.000000000000009770 ) ) ;
#1359 = ORIENTED_EDGE ( 'NONE', *, *, #691, .F. ) ;
#1360 = LINE ( 'NONE', #2327, #123 ) ;
#1361 = CARTESIAN_POINT ( 'NONE',  ( 263.4484693801289836, 39.12621467313731216, -5.562339314826905579 ) ) ;
#1362 = EDGE_CURVE ( 'NONE', #79, #3379, #989, .T. ) ;
#1363 = CARTESIAN_POINT ( 'NONE',  ( 416.4487652200347725, -28.69200372779545916, -5.000000000000022204 ) ) ;
#1364 = DIRECTION ( 'NONE',  ( 0.000000000000000000, 5.857254280169296935E-16, 1.000000000000000000 ) ) ;
#1365 = CARTESIAN_POINT ( 'NONE',  ( 283.9429980065349355, 39.36861762445921187, -1.688886659409718272 ) ) ;
#1366 = CARTESIAN_POINT ( 'NONE',  ( 263.4487652200347725, -32.04200372791328277, -1.672133535927352366 ) ) ;
#1367 = CARTESIAN_POINT ( 'NONE',  ( 414.6987652200348293, 21.76339627220458439, 4.999999999999935163 ) ) ;
#1368 = CARTESIAN_POINT ( 'NONE',  ( 414.6987652200347725, 8.833396272204542043, 4.999999999999944045 ) ) ;
#1369 = DIRECTION ( 'NONE',  ( -0.000000000000000000, -5.887380384135967118E-16, -1.000000000000000000 ) ) ;
#1370 = AXIS2_PLACEMENT_3D ( 'NONE', #1201, #268, #1886 ) ;
#1371 = AXIS2_PLACEMENT_3D ( 'NONE', #74, #1051, #3440 ) ;
#1372 = ORIENTED_EDGE ( 'NONE', *, *, #629, .F. ) ;
#1373 = DIRECTION ( 'NONE',  ( -1.000000000000000000, -1.226999531788473599E-16, -0.000000000000000000 ) ) ;
#1374 = CARTESIAN_POINT ( 'NONE',  ( 425.4487652200347725, -31.50127660129597373, 9.999999999999968026 ) ) ;
#1375 = ORIENTED_EDGE ( 'NONE', *, *, #1762, .T. ) ;
#1376 = ORIENTED_EDGE ( 'NONE', *, *, #2702, .F. ) ;
#1377 = CARTESIAN_POINT ( 'NONE',  ( 411.8987652200347611, 6.403396272204502360, 4.999999999999945821 ) ) ;
#1378 = DIRECTION ( 'NONE',  ( 0.000000000000000000, -1.000000000000000000, 0.000000000000000000 ) ) ;
#1379 = CARTESIAN_POINT ( 'NONE',  ( 350.4987652200347270, -25.24200372779545276, -5.000000000000023093 ) ) ;
#1380 = ORIENTED_EDGE ( 'NONE', *, *, #1362, .F. ) ;
#1381 = CARTESIAN_POINT ( 'NONE',  ( 414.6987652200347725, 1.763396272204582615, 4.999999999999947597 ) ) ;
#1382 = DIRECTION ( 'NONE',  ( -0.000000000000000000, -0.000000000000000000, 1.000000000000000000 ) ) ;
#1383 = DIRECTION ( 'NONE',  ( -1.000000000000000000, -1.226999531788473599E-16, -0.000000000000000000 ) ) ;
#1384 = ORIENTED_EDGE ( 'NONE', *, *, #2896, .F. ) ;
#1385 = DIRECTION ( 'NONE',  ( 0.000000000000000000, -1.000000000000000000, 5.857254280169296935E-16 ) ) ;
#1386 = EDGE_CURVE ( 'NONE', #3935, #3691, #3694, .T. ) ;
#1387 = CARTESIAN_POINT ( 'NONE',  ( 274.2068737731542569, 39.30824376409223220, -9.866239769618090349E-15 ) ) ;
#1388 = CARTESIAN_POINT ( 'NONE',  ( 263.4487652200347725, -26.25127660129599860, 11.99999999999997335 ) ) ;
#1389 = EDGE_CURVE ( 'NONE', #1619, #3221, #2965, .T. ) ;
#1390 = CARTESIAN_POINT ( 'NONE',  ( 411.8987652200347611, 28.83339627220453494, -4.000000000000055955 ) ) ;
#1391 = DIRECTION ( 'NONE',  ( 1.000000000000000000, 1.226999531788473599E-16, -0.000000000000000000 ) ) ;
#1392 = EDGE_CURVE ( 'NONE', #1710, #887, #3033, .T. ) ;
#1393 = AXIS2_PLACEMENT_3D ( 'NONE', #743, #435, #1811 ) ;
#1394 = CARTESIAN_POINT ( 'NONE',  ( 319.4487652200347725, -27.54200372779547124, 7.666288962662431950E-15 ) ) ;
#1395 = ORIENTED_EDGE ( 'NONE', *, *, #3387, .T. ) ;
#1396 = ADVANCED_FACE ( 'NONE', ( #3622 ), #640, .F. ) ;
#1397 = ORIENTED_EDGE ( 'NONE', *, *, #888, .T. ) ;
#1398 = DIRECTION ( 'NONE',  ( 0.000000000000000000, 0.000000000000000000, 1.000000000000000000 ) ) ;
#1399 = CARTESIAN_POINT ( 'NONE',  ( 263.4487652200347725, 37.67237377337290383, -11.47872472653882348 ) ) ;
#1400 = DIRECTION ( 'NONE',  ( 0.000000000000000000, 1.000000000000000000, 0.000000000000000000 ) ) ;
#1401 = ORIENTED_EDGE ( 'NONE', *, *, #3199, .F. ) ;
#1402 = LINE ( 'NONE', #1082, #3748 ) ;
#1403 = CARTESIAN_POINT ( 'NONE',  ( 263.4484693801289836, 39.12621467313730506, 5.562339314826893144 ) ) ;
#1404 = CARTESIAN_POINT ( 'NONE',  ( 350.4987652200347270, -25.24200372779545276, -5.000000000000023093 ) ) ;
#1405 = VECTOR ( 'NONE', #122, 1000.000000000000000 ) ;
#1406 = VERTEX_POINT ( 'NONE', #41 ) ;
#1407 = CARTESIAN_POINT ( 'NONE',  ( 263.4521470471580642, 38.92308426940680022, 6.721437414481991723 ) ) ;
#1408 = CARTESIAN_POINT ( 'NONE',  ( 285.0303245368926355, 39.37002125770310101, -8.998878031629686802E-15 ) ) ;
#1409 = CARTESIAN_POINT ( 'NONE',  ( 80.74876521989999389, 34.99240393505462521, -5.000000000000059508 ) ) ;
#1410 = CARTESIAN_POINT ( 'NONE',  ( 414.6987598863348694, -20.66659870454967773, 4.999999999999960920 ) ) ;
#1411 = CARTESIAN_POINT ( 'NONE',  ( 374.4987652200347270, -21.24200372779546342, -3.000000000000026201 ) ) ;
#1412 = ORIENTED_EDGE ( 'NONE', *, *, #292, .F. ) ;
#1413 = DIRECTION ( 'NONE',  ( 1.226999531788473599E-16, -1.000000000000000000, 0.000000000000000000 ) ) ;
#1414 = PRODUCT ( '26.07.13 Avionics Bay Plate (Bottom Half)', '26.07.13 Avionics Bay Plate (Bottom Half)', '', ( #2471 ) ) ;
#1415 = EDGE_LOOP ( 'NONE', ( #3353, #419, #1943, #1422, #3568, #904 ) ) ;
#1416 = EDGE_LOOP ( 'NONE', ( #2622, #1738, #2028, #903 ) ) ;
#1417 = CARTESIAN_POINT ( 'NONE',  ( 263.7760589025655236, 31.36052416474034743, 9.837845060704173861 ) ) ;
#1418 = VECTOR ( 'NONE', #369, 1000.000000000000000 ) ;
#1419 = DIRECTION ( 'NONE',  ( 0.000000000000000000, -1.000000000000000000, 0.000000000000000000 ) ) ;
#1420 = CARTESIAN_POINT ( 'NONE',  ( 263.4484693801289836, -32.04494343264860845, -1.861653990671495507 ) ) ;
#1421 = PLANE ( 'NONE',  #1654 ) ;
#1422 = ORIENTED_EDGE ( 'NONE', *, *, #1224, .T. ) ;
#1423 = VECTOR ( 'NONE', #2186, 1000.000000000000000 ) ;
#1424 = CARTESIAN_POINT ( 'NONE',  ( 414.6987652200347725, -0.6666037277954580675, 4.999999999999948486 ) ) ;
#1425 = DIRECTION ( 'NONE',  ( 1.000000000000000000, -0.000000000000000000, -0.000000000000000000 ) ) ;
#1426 = CARTESIAN_POINT ( 'NONE',  ( 411.8987671931180330, -13.59660390295201715, 4.999999999999956479 ) ) ;
#1427 = ORIENTED_EDGE ( 'NONE', *, *, #2271, .F. ) ;
#1428 = CARTESIAN_POINT ( 'NONE',  ( 374.4987652200347270, -21.24200372779546342, -3.000000000000026201 ) ) ;
#1429 = LINE ( 'NONE', #2850, #3593 ) ;
#1430 = DIRECTION ( 'NONE',  ( -1.000000000000000000, -1.226999531788473846E-16, 0.000000000000000000 ) ) ;
#1431 = CARTESIAN_POINT ( 'NONE',  ( 414.6987652200346588, 31.26339627220456308, -4.000000000000057732 ) ) ;
#1432 = CARTESIAN_POINT ( 'NONE',  ( 259.4487652200347725, -27.54200372779547834, 7.666288962662431950E-15 ) ) ;
#1433 = EDGE_CURVE ( 'NONE', #2558, #58, #4318, .T. ) ;
#1434 = FACE_OUTER_BOUND ( 'NONE', #4118, .T. ) ;
#1435 = CARTESIAN_POINT ( 'NONE',  ( 421.1120384857738372, 39.01260249357115129, 5.033228227373900410 ) ) ;
#1436 = EDGE_CURVE ( 'NONE', #1054, #3208, #948, .T. ) ;
#1437 = ORIENTED_EDGE ( 'NONE', *, *, #2435, .F. ) ;
#1438 = ORIENTED_EDGE ( 'NONE', *, *, #1485, .T. ) ;
#1439 = CARTESIAN_POINT ( 'NONE',  ( 268.8194540445509233, 32.59502909524169922, 5.188236560221868743 ) ) ;
#1440 = EDGE_CURVE ( 'NONE', #1031, #1118, #2648, .T. ) ;
#1441 = DIRECTION ( 'NONE',  ( -0.000000000000000000, -0.000000000000000000, 1.000000000000000000 ) ) ;
#1442 = DIRECTION ( 'NONE',  ( 1.000000000000000000, 1.226999531788473599E-16, 0.000000000000000000 ) ) ;
#1443 = CARTESIAN_POINT ( 'NONE',  ( 270.4279940190704110, -31.31196333706742152, 5.515432326636409144 ) ) ;
#1444 = EDGE_CURVE ( 'NONE', #745, #1353, #1994, .T. ) ;
#1445 = ORIENTED_EDGE ( 'NONE', *, *, #209, .F. ) ;
#1446 = AXIS2_PLACEMENT_3D ( 'NONE', #139, #535, #2373 ) ;
#1447 = DIRECTION ( 'NONE',  ( -1.000000000000000000, -0.000000000000000000, -0.000000000000000000 ) ) ;
#1448 = FACE_OUTER_BOUND ( 'NONE', #3921, .T. ) ;
#1449 = CARTESIAN_POINT ( 'NONE',  ( 324.4487652200347156, -25.00127660129597729, 5.000000000000009770 ) ) ;
#1450 = EDGE_CURVE ( 'NONE', #1257, #2099, #2991, .T. ) ;
#1451 = VECTOR ( 'NONE', #2988, 1000.000000000000000 ) ;
#1452 = DIRECTION ( 'NONE',  ( -1.000000000000000000, -2.449021377849609204E-16, 0.000000000000000000 ) ) ;
#1453 = ORIENTED_EDGE ( 'NONE', *, *, #2354, .T. ) ;
#1454 = FACE_OUTER_BOUND ( 'NONE', #2649, .T. ) ;
#1455 = CARTESIAN_POINT ( 'NONE',  ( 409.4487652200347725, 32.69872339870403977, 1.800000000000009592 ) ) ;
#1456 = DIRECTION ( 'NONE',  ( -0.000000000000000000, -1.000000000000000000, 5.832259962335817771E-16 ) ) ;
#1457 = CARTESIAN_POINT ( 'NONE',  ( 270.4487652200348293, 38.90544706112834206, -5.000000000000060396 ) ) ;
#1458 = DIRECTION ( 'NONE',  ( 1.000000000000000000, -0.000000000000000000, -0.000000000000000000 ) ) ;
#1459 =( BOUNDED_CURVE ( )  B_SPLINE_CURVE ( 3, ( #3448, #1167, #465, #83 ),
 .UNSPECIFIED., .F., .T. ) 
 B_SPLINE_CURVE_WITH_KNOTS ( ( 4, 4 ),
 ( 0.000000000000000000, 3.141592653589795781 ),
 .UNSPECIFIED. ) 
 CURVE ( )  GEOMETRIC_REPRESENTATION_ITEM ( )  RATIONAL_B_SPLINE_CURVE ( ( 1.000000000000000000, 0.3333333333333324822, 0.3333333333333324822, 1.000000000000000000 ) ) 
 REPRESENTATION_ITEM ( '' )  );
#1460 = ORIENTED_EDGE ( 'NONE', *, *, #1138, .F. ) ;
#1461 = DIRECTION ( 'NONE',  ( 0.000000000000000000, 0.000000000000000000, 1.000000000000000000 ) ) ;
#1462 = CARTESIAN_POINT ( 'NONE',  ( 425.2020112834633210, 38.36276046122162597, 8.415505351754809737 ) ) ;
#1463 = ORIENTED_EDGE ( 'NONE', *, *, #1050, .F. ) ;
#1464 = ORIENTED_EDGE ( 'NONE', *, *, #3329, .F. ) ;
#1465 = CARTESIAN_POINT ( 'NONE',  ( 268.1416130270068834, 32.55862289826403355, 5.386928402133269955 ) ) ;
#1466 = CARTESIAN_POINT ( 'NONE',  ( 425.4487652200347725, 3.757996272204539689, 0.000000000000000000 ) ) ;
#1467 = CARTESIAN_POINT ( 'NONE',  ( 270.4279939279221594, 38.90514495674080564, 4.999999999951413976 ) ) ;
#1468 = EDGE_CURVE ( 'NONE', #4094, #1277, #1337, .T. ) ;
#1469 = VECTOR ( 'NONE', #2504, 1000.000000000000000 ) ;
#1470 = VERTEX_POINT ( 'NONE', #1038 ) ;
#1471 = AXIS2_PLACEMENT_3D ( 'NONE', #1133, #3680, #3128 ) ;
#1472 = CYLINDRICAL_SURFACE ( 'NONE', #328, 35.79999999999999716 ) ;
#1473 = CARTESIAN_POINT ( 'NONE',  ( 266.9972961359435999, -31.25093677197436648, 5.901427325674815094 ) ) ;
#1474 = CARTESIAN_POINT ( 'NONE',  ( 261.4487652200347156, -0.8512766012959865902, 1.400000000000009681 ) ) ;
#1475 = EDGE_CURVE ( 'NONE', #1821, #899, #4171, .T. ) ;
#1476 = VECTOR ( 'NONE', #2262, 1000.000000000000000 ) ;
#1477 = DIRECTION ( 'NONE',  ( -0.000000000000000000, 0.7071067811865475727, -0.7071067811865474617 ) ) ;
#1478 = EDGE_LOOP ( 'NONE', ( #1401, #447 ) ) ;
#1479 = CARTESIAN_POINT ( 'NONE',  ( 425.4487652200347725, 37.93717595176924107, -10.00000000000006040 ) ) ;
#1480 = CARTESIAN_POINT ( 'NONE',  ( 425.4487652200347725, -31.50127660129597373, -5.000000000000015099 ) ) ;
#1481 = CARTESIAN_POINT ( 'NONE',  ( 263.9285455648001744, -30.97265897898811815, -8.685886972999206534 ) ) ;
#1482 = EDGE_CURVE ( 'NONE', #1879, #1305, #3450, .T. ) ;
#1483 = CARTESIAN_POINT ( 'NONE',  ( 339.0347567193427381, 34.19240393505462094, 5.000000000000009770 ) ) ;
#1484 = DIRECTION ( 'NONE',  ( 0.000000000000000000, 1.000000000000000000, 0.000000000000000000 ) ) ;
#1485 = EDGE_CURVE ( 'NONE', #923, #1667, #952, .T. ) ;
#1486 = CARTESIAN_POINT ( 'NONE',  ( 422.9792831407685867, 38.91543335686019844, 5.675041561335743445 ) ) ;
#1487 = VERTEX_POINT ( 'NONE', #4144 ) ;
#1488 =( BOUNDED_SURFACE ( )  B_SPLINE_SURFACE ( 3, 1, ( 
 ( #2035, #4291 ),
 ( #1964, #4314 ),
 ( #678, #347 ),
 ( #303, #1639 ) ),
 .UNSPECIFIED., .F., .F., .F. ) 
 B_SPLINE_SURFACE_WITH_KNOTS ( ( 4, 4 ),
 ( 2, 2 ),
 ( 0.000000000000000000, 1.000000000000000000 ),
 ( 0.000000000000000000, 1.000000000000000000 ),
 .UNSPECIFIED. ) 
 GEOMETRIC_REPRESENTATION_ITEM ( )  RATIONAL_B_SPLINE_SURFACE ( (
 ( 1.000000000000000000, 1.000000000000000000),
 ( 0.3333333333333325932, 0.3333333333333325932),
 ( 0.3333333333333325932, 0.3333333333333325932),
 ( 1.000000000000000000, 1.000000000000000000) ) ) 
 REPRESENTATION_ITEM ( '' )  SURFACE ( )  );
#1489 = VERTEX_POINT ( 'NONE', #2479 ) ;
#1490 = EDGE_CURVE ( 'NONE', #1571, #364, #3716, .T. ) ;
#1491 = LINE ( 'NONE', #4090, #1567 ) ;
#1492 = FACE_OUTER_BOUND ( 'NONE', #603, .T. ) ;
#1493 = CARTESIAN_POINT ( 'NONE',  ( 400.4987652200347270, -28.69200372779545916, -4.000000000000022204 ) ) ;
#1494 = EDGE_LOOP ( 'NONE', ( #3008, #439, #1427, #2553 ) ) ;
#1495 = DIRECTION ( 'NONE',  ( 7.186848259333761210E-32, -5.857254280169296935E-16, -1.000000000000000000 ) ) ;
#1496 = CARTESIAN_POINT ( 'NONE',  ( 283.9429980065349355, 39.36861762449507296, 1.688886658915363048 ) ) ;
#1497 = CARTESIAN_POINT ( 'NONE',  ( 259.4487652200347725, 22.35799627220456287, -1.089449296111491636E-14 ) ) ;
#1498 = EDGE_CURVE ( 'NONE', #2494, #3197, #2478, .T. ) ;
#1499 = ORIENTED_EDGE ( 'NONE', *, *, #2711, .F. ) ;
#1500 = CARTESIAN_POINT ( 'NONE',  ( 263.4487652200347725, -31.69112219356272320, -5.000000000000019540 ) ) ;
#1501 = VECTOR ( 'NONE', #2624, 1000.000000000000000 ) ;
#1502 = CARTESIAN_POINT ( 'NONE',  ( 270.4487652200348293, 32.62822315042630095, 5.000000000000053291 ) ) ;
#1503 = EDGE_CURVE ( 'NONE', #2078, #142, #85, .T. ) ;
#1504 = CARTESIAN_POINT ( 'NONE',  ( 350.4987652200347270, -25.24200372779544921, -2.341876692568689577E-14 ) ) ;
#1505 = CARTESIAN_POINT ( 'NONE',  ( 285.7487652254412183, -31.49049559463403014, 5.075445269272859328 ) ) ;
#1506 = DIRECTION ( 'NONE',  ( 0.000000000000000000, 1.000000000000000000, 2.115516434118057955E-16 ) ) ;
#1507 = ORIENTED_EDGE ( 'NONE', *, *, #2938, .F. ) ;
#1508 = VERTEX_POINT ( 'NONE', #1493 ) ;
#1509 = ORIENTED_EDGE ( 'NONE', *, *, #1123, .T. ) ;
#1510 = CARTESIAN_POINT ( 'NONE',  ( 414.6987627469924291, -13.59660355263887332, -4.000000000000029310 ) ) ;
#1511 = CARTESIAN_POINT ( 'NONE',  ( 270.0987174187053483, -31.38421007508551597, -5.001007888917088806 ) ) ;
#1512 = CARTESIAN_POINT ( 'NONE',  ( 263.4487652200348293, -31.60731811793651147, -5.561882602724072200 ) ) ;
#1513 = AXIS2_PLACEMENT_3D ( 'NONE', #2038, #2947, #4295 ) ;
#1514 = ORIENTED_EDGE ( 'NONE', *, *, #1177, .T. ) ;
#1515 = ORIENTED_EDGE ( 'NONE', *, *, #1891, .F. ) ;
#1516 = AXIS2_PLACEMENT_3D ( 'NONE', #3519, #584, #4254 ) ;
#1517 = VECTOR ( 'NONE', #1391, 1000.000000000000000 ) ;
#1518 = DIRECTION ( 'NONE',  ( 1.226999531788473599E-16, -1.000000000000000000, 5.829043938094109521E-16 ) ) ;
#1519 = CARTESIAN_POINT ( 'NONE',  ( 265.4506287299455494, -31.10919533565672879, 7.088455022034982456 ) ) ;
#1520 = DIRECTION ( 'NONE',  ( 0.000000000000000000, 1.000000000000000000, -5.724587470723463412E-16 ) ) ;
#1521 = CARTESIAN_POINT ( 'NONE',  ( 266.6588152938838334, 32.41414896258297063, -6.110107069152681980 ) ) ;
#1522 = ORIENTED_EDGE ( 'NONE', *, *, #4224, .F. ) ;
#1523 = DIRECTION ( 'NONE',  ( 1.000000000000000000, 0.000000000000000000, 0.000000000000000000 ) ) ;
#1524 = CARTESIAN_POINT ( 'NONE',  ( 270.4487652200348862, -31.38945451671930442, 4.999999999999962697 ) ) ;
#1525 = VECTOR ( 'NONE', #2605, 1000.000000000000000 ) ;
#1526 = DIRECTION ( 'NONE',  ( -1.000000000000000000, -1.226999531788473599E-16, 0.000000000000000000 ) ) ;
#1527 = EDGE_CURVE ( 'NONE', #3283, #2452, #819, .T. ) ;
#1528 = DIRECTION ( 'NONE',  ( 0.000000000000000000, 1.000000000000000000, -5.746772686209761790E-16 ) ) ;
#1529 = VERTEX_POINT ( 'NONE', #3146 ) ;
#1530 = ADVANCED_FACE ( 'NONE', ( #417 ), #1421, .T. ) ;
#1531 = EDGE_CURVE ( 'NONE', #3296, #1731, #492, .T. ) ;
#1532 = ORIENTED_EDGE ( 'NONE', *, *, #2410, .T. ) ;
#1533 = ORIENTED_EDGE ( 'NONE', *, *, #663, .T. ) ;
#1534 = EDGE_CURVE ( 'NONE', #1200, #3358, #2357, .T. ) ;
#1535 = CARTESIAN_POINT ( 'NONE',  ( 414.6987598863348694, -20.66659870454967773, 4.999999999999960920 ) ) ;
#1536 = DIRECTION ( 'NONE',  ( -1.000000000000000000, -1.226999531788473599E-16, -0.000000000000000000 ) ) ;
#1537 = EDGE_CURVE ( 'NONE', #2077, #1926, #1102, .T. ) ;
#1538 = VERTEX_POINT ( 'NONE', #2458 ) ;
#1539 = ORIENTED_EDGE ( 'NONE', *, *, #578, .T. ) ;
#1540 = CARTESIAN_POINT ( 'NONE',  ( 270.4487652200348293, 34.82118701294144358, -5.000000000000058620 ) ) ;
#1541 = DIRECTION ( 'NONE',  ( 1.000000000000000000, 0.000000000000000000, 0.000000000000000000 ) ) ;
#1542 = ADVANCED_FACE ( 'NONE', ( #3784 ), #798, .F. ) ;
#1543 = VECTOR ( 'NONE', #1456, 1000.000000000000000 ) ;
#1544 = CARTESIAN_POINT ( 'NONE',  ( 425.1973103716872515, -30.84321602599828793, 8.426024461065702909 ) ) ;
#1545 = ORIENTED_EDGE ( 'NONE', *, *, #3470, .F. ) ;
#1546 = CARTESIAN_POINT ( 'NONE',  ( 275.5477171205868103, -31.46356117957983045, -5.000000000000016875 ) ) ;
#1547 = CARTESIAN_POINT ( 'NONE',  ( 263.4889165627503758, 39.01515958754214353, 3.681484573500340307 ) ) ;
#1548 = CARTESIAN_POINT ( 'NONE',  ( 270.8148560937343632, -31.87024008297041178, -1.698364296951288210 ) ) ;
#1549 = B_SPLINE_CURVE_WITH_KNOTS ( 'NONE', 3,
 ( #3669, #1724, #2962, #963, #2298, #3617, #3290, #322, #3641, #656, #1990, #1661, #4336, #1332, #1119, #4113, #104, #2406 ),
 .UNSPECIFIED., .F., .F.,
 ( 4, 2, 2, 2, 2, 2, 2, 2, 4 ),
 ( 0.000000000000000000, 0.0009892323567143996004, 0.001978464713428799201, 0.002967697070143198584, 0.003956929426857598402, 0.004946161783571998219, 0.005935394140286397169, 0.006924626497000796986, 0.007913858853715196803 ),
 .UNSPECIFIED. ) ;
#1550 = CARTESIAN_POINT ( 'NONE',  ( 350.4987652200347270, 32.75799627220455079, -5.724587470723463412E-14 ) ) ;
#1551 = ORIENTED_EDGE ( 'NONE', *, *, #3930, .T. ) ;
#1552 = VERTEX_POINT ( 'NONE', #2846 ) ;
#1553 = AXIS2_PLACEMENT_3D ( 'NONE', #733, #687, #1296 ) ;
#1554 = VERTEX_POINT ( 'NONE', #1178 ) ;
#1555 = CARTESIAN_POINT ( 'NONE',  ( 266.4404101933883453, -31.20745950172784688, -6.252108919493776895 ) ) ;
#1556 = CARTESIAN_POINT ( 'NONE',  ( 314.4487652200347156, 32.01726914570501492, 0.2000000000000100586 ) ) ;
#1557 = ORIENTED_EDGE ( 'NONE', *, *, #1392, .F. ) ;
#1558 = VERTEX_POINT ( 'NONE', #3478 ) ;
#1559 = DIRECTION ( 'NONE',  ( 0.000000000000000000, 1.000000000000000000, -5.808035271611171356E-16 ) ) ;
#1560 = DIRECTION ( 'NONE',  ( -1.000000000000000000, -1.226999531788473599E-16, 0.000000000000000000 ) ) ;
#1561 = CARTESIAN_POINT ( 'NONE',  ( 259.4487652200347725, 36.65799627220452095, 7.470345474798844432E-16 ) ) ;
#1562 = CARTESIAN_POINT ( 'NONE',  ( 265.0953601861038464, 32.08670566649988132, -7.483960984483138290 ) ) ;
#1563 = EDGE_LOOP ( 'NONE', ( #13, #4269, #3082, #4260 ) ) ;
#1564 = CARTESIAN_POINT ( 'NONE',  ( 266.9972961359572423, 38.76692931638449124, -5.901427325667294888 ) ) ;
#1565 = CARTESIAN_POINT ( 'NONE',  ( 376.4987652200347270, 28.75799627220454013, -3.000000000000054623 ) ) ;
#1566 = CARTESIAN_POINT ( 'NONE',  ( 285.7487652254412183, -31.49049559463075454, -5.075445269295593143 ) ) ;
#1567 = VECTOR ( 'NONE', #2778, 1000.000000000000000 ) ;
#1568 = CARTESIAN_POINT ( 'NONE',  ( 285.7487652200347270, 3.757996272204522370, 0.000000000000000000 ) ) ;
#1569 = AXIS2_PLACEMENT_3D ( 'NONE', #2572, #873, #1833 ) ;
#1570 = ORIENTED_EDGE ( 'NONE', *, *, #443, .T. ) ;
#1571 = VERTEX_POINT ( 'NONE', #1048 ) ;
#1572 = CARTESIAN_POINT ( 'NONE',  ( 425.4487652200347725, 3.757996272204539689, 0.000000000000000000 ) ) ;
#1573 = CARTESIAN_POINT ( 'NONE',  ( 314.4487652200347156, -0.8512766012959865902, 1.400000000000009681 ) ) ;
#1574 = VERTEX_POINT ( 'NONE', #2177 ) ;
#1575 = ORIENTED_EDGE ( 'NONE', *, *, #1389, .T. ) ;
#1576 = CARTESIAN_POINT ( 'NONE',  ( 270.4487652200348293, -32.65948244188318483, -5.000000000000020428 ) ) ;
#1577 = CARTESIAN_POINT ( 'NONE',  ( 270.4487652200348293, 31.33006009250421897, -5.000000000000055955 ) ) ;
#1578 = CARTESIAN_POINT ( 'NONE',  ( 314.4487652200347156, 6.017269145705021138, 0.2000000000000100586 ) ) ;
#1579 = EDGE_CURVE ( 'NONE', #3587, #897, #2462, .T. ) ;
#1580 = CARTESIAN_POINT ( 'NONE',  ( 323.4487652200347156, -24.00127660129597729, 1.800000000000009592 ) ) ;
#1581 = CARTESIAN_POINT ( 'NONE',  ( 423.5338426673064873, -31.33662794494558668, 6.051380192233704491 ) ) ;
#1582 = ORIENTED_EDGE ( 'NONE', *, *, #1792, .T. ) ;
#1583 = CIRCLE ( 'NONE', #1516, 5.000000000000000000 ) ;
#1584 = CARTESIAN_POINT ( 'NONE',  ( 269.7695250099474720, 38.89527231570765053, -5.001984710174228965 ) ) ;
#1585 = CARTESIAN_POINT ( 'NONE',  ( 264.0302259467145518, 38.45413255736134062, -8.822410978061594022 ) ) ;
#1586 = CARTESIAN_POINT ( 'NONE',  ( 270.8148560937343632, -31.38613646685227465, 5.060418554274489722 ) ) ;
#1587 = CARTESIAN_POINT ( 'NONE',  ( 270.4279939279221594, -31.38915241233176801, -4.999999999951362462 ) ) ;
#1588 = CARTESIAN_POINT ( 'NONE',  ( 414.6987624429701782, -11.16660355263884341, 4.999999999999953815 ) ) ;
#1589 = VECTOR ( 'NONE', #2627, 1000.000000000000000 ) ;
#1590 = ORIENTED_EDGE ( 'NONE', *, *, #4305, .T. ) ;
#1591 = VERTEX_POINT ( 'NONE', #1843 ) ;
#1592 = FACE_OUTER_BOUND ( 'NONE', #641, .T. ) ;
#1593 = LINE ( 'NONE', #2901, #2331 ) ;
#1594 = ORIENTED_EDGE ( 'NONE', *, *, #2839, .T. ) ;
#1595 = EDGE_LOOP ( 'NONE', ( #790, #3488, #2822, #2784, #1644, #2011, #3122, #3517 ) ) ;
#1596 = FACE_OUTER_BOUND ( 'NONE', #1416, .T. ) ;
#1597 = CARTESIAN_POINT ( 'NONE',  ( 270.4487652200348293, 30.03189703458214055, -5.000000000000055955 ) ) ;
#1598 = CARTESIAN_POINT ( 'NONE',  ( 411.8987652200348180, 16.90339627220449614, -4.000000000000047073 ) ) ;
#1599 = EDGE_CURVE ( 'NONE', #3162, #1246, #2048, .T. ) ;
#1600 = LINE ( 'NONE', #2261, #1244 ) ;
#1601 = CARTESIAN_POINT ( 'NONE',  ( 422.9808268744209272, -31.39736440433719977, 5.685362581503651036 ) ) ;
#1602 = VERTEX_POINT ( 'NONE', #1825 ) ;
#1603 = CARTESIAN_POINT ( 'NONE',  ( 398.4987652200347270, -22.01700372779545845, -3.000000000000025313 ) ) ;
#1604 = EDGE_CURVE ( 'NONE', #1200, #4311, #2483, .T. ) ;
#1605 = CARTESIAN_POINT ( 'NONE',  ( 270.4279940190701836, 38.46284591062618574, -7.836989581327665988 ) ) ;
#1606 = CARTESIAN_POINT ( 'NONE',  ( 425.1135267359110230, 20.75799627220454013, 8.199999999999999289 ) ) ;
#1607 = VECTOR ( 'NONE', #931, 1000.000000000000000 ) ;
#1608 = CARTESIAN_POINT ( 'NONE',  ( 310.3994845112277972, 38.21726914570503908, 5.000000000000009770 ) ) ;
#1609 = CIRCLE ( 'NONE', #916, 0.8000000000000229150 ) ;
#1610 = CARTESIAN_POINT ( 'NONE',  ( 264.2487652200347270, 32.01726914570501492, 0.2000000000000100586 ) ) ;
#1611 = EDGE_CURVE ( 'NONE', #2904, #3378, #3454, .T. ) ;
#1612 = ORIENTED_EDGE ( 'NONE', *, *, #1440, .F. ) ;
#1613 = EDGE_CURVE ( 'NONE', #4047, #1303, #4191, .T. ) ;
#1614 = VERTEX_POINT ( 'NONE', #1449 ) ;
#1615 = CARTESIAN_POINT ( 'NONE',  ( 263.4521470311944995, -31.40709183918981395, 6.721436821569182207 ) ) ;
#1616 = DIRECTION ( 'NONE',  ( -1.000000000000000000, 0.000000000000000000, 0.000000000000000000 ) ) ;
#1617 = VECTOR ( 'NONE', #1137, 1000.000000000000000 ) ;
#1618 = EDGE_LOOP ( 'NONE', ( #3100, #2276, #3274, #3288, #4134 ) ) ;
#1619 = VERTEX_POINT ( 'NONE', #865 ) ;
#1620 = CARTESIAN_POINT ( 'NONE',  ( 423.5338426673063736, 38.85262048935466339, -6.051380192233764888 ) ) ;
#1621 = FACE_OUTER_BOUND ( 'NONE', #3761, .T. ) ;
#1622 = DIRECTION ( 'NONE',  ( 0.000000000000000000, -1.000000000000000000, 0.000000000000000000 ) ) ;
#1623 = PLANE ( 'NONE',  #1513 ) ;
#1624 = EDGE_LOOP ( 'NONE', ( #2188, #3183, #1359, #1108 ) ) ;
#1625 =( BOUNDED_SURFACE ( )  B_SPLINE_SURFACE ( 3, 1, ( 
 ( #1960, #1680 ),
 ( #4308, #2008 ),
 ( #2640, #1697 ),
 ( #3970, #3005 ) ),
 .UNSPECIFIED., .F., .F., .F. ) 
 B_SPLINE_SURFACE_WITH_KNOTS ( ( 4, 4 ),
 ( 2, 2 ),
 ( 0.000000000000000000, 1.000000000000000000 ),
 ( 0.000000000000000000, 1.000000000000000000 ),
 .UNSPECIFIED. ) 
 GEOMETRIC_REPRESENTATION_ITEM ( )  RATIONAL_B_SPLINE_SURFACE ( (
 ( 1.000000000000000000, 1.000000000000000000),
 ( 0.3333333333333324822, 0.3333333333333324822),
 ( 0.3333333333333324822, 0.3333333333333324822),
 ( 1.000000000000000000, 1.000000000000000000) ) ) 
 REPRESENTATION_ITEM ( '' )  SURFACE ( )  );
#1626 = CARTESIAN_POINT ( 'NONE',  ( 267.2829176976997019, 38.78658225389396819, -5.748341562102944557 ) ) ;
#1627 = CARTESIAN_POINT ( 'NONE',  ( 270.4279940190704110, 39.25901119777631010, -1.845954735957685333 ) ) ;
#1628 = EDGE_CURVE ( 'NONE', #1632, #3496, #3408, .T. ) ;
#1629 = DIRECTION ( 'NONE',  ( -0.000000000000000000, 0.7071067811865476838, 0.7071067811865474617 ) ) ;
#1630 = FACE_OUTER_BOUND ( 'NONE', #2089, .T. ) ;
#1631 = EDGE_CURVE ( 'NONE', #35, #2772, #1152, .T. ) ;
#1632 = VERTEX_POINT ( 'NONE', #3705 ) ;
#1633 = VECTOR ( 'NONE', #4281, 1000.000000000000000 ) ;
#1634 = ORIENTED_EDGE ( 'NONE', *, *, #841, .F. ) ;
#1635 = DIRECTION ( 'NONE',  ( 0.000000000000000000, 1.000000000000000000, -5.857254280169296935E-16 ) ) ;
#1636 = CARTESIAN_POINT ( 'NONE',  ( 264.1491657134733941, -30.90573547794857490, -8.947943962354038661 ) ) ;
#1637 = ORIENTED_EDGE ( 'NONE', *, *, #581, .F. ) ;
#1638 = ORIENTED_EDGE ( 'NONE', *, *, #3619, .T. ) ;
#1639 = CARTESIAN_POINT ( 'NONE',  ( 414.6987652200347725, -0.6666037277954633966, -4.000000000000038192 ) ) ;
#1640 = DIRECTION ( 'NONE',  ( -0.000000000000000000, -5.887380384135967118E-16, -1.000000000000000000 ) ) ;
#1641 = LINE ( 'NONE', #1010, #1418 ) ;
#1642 = APPLICATION_CONTEXT ( 'automotive_design' ) ;
#1643 = CARTESIAN_POINT ( 'NONE',  ( 339.0347567193427381, 34.19240393505462094, -34.99999999999999289 ) ) ;
#1644 = ORIENTED_EDGE ( 'NONE', *, *, #2933, .F. ) ;
#1645 = CARTESIAN_POINT ( 'NONE',  ( 414.6987598863348694, -20.66659870454967773, 4.999999999999960920 ) ) ;
#1646 = CARTESIAN_POINT ( 'NONE',  ( 263.4487652200348293, 38.56731047973244131, 9.097218147508455033 ) ) ;
#1647 = CARTESIAN_POINT ( 'NONE',  ( 374.4987652200347270, 28.75799627220454013, -3.000000000000054623 ) ) ;
#1648 = VECTOR ( 'NONE', #1950, 1000.000000000000000 ) ;
#1649 = CARTESIAN_POINT ( 'NONE',  ( 425.4487652200347725, 3.757996272204539689, 0.000000000000000000 ) ) ;
#1650 = CARTESIAN_POINT ( 'NONE',  ( 270.8148560937343632, 38.90640695813128502, -5.030619065117009292 ) ) ;
#1651 = CIRCLE ( 'NONE', #2493, 35.61202498550131423 ) ;
#1652 = CARTESIAN_POINT ( 'NONE',  ( 324.4487652200347156, 31.69872339870401845, 1.800000000000009592 ) ) ;
#1653 = LINE ( 'NONE', #1327, #39 ) ;
#1654 = AXIS2_PLACEMENT_3D ( 'NONE', #4069, #2060, #3473 ) ;
#1655 = EDGE_CURVE ( 'NONE', #1632, #3879, #3372, .T. ) ;
#1656 = EDGE_CURVE ( 'NONE', #79, #3750, #1129, .T. ) ;
#1657 = LINE ( 'NONE', #3285, #3765 ) ;
#1658 = VECTOR ( 'NONE', #1559, 1000.000000000000000 ) ;
#1659 = ORIENTED_EDGE ( 'NONE', *, *, #1226, .T. ) ;
#1660 = VERTEX_POINT ( 'NONE', #3890 ) ;
#1661 = CARTESIAN_POINT ( 'NONE',  ( 424.8082803622821189, -31.05005402920054181, -7.529598300327888794 ) ) ;
#1662 = DIRECTION ( 'NONE',  ( -1.226999531788473599E-16, 1.000000000000000000, 1.366692665372836214E-15 ) ) ;
#1663 = CARTESIAN_POINT ( 'NONE',  ( 414.6987652200348293, 26.40339627220450325, 4.999999999999933387 ) ) ;
#1664 = EDGE_CURVE ( 'NONE', #1240, #2137, #557, .T. ) ;
#1665 = DIRECTION ( 'NONE',  ( -1.000000000000000000, -4.174146818192783906E-47, -7.186848259333761210E-32 ) ) ;
#1666 = DIRECTION ( 'NONE',  ( -0.000000000000000000, -0.000000000000000000, 1.000000000000000000 ) ) ;
#1667 = VERTEX_POINT ( 'NONE', #3956 ) ;
#1668 = EDGE_CURVE ( 'NONE', #1118, #2010, #1600, .T. ) ;
#1669 = CARTESIAN_POINT ( 'NONE',  ( 414.6987511673888207, -18.23659870456527798, -4.000000000000026645 ) ) ;
#1670 = CARTESIAN_POINT ( 'NONE',  ( 425.4487652200347725, -4.442003727795459156, -17.00000000000000000 ) ) ;
#1671 = ADVANCED_FACE ( 'NONE', ( #947 ), #1948, .F. ) ;
#1672 = DIRECTION ( 'NONE',  ( 1.226999531788473599E-16, -1.000000000000000000, -1.366692665372836214E-15 ) ) ;
#1673 = DIRECTION ( 'NONE',  ( -1.000000000000000000, 0.000000000000000000, 0.000000000000000000 ) ) ;
#1674 = CARTESIAN_POINT ( 'NONE',  ( 263.4487652200347156, 40.17547498629222247, 5.000000000000063061 ) ) ;
#1675 = CARTESIAN_POINT ( 'NONE',  ( 263.4487652200347725, -32.19976405171757960, 11.99999999999996625 ) ) ;
#1676 = DIRECTION ( 'NONE',  ( 0.000000000000000000, -1.000000000000000000, 0.000000000000000000 ) ) ;
#1677 = CIRCLE ( 'NONE', #3136, 0.8000000000000229150 ) ;
#1678 = VERTEX_POINT ( 'NONE', #223 ) ;
#1679 = CARTESIAN_POINT ( 'NONE',  ( 263.9265995414456256, -30.97336859452817492, 8.683053482939319778 ) ) ;
#1680 = CARTESIAN_POINT ( 'NONE',  ( 414.6987598863348694, -20.66659870454968484, -4.000000000000023981 ) ) ;
#1681 = VECTOR ( 'NONE', #3830, 1000.000000000000000 ) ;
#1682 = VERTEX_POINT ( 'NONE', #622 ) ;
#1683 = ORIENTED_EDGE ( 'NONE', *, *, #1579, .T. ) ;
#1684 = PLANE ( 'NONE',  #805 ) ;
#1685 =( NAMED_UNIT ( * ) PLANE_ANGLE_UNIT ( ) SI_UNIT ( $, .RADIAN. ) );
#1686 = DIRECTION ( 'NONE',  ( -1.000000000000000000, -1.226999531788473599E-16, -0.000000000000000000 ) ) ;
#1687 = VERTEX_POINT ( 'NONE', #1561 ) ;
#1688 = FACE_OUTER_BOUND ( 'NONE', #1812, .T. ) ;
#1689 = CARTESIAN_POINT ( 'NONE',  ( 263.4481735402231379, 38.94375485254735736, 6.741434743776983041 ) ) ;
#1690 = PLANE ( 'NONE',  #3349 ) ;
#1691 = CARTESIAN_POINT ( 'NONE',  ( 263.5887926660959693, 38.67435745509868639, 7.906678294545293362 ) ) ;
#1692 = LINE ( 'NONE', #1409, #2860 ) ;
#1693 = CARTESIAN_POINT ( 'NONE',  ( 263.4487652200347725, 39.44065284508795344, 3.344256340663461113 ) ) ;
#1694 = VERTEX_POINT ( 'NONE', #4251 ) ;
#1695 = ORIENTED_EDGE ( 'NONE', *, *, #3066, .T. ) ;
#1696 = LINE ( 'NONE', #958, #62 ) ;
#1697 = CARTESIAN_POINT ( 'NONE',  ( 411.8987771621974616, -23.09660875102553490, -4.000000000000023093 ) ) ;
#1698 = ORIENTED_EDGE ( 'NONE', *, *, #1613, .F. ) ;
#1699 = ORIENTED_EDGE ( 'NONE', *, *, #757, .F. ) ;
#1700 = AXIS2_PLACEMENT_3D ( 'NONE', #1290, #1442, #3491 ) ;
#1701 = CARTESIAN_POINT ( 'NONE',  ( 263.4487652200347725, 3.757996272204519705, -2.174747558998717680E-14 ) ) ;
#1702 = CARTESIAN_POINT ( 'NONE',  ( 338.2347567193427267, 34.19240393505462094, -34.99999999999999289 ) ) ;
#1703 = DIRECTION ( 'NONE',  ( -0.000000000000000000, -1.000000000000000000, 5.746772686209761790E-16 ) ) ;
#1704 = DIRECTION ( 'NONE',  ( 1.226999531788473599E-16, -1.000000000000000000, -1.366692665372836214E-15 ) ) ;
#1705 = VERTEX_POINT ( 'NONE', #3911 ) ;
#1706 = CARTESIAN_POINT ( 'NONE',  ( 336.4487652200347725, 34.19240393505462094, -34.99999999999999289 ) ) ;
#1707 = ADVANCED_FACE ( 'NONE', ( #2236 ), #3856, .F. ) ;
#1708 = CARTESIAN_POINT ( 'NONE',  ( 263.4484693801289836, 39.56093597705765319, -1.861653990680004034 ) ) ;
#1709 = CYLINDRICAL_SURFACE ( 'NONE', #1826, 29.30000000000000071 ) ;
#1710 = VERTEX_POINT ( 'NONE', #2541 ) ;
#1711 = CARTESIAN_POINT ( 'NONE',  ( 411.8987652200347611, 11.26339627220456840, -4.000000000000047073 ) ) ;
#1712 = CARTESIAN_POINT ( 'NONE',  ( 279.4395032573819435, 39.23141981626724828, -3.371868732729697893 ) ) ;
#1713 = LINE ( 'NONE', #3396, #2237 ) ;
#1714 = ADVANCED_FACE ( 'NONE', ( #1255 ), #2563, .F. ) ;
#1715 = VECTOR ( 'NONE', #2667, 1000.000000000000000 ) ;
#1716 = FACE_OUTER_BOUND ( 'NONE', #1563, .T. ) ;
#1717 = CARTESIAN_POINT ( 'NONE',  ( 270.4487652200348293, 38.90544706112834206, 5.000000000000062172 ) ) ;
#1718 = AXIS2_PLACEMENT_3D ( 'NONE', #2253, #1917, #2557 ) ;
#1719 = VECTOR ( 'NONE', #2701, 1000.000000000000000 ) ;
#1720 = ORIENTED_EDGE ( 'NONE', *, *, #1475, .T. ) ;
#1721 = SHAPE_DEFINITION_REPRESENTATION ( #1040, #738 ) ;
#1722 = LINE ( 'NONE', #3689, #954 ) ;
#1723 = ORIENTED_EDGE ( 'NONE', *, *, #3304, .F. ) ;
#1724 = CARTESIAN_POINT ( 'NONE',  ( 420.7832599060588450, -31.50127660129596663, -5.000000000000020428 ) ) ;
#1725 = DIRECTION ( 'NONE',  ( 1.000000000000000000, -0.000000000000000000, -0.000000000000000000 ) ) ;
#1726 = CARTESIAN_POINT ( 'NONE',  ( 425.4487652200347725, -30.42118340736017501, -10.00000000000001954 ) ) ;
#1727 = EDGE_LOOP ( 'NONE', ( #2875, #1397, #3951, #2250 ) ) ;
#1728 = CARTESIAN_POINT ( 'NONE',  ( 270.4487652200348862, -31.38945451671930442, 4.999999999999962697 ) ) ;
#1729 = CARTESIAN_POINT ( 'NONE',  ( 263.4481735402231379, 39.12911868392906456, 5.562796026929680338 ) ) ;
#1730 = CARTESIAN_POINT ( 'NONE',  ( 400.4987652200347270, -28.69200372779545916, -4.000000000000022204 ) ) ;
#1731 = VERTEX_POINT ( 'NONE', #1904 ) ;
#1732 = FACE_OUTER_BOUND ( 'NONE', #793, .T. ) ;
#1733 = CARTESIAN_POINT ( 'NONE',  ( 285.7487652254412183, 39.01077878910897567, -5.045557291697699398 ) ) ;
#1734 = CARTESIAN_POINT ( 'NONE',  ( 411.8987652200347611, 8.833396272204540267, 4.999999999999944045 ) ) ;
#1735 = DIRECTION ( 'NONE',  ( 0.000000000000000000, 0.000000000000000000, 1.000000000000000000 ) ) ;
#1736 = CIRCLE ( 'NONE', #272, 0.8000000000000020428 ) ;
#1737 = DIRECTION ( 'NONE',  ( 7.186848259333761210E-32, 0.000000000000000000, -1.000000000000000000 ) ) ;
#1738 = ORIENTED_EDGE ( 'NONE', *, *, #1347, .F. ) ;
#1739 = CARTESIAN_POINT ( 'NONE',  ( 263.4487652200347725, -25.11223060601728108, -12.00000000000002487 ) ) ;
#1740 = DIRECTION ( 'NONE',  ( 1.000000000000000000, 0.000000000000000000, 0.000000000000000000 ) ) ;
#1741 = ORIENTED_EDGE ( 'NONE', *, *, #2764, .T. ) ;
#1742 = ORIENTED_EDGE ( 'NONE', *, *, #3917, .F. ) ;
#1743 = CARTESIAN_POINT ( 'NONE',  ( 265.0939644296438473, 32.09233638454082183, 7.468061920226812589 ) ) ;
#1744 = DIRECTION ( 'NONE',  ( -1.000000000000000000, -1.226999531788473599E-16, -0.000000000000000000 ) ) ;
#1745 = DIRECTION ( 'NONE',  ( 0.000000000000000000, -0.000000000000000000, -1.000000000000000000 ) ) ;
#1746 = DIRECTION ( 'NONE',  ( -0.000000000000000000, -5.887380384135967118E-16, -1.000000000000000000 ) ) ;
#1747 = ORIENTED_EDGE ( 'NONE', *, *, #4085, .F. ) ;
#1748 = DIRECTION ( 'NONE',  ( 0.000000000000000000, 1.000000000000000000, 0.000000000000000000 ) ) ;
#1749 = CARTESIAN_POINT ( 'NONE',  ( 270.8148560937342495, 39.14499154627509370, 3.363653433488453803 ) ) ;
#1750 = CARTESIAN_POINT ( 'NONE',  ( 429.4487652200347725, -4.442003727795458268, -17.00000000000000000 ) ) ;
#1751 = AXIS2_PLACEMENT_3D ( 'NONE', #1888, #228, #2245 ) ;
#1752 = EDGE_LOOP ( 'NONE', ( #4220, #3807 ) ) ;
#1753 = EDGE_CURVE ( 'NONE', #1852, #2124, #3231, .T. ) ;
#1754 = CARTESIAN_POINT ( 'NONE',  ( 263.5526475329286882, 38.71192312271499247, 7.739028975009590638 ) ) ;
#1755 = CARTESIAN_POINT ( 'NONE',  ( 313.7994845112278313, 3.757996272204525923, 0.000000000000000000 ) ) ;
#1756 = CARTESIAN_POINT ( 'NONE',  ( 323.4487652200347156, -24.00127660129597729, 1.800000000000009592 ) ) ;
#1757 = EDGE_CURVE ( 'NONE', #3246, #1705, #243, .T. ) ;
#1758 = CARTESIAN_POINT ( 'NONE',  ( 264.7955802184792446, 38.54262435248084273, 7.820877547650005646 ) ) ;
#1759 = CARTESIAN_POINT ( 'NONE',  ( 416.4487652200347725, -28.69200372779545916, -4.000000000000022204 ) ) ;
#1760 =( BOUNDED_SURFACE ( )  B_SPLINE_SURFACE ( 3, 1, ( 
 ( #2970, #2392 ),
 ( #1041, #2949 ),
 ( #2306, #1669 ),
 ( #1645, #1063 ) ),
 .UNSPECIFIED., .F., .F., .F. ) 
 B_SPLINE_SURFACE_WITH_KNOTS ( ( 4, 4 ),
 ( 2, 2 ),
 ( 0.000000000000000000, 1.000000000000000000 ),
 ( 0.000000000000000000, 1.000000000000000000 ),
 .UNSPECIFIED. ) 
 GEOMETRIC_REPRESENTATION_ITEM ( )  RATIONAL_B_SPLINE_SURFACE ( (
 ( 1.000000000000000000, 1.000000000000000000),
 ( 0.3333333333333324822, 0.3333333333333324822),
 ( 0.3333333333333324822, 0.3333333333333324822),
 ( 1.000000000000000000, 1.000000000000000000) ) ) 
 REPRESENTATION_ITEM ( '' )  SURFACE ( )  );
#1761 = ORIENTED_EDGE ( 'NONE', *, *, #1267, .F. ) ;
#1762 = EDGE_CURVE ( 'NONE', #1172, #4181, #2585, .T. ) ;
#1763 = CARTESIAN_POINT ( 'NONE',  ( 411.8987665850735311, -8.736603902951980416, -4.000000000000031974 ) ) ;
#1764 = ORIENTED_EDGE ( 'NONE', *, *, #1433, .T. ) ;
#1765 = ORIENTED_EDGE ( 'NONE', *, *, #220, .F. ) ;
#1766 = AXIS2_PLACEMENT_3D ( 'NONE', #2646, #395, #1400 ) ;
#1767 = EDGE_CURVE ( 'NONE', #881, #937, #2302, .T. ) ;
#1768 = DIRECTION ( 'NONE',  ( 0.000000000000000000, -0.7071067811865476838, 0.7071067811865474617 ) ) ;
#1769 = CARTESIAN_POINT ( 'NONE',  ( 263.4889165627503758, -31.49916704314018290, -3.681484573507485258 ) ) ;
#1770 = AXIS2_PLACEMENT_3D ( 'NONE', #638, #4044, #1378 ) ;
#1771 = DIRECTION ( 'NONE',  ( 7.186848259333761210E-32, -5.857254280169296935E-16, -1.000000000000000000 ) ) ;
#1772 = ORIENTED_EDGE ( 'NONE', *, *, #3397, .T. ) ;
#1773 = CIRCLE ( 'NONE', #3652, 0.8000000000000229150 ) ;
#1774 = CARTESIAN_POINT ( 'NONE',  ( 315.4987652200347270, -14.84200372779544530, -1.500000000000029532 ) ) ;
#1775 = CARTESIAN_POINT ( 'NONE',  ( 270.4279939233932168, 39.25901119643338433, 1.683688411115824346 ) ) ;
#1776 = DIRECTION ( 'NONE',  ( 1.000000000000000000, 1.226999531788473599E-16, -0.000000000000000000 ) ) ;
#1777 = CARTESIAN_POINT ( 'NONE',  ( 411.8987652200348180, 31.26339627220458439, 4.999999999999929834 ) ) ;
#1778 = ORIENTED_EDGE ( 'NONE', *, *, #4093, .F. ) ;
#1779 = CARTESIAN_POINT ( 'NONE',  ( 414.6987652200347725, 11.26339627220456840, -4.000000000000047073 ) ) ;
#1780 = DIRECTION ( 'NONE',  ( 0.000000000000000000, 0.000000000000000000, -1.000000000000000000 ) ) ;
#1781 = CARTESIAN_POINT ( 'NONE',  ( 263.4482204120014330, -31.58856153905224673, -5.690580735172851234 ) ) ;
#1782 = CARTESIAN_POINT ( 'NONE',  ( 323.4487652200347156, 31.69872339870401845, 1.800000000000009592 ) ) ;
#1783 = DIRECTION ( 'NONE',  ( -0.000000000000000000, 1.000000000000000000, -0.000000000000000000 ) ) ;
#1784 = ADVANCED_FACE ( 'NONE', ( #1924 ), #264, .F. ) ;
#1785 = CARTESIAN_POINT ( 'NONE',  ( 0.000000000000000000, 0.000000000000000000, 0.000000000000000000 ) ) ;
#1786 = CARTESIAN_POINT ( 'NONE',  ( 425.4487652200347725, 37.93717595176923396, 10.00000000000006217 ) ) ;
#1787 = VECTOR ( 'NONE', #3994, 1000.000000000000000 ) ;
#1788 = ORIENTED_EDGE ( 'NONE', *, *, #1503, .T. ) ;
#1789 =( BOUNDED_SURFACE ( )  B_SPLINE_SURFACE ( 3, 1, ( 
 ( #1356, #324 ),
 ( #1663, #1965 ),
 ( #2058, #16 ),
 ( #4020, #1060 ) ),
 .UNSPECIFIED., .F., .F., .T. ) 
 B_SPLINE_SURFACE_WITH_KNOTS ( ( 4, 4 ),
 ( 2, 2 ),
 ( 0.000000000000000000, 1.000000000000000000 ),
 ( 0.000000000000000000, 1.000000000000000000 ),
 .UNSPECIFIED. ) 
 GEOMETRIC_REPRESENTATION_ITEM ( )  RATIONAL_B_SPLINE_SURFACE ( (
 ( 1.000000000000000000, 1.000000000000000000),
 ( 0.3333333333333324822, 0.3333333333333324822),
 ( 0.3333333333333324822, 0.3333333333333324822),
 ( 1.000000000000000000, 1.000000000000000000) ) ) 
 REPRESENTATION_ITEM ( '' )  SURFACE ( )  );
#1790 = ORIENTED_EDGE ( 'NONE', *, *, #2748, .T. ) ;
#1791 = CARTESIAN_POINT ( 'NONE',  ( 265.5742078904276582, 32.21718906420445450, 6.970906701373518644 ) ) ;
#1792 = EDGE_CURVE ( 'NONE', #1487, #1574, #1275, .T. ) ;
#1793 = DIRECTION ( 'NONE',  ( -1.000000000000000000, -1.226999531788473599E-16, -0.000000000000000000 ) ) ;
#1794 = CARTESIAN_POINT ( 'NONE',  ( 263.4484693801289836, -31.23952490308198904, 7.919423213402516204 ) ) ;
#1795 = EDGE_LOOP ( 'NONE', ( #753, #569 ) ) ;
#1796 = VECTOR ( 'NONE', #728, 1000.000000000000000 ) ;
#1797 = CARTESIAN_POINT ( 'NONE',  ( 411.8987684432514698, -20.66660875104113160, -4.000000000000025757 ) ) ;
#1798 = EDGE_CURVE ( 'NONE', #597, #281, #3932, .T. ) ;
#1799 = CARTESIAN_POINT ( 'NONE',  ( 281.5976034109484090, 39.36393884701300294, 1.688664760937472531 ) ) ;
#1800 = CARTESIAN_POINT ( 'NONE',  ( 263.4487652200347725, 32.62822315042630095, 5.000000000000054179 ) ) ;
#1801 = VECTOR ( 'NONE', #1748, 1000.000000000000000 ) ;
#1802 = DIRECTION ( 'NONE',  ( -1.000000000000000000, -1.226999531788473846E-16, 0.000000000000000000 ) ) ;
#1803 = EDGE_CURVE ( 'NONE', #3357, #2438, #3504, .T. ) ;
#1804 = ORIENTED_EDGE ( 'NONE', *, *, #3495, .F. ) ;
#1805 = CARTESIAN_POINT ( 'NONE',  ( 261.4487652200347156, -0.8512766012959865902, 1.400000000000009681 ) ) ;
#1806 = DIRECTION ( 'NONE',  ( 0.000000000000000000, 1.000000000000000000, -1.084202172485501673E-15 ) ) ;
#1807 = CARTESIAN_POINT ( 'NONE',  ( 263.4955236365581186, -31.26964392166807372, -7.404432241010397320 ) ) ;
#1808 = CARTESIAN_POINT ( 'NONE',  ( 420.4487652200347725, 20.75799627220454013, -5.000000000000020428 ) ) ;
#1809 = CARTESIAN_POINT ( 'NONE',  ( 268.5921380208425830, -25.06852673270430287, -5.246585852805636385 ) ) ;
#1810 = VERTEX_POINT ( 'NONE', #285 ) ;
#1811 = DIRECTION ( 'NONE',  ( 0.000000000000000000, 0.000000000000000000, -1.000000000000000000 ) ) ;
#1812 = EDGE_LOOP ( 'NONE', ( #2689, #31, #3827, #2074 ) ) ;
#1813 = EDGE_LOOP ( 'NONE', ( #483, #1463, #4075, #255 ) ) ;
#1814 = AXIS2_PLACEMENT_3D ( 'NONE', #634, #1635, #1306 ) ;
#1815 = CARTESIAN_POINT ( 'NONE',  ( 263.4487652200347725, 39.55799627208671865, -1.672133194670982981 ) ) ;
#1816 = CARTESIAN_POINT ( 'NONE',  ( 409.4487652200347725, -25.00127660129596663, 1.800000000000009592 ) ) ;
#1817 = ADVANCED_FACE ( 'NONE', ( #751 ), #2687, .F. ) ;
#1818 = DIRECTION ( 'NONE',  ( -3.854941057726187413E-15, -1.000000000000000000, 0.000000000000000000 ) ) ;
#1819 = VECTOR ( 'NONE', #828, 1000.000000000000000 ) ;
#1820 = EDGE_CURVE ( 'NONE', #881, #1257, #3645, .T. ) ;
#1821 = VERTEX_POINT ( 'NONE', #1726 ) ;
#1822 = AXIS2_PLACEMENT_3D ( 'NONE', #3424, #1398, #2730 ) ;
#1823 = CARTESIAN_POINT ( 'NONE',  ( 425.4487652200347725, 3.757996272204533472, -10.00000000000004086 ) ) ;
#1824 = CARTESIAN_POINT ( 'NONE',  ( 266.4480701972794350, -31.20810855865133959, 6.246769008864366590 ) ) ;
#1825 = CARTESIAN_POINT ( 'NONE',  ( 270.4279940190704110, -31.38914614997599628, 4.999999109074518167 ) ) ;
#1826 = AXIS2_PLACEMENT_3D ( 'NONE', #3015, #4052, #1065 ) ;
#1827 = DIRECTION ( 'NONE',  ( -7.186848259333760116E-32, 5.857254280169296935E-16, 1.000000000000000000 ) ) ;
#1828 = ORIENTED_EDGE ( 'NONE', *, *, #1915, .F. ) ;
#1829 = CARTESIAN_POINT ( 'NONE',  ( 422.9808268744209272, 38.91335694874626228, -5.685362581503746959 ) ) ;
#1830 = CARTESIAN_POINT ( 'NONE',  ( 270.4487652200348293, 39.20711473797175017, 5.000000000000062172 ) ) ;
#1831 = CARTESIAN_POINT ( 'NONE',  ( 263.4487652200347725, -31.69112204916912390, -5.000001023725027416 ) ) ;
#1832 = CARTESIAN_POINT ( 'NONE',  ( 285.7487652200347839, 39.01726914570502203, -5.000000000000020428 ) ) ;
#1833 = DIRECTION ( 'NONE',  ( 0.000000000000000000, 0.000000000000000000, -1.000000000000000000 ) ) ;
#1834 = VERTEX_POINT ( 'NONE', #3977 ) ;
#1835 = ORIENTED_EDGE ( 'NONE', *, *, #888, .F. ) ;
#1836 = EDGE_LOOP ( 'NONE', ( #1906, #2827, #3731, #302 ) ) ;
#1837 = DIRECTION ( 'NONE',  ( 0.000000000000000000, -0.000000000000000000, 1.000000000000000000 ) ) ;
#1838 = CARTESIAN_POINT ( 'NONE',  ( 263.4889165627503758, -31.64302747509440650, -1.840755470816496153 ) ) ;
#1839 = VERTEX_POINT ( 'NONE', #2966 ) ;
#1840 = ORIENTED_EDGE ( 'NONE', *, *, #1187, .F. ) ;
#1841 = CARTESIAN_POINT ( 'NONE',  ( 352.4987652200347270, -21.24200372779546342, -5.000000000000025757 ) ) ;
#1842 = CARTESIAN_POINT ( 'NONE',  ( 285.0303245368926355, 39.25007184485421163, 3.373641670816040161 ) ) ;
#1843 = CARTESIAN_POINT ( 'NONE',  ( 270.4487652200348293, 38.90544706112834206, -5.000000000000060396 ) ) ;
#1844 = CARTESIAN_POINT ( 'NONE',  ( 265.7301858257860658, 32.25797064129394442, -6.808767889235256554 ) ) ;
#1845 = VERTEX_POINT ( 'NONE', #3362 ) ;
#1846 = EDGE_CURVE ( 'NONE', #1470, #1489, #659, .T. ) ;
#1847 = CARTESIAN_POINT ( 'NONE',  ( 263.4487652200347725, 30.48794202598408276, 12.00000000000005151 ) ) ;
#1848 = CARTESIAN_POINT ( 'NONE',  ( 425.4487652200347725, 39.01726914570503624, -5.000000000000020428 ) ) ;
#1849 = FACE_OUTER_BOUND ( 'NONE', #1958, .T. ) ;
#1850 = EDGE_CURVE ( 'NONE', #1879, #881, #3859, .T. ) ;
#1851 = CARTESIAN_POINT ( 'NONE',  ( 315.4987652200347270, 22.35799627220455932, -5.000000000000051514 ) ) ;
#1852 = VERTEX_POINT ( 'NONE', #3052 ) ;
#1853 = ADVANCED_FACE ( 'NONE', ( #2389 ), #3317, .F. ) ;
#1854 = VERTEX_POINT ( 'NONE', #4045 ) ;
#1855 = VERTEX_POINT ( 'NONE', #3338 ) ;
#1856 = DIRECTION ( 'NONE',  ( -7.186848259333761210E-32, 0.000000000000000000, 1.000000000000000000 ) ) ;
#1857 = CARTESIAN_POINT ( 'NONE',  ( 414.6987652200348293, 6.403396272204497919, -4.000000000000041744 ) ) ;
#1858 = VECTOR ( 'NONE', #4002, 1000.000000000000000 ) ;
#1859 = MANIFOLD_SOLID_BREP ( 'Cut-Extrude20', #3040 ) ;
#1860 = ORIENTED_EDGE ( 'NONE', *, *, #2228, .T. ) ;
#1861 = ORIENTED_EDGE ( 'NONE', *, *, #2388, .T. ) ;
#1862 = AXIS2_PLACEMENT_3D ( 'NONE', #1755, #2441, #1780 ) ;
#1863 = CARTESIAN_POINT ( 'NONE',  ( 270.4487652200348293, 39.20711473797175017, -5.000000000000060396 ) ) ;
#1864 = CARTESIAN_POINT ( 'NONE',  ( 263.4487652200347725, 30.48794202598410408, -12.00000000000005329 ) ) ;
#1865 = CARTESIAN_POINT ( 'NONE',  ( 420.4487652200347725, -31.50127660129596663, 5.000000000000020428 ) ) ;
#1866 = ORIENTED_EDGE ( 'NONE', *, *, #233, .F. ) ;
#1867 = CARTESIAN_POINT ( 'NONE',  ( 259.4487652200347725, -14.84200372779544175, -1.500000000000029532 ) ) ;
#1868 = CARTESIAN_POINT ( 'NONE',  ( 263.4503695799027128, 38.98686742004048966, -6.378753476800350874 ) ) ;
#1869 = CIRCLE ( 'NONE', #4247, 29.30000000000000071 ) ;
#1870 = CARTESIAN_POINT ( 'NONE',  ( 272.0714450008226777, -31.40341081334133833, -5.062905894763122028 ) ) ;
#1871 = CARTESIAN_POINT ( 'NONE',  ( 314.4487652200347156, -0.8512766012959865902, 5.000000000000009770 ) ) ;
#1872 = VERTEX_POINT ( 'NONE', #2037 ) ;
#1873 = EDGE_LOOP ( 'NONE', ( #875, #3314, #378, #2774 ) ) ;
#1874 = ORIENTED_EDGE ( 'NONE', *, *, #1392, .T. ) ;
#1875 = B_SPLINE_CURVE_WITH_KNOTS ( 'NONE', 3,
 ( #4264, #3552, #2861, #1876, #2533, #1268, #1555, #1916, #2877, #4222, #1232, #3902, #3243, #3881, #1511, #2231 ),
 .UNSPECIFIED., .F., .F.,
 ( 4, 2, 2, 2, 2, 2, 2, 4 ),
 ( 0.000000000000000000, 0.001947741527080800459, 0.002921612290621200796, 0.003895483054161600917, 0.004869353817701999737, 0.005843224581242399858, 0.006817095344782798244, 0.007790966108323198365 ),
 .UNSPECIFIED. ) ;
#1876 = CARTESIAN_POINT ( 'NONE',  ( 265.4460832548137432, -31.10867909624622385, -7.092957668997753373 ) ) ;
#1877 = CARTESIAN_POINT ( 'NONE',  ( 425.4487652200347725, 3.757996272204533472, -10.00000000000004086 ) ) ;
#1878 = ORIENTED_EDGE ( 'NONE', *, *, #4316, .T. ) ;
#1879 = VERTEX_POINT ( 'NONE', #4317 ) ;
#1880 = CARTESIAN_POINT ( 'NONE',  ( 425.4487652200347725, 39.01726914570503624, -5.000000000000020428 ) ) ;
#1881 = DIRECTION ( 'NONE',  ( 0.000000000000000000, -1.000000000000000000, 0.000000000000000000 ) ) ;
#1882 = DIRECTION ( 'NONE',  ( 0.000000000000000000, -5.857254280169296935E-16, -1.000000000000000000 ) ) ;
#1883 = VECTOR ( 'NONE', #4128, 1000.000000000000000 ) ;
#1884 = CARTESIAN_POINT ( 'NONE',  ( 425.1432829123801298, -30.88046689456453464, 8.271460502216161359 ) ) ;
#1885 = ORIENTED_EDGE ( 'NONE', *, *, #1803, .F. ) ;
#1886 = DIRECTION ( 'NONE',  ( 0.000000000000000000, -5.857254280169296935E-16, -1.000000000000000000 ) ) ;
#1887 = CARTESIAN_POINT ( 'NONE',  ( 415.4487652200347725, 20.75799627220454013, 5.000000000000020428 ) ) ;
#1888 = CARTESIAN_POINT ( 'NONE',  ( 415.4487652200347725, 0.000000000000000000, 0.000000000000000000 ) ) ;
#1889 = EDGE_CURVE ( 'NONE', #1303, #2772, #3382, .T. ) ;
#1890 = CARTESIAN_POINT ( 'NONE',  ( 269.5073968458140143, -25.10406611411061206, -5.047811146966900253 ) ) ;
#1891 = EDGE_CURVE ( 'NONE', #353, #506, #1641, .T. ) ;
#1892 = ORIENTED_EDGE ( 'NONE', *, *, #3304, .T. ) ;
#1893 = ORIENTED_EDGE ( 'NONE', *, *, #2859, .T. ) ;
#1894 = VERTEX_POINT ( 'NONE', #2343 ) ;
#1895 = CARTESIAN_POINT ( 'NONE',  ( 414.6987686052807476, -23.09659870453406683, 4.999999999999962697 ) ) ;
#1896 = CARTESIAN_POINT ( 'NONE',  ( 285.7487652254412183, 39.01726914570500782, 5.000000000000063061 ) ) ;
#1897 = EDGE_LOOP ( 'NONE', ( #799, #3971, #724, #978, #878 ) ) ;
#1898 = ORIENTED_EDGE ( 'NONE', *, *, #1986, .F. ) ;
#1899 = EDGE_CURVE ( 'NONE', #3246, #3058, #3087, .T. ) ;
#1900 = DIRECTION ( 'NONE',  ( -0.000000000000000000, -0.000000000000000000, 1.000000000000000000 ) ) ;
#1901 =( BOUNDED_CURVE ( )  B_SPLINE_CURVE ( 3, ( #3097, #509, #106, #4115 ),
 .UNSPECIFIED., .F., .T. ) 
 B_SPLINE_CURVE_WITH_KNOTS ( ( 4, 4 ),
 ( 1.570796326794896558, 1.939064220231541347 ),
 .UNSPECIFIED. ) 
 CURVE ( )  GEOMETRIC_REPRESENTATION_ITEM ( )  RATIONAL_B_SPLINE_CURVE ( ( 1.000000000000000000, 0.9887301263230195980, 0.9887301263230195980, 1.000000000000000000 ) ) 
 REPRESENTATION_ITEM ( '' )  );
#1902 = CARTESIAN_POINT ( 'NONE',  ( 270.4487652200348293, 32.62822315042629384, -5.000000000000056843 ) ) ;
#1903 = CARTESIAN_POINT ( 'NONE',  ( 263.4487652200347725, -31.92466034889075743, 3.344255653099884817 ) ) ;
#1904 = CARTESIAN_POINT ( 'NONE',  ( 411.8987652200347611, 8.833396272204540267, -4.000000000000043521 ) ) ;
#1905 = CARTESIAN_POINT ( 'NONE',  ( 416.4487652200347725, -28.69200372779545916, -4.000000000000022204 ) ) ;
#1906 = ORIENTED_EDGE ( 'NONE', *, *, #946, .T. ) ;
#1907 = LINE ( 'NONE', #205, #252 ) ;
#1908 = CARTESIAN_POINT ( 'NONE',  ( 312.9994845112278199, 38.21726914570503908, -4.999999999999990230 ) ) ;
#1909 = CARTESIAN_POINT ( 'NONE',  ( 263.4487652200347725, 31.20136906746486360, -12.00000000000005507 ) ) ;
#1910 = AXIS2_PLACEMENT_3D ( 'NONE', #679, #3031, #3955 ) ;
#1911 = CARTESIAN_POINT ( 'NONE',  ( 264.1053827342312275, -24.12688928322245729, -9.006436534911129499 ) ) ;
#1912 = FACE_OUTER_BOUND ( 'NONE', #3094, .T. ) ;
#1913 = EDGE_LOOP ( 'NONE', ( #550, #3509, #3639, #3767 ) ) ;
#1914 = EDGE_LOOP ( 'NONE', ( #2473, #1874, #1166, #1612 ) ) ;
#1915 = EDGE_CURVE ( 'NONE', #238, #1957, #3646, .T. ) ;
#1916 = CARTESIAN_POINT ( 'NONE',  ( 266.9889993806918369, -31.25034005051876562, -5.906135689899181251 ) ) ;
#1917 = DIRECTION ( 'NONE',  ( 1.000000000000000000, 1.226999531788473599E-16, -0.000000000000000000 ) ) ;
#1918 = ORIENTED_EDGE ( 'NONE', *, *, #3943, .F. ) ;
#1919 = ORIENTED_EDGE ( 'NONE', *, *, #3035, .F. ) ;
#1920 = EDGE_CURVE ( 'NONE', #4038, #3357, #1044, .T. ) ;
#1921 = FACE_OUTER_BOUND ( 'NONE', #2898, .T. ) ;
#1922 = CARTESIAN_POINT ( 'NONE',  ( 270.4487652200348293, 40.65965511045240532, -5.000000000000060396 ) ) ;
#1923 = CARTESIAN_POINT ( 'NONE',  ( 270.4487652200348293, 32.62822315042630095, 5.000000000000054179 ) ) ;
#1924 = FACE_OUTER_BOUND ( 'NONE', #794, .T. ) ;
#1925 = CARTESIAN_POINT ( 'NONE',  ( 264.3085326213531516, 31.76776882525448542, -8.608232392080420681 ) ) ;
#1926 = VERTEX_POINT ( 'NONE', #1079 ) ;
#1927 = AXIS2_PLACEMENT_3D ( 'NONE', #3256, #2548, #226 ) ;
#1928 = CIRCLE ( 'NONE', #3184, 35.79999999999999716 ) ;
#1929 =( BOUNDED_CURVE ( )  B_SPLINE_CURVE ( 3, ( #1242, #269, #2288, #3545 ),
 .UNSPECIFIED., .F., .T. ) 
 B_SPLINE_CURVE_WITH_KNOTS ( ( 4, 4 ),
 ( 1.202528433358243554, 1.570796326794896780 ),
 .UNSPECIFIED. ) 
 CURVE ( )  GEOMETRIC_REPRESENTATION_ITEM ( )  RATIONAL_B_SPLINE_CURVE ( ( 1.000000000000000000, 0.9887301263230191539, 0.9887301263230191539, 1.000000000000000000 ) ) 
 REPRESENTATION_ITEM ( '' )  );
#1930 = ADVANCED_FACE ( 'NONE', ( #1492 ), #2457, .F. ) ;
#1931 = CARTESIAN_POINT ( 'NONE',  ( 411.8987652200347611, -0.6666037277954612872, -4.000000000000038192 ) ) ;
#1932 = DIRECTION ( 'NONE',  ( 0.000000000000000000, -1.000000000000000000, 0.000000000000000000 ) ) ;
#1933 = ADVANCED_FACE ( 'NONE', ( #466 ), #3783, .F. ) ;
#1934 = CARTESIAN_POINT ( 'NONE',  ( 283.9429980065349923, -31.97462829536587847, -1.703340384209376834 ) ) ;
#1935 = CARTESIAN_POINT ( 'NONE',  ( 263.4885492390356490, -23.34777274140895997, -11.13474963235317361 ) ) ;
#1936 = VECTOR ( 'NONE', #161, 1000.000000000000000 ) ;
#1937 = LINE ( 'NONE', #2614, #4263 ) ;
#1938 = ADVANCED_FACE ( 'NONE', ( #444 ), #148, .T. ) ;
#1939 = ORIENTED_EDGE ( 'NONE', *, *, #915, .T. ) ;
#1940 = ORIENTED_EDGE ( 'NONE', *, *, #1611, .T. ) ;
#1941 = CARTESIAN_POINT ( 'NONE',  ( 336.4487652200347725, 33.39240393505461668, -34.99999999999999289 ) ) ;
#1942 = CARTESIAN_POINT ( 'NONE',  ( 425.4487652200347725, -11.44200372779546804, 9.999999999999994671 ) ) ;
#1943 = ORIENTED_EDGE ( 'NONE', *, *, #3853, .F. ) ;
#1944 = ORIENTED_EDGE ( 'NONE', *, *, #1599, .F. ) ;
#1945 = CARTESIAN_POINT ( 'NONE',  ( 263.4487652200348862, -32.65948244188319194, -5.000000000000020428 ) ) ;
#1946 = EDGE_CURVE ( 'NONE', #820, #2658, #1593, .T. ) ;
#1947 = CARTESIAN_POINT ( 'NONE',  ( 263.4487652200347725, 3.757996272204519705, -2.174747558998717680E-14 ) ) ;
#1948 = PLANE ( 'NONE',  #479 ) ;
#1949 = ADVANCED_FACE ( 'NONE', ( #573 ), #236, .F. ) ;
#1950 = DIRECTION ( 'NONE',  ( 1.000000000000000000, 1.226999531788473846E-16, -0.000000000000000000 ) ) ;
#1951 = VERTEX_POINT ( 'NONE', #3882 ) ;
#1952 = CARTESIAN_POINT ( 'NONE',  ( 429.4487652200347725, -13.24200372779546520, 8.199999999999997513 ) ) ;
#1953 = CARTESIAN_POINT ( 'NONE',  ( 270.4279940190704110, 38.82795588147644850, -5.515432326636508620 ) ) ;
#1954 = CARTESIAN_POINT ( 'NONE',  ( 263.4487652200347725, 3.757996272204519705, -2.174747558998717680E-14 ) ) ;
#1955 = CARTESIAN_POINT ( 'NONE',  ( 414.6987652200348293, -3.096603727795502969, -4.000000000000036415 ) ) ;
#1956 = CARTESIAN_POINT ( 'NONE',  ( 414.6987652200347725, 19.33339627220453494, -4.000000000000049738 ) ) ;
#1957 = VERTEX_POINT ( 'NONE', #1896 ) ;
#1958 = EDGE_LOOP ( 'NONE', ( #2218, #2762, #372, #2637 ) ) ;
#1959 = DIRECTION ( 'NONE',  ( 0.000000000000000000, -1.000000000000000000, 5.832259962335817771E-16 ) ) ;
#1960 = CARTESIAN_POINT ( 'NONE',  ( 414.6987598863348694, -20.66659870454967773, 4.999999999999960920 ) ) ;
#1961 = VECTOR ( 'NONE', #2951, 1000.000000000000000 ) ;
#1962 = VERTEX_POINT ( 'NONE', #1556 ) ;
#1963 = ORIENTED_EDGE ( 'NONE', *, *, #1014, .T. ) ;
#1964 = CARTESIAN_POINT ( 'NONE',  ( 411.8987652200347611, 1.763396272204579507, 4.999999999999946709 ) ) ;
#1965 = CARTESIAN_POINT ( 'NONE',  ( 414.6987652200348293, 26.40339627220449970, -4.000000000000054179 ) ) ;
#1966 = DIRECTION ( 'NONE',  ( -0.000000000000000000, -0.000000000000000000, 1.000000000000000000 ) ) ;
#1967 = DIRECTION ( 'NONE',  ( -0.000000000000000000, 0.000000000000000000, 1.000000000000000000 ) ) ;
#1968 = ORIENTED_EDGE ( 'NONE', *, *, #3480, .T. ) ;
#1969 = PLANE ( 'NONE',  #4319 ) ;
#1970 = CARTESIAN_POINT ( 'NONE',  ( 263.4481735402231379, 39.12911868392907166, -5.562796026929691884 ) ) ;
#1971 = CARTESIAN_POINT ( 'NONE',  ( 425.4487652200347725, 20.75799627220454013, -8.199999999999999289 ) ) ;
#1972 = EDGE_CURVE ( 'NONE', #4139, #3785, #1269, .T. ) ;
#1973 = B_SPLINE_CURVE_WITH_KNOTS ( 'NONE', 3,
 ( #2920, #2600, #940, #3591 ),
 .UNSPECIFIED., .F., .F.,
 ( 4, 4 ),
 ( 0.000000000000000000, 2.077357602708801350E-05 ),
 .UNSPECIFIED. ) ;
#1974 = CARTESIAN_POINT ( 'NONE',  ( 411.8987652200347611, -3.096603727795495420, 4.999999999999950262 ) ) ;
#1975 = COLOUR_RGB ( '',0.7921568627450980005, 0.8196078431372548767, 0.9333333333333333481 ) ;
#1976 = EDGE_CURVE ( 'NONE', #2078, #2326, #4339, .T. ) ;
#1977 = CARTESIAN_POINT ( 'NONE',  ( 276.6050914670577754, 39.33305909464650796, -1.687200243269016076 ) ) ;
#1978 = CARTESIAN_POINT ( 'NONE',  ( 270.4279940190704110, 38.90513869438508010, -4.999999109074598103 ) ) ;
#1979 = EDGE_CURVE ( 'NONE', #1406, #4060, #1171, .T. ) ;
#1980 = DIRECTION ( 'NONE',  ( 1.000000000000000000, 0.000000000000000000, 0.000000000000000000 ) ) ;
#1981 = VECTOR ( 'NONE', #973, 1000.000000000000000 ) ;
#1982 = CYLINDRICAL_SURFACE ( 'NONE', #3949, 5.000000000000000888 ) ;
#1983 = EDGE_CURVE ( 'NONE', #1271, #899, #2862, .T. ) ;
#1984 = CARTESIAN_POINT ( 'NONE',  ( -3.593424129666880277E-31, 1.249715891671734885E-17, -3.816391647148975608E-14 ) ) ;
#1985 = CARTESIAN_POINT ( 'NONE',  ( 270.4279939734963705, 39.25901119711960519, -1.506692776424097666E-09 ) ) ;
#1986 = EDGE_CURVE ( 'NONE', #684, #1731, #595, .T. ) ;
#1987 = ORIENTED_EDGE ( 'NONE', *, *, #1655, .F. ) ;
#1988 = VERTEX_POINT ( 'NONE', #1573 ) ;
#1989 = EDGE_CURVE ( 'NONE', #3058, #1614, #1249, .T. ) ;
#1990 = CARTESIAN_POINT ( 'NONE',  ( 424.4469605509511325, -31.16449090728922044, -6.979620730923815408 ) ) ;
#1991 = DIRECTION ( 'NONE',  ( -0.000000000000000000, -5.887380384135967118E-16, -1.000000000000000000 ) ) ;
#1992 = DIRECTION ( 'NONE',  ( 0.000000000000000000, -0.7071067811865474617, -0.7071067811865474617 ) ) ;
#1993 = CARTESIAN_POINT ( 'NONE',  ( 409.4487652200347725, -24.00127660129596663, 1.800000000000009592 ) ) ;
#1994 = LINE ( 'NONE', #1358, #3739 ) ;
#1995 = ORIENTED_EDGE ( 'NONE', *, *, #1177, .F. ) ;
#1996 = CARTESIAN_POINT ( 'NONE',  ( 263.4487652200347725, 35.86735145981789685, 12.00000000000005862 ) ) ;
#1997 = CARTESIAN_POINT ( 'NONE',  ( 263.4889165627503758, 38.36264294193055946, 7.830521503229256552 ) ) ;
#1998 = DIRECTION ( 'NONE',  ( -0.000000000000000000, -5.887380384135967118E-16, -1.000000000000000000 ) ) ;
#1999 = LINE ( 'NONE', #953, #3903 ) ;
#2000 = CARTESIAN_POINT ( 'NONE',  ( 263.4487652200347725, 39.20711473797174307, 5.000000000000062172 ) ) ;
#2001 = CARTESIAN_POINT ( 'NONE',  ( 270.4487652200348293, -31.94544312264015318, 4.999999999999965361 ) ) ;
#2002 = FACE_BOUND ( 'NONE', #3554, .T. ) ;
#2003 = ORIENTED_EDGE ( 'NONE', *, *, #2040, .F. ) ;
#2004 = VECTOR ( 'NONE', #1771, 1000.000000000000000 ) ;
#2005 = B_SPLINE_CURVE_WITH_KNOTS ( 'NONE', 3,
 ( #4028, #2396, #358, #3744, #1407, #761, #91, #1754, #1691, #2695, #2066, #3393, #1045, #3701 ),
 .UNSPECIFIED., .F., .F.,
 ( 4, 2, 2, 2, 2, 2, 4 ),
 ( 0.000000000000000000, 0.001046433680241029562, 0.002092867360482059125, 0.002616084200602579110, 0.003139301040723099095, 0.003662517880843619081, 0.004185734720964139066 ),
 .UNSPECIFIED. ) ;
#2006 = B_SPLINE_CURVE_WITH_KNOTS ( 'NONE', 3,
 ( #2567, #1584, #930, #3544, #4277, #1626, #1564, #2265, #3873, #3235, #560, #2242, #869, #247, #1258, #2590 ),
 .UNSPECIFIED., .F., .F.,
 ( 4, 2, 2, 2, 2, 2, 2, 4 ),
 ( 0.000000000000000000, 0.001947547539094290686, 0.002921321308641435487, 0.003895095078188580504, 0.004868868847735724655, 0.005842642617282870106, 0.006816416386830015557, 0.007790190156377161008 ),
 .UNSPECIFIED. ) ;
#2007 = CARTESIAN_POINT ( 'NONE',  ( 416.4487652200347725, -13.24200372779546342, -5.000000000000030198 ) ) ;
#2008 = CARTESIAN_POINT ( 'NONE',  ( 414.6987686052809181, -23.09659870453408104, -4.000000000000023093 ) ) ;
#2009 = VECTOR ( 'NONE', #555, 1000.000000000000000 ) ;
#2010 = VERTEX_POINT ( 'NONE', #2579 ) ;
#2011 = ORIENTED_EDGE ( 'NONE', *, *, #3341, .F. ) ;
#2012 = CARTESIAN_POINT ( 'NONE',  ( 263.4487652200347725, -32.65948244188319194, -12.00000000000001954 ) ) ;
#2013 = CARTESIAN_POINT ( 'NONE',  ( 425.4487652200347725, 20.75799627220454013, -8.199999999999999289 ) ) ;
#2014 = DIRECTION ( 'NONE',  ( -1.000000000000000000, -1.226999531788473599E-16, -0.000000000000000000 ) ) ;
#2015 = CARTESIAN_POINT ( 'NONE',  ( 264.2487652200347270, 32.01726914570501492, 0.2000000000000100586 ) ) ;
#2016 = ORIENTED_EDGE ( 'NONE', *, *, #3198, .T. ) ;
#2017 = LINE ( 'NONE', #373, #3682 ) ;
#2018 = CARTESIAN_POINT ( 'NONE',  ( 350.4987652200347270, 32.75799627220455079, -5.724587470723463412E-14 ) ) ;
#2019 = FACE_OUTER_BOUND ( 'NONE', #1415, .T. ) ;
#2020 = DIRECTION ( 'NONE',  ( 1.000000000000000000, 0.000000000000000000, 0.000000000000000000 ) ) ;
#2021 = AXIS2_PLACEMENT_3D ( 'NONE', #1572, #2252, #551 ) ;
#2022 = FACE_OUTER_BOUND ( 'NONE', #635, .T. ) ;
#2023 = CARTESIAN_POINT ( 'NONE',  ( 270.4487652200348293, -25.21747520471280524, 4.999999999999976907 ) ) ;
#2024 = CARTESIAN_POINT ( 'NONE',  ( 411.8987652200347611, 11.26339627220457551, 4.999999999999942268 ) ) ;
#2025 = AXIS2_PLACEMENT_3D ( 'NONE', #2782, #4120, #1151 ) ;
#2026 = AXIS2_PLACEMENT_3D ( 'NONE', #48, #3106, #1109 ) ;
#2027 = DIRECTION ( 'NONE',  ( -1.226999531788473599E-16, 1.000000000000000000, 1.366692665372836214E-15 ) ) ;
#2028 = ORIENTED_EDGE ( 'NONE', *, *, #1599, .T. ) ;
#2029 = CARTESIAN_POINT ( 'NONE',  ( 263.4487652200347725, 3.757996272204519705, -2.174747558998717680E-14 ) ) ;
#2030 = CARTESIAN_POINT ( 'NONE',  ( 415.4487652200347725, -2.298709074483926804E-15, -4.000000000000038192 ) ) ;
#2031 = VECTOR ( 'NONE', #1802, 1000.000000000000000 ) ;
#2032 = ORIENTED_EDGE ( 'NONE', *, *, #4267, .F. ) ;
#2033 = EDGE_CURVE ( 'NONE', #876, #3114, #3671, .T. ) ;
#2034 = ORIENTED_EDGE ( 'NONE', *, *, #3073, .T. ) ;
#2035 = CARTESIAN_POINT ( 'NONE',  ( 411.8987652200347611, -0.6666037277954609541, 4.999999999999948486 ) ) ;
#2036 = FACE_OUTER_BOUND ( 'NONE', #3139, .T. ) ;
#2037 = CARTESIAN_POINT ( 'NONE',  ( 374.4987652200347270, -21.24200372779546342, -3.000000000000026201 ) ) ;
#2038 = CARTESIAN_POINT ( 'NONE',  ( 409.4487652200347725, -25.00127660129596663, 1.800000000000009592 ) ) ;
#2039 = ORIENTED_EDGE ( 'NONE', *, *, #3626, .T. ) ;
#2040 = EDGE_CURVE ( 'NONE', #4303, #2193, #2348, .T. ) ;
#2041 = LINE ( 'NONE', #1294, #4107 ) ;
#2042 = CARTESIAN_POINT ( 'NONE',  ( 263.4487652200348293, 39.55799627220452663, 1.861501134145722380 ) ) ;
#2043 = FACE_OUTER_BOUND ( 'NONE', #156, .T. ) ;
#2044 = VERTEX_POINT ( 'NONE', #197 ) ;
#2045 = PLANE ( 'NONE',  #3345 ) ;
#2046 = CARTESIAN_POINT ( 'NONE',  ( 281.5976034109485227, 39.36393884697714185, -8.998878031629686802E-15 ) ) ;
#2047 = CARTESIAN_POINT ( 'NONE',  ( 263.4487652200347725, -32.04200372779548900, 3.350541378678490709E-09 ) ) ;
#2048 = LINE ( 'NONE', #1474, #4243 ) ;
#2049 = DIRECTION ( 'NONE',  ( -1.000000000000000000, -1.226999531788473599E-16, 7.051287395274166514E-32 ) ) ;
#2050 = DIRECTION ( 'NONE',  ( -1.000000000000000000, -1.226999531788473599E-16, 0.000000000000000000 ) ) ;
#2051 = ORIENTED_EDGE ( 'NONE', *, *, #3523, .T. ) ;
#2052 = PLANE ( 'NONE',  #1393 ) ;
#2053 = FACE_OUTER_BOUND ( 'NONE', #2208, .T. ) ;
#2054 = ORIENTED_EDGE ( 'NONE', *, *, #2992, .F. ) ;
#2055 = EDGE_LOOP ( 'NONE', ( #225, #956 ) ) ;
#2056 = VECTOR ( 'NONE', #3292, 1000.000000000000000 ) ;
#2057 = CYLINDRICAL_SURFACE ( 'NONE', #145, 0.8000000000000229150 ) ;
#2058 = CARTESIAN_POINT ( 'NONE',  ( 411.8987652200348180, 26.40339627220450325, 4.999999999999933387 ) ) ;
#2059 = SURFACE_STYLE_USAGE ( .BOTH. , #727 ) ;
#2060 = DIRECTION ( 'NONE',  ( -0.000000000000000000, 0.000000000000000000, 1.000000000000000000 ) ) ;
#2061 = ORIENTED_EDGE ( 'NONE', *, *, #77, .F. ) ;
#2062 = CYLINDRICAL_SURFACE ( 'NONE', #4180, 1.000000000000000888 ) ;
#2063 = CARTESIAN_POINT ( 'NONE',  ( 263.4484693801289836, 38.75799955874968816, -7.903640671573389120 ) ) ;
#2064 = LINE ( 'NONE', #2329, #2799 ) ;
#2065 = VERTEX_POINT ( 'NONE', #3244 ) ;
#2066 = CARTESIAN_POINT ( 'NONE',  ( 263.7575434704427835, 38.56187052184983344, 8.387696972074371260 ) ) ;
#2067 = CARTESIAN_POINT ( 'NONE',  ( 279.4395032573818867, 38.99225251541135862, -5.042905717306424229 ) ) ;
#2068 = CARTESIAN_POINT ( 'NONE',  ( 425.4487652200347725, 18.95799627220450034, 10.00000000000003730 ) ) ;
#2069 = EDGE_CURVE ( 'NONE', #3072, #1951, #3206, .T. ) ;
#2070 = VECTOR ( 'NONE', #1704, 1000.000000000000000 ) ;
#2071 = CARTESIAN_POINT ( 'NONE',  ( 416.4487652200347725, -28.69200372779545916, -4.000000000000022204 ) ) ;
#2072 = CARTESIAN_POINT ( 'NONE',  ( 411.8987668890957252, -11.16660390295199434, 4.999999999999953815 ) ) ;
#2073 = VECTOR ( 'NONE', #384, 1000.000000000000000 ) ;
#2074 = ORIENTED_EDGE ( 'NONE', *, *, #3203, .F. ) ;
#2075 = PLANE ( 'NONE',  #844 ) ;
#2076 = CARTESIAN_POINT ( 'NONE',  ( 411.8987665850735311, -8.736603902951975087, 4.999999999999952038 ) ) ;
#2077 = VERTEX_POINT ( 'NONE', #217 ) ;
#2078 = VERTEX_POINT ( 'NONE', #3553 ) ;
#2079 = CARTESIAN_POINT ( 'NONE',  ( 264.1053827342310569, 31.64288182763144874, 9.006436534911172132 ) ) ;
#2080 = CIRCLE ( 'NONE', #960, 1.000000000000000888 ) ;
#2081 = DIRECTION ( 'NONE',  ( 0.000000000000000000, -1.000000000000000000, 0.000000000000000000 ) ) ;
#2082 = CARTESIAN_POINT ( 'NONE',  ( 263.4487652200348293, -31.60731811793651147, 5.561882602724017133 ) ) ;
#2083 = ADVANCED_FACE ( 'NONE', ( #4287 ), #1285, .F. ) ;
#2084 = VERTEX_POINT ( 'NONE', #2383 ) ;
#2085 = EDGE_CURVE ( 'NONE', #3202, #4038, #2981, .T. ) ;
#2086 = CARTESIAN_POINT ( 'NONE',  ( 314.4487652200347156, 32.01726914570501492, 0.2000000000000100586 ) ) ;
#2087 = LINE ( 'NONE', #88, #2100 ) ;
#2088 = CARTESIAN_POINT ( 'NONE',  ( 411.8987671931180330, -13.59660390295202248, -4.000000000000030198 ) ) ;
#2089 = EDGE_LOOP ( 'NONE', ( #2315, #1207, #3776, #3255 ) ) ;
#2090 = CARTESIAN_POINT ( 'NONE',  ( 263.4487652200347725, -25.11223060601727397, 4.999999999999976019 ) ) ;
#2091 = EDGE_CURVE ( 'NONE', #4047, #3525, #721, .T. ) ;
#2092 = LINE ( 'NONE', #518, #608 ) ;
#2093 = DIRECTION ( 'NONE',  ( 0.000000000000000000, 1.000000000000000000, 0.000000000000000000 ) ) ;
#2094 = CARTESIAN_POINT ( 'NONE',  ( 414.6987652200347725, 28.83339627220453849, -4.000000000000055955 ) ) ;
#2095 = APPLICATION_CONTEXT ( 'automotive_design' ) ;
#2096 = AXIS2_PLACEMENT_3D ( 'NONE', #2029, #2294, #2958 ) ;
#2097 = EDGE_CURVE ( 'NONE', #650, #160, #3614, .T. ) ;
#2098 = CARTESIAN_POINT ( 'NONE',  ( 411.8987671931179193, -13.59660390295200649, 4.999999999999955591 ) ) ;
#2099 = VERTEX_POINT ( 'NONE', #980 ) ;
#2100 = VECTOR ( 'NONE', #1425, 1000.000000000000000 ) ;
#2101 = CARTESIAN_POINT ( 'NONE',  ( 424.4469605509511325, 38.68048345169829361, 6.979620730923850047 ) ) ;
#2102 = VERTEX_POINT ( 'NONE', #3331 ) ;
#2103 =( BOUNDED_SURFACE ( )  B_SPLINE_SURFACE ( 3, 1, ( 
 ( #2330, #2953 ),
 ( #3918, #1955 ),
 ( #1974, #3303 ),
 ( #2595, #646 ) ),
 .UNSPECIFIED., .F., .F., .F. ) 
 B_SPLINE_SURFACE_WITH_KNOTS ( ( 4, 4 ),
 ( 2, 2 ),
 ( 0.000000000000000000, 1.000000000000000000 ),
 ( 0.000000000000000000, 1.000000000000000000 ),
 .UNSPECIFIED. ) 
 GEOMETRIC_REPRESENTATION_ITEM ( )  RATIONAL_B_SPLINE_SURFACE ( (
 ( 1.000000000000000000, 1.000000000000000000),
 ( 0.3333333333333327597, 0.3333333333333327597),
 ( 0.3333333333333327597, 0.3333333333333327597),
 ( 1.000000000000000000, 1.000000000000000000) ) ) 
 REPRESENTATION_ITEM ( '' )  SURFACE ( )  );
#2104 = ORIENTED_EDGE ( 'NONE', *, *, #1490, .F. ) ;
#2105 = DIRECTION ( 'NONE',  ( 1.226999531788473599E-16, -1.000000000000000000, 5.857254280169296935E-16 ) ) ;
#2106 = DIRECTION ( 'NONE',  ( 0.000000000000000000, -1.000000000000000000, 0.000000000000000000 ) ) ;
#2107 = CARTESIAN_POINT ( 'NONE',  ( 270.4279940190705247, -30.94439218650997603, 7.852639029604858045 ) ) ;
#2108 = ORIENTED_EDGE ( 'NONE', *, *, #626, .T. ) ;
#2109 = DIRECTION ( 'NONE',  ( -1.000000000000000000, -1.226999531788473846E-16, 0.000000000000000000 ) ) ;
#2110 = CARTESIAN_POINT ( 'NONE',  ( 276.6050914670577754, 39.33305909468235484, 1.687200242775155123 ) ) ;
#2111 = CARTESIAN_POINT ( 'NONE',  ( 414.6987627469923723, -13.59660355263887332, -4.000000000000030198 ) ) ;
#2112 = ORIENTED_EDGE ( 'NONE', *, *, #1534, .F. ) ;
#2113 = CARTESIAN_POINT ( 'NONE',  ( 414.6987652200347725, 11.26339627220457373, 4.999999999999941380 ) ) ;
#2114 = DIRECTION ( 'NONE',  ( -0.000000000000000000, -1.000000000000000000, 5.808035271611171356E-16 ) ) ;
#2115 = FACE_OUTER_BOUND ( 'NONE', #3074, .T. ) ;
#2116 = CARTESIAN_POINT ( 'NONE',  ( 409.4487652200347725, 32.69872339870403977, 1.800000000000009592 ) ) ;
#2117 = ADVANCED_FACE ( 'NONE', ( #343 ), #1625, .F. ) ;
#2118 = LINE ( 'NONE', #460, #304 ) ;
#2119 = VERTEX_POINT ( 'NONE', #959 ) ;
#2120 = CARTESIAN_POINT ( 'NONE',  ( 315.4987652200347270, -14.84200372779544708, -5.000000000000029310 ) ) ;
#2121 = CARTESIAN_POINT ( 'NONE',  ( 421.7586271227849011, 38.99377756722146415, 5.163367384003302973 ) ) ;
#2122 = ORIENTED_EDGE ( 'NONE', *, *, #2562, .T. ) ;
#2123 = EDGE_CURVE ( 'NONE', #2065, #2077, #2983, .T. ) ;
#2124 = VERTEX_POINT ( 'NONE', #300 ) ;
#2125 = CARTESIAN_POINT ( 'NONE',  ( 266.2864244234085618, 32.35814239145073401, 6.367105347666921489 ) ) ;
#2126 = VECTOR ( 'NONE', #1703, 1000.000000000000000 ) ;
#2127 = CARTESIAN_POINT ( 'NONE',  ( 398.4987652200347270, -22.01700372779545845, -5.000000000000024869 ) ) ;
#2128 = CARTESIAN_POINT ( 'NONE',  ( 411.8987652200348180, 16.90339627220449614, -4.000000000000047962 ) ) ;
#2129 = EDGE_CURVE ( 'NONE', #3227, #4304, #2160, .T. ) ;
#2130 = CARTESIAN_POINT ( 'NONE',  ( 263.4484693801289836, -31.05417629025884807, 9.097965162690373475 ) ) ;
#2131 = EDGE_CURVE ( 'NONE', #1872, #3548, #652, .T. ) ;
#2132 = VERTEX_POINT ( 'NONE', #3638 ) ;
#2133 = DIRECTION ( 'NONE',  ( -0.000000000000000000, -1.000000000000000000, 5.829043938094109521E-16 ) ) ;
#2134 = CARTESIAN_POINT ( 'NONE',  ( 274.2068737731542569, 38.94962448665568644, 5.036804577340104672 ) ) ;
#2135 = CARTESIAN_POINT ( 'NONE',  ( 425.4487652200347725, -13.24200372779546164, -8.200000000000001066 ) ) ;
#2136 = CARTESIAN_POINT ( 'NONE',  ( 414.6987624429701782, -11.16660355263884696, -4.000000000000031086 ) ) ;
#2137 = VERTEX_POINT ( 'NONE', #3027 ) ;
#2138 = LINE ( 'NONE', #2181, #704 ) ;
#2139 = CARTESIAN_POINT ( 'NONE',  ( 425.4487652200347725, 3.757996272204539689, 0.000000000000000000 ) ) ;
#2140 = CARTESIAN_POINT ( 'NONE',  ( 263.4521521901339156, -31.40701215494969034, -6.721858127131663529 ) ) ;
#2141 = CARTESIAN_POINT ( 'NONE',  ( 280.6475230161844365, 39.01726914564763149, -5.000000000000067502 ) ) ;
#2142 = LINE ( 'NONE', #1411, #2631 ) ;
#2143 = ORIENTED_EDGE ( 'NONE', *, *, #2711, .T. ) ;
#2144 = CARTESIAN_POINT ( 'NONE',  ( 263.4487652200347725, -23.68537652305580110, -12.00000000000002487 ) ) ;
#2145 = LINE ( 'NONE', #3799, #2835 ) ;
#2146 = EDGE_CURVE ( 'NONE', #238, #4038, #2928, .T. ) ;
#2147 = VECTOR ( 'NONE', #1221, 1000.000000000000114 ) ;
#2148 = ORIENTED_EDGE ( 'NONE', *, *, #574, .T. ) ;
#2149 = ORIENTED_EDGE ( 'NONE', *, *, #1075, .T. ) ;
#2150 = CARTESIAN_POINT ( 'NONE',  ( 263.4487652200347725, 39.44065289329980573, -3.344255653099905690 ) ) ;
#2151 = CARTESIAN_POINT ( 'NONE',  ( 259.4487652200347725, 3.757996272204519261, -2.174747558998717680E-14 ) ) ;
#2152 = CARTESIAN_POINT ( 'NONE',  ( 311.1994845112278085, 37.41726914570504192, -4.999999999999990230 ) ) ;
#2153 = CARTESIAN_POINT ( 'NONE',  ( 315.4987652200347270, -14.84200372779544530, -1.500000000000029532 ) ) ;
#2154 = ORIENTED_EDGE ( 'NONE', *, *, #265, .T. ) ;
#2155 = LINE ( 'NONE', #3738, #1801 ) ;
#2156 = CARTESIAN_POINT ( 'NONE',  ( 279.4395032573818298, 39.35130619258357143, 1.688065638520554357 ) ) ;
#2157 = DIRECTION ( 'NONE',  ( -0.000000000000000000, 1.000000000000000000, -0.000000000000000000 ) ) ;
#2158 = EDGE_LOOP ( 'NONE', ( #909, #2703, #214, #3185 ) ) ;
#2159 = CARTESIAN_POINT ( 'NONE',  ( 411.8987652200347611, -0.6666037277954609541, 4.999999999999948486 ) ) ;
#2160 = B_SPLINE_CURVE_WITH_KNOTS ( 'NONE', 3,
 ( #3947, #33, #1053, #698, #12, #1636 ),
 .UNSPECIFIED., .F., .F.,
 ( 4, 2, 4 ),
 ( 1.734723475976807094E-18, 0.001636567796206692387, 0.003273135592413383040 ),
 .UNSPECIFIED. ) ;
#2161 = CARTESIAN_POINT ( 'NONE',  ( 425.4487652200347725, -13.24200372779546520, 8.199999999999997513 ) ) ;
#2162 = FACE_OUTER_BOUND ( 'NONE', #204, .T. ) ;
#2163 = CARTESIAN_POINT ( 'NONE',  ( 411.8987652200347611, 28.83339627220454204, -4.000000000000055955 ) ) ;
#2164 = ORIENTED_EDGE ( 'NONE', *, *, #1226, .F. ) ;
#2165 = ORIENTED_EDGE ( 'NONE', *, *, #3985, .F. ) ;
#2166 = ORIENTED_EDGE ( 'NONE', *, *, #4183, .F. ) ;
#2167 = DIRECTION ( 'NONE',  ( 7.186848259333761210E-32, -5.857254280169296935E-16, -1.000000000000000000 ) ) ;
#2168 = CARTESIAN_POINT ( 'NONE',  ( 270.4487652200348862, -31.38945451671930442, 4.999999999999962697 ) ) ;
#2169 = CARTESIAN_POINT ( 'NONE',  ( 263.4487652200348293, -32.04200372779548189, 1.861501134137542479 ) ) ;
#2170 = EDGE_CURVE ( 'NONE', #1988, #3162, #1722, .T. ) ;
#2171 = ORIENTED_EDGE ( 'NONE', *, *, #3173, .F. ) ;
#2172 = VECTOR ( 'NONE', #1111, 1000.000000000000000 ) ;
#2173 = ORIENTED_EDGE ( 'NONE', *, *, #2246, .T. ) ;
#2174 = AXIS2_PLACEMENT_3D ( 'NONE', #1652, #1735, #2700 ) ;
#2175 = CARTESIAN_POINT ( 'NONE',  ( 429.4487652200347725, 11.95799627220453587, 17.00000000000000000 ) ) ;
#2176 = CARTESIAN_POINT ( 'NONE',  ( 274.2068737731543138, 39.30824376412805066, 1.686023338831381446 ) ) ;
#2177 = CARTESIAN_POINT ( 'NONE',  ( 336.4487652200347725, 33.39240393505461668, 5.000000000000055955 ) ) ;
#2178 = LINE ( 'NONE', #515, #2592 ) ;
#2179 = ORIENTED_EDGE ( 'NONE', *, *, #1983, .F. ) ;
#2180 = EDGE_CURVE ( 'NONE', #2326, #3464, #54, .T. ) ;
#2181 = CARTESIAN_POINT ( 'NONE',  ( 314.4487652200347156, -26.25127660129598439, 1.400000000000009681 ) ) ;
#2182 = CARTESIAN_POINT ( 'NONE',  ( 374.4987652200347270, 28.75799627220454013, -5.000000000000055067 ) ) ;
#2183 = CARTESIAN_POINT ( 'NONE',  ( 311.1994845112278085, 38.21726914570503908, 5.000000000000009770 ) ) ;
#2184 = VECTOR ( 'NONE', #1629, 1000.000000000000000 ) ;
#2185 = CARTESIAN_POINT ( 'NONE',  ( 416.4487652200347725, 36.20799627220453942, -4.000000000000058620 ) ) ;
#2186 = DIRECTION ( 'NONE',  ( 1.226999531788473599E-16, -1.000000000000000000, 5.857254280169296935E-16 ) ) ;
#2187 = ORIENTED_EDGE ( 'NONE', *, *, #2180, .T. ) ;
#2188 = ORIENTED_EDGE ( 'NONE', *, *, #498, .T. ) ;
#2189 = ORIENTED_EDGE ( 'NONE', *, *, #1014, .F. ) ;
#2190 = CARTESIAN_POINT ( 'NONE',  ( 319.4487652200347725, -29.14200372779547266, 7.666288962662431950E-15 ) ) ;
#2191 = LINE ( 'NONE', #3511, #3968 ) ;
#2192 = DIRECTION ( 'NONE',  ( 0.000000000000000000, -1.000000000000000000, 5.724587470723463412E-16 ) ) ;
#2193 = VERTEX_POINT ( 'NONE', #3312 ) ;
#2194 = VERTEX_POINT ( 'NONE', #4037 ) ;
#2195 = CARTESIAN_POINT ( 'NONE',  ( 270.4487652200348293, 28.73373397666006213, -5.000000000000055067 ) ) ;
#2196 = CARTESIAN_POINT ( 'NONE',  ( 423.7852093381459895, -31.30002997798900211, 6.261603059476691158 ) ) ;
#2197 = AXIS2_PLACEMENT_3D ( 'NONE', #1186, #2226, #1484 ) ;
#2198 = ORIENTED_EDGE ( 'NONE', *, *, #2254, .F. ) ;
#2199 = CARTESIAN_POINT ( 'NONE',  ( 319.4487652200347725, 35.05799627220453374, 5.510910596163077723E-16 ) ) ;
#2200 = LINE ( 'NONE', #3815, #1819 ) ;
#2201 = CARTESIAN_POINT ( 'NONE',  ( 274.2068737731542569, -31.91404759207488340, 1.700452559413627274 ) ) ;
#2202 = DIRECTION ( 'NONE',  ( 1.000000000000000000, 0.000000000000000000, 0.000000000000000000 ) ) ;
#2203 = ORIENTED_EDGE ( 'NONE', *, *, #4133, .T. ) ;
#2204 = EDGE_LOOP ( 'NONE', ( #1695, #2856, #3711, #1539 ) ) ;
#2205 = ORIENTED_EDGE ( 'NONE', *, *, #3952, .T. ) ;
#2206 = CARTESIAN_POINT ( 'NONE',  ( 259.4487652200347725, 22.35799627220455932, -5.000000000000051514 ) ) ;
#2207 = CARTESIAN_POINT ( 'NONE',  ( 263.4481735402231379, -32.04788313750173501, -1.861806847205520254 ) ) ;
#2208 = EDGE_LOOP ( 'NONE', ( #4003, #1575 ) ) ;
#2209 = ORIENTED_EDGE ( 'NONE', *, *, #1347, .T. ) ;
#2210 = AXIS2_PLACEMENT_3D ( 'NONE', #119, #4126, #4173 ) ;
#2211 =( BOUNDED_SURFACE ( )  B_SPLINE_SURFACE ( 2, 3, ( 
 ( #4030, #1675, #4078, #2398, #51, #1022, #1388, #2720, #717, #999 ),
 ( #3659, #3019, #1089, #2418, #2352, #27, #764, #3418, #427, #1324 ),
 ( #3988, #669, #2001, #3326, #9, #3683, #2676, #4010, #690, #2023 ) ),
 .UNSPECIFIED., .F., .F., .F. ) 
 B_SPLINE_SURFACE_WITH_KNOTS ( ( 3, 3 ),
 ( 4, 3, 3, 4 ),
 ( 0.000000000000000000, 1.000000000000000000 ),
 ( -0.0006720812529995117942, 9.088153423276318366E-05, 0.005530727126499501017, 0.006564528523082686570 ),
 .UNSPECIFIED. ) 
 GEOMETRIC_REPRESENTATION_ITEM ( )  RATIONAL_B_SPLINE_SURFACE ( (
 ( 1.000000000000000000, 1.000000000000000000, 1.000000000000000000, 1.000000000000000000, 1.000000000000000000, 1.000000000000000000, 1.000000000000000000, 1.000000000000000000, 1.000000000000000000, 1.000000000000000000),
 ( 0.7071067811865475727, 0.7071067811865475727, 0.7071067811865475727, 0.7071067811865475727, 0.7071067811865475727, 0.7071067811865475727, 0.7071067811865475727, 0.7071067811865475727, 0.7071067811865475727, 0.7071067811865475727),
 ( 1.000000000000000000, 1.000000000000000000, 1.000000000000000000, 1.000000000000000000, 1.000000000000000000, 1.000000000000000000, 1.000000000000000000, 1.000000000000000000, 1.000000000000000000, 1.000000000000000000) ) ) 
 REPRESENTATION_ITEM ( '' )  SURFACE ( )  );
#2212 = LINE ( 'NONE', #221, #1658 ) ;
#2213 = FACE_OUTER_BOUND ( 'NONE', #4288, .T. ) ;
#2214 = ADVANCED_FACE ( 'NONE', ( #2053 ), #3377, .T. ) ;
#2215 = CARTESIAN_POINT ( 'NONE',  ( 270.4349176432702961, 38.90524426968189431, 5.000010272654970223 ) ) ;
#2216 = CARTESIAN_POINT ( 'NONE',  ( 268.5744740062978622, 32.58598675729363237, -5.238929343077305845 ) ) ;
#2217 = ADVANCED_FACE ( 'NONE', ( #2472 ), #2520, .F. ) ;
#2218 = ORIENTED_EDGE ( 'NONE', *, *, #3470, .T. ) ;
#2219 = VECTOR ( 'NONE', #1776, 1000.000000000000000 ) ;
#2220 = CARTESIAN_POINT ( 'NONE',  ( 420.4487652200347725, -31.50127660129596663, 5.000000000000020428 ) ) ;
#2221 = B_SPLINE_CURVE_WITH_KNOTS ( 'NONE', 3,
 ( #4321, #2650, #662, #3981, #992, #1996, #3319 ),
 .UNSPECIFIED., .F., .F.,
 ( 4, 3, 4 ),
 ( 0.06226994575377956670, 0.06441022687822178794, 0.06926891934230920700 ),
 .UNSPECIFIED. ) ;
#2222 = CARTESIAN_POINT ( 'NONE',  ( 264.1491657135348987, 38.42172802239043250, -8.947943962227009607 ) ) ;
#2223 = VECTOR ( 'NONE', #1495, 1000.000000000000000 ) ;
#2224 = CARTESIAN_POINT ( 'NONE',  ( 281.5976034109484658, -31.96993348823209047, 1.703116587174896335 ) ) ;
#2225 = EDGE_CURVE ( 'NONE', #2904, #4313, #2145, .T. ) ;
#2226 = DIRECTION ( 'NONE',  ( 1.000000000000000000, 1.226999531788473599E-16, 0.000000000000000000 ) ) ;
#2227 = VERTEX_POINT ( 'NONE', #3466 ) ;
#2228 = EDGE_CURVE ( 'NONE', #2993, #1571, #3442, .T. ) ;
#2229 = ORIENTED_EDGE ( 'NONE', *, *, #491, .T. ) ;
#2230 = ORIENTED_EDGE ( 'NONE', *, *, #212, .F. ) ;
#2231 = CARTESIAN_POINT ( 'NONE',  ( 270.4279939279221594, -31.38915241233176801, -4.999999999951362462 ) ) ;
#2232 = CARTESIAN_POINT ( 'NONE',  ( 425.4487652200347725, 39.01726914570503624, 5.000000000000020428 ) ) ;
#2233 = ORIENTED_EDGE ( 'NONE', *, *, #3476, .F. ) ;
#2234 = EDGE_LOOP ( 'NONE', ( #2899, #4333, #1460, #3872, #2531, #1219 ) ) ;
#2235 = CARTESIAN_POINT ( 'NONE',  ( 263.4487652200347725, 34.82118701294144358, -5.000000000000058620 ) ) ;
#2236 = FACE_OUTER_BOUND ( 'NONE', #2726, .T. ) ;
#2237 = VECTOR ( 'NONE', #405, 1000.000000000000000 ) ;
#2238 = CARTESIAN_POINT ( 'NONE',  ( 421.7692683366826714, -31.47740668254042617, 5.165965295658397238 ) ) ;
#2239 = AXIS2_PLACEMENT_3D ( 'NONE', #4033, #3727, #1980 ) ;
#2240 = EDGE_LOOP ( 'NONE', ( #2426, #3267, #825, #2229 ) ) ;
#2241 =( BOUNDED_CURVE ( )  B_SPLINE_CURVE ( 3, ( #612, #3570, #216, #2274 ),
 .UNSPECIFIED., .F., .T. ) 
 B_SPLINE_CURVE_WITH_KNOTS ( ( 4, 4 ),
 ( 0.000000000000000000, 3.141592653589790451 ),
 .UNSPECIFIED. ) 
 CURVE ( )  GEOMETRIC_REPRESENTATION_ITEM ( )  RATIONAL_B_SPLINE_CURVE ( ( 1.000000000000000000, 0.3333333333333342585, 0.3333333333333342585, 1.000000000000000000 ) ) 
 REPRESENTATION_ITEM ( '' )  );
#2242 = CARTESIAN_POINT ( 'NONE',  ( 265.0189524251438229, 38.57085369128159158, -7.570352671309763970 ) ) ;
#2243 = CARTESIAN_POINT ( 'NONE',  ( 263.4889165627503758, 38.72917880170381011, 5.499897712254884219 ) ) ;
#2244 = VECTOR ( 'NONE', #291, 1000.000000000000000 ) ;
#2245 = DIRECTION ( 'NONE',  ( 0.000000000000000000, 0.000000000000000000, -1.000000000000000000 ) ) ;
#2246 = EDGE_CURVE ( 'NONE', #3072, #2985, #4206, .T. ) ;
#2247 = B_SPLINE_CURVE_WITH_KNOTS ( 'NONE', 3,
 ( #2681, #276, #673, #2317, #1615, #1003, #2639, #2337, #3663, #3330, #341, #1679, #3004, #11 ),
 .UNSPECIFIED., .F., .F.,
 ( 4, 2, 2, 2, 2, 2, 4 ),
 ( 0.000000000000000000, 0.001046433938501743592, 0.002092867877003487184, 0.002616084846254364184, 0.003139301815505241185, 0.003662518784756118185, 0.004185735754006995185 ),
 .UNSPECIFIED. ) ;
#2248 = DIRECTION ( 'NONE',  ( 1.000000000000000000, 0.000000000000000000, 0.000000000000000000 ) ) ;
#2249 = EDGE_CURVE ( 'NONE', #1554, #650, #4137, .T. ) ;
#2250 = ORIENTED_EDGE ( 'NONE', *, *, #1604, .F. ) ;
#2251 = VERTEX_POINT ( 'NONE', #1073 ) ;
#2252 = DIRECTION ( 'NONE',  ( -1.000000000000000000, -1.226999531788473599E-16, -0.000000000000000000 ) ) ;
#2253 = CARTESIAN_POINT ( 'NONE',  ( 285.7487652200347270, 3.757996272204522370, 0.000000000000000000 ) ) ;
#2254 = EDGE_CURVE ( 'NONE', #2558, #2500, #1651, .T. ) ;
#2255 = ORIENTED_EDGE ( 'NONE', *, *, #2354, .F. ) ;
#2256 = ORIENTED_EDGE ( 'NONE', *, *, #1753, .F. ) ;
#2257 = CARTESIAN_POINT ( 'NONE',  ( 270.4487652200348293, -25.11223060601727752, -5.000000000000024869 ) ) ;
#2258 = CARTESIAN_POINT ( 'NONE',  ( 263.4487652200347725, 39.20711473797174307, -12.00000000000005862 ) ) ;
#2259 = EDGE_CURVE ( 'NONE', #2574, #180, #772, .T. ) ;
#2260 = CARTESIAN_POINT ( 'NONE',  ( 314.4487652200347156, -26.25127660129598439, 1.400000000000009681 ) ) ;
#2261 = CARTESIAN_POINT ( 'NONE',  ( 336.4487652200347725, 34.99240393505462521, 5.000000000000009770 ) ) ;
#2262 = DIRECTION ( 'NONE',  ( -0.000000000000000000, -5.887380384135967118E-16, -1.000000000000000000 ) ) ;
#2263 = ORIENTED_EDGE ( 'NONE', *, *, #339, .T. ) ;
#2264 = EDGE_CURVE ( 'NONE', #1574, #506, #3421, .T. ) ;
#2265 = CARTESIAN_POINT ( 'NONE',  ( 266.4480701972946690, 38.72410110306201148, -6.246769008853960692 ) ) ;
#2266 = DIRECTION ( 'NONE',  ( -7.186848259333761210E-32, -2.115516434118057955E-16, 1.000000000000000000 ) ) ;
#2267 = CARTESIAN_POINT ( 'NONE',  ( 263.4487652200347725, 31.91479610894557695, -12.00000000000005507 ) ) ;
#2268 = VECTOR ( 'NONE', #4272, 1000.000000000000000 ) ;
#2269 = CARTESIAN_POINT ( 'NONE',  ( 376.4987652200347270, 28.75799627220454013, -5.000000000000055067 ) ) ;
#2270 = ORIENTED_EDGE ( 'NONE', *, *, #3301, .T. ) ;
#2271 = EDGE_CURVE ( 'NONE', #2734, #1678, #2771, .T. ) ;
#2272 = ORIENTED_EDGE ( 'NONE', *, *, #706, .F. ) ;
#2273 = ADVANCED_FACE ( 'NONE', ( #792 ), #423, .T. ) ;
#2274 = CARTESIAN_POINT ( 'NONE',  ( 411.8987652200347611, 28.83339627220454204, 4.999999999999931610 ) ) ;
#2275 = CARTESIAN_POINT ( 'NONE',  ( 263.4487652200347725, -32.04200372779547479, -2.174747558998717680E-14 ) ) ;
#2276 = ORIENTED_EDGE ( 'NONE', *, *, #4155, .F. ) ;
#2277 = ORIENTED_EDGE ( 'NONE', *, *, #491, .F. ) ;
#2278 = CARTESIAN_POINT ( 'NONE',  ( 414.6987652200346588, 16.90339627220451391, 4.999999999999938716 ) ) ;
#2279 = DIRECTION ( 'NONE',  ( 1.000000000000000000, 0.000000000000000000, 0.000000000000000000 ) ) ;
#2280 = DIRECTION ( 'NONE',  ( -1.000000000000000000, -1.224510688924804602E-16, 0.000000000000000000 ) ) ;
#2281 = AXIS2_PLACEMENT_3D ( 'NONE', #2365, #2733, #1061 ) ;
#2282 = CARTESIAN_POINT ( 'NONE',  ( 350.4987652200347270, -25.24200372779544921, -2.341876692568689577E-14 ) ) ;
#2283 = CARTESIAN_POINT ( 'NONE',  ( 263.4487652200347725, 32.62822315042630805, -5.000000000000057732 ) ) ;
#2284 = ORIENTED_EDGE ( 'NONE', *, *, #1444, .T. ) ;
#2285 = VECTOR ( 'NONE', #3286, 1000.000000000000000 ) ;
#2286 = AXIS2_PLACEMENT_3D ( 'NONE', #97, #809, #1737 ) ;
#2287 = CARTESIAN_POINT ( 'NONE',  ( 285.7487652200347839, -31.50127660129598794, -5.000000000000015099 ) ) ;
#2288 = CARTESIAN_POINT ( 'NONE',  ( 425.4487652200347725, 19.57527016933098807, -9.382726102873547802 ) ) ;
#2289 = CARTESIAN_POINT ( 'NONE',  ( 279.4395032573818298, -31.95725755389348777, 1.702512337385592156 ) ) ;
#2290 = CARTESIAN_POINT ( 'NONE',  ( 266.8636973090975744, -24.92871366965914959, -5.969608606389151362 ) ) ;
#2291 = VECTOR ( 'NONE', #1518, 1000.000000000000000 ) ;
#2292 = ORIENTED_EDGE ( 'NONE', *, *, #2761, .F. ) ;
#2293 = ORIENTED_EDGE ( 'NONE', *, *, #1628, .F. ) ;
#2294 = DIRECTION ( 'NONE',  ( -1.000000000000000000, -1.226999531788473599E-16, 0.000000000000000000 ) ) ;
#2295 = DIRECTION ( 'NONE',  ( -1.000000000000000000, -1.226999531788473599E-16, 0.000000000000000000 ) ) ;
#2296 = ORIENTED_EDGE ( 'NONE', *, *, #1989, .T. ) ;
#2297 = VERTEX_POINT ( 'NONE', #3061 ) ;
#2298 = CARTESIAN_POINT ( 'NONE',  ( 422.0799149520206583, -31.46337178256288070, -5.261973860998485186 ) ) ;
#2299 = DIRECTION ( 'NONE',  ( 7.186848259333760116E-32, -5.857254280169296935E-16, -1.000000000000000000 ) ) ;
#2300 = LINE ( 'NONE', #2324, #2820 ) ;
#2301 = ADVANCED_FACE ( 'NONE', ( #2022 ), #2955, .T. ) ;
#2302 = LINE ( 'NONE', #4293, #4105 ) ;
#2303 = EDGE_CURVE ( 'NONE', #1678, #1554, #2810, .T. ) ;
#2304 = CARTESIAN_POINT ( 'NONE',  ( 259.4487652200347725, -31.78200372779548744, 4.999999999999966249 ) ) ;
#2305 = EDGE_LOOP ( 'NONE', ( #2796, #4204, #616, #2795 ) ) ;
#2306 = CARTESIAN_POINT ( 'NONE',  ( 414.6987511673888207, -18.23659870456527443, 4.999999999999959144 ) ) ;
#2307 = ADVANCED_FACE ( 'NONE', ( #1134 ), #3814, .F. ) ;
#2308 = CARTESIAN_POINT ( 'NONE',  ( 416.4487652200347725, -13.24200372779546342, -8.200000000000001066 ) ) ;
#2309 = CARTESIAN_POINT ( 'NONE',  ( 409.4487652200347725, -24.00127660129596663, 1.800000000000009592 ) ) ;
#2310 = EDGE_CURVE ( 'NONE', #353, #1487, #2092, .T. ) ;
#2311 = DIRECTION ( 'NONE',  ( -0.000000000000000000, -1.000000000000000000, 5.724587470723463412E-16 ) ) ;
#2312 = CARTESIAN_POINT ( 'NONE',  ( 263.4487652200347725, 32.62822315042629384, 12.00000000000005151 ) ) ;
#2313 = CARTESIAN_POINT ( 'NONE',  ( 416.4487652200347725, -28.69200372779545916, -5.000000000000022204 ) ) ;
#2314 = CARTESIAN_POINT ( 'NONE',  ( 425.4487652200347725, -13.24200372779546342, -4.000000000000030198 ) ) ;
#2315 = ORIENTED_EDGE ( 'NONE', *, *, #4083, .F. ) ;
#2316 = ORIENTED_EDGE ( 'NONE', *, *, #2534, .F. ) ;
#2317 = CARTESIAN_POINT ( 'NONE',  ( 263.4503638367108920, -31.47103159901935854, 6.377873307671582559 ) ) ;
#2318 = DIRECTION ( 'NONE',  ( 0.000000000000000000, 1.000000000000000000, -5.832259962335817771E-16 ) ) ;
#2319 = VECTOR ( 'NONE', #504, 1000.000000000000000 ) ;
#2320 = EDGE_LOOP ( 'NONE', ( #2876, #3860 ) ) ;
#2321 = ORIENTED_EDGE ( 'NONE', *, *, #1168, .T. ) ;
#2322 = CARTESIAN_POINT ( 'NONE',  ( 314.4487652200347156, -26.25127660129598439, 5.000000000000009770 ) ) ;
#2323 = PLANE ( 'NONE',  #1245 ) ;
#2324 = CARTESIAN_POINT ( 'NONE',  ( 414.6987652200347725, -0.6666037277954504070, 17.99999999999996092 ) ) ;
#2325 = CARTESIAN_POINT ( 'NONE',  ( 264.2487652200347270, 6.017269145705021138, 0.2000000000000100586 ) ) ;
#2326 = VERTEX_POINT ( 'NONE', #3770 ) ;
#2327 = CARTESIAN_POINT ( 'NONE',  ( 264.2487652200347270, 32.01726914570501492, 0.2000000000000100586 ) ) ;
#2328 = CARTESIAN_POINT ( 'NONE',  ( 285.7487652254411614, 39.25007184485693301, 3.373641670816296845 ) ) ;
#2329 = CARTESIAN_POINT ( 'NONE',  ( 425.4487652200347725, 20.75799627220453303, 10.00000000000003908 ) ) ;
#2330 = CARTESIAN_POINT ( 'NONE',  ( 414.6987652200347725, -0.6666037277954580675, 4.999999999999948486 ) ) ;
#2331 = VECTOR ( 'NONE', #2535, 1000.000000000000000 ) ;
#2332 = CARTESIAN_POINT ( 'NONE',  ( 270.4279939233934442, 39.13943569068977979, -3.363125330882486885 ) ) ;
#2333 = CARTESIAN_POINT ( 'NONE',  ( 317.4987652200346702, -25.24200372779544921, -2.341876692568689577E-14 ) ) ;
#2334 = FACE_OUTER_BOUND ( 'NONE', #1813, .T. ) ;
#2335 = CIRCLE ( 'NONE', #1569, 35.61202498550130002 ) ;
#2336 = VERTEX_POINT ( 'NONE', #1455 ) ;
#2337 = CARTESIAN_POINT ( 'NONE',  ( 263.5526474665771275, -31.19593065176084679, 7.739028644244238642 ) ) ;
#2338 = CARTESIAN_POINT ( 'NONE',  ( 276.6050914670577754, 39.33305909464651506, 0.000000000000000000 ) ) ;
#2339 = ORIENTED_EDGE ( 'NONE', *, *, #982, .F. ) ;
#2340 = ORIENTED_EDGE ( 'NONE', *, *, #118, .T. ) ;
#2341 = CARTESIAN_POINT ( 'NONE',  ( 259.4487652200347725, -31.78200372779548744, -5.000000000000020428 ) ) ;
#2342 = FACE_OUTER_BOUND ( 'NONE', #3068, .T. ) ;
#2343 = CARTESIAN_POINT ( 'NONE',  ( 425.4487652200347725, -4.442003727795461820, 17.00000000000000000 ) ) ;
#2344 = DIRECTION ( 'NONE',  ( -1.000000000000000000, -1.226999531788473599E-16, 0.000000000000000000 ) ) ;
#2345 = ORIENTED_EDGE ( 'NONE', *, *, #3178, .T. ) ;
#2346 = FACE_OUTER_BOUND ( 'NONE', #409, .T. ) ;
#2347 = CARTESIAN_POINT ( 'NONE',  ( 263.4484693801289836, 38.75551744755122030, 7.919423213268978579 ) ) ;
#2348 = CIRCLE ( 'NONE', #1718, 35.61202498550130713 ) ;
#2349 = DIRECTION ( 'NONE',  ( 0.000000000000000000, -1.000000000000000000, 5.746772686209761790E-16 ) ) ;
#2350 = LINE ( 'NONE', #2634, #1981 ) ;
#2351 = CARTESIAN_POINT ( 'NONE',  ( 263.4487652200347725, 37.01415087545660043, 5.000000000000060396 ) ) ;
#2352 = CARTESIAN_POINT ( 'NONE',  ( 263.4487652200347725, -29.87784032947381263, 4.999999999999968914 ) ) ;
#2353 =( BOUNDED_CURVE ( )  B_SPLINE_CURVE ( 3, ( #1535, #1895, #4241, #2556 ),
 .UNSPECIFIED., .F., .F. ) 
 B_SPLINE_CURVE_WITH_KNOTS ( ( 4, 4 ),
 ( 0.000000000000000000, 3.141592653589790451 ),
 .UNSPECIFIED. ) 
 CURVE ( )  GEOMETRIC_REPRESENTATION_ITEM ( )  RATIONAL_B_SPLINE_CURVE ( ( 1.000000000000000000, 0.3333333333333342585, 0.3333333333333342585, 1.000000000000000000 ) ) 
 REPRESENTATION_ITEM ( '' )  );
#2354 = EDGE_CURVE ( 'NONE', #1508, #4166, #1429, .T. ) ;
#2355 = FACE_BOUND ( 'NONE', #1795, .T. ) ;
#2356 = ORIENTED_EDGE ( 'NONE', *, *, #3463, .T. ) ;
#2357 = CIRCLE ( 'NONE', #3883, 1.599999999999997202 ) ;
#2358 = VERTEX_POINT ( 'NONE', #3416 ) ;
#2359 = CARTESIAN_POINT ( 'NONE',  ( 263.4487652200347725, -25.50853751640802969, 1.400000000000009681 ) ) ;
#2360 = CARTESIAN_POINT ( 'NONE',  ( 270.8148560937343632, 39.26458582857968338, 0.000000000000000000 ) ) ;
#2361 = EDGE_LOOP ( 'NONE', ( #2948, #2404 ) ) ;
#2362 = EDGE_LOOP ( 'NONE', ( #3966, #1027 ) ) ;
#2363 = CARTESIAN_POINT ( 'NONE',  ( 317.4987652200346702, -25.24200372779545276, -5.000000000000023093 ) ) ;
#2364 = SURFACE_STYLE_FILL_AREA ( #350 ) ;
#2365 = CARTESIAN_POINT ( 'NONE',  ( 425.4487652200347725, 3.757996272204539689, 0.000000000000000000 ) ) ;
#2366 = ORIENTED_EDGE ( 'NONE', *, *, #866, .T. ) ;
#2367 = CARTESIAN_POINT ( 'NONE',  ( 414.6987652200347725, -0.6666037277954580675, 4.999999999999948486 ) ) ;
#2368 = CARTESIAN_POINT ( 'NONE',  ( 285.7487652254412183, 39.37002125770581529, -7.563412669826287259E-10 ) ) ;
#2369 = CARTESIAN_POINT ( 'NONE',  ( -7.186848259333761210E-32, -2.287660915087972994E-15, -4.000000000000038192 ) ) ;
#2370 = LINE ( 'NONE', #4076, #147 ) ;
#2371 = CARTESIAN_POINT ( 'NONE',  ( 283.9429980065349355, 39.24867293933234436, -3.373508700355965839 ) ) ;
#2372 = CARTESIAN_POINT ( 'NONE',  ( 336.4487652200347725, 34.19240393505462094, -5.000000000000056843 ) ) ;
#2373 = DIRECTION ( 'NONE',  ( -7.186848259333761210E-32, 0.000000000000000000, 1.000000000000000000 ) ) ;
#2374 = ADVANCED_FACE ( 'NONE', ( #426 ), #455, .T. ) ;
#2375 = CARTESIAN_POINT ( 'NONE',  ( 414.6987511673889344, -18.23659870456527443, 4.999999999999959144 ) ) ;
#2376 = VECTOR ( 'NONE', #3279, 1000.000000000000000 ) ;
#2377 = VECTOR ( 'NONE', #3732, 1000.000000000000000 ) ;
#2378 = DIRECTION ( 'NONE',  ( 0.000000000000000000, -1.000000000000000000, 0.000000000000000000 ) ) ;
#2379 =( BOUNDED_SURFACE ( )  B_SPLINE_SURFACE ( 3, 1, ( 
 ( #3869, #242 ),
 ( #3931, #263 ),
 ( #2907, #1598 ),
 ( #4249, #2584 ) ),
 .UNSPECIFIED., .F., .F., .T. ) 
 B_SPLINE_SURFACE_WITH_KNOTS ( ( 4, 4 ),
 ( 2, 2 ),
 ( 0.000000000000000000, 1.000000000000000000 ),
 ( 0.000000000000000000, 1.000000000000000000 ),
 .UNSPECIFIED. ) 
 GEOMETRIC_REPRESENTATION_ITEM ( )  RATIONAL_B_SPLINE_SURFACE ( (
 ( 1.000000000000000000, 1.000000000000000000),
 ( 0.3333333333333324822, 0.3333333333333324822),
 ( 0.3333333333333324822, 0.3333333333333324822),
 ( 1.000000000000000000, 1.000000000000000000) ) ) 
 REPRESENTATION_ITEM ( '' )  SURFACE ( )  );
#2380 = ORIENTED_EDGE ( 'NONE', *, *, #4155, .T. ) ;
#2381 = EDGE_CURVE ( 'NONE', #1855, #3640, #1158, .T. ) ;
#2382 = LINE ( 'NONE', #3709, #2445 ) ;
#2383 = CARTESIAN_POINT ( 'NONE',  ( 414.6987652200347725, 8.833396272204542043, 4.999999999999944045 ) ) ;
#2384 = VECTOR ( 'NONE', #2564, 1000.000000000000000 ) ;
#2385 = EDGE_LOOP ( 'NONE', ( #538, #474, #654, #3401 ) ) ;
#2386 = VERTEX_POINT ( 'NONE', #2786 ) ;
#2387 = LINE ( 'NONE', #4315, #1501 ) ;
#2388 = EDGE_CURVE ( 'NONE', #4124, #2194, #4103, .T. ) ;
#2389 = FACE_OUTER_BOUND ( 'NONE', #559, .T. ) ;
#2390 = ORIENTED_EDGE ( 'NONE', *, *, #2097, .F. ) ;
#2391 = EDGE_CURVE ( 'NONE', #3728, #58, #821, .T. ) ;
#2392 = CARTESIAN_POINT ( 'NONE',  ( 411.8987684432514698, -20.66660875104113870, -4.000000000000023981 ) ) ;
#2393 = CARTESIAN_POINT ( 'NONE',  ( 80.74876521989999389, -31.78200372779550875, -5.000000000000020428 ) ) ;
#2394 = FACE_BOUND ( 'NONE', #3572, .T. ) ;
#2395 = ORIENTED_EDGE ( 'NONE', *, *, #1972, .T. ) ;
#2396 = CARTESIAN_POINT ( 'NONE',  ( 263.4487652862532627, 39.15837805945048444, 5.345534385951844492 ) ) ;
#2397 = CARTESIAN_POINT ( 'NONE',  ( 270.4279939233933305, 38.90088856101665726, -5.029829244092617557 ) ) ;
#2398 = CARTESIAN_POINT ( 'NONE',  ( 263.4487652200347725, -31.69112219356273030, 11.99999999999996625 ) ) ;
#2399 = CARTESIAN_POINT ( 'NONE',  ( 263.4487652200347725, 3.232515115752342017E-14, 1.400000000000009681 ) ) ;
#2400 = DIRECTION ( 'NONE',  ( 0.000000000000000000, -1.000000000000000000, 0.000000000000000000 ) ) ;
#2401 = ORIENTED_EDGE ( 'NONE', *, *, #1304, .T. ) ;
#2402 = DIRECTION ( 'NONE',  ( 0.000000000000000000, 1.000000000000000000, 0.000000000000000000 ) ) ;
#2403 = ADVANCED_FACE ( 'NONE', ( #2487 ), #2829, .F. ) ;
#2404 = ORIENTED_EDGE ( 'NONE', *, *, #755, .T. ) ;
#2405 = ORIENTED_EDGE ( 'NONE', *, *, #762, .F. ) ;
#2406 = CARTESIAN_POINT ( 'NONE',  ( 425.4487652200347725, -30.42118340736017501, -10.00000000000001954 ) ) ;
#2407 = CARTESIAN_POINT ( 'NONE',  ( 414.6987652200347725, 19.33339627220453494, -4.000000000000049738 ) ) ;
#2408 = CARTESIAN_POINT ( 'NONE',  ( 270.4279939734963705, 39.25901119711960519, -1.506692776424097666E-09 ) ) ;
#2409 = CARTESIAN_POINT ( 'NONE',  ( 310.3994845112277972, 38.21726914570503908, -4.999999999999990230 ) ) ;
#2410 = EDGE_CURVE ( 'NONE', #2629, #2993, #4098, .T. ) ;
#2411 = ORIENTED_EDGE ( 'NONE', *, *, #2450, .T. ) ;
#2412 = LINE ( 'NONE', #2086, #896 ) ;
#2413 = CARTESIAN_POINT ( 'NONE',  ( 263.4487652200348293, 38.93797726814117510, 6.740327784318889570 ) ) ;
#2414 = CARTESIAN_POINT ( 'NONE',  ( 270.4487652200348293, 36.81303909089432835, -5.000000000000059508 ) ) ;
#2415 = ORIENTED_EDGE ( 'NONE', *, *, #4032, .T. ) ;
#2416 = CARTESIAN_POINT ( 'NONE',  ( 270.4487652200348293, 38.90544706112834206, 5.000000000000062172 ) ) ;
#2417 = CARTESIAN_POINT ( 'NONE',  ( 270.4487652200348293, 28.73373397665999462, 5.000000000000047962 ) ) ;
#2418 = CARTESIAN_POINT ( 'NONE',  ( 263.4487652200347725, -31.69112219356272320, 4.999999999999966249 ) ) ;
#2419 = AXIS2_PLACEMENT_3D ( 'NONE', #660, #2967, #623 ) ;
#2420 = CARTESIAN_POINT ( 'NONE',  ( 263.4487652200347725, 39.20711459357796969, 5.000001023726391658 ) ) ;
#2421 = AXIS2_PLACEMENT_3D ( 'NONE', #2199, #625, #910 ) ;
#2422 = EDGE_LOOP ( 'NONE', ( #3822, #857, #636, #1338, #3281, #1995 ) ) ;
#2423 = CARTESIAN_POINT ( 'NONE',  ( 264.1491657134733941, -30.90573547794857490, -8.947943962354038661 ) ) ;
#2424 = CARTESIAN_POINT ( 'NONE',  ( 425.4487652200348293, 38.03104649482894928, 9.679158184214443850 ) ) ;
#2425 = ORIENTED_EDGE ( 'NONE', *, *, #1482, .T. ) ;
#2426 = ORIENTED_EDGE ( 'NONE', *, *, #2091, .F. ) ;
#2427 = CARTESIAN_POINT ( 'NONE',  ( 398.4987652200347270, -22.01700372779546200, -5.000000000000025757 ) ) ;
#2428 = DIRECTION ( 'NONE',  ( -0.000000000000000000, -1.000000000000000000, 5.808035271611171356E-16 ) ) ;
#2429 = VECTOR ( 'NONE', #3539, 1000.000000000000000 ) ;
#2430 = FACE_OUTER_BOUND ( 'NONE', #452, .T. ) ;
#2431 = CARTESIAN_POINT ( 'NONE',  ( 270.4279939279222731, 39.14085925268682331, 3.343062918598255440 ) ) ;
#2432 = CARTESIAN_POINT ( 'NONE',  ( 420.4487652200347725, 20.75799627220454013, 10.00000000000003908 ) ) ;
#2433 = VERTEX_POINT ( 'NONE', #1847 ) ;
#2434 = CARTESIAN_POINT ( 'NONE',  ( 425.4487652200347725, -4.442003727795459156, -17.00000000000000000 ) ) ;
#2435 = EDGE_CURVE ( 'NONE', #1031, #1710, #4309, .T. ) ;
#2436 = CARTESIAN_POINT ( 'NONE',  ( 285.0303245368926355, 39.37002125773896211, 1.688953228308696097 ) ) ;
#2437 = EDGE_CURVE ( 'NONE', #2882, #1682, #4042, .T. ) ;
#2438 = VERTEX_POINT ( 'NONE', #849 ) ;
#2439 = CARTESIAN_POINT ( 'NONE',  ( 411.8987652200347611, 8.833396272204540267, 4.999999999999944045 ) ) ;
#2440 = EDGE_CURVE ( 'NONE', #919, #2358, #1210, .T. ) ;
#2441 = DIRECTION ( 'NONE',  ( 1.000000000000000000, 0.000000000000000000, 0.000000000000000000 ) ) ;
#2442 = CARTESIAN_POINT ( 'NONE',  ( 275.5477171205869240, -31.46356117957974874, 4.999999999999960920 ) ) ;
#2443 = ADVANCED_FACE ( 'NONE', ( #3483 ), #889, .F. ) ;
#2444 = CARTESIAN_POINT ( 'NONE',  ( 269.1213264418286712, 38.87528275365498587, 5.119229221449805856 ) ) ;
#2445 = VECTOR ( 'NONE', #3637, 1000.000000000000000 ) ;
#2446 = CARTESIAN_POINT ( 'NONE',  ( 429.4487652200347725, -13.24200372779546697, 8.199999999999997513 ) ) ;
#2447 = ADVANCED_FACE ( 'NONE', ( #540 ), #604, .F. ) ;
#2448 = EDGE_LOOP ( 'NONE', ( #3905, #3927, #2255, #2321 ) ) ;
#2449 =( NAMED_UNIT ( * ) SI_UNIT ( $, .STERADIAN. ) SOLID_ANGLE_UNIT ( ) );
#2450 = EDGE_CURVE ( 'NONE', #575, #142, #2932, .T. ) ;
#2451 = CARTESIAN_POINT ( 'NONE',  ( 422.6902044470297710, 38.94011282184288092, 5.518316015858923507 ) ) ;
#2452 = VERTEX_POINT ( 'NONE', #1867 ) ;
#2453 = ORIENTED_EDGE ( 'NONE', *, *, #1047, .F. ) ;
#2454 = CARTESIAN_POINT ( 'NONE',  ( 267.2717916426231568, 32.48988810646797987, 5.744865690945681003 ) ) ;
#2455 = CARTESIAN_POINT ( 'NONE',  ( 270.4279939734963705, 39.25901119711960519, -1.506692776424097666E-09 ) ) ;
#2456 = VECTOR ( 'NONE', #1452, 1000.000000000000000 ) ;
#2457 = PLANE ( 'NONE',  #4218 ) ;
#2458 = CARTESIAN_POINT ( 'NONE',  ( 263.4487652200347725, 39.20711473797175728, -5.000000000000061284 ) ) ;
#2459 = ORIENTED_EDGE ( 'NONE', *, *, #1211, .T. ) ;
#2460 = CARTESIAN_POINT ( 'NONE',  ( 264.1491657135201194, -30.90573547797346876, 8.947943962257570050 ) ) ;
#2461 = CARTESIAN_POINT ( 'NONE',  ( 270.8148560937343632, 38.90640695812738414, 5.030619065144246171 ) ) ;
#2462 = LINE ( 'NONE', #2135, #2219 ) ;
#2463 = CARTESIAN_POINT ( 'NONE',  ( 400.4987652200347270, 36.20799627220453942, -5.000000000000059508 ) ) ;
#2464 = ORIENTED_EDGE ( 'NONE', *, *, #4323, .T. ) ;
#2465 = CARTESIAN_POINT ( 'NONE',  ( 263.4487652200347725, -29.49815833104757701, -5.000000000000022204 ) ) ;
#2466 = DIRECTION ( 'NONE',  ( -0.000000000000000000, -0.000000000000000000, 1.000000000000000000 ) ) ;
#2467 = CARTESIAN_POINT ( 'NONE',  ( 352.4987652200347270, 28.75799627220454013, -3.000000000000054623 ) ) ;
#2468 = CARTESIAN_POINT ( 'NONE',  ( 268.1809459154969204, 38.83797659674146274, 5.369601326828129295 ) ) ;
#2469 = LINE ( 'NONE', #1139, #3817 ) ;
#2470 = ORIENTED_EDGE ( 'NONE', *, *, #547, .T. ) ;
#2471 = PRODUCT_CONTEXT ( 'NONE', #1642, 'mechanical' ) ;
#2472 = FACE_OUTER_BOUND ( 'NONE', #4035, .T. ) ;
#2473 = ORIENTED_EDGE ( 'NONE', *, *, #2435, .T. ) ;
#2474 = ORIENTED_EDGE ( 'NONE', *, *, #3121, .F. ) ;
#2475 = CARTESIAN_POINT ( 'NONE',  ( 263.4487652200347156, 39.55799627220451953, -3.350261463275597443E-09 ) ) ;
#2476 = DIRECTION ( 'NONE',  ( -1.000000000000000000, -1.226999531788473599E-16, -0.000000000000000000 ) ) ;
#2477 = CARTESIAN_POINT ( 'NONE',  ( 263.4481735402231379, -31.05703464528416191, 9.098712177671885115 ) ) ;
#2478 = B_SPLINE_CURVE_WITH_KNOTS ( 'NONE', 3,
 ( #1148, #3053, #4046, #3735 ),
 .UNSPECIFIED., .F., .F.,
 ( 4, 4 ),
 ( 0.001811080657690802495, 0.005530727126499494078 ),
 .UNSPECIFIED. ) ;
#2479 = CARTESIAN_POINT ( 'NONE',  ( 416.4487652200347725, -28.69200372779545916, -4.000000000000022204 ) ) ;
#2480 = ORIENTED_EDGE ( 'NONE', *, *, #2706, .F. ) ;
#2481 = DIRECTION ( 'NONE',  ( -1.226999531788473599E-16, 1.000000000000000000, 0.000000000000000000 ) ) ;
#2482 = CARTESIAN_POINT ( 'NONE',  ( 272.0714450008226208, 38.92368340735296783, 5.033091758308919417 ) ) ;
#2483 = LINE ( 'NONE', #843, #3535 ) ;
#2484 = CARTESIAN_POINT ( 'NONE',  ( 411.8987652200347611, 28.83339627220454204, 4.999999999999931610 ) ) ;
#2485 = ORIENTED_EDGE ( 'NONE', *, *, #1261, .F. ) ;
#2486 = CARTESIAN_POINT ( 'NONE',  ( 414.6987652200347725, 19.33339627220454204, 4.999999999999936939 ) ) ;
#2487 = FACE_OUTER_BOUND ( 'NONE', #632, .T. ) ;
#2488 = CARTESIAN_POINT ( 'NONE',  ( 263.4487652865546465, -31.64236726839873270, -5.345663751404664765 ) ) ;
#2489 = CARTESIAN_POINT ( 'NONE',  ( 319.4487652200347725, 36.65799627220452805, 7.470345474798841474E-16 ) ) ;
#2490 = LINE ( 'NONE', #4158, #2545 ) ;
#2491 = ADVANCED_FACE ( 'NONE', ( #950 ), #2913, .T. ) ;
#2492 = CARTESIAN_POINT ( 'NONE',  ( 414.6987652200347725, 19.33339627220453494, -4.000000000000049738 ) ) ;
#2493 = AXIS2_PLACEMENT_3D ( 'NONE', #2793, #1142, #2402 ) ;
#2494 = VERTEX_POINT ( 'NONE', #3937 ) ;
#2495 = VECTOR ( 'NONE', #1369, 1000.000000000000000 ) ;
#2496 = ORIENTED_EDGE ( 'NONE', *, *, #3259, .T. ) ;
#2497 = CYLINDRICAL_SURFACE ( 'NONE', #939, 35.61202498550130002 ) ;
#2498 = CARTESIAN_POINT ( 'NONE',  ( 263.4889165627503758, -30.84910464532192975, -7.814916131518954145 ) ) ;
#2499 = EDGE_CURVE ( 'NONE', #3262, #2078, #1583, .T. ) ;
#2500 = VERTEX_POINT ( 'NONE', #2871 ) ;
#2501 = ORIENTED_EDGE ( 'NONE', *, *, #1155, .T. ) ;
#2502 = AXIS2_PLACEMENT_3D ( 'NONE', #3055, #2481, #109 ) ;
#2503 = LINE ( 'NONE', #1774, #2777 ) ;
#2504 = DIRECTION ( 'NONE',  ( -0.000000000000000000, -0.000000000000000000, 1.000000000000000000 ) ) ;
#2505 = ORIENTED_EDGE ( 'NONE', *, *, #2033, .F. ) ;
#2506 = CARTESIAN_POINT ( 'NONE',  ( 425.1973103716872515, 38.35920857040735399, -8.426024461065797055 ) ) ;
#2507 = CARTESIAN_POINT ( 'NONE',  ( 270.4487652200348293, 39.69129486213198277, 5.000000000000063061 ) ) ;
#2508 = CARTESIAN_POINT ( 'NONE',  ( 263.6914797068482130, -31.08317861182770869, -8.231654722508549682 ) ) ;
#2509 = CARTESIAN_POINT ( 'NONE',  ( 285.7487652254412183, -31.97603673750832343, -1.703407523312899352 ) ) ;
#2510 = CARTESIAN_POINT ( 'NONE',  ( 398.4987652200347270, -22.01700372779545845, -3.000000000000025313 ) ) ;
#2511 = ORIENTED_EDGE ( 'NONE', *, *, #3329, .T. ) ;
#2512 = ORIENTED_EDGE ( 'NONE', *, *, #1946, .T. ) ;
#2513 = EDGE_LOOP ( 'NONE', ( #1742, #218 ) ) ;
#2514 = AXIS2_PLACEMENT_3D ( 'NONE', #920, #1192, #2516 ) ;
#2515 = CARTESIAN_POINT ( 'NONE',  ( 264.2487652200347270, 32.01726914570501492, 5.000000000000009770 ) ) ;
#2516 = DIRECTION ( 'NONE',  ( 0.000000000000000000, -0.000000000000000000, 1.000000000000000000 ) ) ;
#2517 = CARTESIAN_POINT ( 'NONE',  ( 263.4889165627503758, -30.66338246760313879, 8.995833398923830160 ) ) ;
#2518 = ORIENTED_EDGE ( 'NONE', *, *, #3337, .T. ) ;
#2519 = ORIENTED_EDGE ( 'NONE', *, *, #997, .F. ) ;
#2520 =( BOUNDED_SURFACE ( )  B_SPLINE_SURFACE ( 3, 1, ( 
 ( #3113, #2727 ),
 ( #2076, #1763 ),
 ( #78, #3137 ),
 ( #154, #813 ) ),
 .UNSPECIFIED., .F., .F., .F. ) 
 B_SPLINE_SURFACE_WITH_KNOTS ( ( 4, 4 ),
 ( 2, 2 ),
 ( 0.000000000000000000, 1.000000000000000000 ),
 ( 0.000000000000000000, 1.000000000000000000 ),
 .UNSPECIFIED. ) 
 GEOMETRIC_REPRESENTATION_ITEM ( )  RATIONAL_B_SPLINE_SURFACE ( (
 ( 1.000000000000000000, 1.000000000000000000),
 ( 0.3333333333333329263, 0.3333333333333329263),
 ( 0.3333333333333329263, 0.3333333333333329263),
 ( 1.000000000000000000, 1.000000000000000000) ) ) 
 REPRESENTATION_ITEM ( '' )  SURFACE ( )  );
#2521 = DIRECTION ( 'NONE',  ( -0.000000000000000000, 1.000000000000000000, 2.115516434118057709E-16 ) ) ;
#2522 = CARTESIAN_POINT ( 'NONE',  ( 425.4487652200347725, 20.75799627220454013, -4.000000000000050626 ) ) ;
#2523 = CARTESIAN_POINT ( 'NONE',  ( 266.8601955701311681, 32.44040207217719995, -5.985234841685564078 ) ) ;
#2524 = EDGE_LOOP ( 'NONE', ( #1286, #1205, #3364, #128, #3967, #3481, #3241 ) ) ;
#2525 = CARTESIAN_POINT ( 'NONE',  ( 280.6477045604141836, -31.50127660123860096, -5.000000000000014211 ) ) ;
#2526 = CARTESIAN_POINT ( 'NONE',  ( 409.4487652200347725, -24.00127660129596663, 5.000000000000009770 ) ) ;
#2527 = AXIS2_PLACEMENT_3D ( 'NONE', #24, #3627, #3653 ) ;
#2528 = CARTESIAN_POINT ( 'NONE',  ( 276.6050914670577754, -31.45391074711067247, -5.070177401609929468 ) ) ;
#2529 = DIRECTION ( 'NONE',  ( 7.186848259333761210E-32, -5.857254280169296935E-16, -1.000000000000000000 ) ) ;
#2530 = ORIENTED_EDGE ( 'NONE', *, *, #2855, .F. ) ;
#2531 = ORIENTED_EDGE ( 'NONE', *, *, #2573, .F. ) ;
#2532 = EDGE_CURVE ( 'NONE', #2882, #3640, #3253, .T. ) ;
#2533 = CARTESIAN_POINT ( 'NONE',  ( 265.6826936620904576, -31.13513229776622637, -6.862864924997142957 ) ) ;
#2534 = EDGE_CURVE ( 'NONE', #4212, #3025, #1907, .T. ) ;
#2535 = DIRECTION ( 'NONE',  ( -0.000000000000000000, -0.000000000000000000, 1.000000000000000000 ) ) ;
#2536 = ORIENTED_EDGE ( 'NONE', *, *, #2123, .T. ) ;
#2537 = VECTOR ( 'NONE', #4000, 1000.000000000000000 ) ;
#2538 = EDGE_LOOP ( 'NONE', ( #47, #941, #4284, #1234, #576, #1265 ) ) ;
#2539 = CARTESIAN_POINT ( 'NONE',  ( 429.4487652200347725, 20.75799627220454013, -8.199999999999999289 ) ) ;
#2540 = CYLINDRICAL_SURFACE ( 'NONE', #591, 5.000000000000000000 ) ;
#2541 = CARTESIAN_POINT ( 'NONE',  ( 339.0347567193427381, 34.19240393505462094, -5.000000000000056843 ) ) ;
#2542 = CIRCLE ( 'NONE', #3090, 35.79999999999999716 ) ;
#2543 = ADVANCED_FACE ( 'NONE', ( #4213 ), #3605, .F. ) ;
#2544 = CARTESIAN_POINT ( 'NONE',  ( 410.4487652200347725, -24.00127660129596663, 5.000000000000009770 ) ) ;
#2545 = VECTOR ( 'NONE', #1528, 1000.000000000000000 ) ;
#2546 = ORIENTED_EDGE ( 'NONE', *, *, #2391, .T. ) ;
#2547 =( BOUNDED_CURVE ( )  B_SPLINE_CURVE ( 3, ( #1279, #3585, #607, #3963 ),
 .UNSPECIFIED., .F., .T. ) 
 B_SPLINE_CURVE_WITH_KNOTS ( ( 4, 4 ),
 ( 0.000000000000000000, 3.141592653589790896 ),
 .UNSPECIFIED. ) 
 CURVE ( )  GEOMETRIC_REPRESENTATION_ITEM ( )  RATIONAL_B_SPLINE_CURVE ( ( 1.000000000000000000, 0.3333333333333341475, 0.3333333333333341475, 1.000000000000000000 ) ) 
 REPRESENTATION_ITEM ( '' )  );
#2548 = DIRECTION ( 'NONE',  ( 0.000000000000000000, -0.000000000000000000, 1.000000000000000000 ) ) ;
#2549 = DIRECTION ( 'NONE',  ( 1.000000000000000000, 0.000000000000000000, 0.000000000000000000 ) ) ;
#2550 = ADVANCED_FACE ( 'NONE', ( #2892 ), #3275, .F. ) ;
#2551 = CARTESIAN_POINT ( 'NONE',  ( 272.0714450008227345, -31.88775238023720959, -1.699199091582688448 ) ) ;
#2552 = CYLINDRICAL_SURFACE ( 'NONE', #3300, 0.8000000000000229150 ) ;
#2553 = ORIENTED_EDGE ( 'NONE', *, *, #3527, .T. ) ;
#2554 = ORIENTED_EDGE ( 'NONE', *, *, #4151, .T. ) ;
#2555 = ORIENTED_EDGE ( 'NONE', *, *, #3337, .F. ) ;
#2556 = CARTESIAN_POINT ( 'NONE',  ( 411.8987684432514698, -20.66660875104113160, 4.999999999999960920 ) ) ;
#2557 = DIRECTION ( 'NONE',  ( 0.000000000000000000, 1.000000000000000000, 0.000000000000000000 ) ) ;
#2558 = VERTEX_POINT ( 'NONE', #3854 ) ;
#2559 = ORIENTED_EDGE ( 'NONE', *, *, #165, .T. ) ;
#2560 = CARTESIAN_POINT ( 'NONE',  ( 310.3994845112277972, 38.21726914570503908, 5.000000000000009770 ) ) ;
#2561 = CARTESIAN_POINT ( 'NONE',  ( 263.4487652200347725, -32.04200372779548900, 3.350541378678490709E-09 ) ) ;
#2562 = EDGE_CURVE ( 'NONE', #3042, #1926, #1241, .T. ) ;
#2563 = PLANE ( 'NONE',  #3679 ) ;
#2564 = DIRECTION ( 'NONE',  ( -1.000000000000000000, 0.000000000000000000, 0.000000000000000000 ) ) ;
#2565 = VERTEX_POINT ( 'NONE', #2220 ) ;
#2566 = VECTOR ( 'NONE', #382, 1000.000000000000000 ) ;
#2567 = CARTESIAN_POINT ( 'NONE',  ( 270.4279940190704110, 38.90513869438508010, -4.999999109074598103 ) ) ;
#2568 = EDGE_CURVE ( 'NONE', #3202, #3942, #2006, .T. ) ;
#2569 = CARTESIAN_POINT ( 'NONE',  ( 263.6914796308539621, 38.59917120130259605, -8.231654532703879923 ) ) ;
#2570 = AXIS2_PLACEMENT_3D ( 'NONE', #1701, #1288, #619 ) ;
#2571 = CARTESIAN_POINT ( 'NONE',  ( 281.5976034109485227, -31.48447527410172597, -5.074578400793414268 ) ) ;
#2572 = CARTESIAN_POINT ( 'NONE',  ( 313.7994845112278313, 3.757996272204525923, 0.000000000000000000 ) ) ;
#2573 = EDGE_CURVE ( 'NONE', #2807, #2494, #2990, .T. ) ;
#2574 = VERTEX_POINT ( 'NONE', #4025 ) ;
#2575 = ADVANCED_FACE ( 'NONE', ( #1688 ), #1760, .F. ) ;
#2576 = ORIENTED_EDGE ( 'NONE', *, *, #1503, .F. ) ;
#2577 = EDGE_CURVE ( 'NONE', #590, #2836, #4310, .T. ) ;
#2578 = CARTESIAN_POINT ( 'NONE',  ( 352.4987652200347270, 28.75799627220454013, -5.000000000000055067 ) ) ;
#2579 = CARTESIAN_POINT ( 'NONE',  ( 336.4487652200347725, 34.99240393505462521, 5.000000000000009770 ) ) ;
#2580 = ORIENTED_EDGE ( 'NONE', *, *, #3523, .F. ) ;
#2581 = ORIENTED_EDGE ( 'NONE', *, *, #2069, .F. ) ;
#2582 = AXIS2_PLACEMENT_3D ( 'NONE', #1984, #3688, #1959 ) ;
#2583 = CARTESIAN_POINT ( 'NONE',  ( 263.4487652200347725, 32.62822315042629384, -5.000000000000056843 ) ) ;
#2584 = CARTESIAN_POINT ( 'NONE',  ( 411.8987652200347611, 19.33339627220453849, -4.000000000000048850 ) ) ;
#2585 = LINE ( 'NONE', #966, #1589 ) ;
#2586 = AXIS2_PLACEMENT_3D ( 'NONE', #1610, #2636, #1837 ) ;
#2587 = LINE ( 'NONE', #3912, #1476 ) ;
#2588 = AXIS2_PLACEMENT_3D ( 'NONE', #715, #1067, #2020 ) ;
#2589 = ORIENTED_EDGE ( 'NONE', *, *, #2069, .T. ) ;
#2590 = CARTESIAN_POINT ( 'NONE',  ( 264.1491657135348987, 38.42172802239043250, -8.947943962227009607 ) ) ;
#2591 = CARTESIAN_POINT ( 'NONE',  ( 263.4889165627503758, 39.15902001950345124, 1.840755470824484874 ) ) ;
#2592 = VECTOR ( 'NONE', #3363, 1000.000000000000000 ) ;
#2593 = ADVANCED_FACE ( 'NONE', ( #2346 ), #330, .F. ) ;
#2594 = CARTESIAN_POINT ( 'NONE',  ( 272.0714450008226777, -31.40341081334460682, 5.062905894740444168 ) ) ;
#2595 = CARTESIAN_POINT ( 'NONE',  ( 411.8987652200347611, -0.6666037277954560691, 4.999999999999948486 ) ) ;
#2596 = EDGE_CURVE ( 'NONE', #2084, #684, #2041, .T. ) ;
#2597 = CARTESIAN_POINT ( 'NONE',  ( 415.4487652200347725, 20.75799627220454013, -5.000000000000020428 ) ) ;
#2598 = VERTEX_POINT ( 'NONE', #969 ) ;
#2599 = EDGE_LOOP ( 'NONE', ( #3852, #329, #1331, #3780 ) ) ;
#2600 = CARTESIAN_POINT ( 'NONE',  ( 270.4418414259054657, 38.90534643274681770, -5.000000000000060396 ) ) ;
#2601 = CARTESIAN_POINT ( 'NONE',  ( 263.5062561034787905, 37.84232115300006427, 10.96283850000023286 ) ) ;
#2602 = EDGE_LOOP ( 'NONE', ( #3209, #309, #164, #3667 ) ) ;
#2603 = EDGE_LOOP ( 'NONE', ( #1380, #3153 ) ) ;
#2604 = CARTESIAN_POINT ( 'NONE',  ( 263.4487652200347156, -23.81406754809518134, -5.000000000000026645 ) ) ;
#2605 = DIRECTION ( 'NONE',  ( -1.000000000000000000, -1.226999531788473599E-16, -0.000000000000000000 ) ) ;
#2606 = LINE ( 'NONE', #945, #1283 ) ;
#2607 = CARTESIAN_POINT ( 'NONE',  ( 336.4487652200347725, 33.39240393505461668, -34.99999999999999289 ) ) ;
#2608 = CARTESIAN_POINT ( 'NONE',  ( 425.3269693052709499, -30.72653135754810805, 8.891566255828497134 ) ) ;
#2609 = ORIENTED_EDGE ( 'NONE', *, *, #2883, .F. ) ;
#2610 = DIRECTION ( 'NONE',  ( 0.000000000000000000, -1.000000000000000000, 5.857254280169296935E-16 ) ) ;
#2611 = LINE ( 'NONE', #562, #3698 ) ;
#2612 = CARTESIAN_POINT ( 'NONE',  ( 285.0303245368926355, -31.97603673750671760, 1.703407523289721892 ) ) ;
#2613 = DIRECTION ( 'NONE',  ( -1.226999531788473599E-16, 1.000000000000000000, 0.000000000000000000 ) ) ;
#2614 = CARTESIAN_POINT ( 'NONE',  ( 414.6987598863348694, -20.66659870454967063, 17.99999999999997513 ) ) ;
#2615 = EDGE_LOOP ( 'NONE', ( #2589, #3441, #2769, #4268, #3722, #4285, #3514, #1570, #3730, #1318, #3266, #2903, #1522, #2555, #3634, #2641, #2415, #3661, #3444, #4087, #468, #981, #2616, #2911 ) ) ;
#2616 = ORIENTED_EDGE ( 'NONE', *, *, #1187, .T. ) ;
#2617 = EDGE_CURVE ( 'NONE', #1926, #1012, #3676, .T. ) ;
#2618 = LINE ( 'NONE', #979, #2647 ) ;
#2619 = CARTESIAN_POINT ( 'NONE',  ( 263.4481735402231379, -31.61312613952003403, -5.562796026929644810 ) ) ;
#2620 = ORIENTED_EDGE ( 'NONE', *, *, #4261, .F. ) ;
#2621 = EDGE_CURVE ( 'NONE', #2132, #4188, #2017, .T. ) ;
#2622 = ORIENTED_EDGE ( 'NONE', *, *, #2724, .F. ) ;
#2623 = DIRECTION ( 'NONE',  ( -2.449021377849609204E-16, 1.000000000000000000, 0.000000000000000000 ) ) ;
#2624 = DIRECTION ( 'NONE',  ( 1.000000000000000000, 0.000000000000000000, 0.000000000000000000 ) ) ;
#2625 = ADVANCED_FACE ( 'NONE', ( #3719 ), #20, .F. ) ;
#2626 = VECTOR ( 'NONE', #371, 1000.000000000000000 ) ;
#2627 = DIRECTION ( 'NONE',  ( -1.000000000000000000, -2.449021377849609204E-16, 0.000000000000000000 ) ) ;
#2628 = LINE ( 'NONE', #967, #2626 ) ;
#2629 = VERTEX_POINT ( 'NONE', #2994 ) ;
#2630 = AXIS2_PLACEMENT_3D ( 'NONE', #4194, #3562, #3914 ) ;
#2631 = VECTOR ( 'NONE', #3023, 1000.000000000000000 ) ;
#2632 = LINE ( 'NONE', #2308, #346 ) ;
#2633 = CARTESIAN_POINT ( 'NONE',  ( 350.4987652200347270, 32.75799627220455079, -5.000000000000057732 ) ) ;
#2634 = CARTESIAN_POINT ( 'NONE',  ( 314.4487652200347156, -0.8512766012959865902, 1.400000000000009681 ) ) ;
#2635 = AXIS2_PLACEMENT_3D ( 'NONE', #2664, #2623, #3998 ) ;
#2636 = DIRECTION ( 'NONE',  ( -0.000000000000000000, 1.000000000000000000, 0.000000000000000000 ) ) ;
#2637 = ORIENTED_EDGE ( 'NONE', *, *, #846, .T. ) ;
#2638 = ORIENTED_EDGE ( 'NONE', *, *, #1047, .T. ) ;
#2639 = CARTESIAN_POINT ( 'NONE',  ( 263.5007503388604277, -31.26866443177953059, 7.402878608374093616 ) ) ;
#2640 = CARTESIAN_POINT ( 'NONE',  ( 411.8987771621974616, -23.09660875102552779, 4.999999999999962697 ) ) ;
#2641 = ORIENTED_EDGE ( 'NONE', *, *, #3889, .F. ) ;
#2642 = ORIENTED_EDGE ( 'NONE', *, *, #1123, .F. ) ;
#2643 = CARTESIAN_POINT ( 'NONE',  ( 263.4487652200347725, -21.21774143225099252, -12.00000000000002487 ) ) ;
#2644 = CARTESIAN_POINT ( 'NONE',  ( 425.4487652200347725, 37.93717595176923396, 10.00000000000006217 ) ) ;
#2645 = DIRECTION ( 'NONE',  ( -1.000000000000000000, -1.226999531788473846E-16, 0.000000000000000000 ) ) ;
#2646 = CARTESIAN_POINT ( 'NONE',  ( 285.7487652200347270, 3.757996272204522370, 0.000000000000000000 ) ) ;
#2647 = VECTOR ( 'NONE', #1052, 1000.000000000000000 ) ;
#2648 = LINE ( 'NONE', #3012, #539 ) ;
#2649 = EDGE_LOOP ( 'NONE', ( #2205, #2923 ) ) ;
#2650 = CARTESIAN_POINT ( 'NONE',  ( 263.4487652200347725, 31.20136906746481387, 12.00000000000005151 ) ) ;
#2651 = FACE_BOUND ( 'NONE', #1913, .T. ) ;
#2652 = VECTOR ( 'NONE', #2976, 1000.000000000000000 ) ;
#2653 = DIRECTION ( 'NONE',  ( 7.186848259333761210E-32, -5.857254280169296935E-16, -1.000000000000000000 ) ) ;
#2654 = CARTESIAN_POINT ( 'NONE',  ( 276.6050914670577754, 38.97418948826987872, -5.040320445115212600 ) ) ;
#2655 = CARTESIAN_POINT ( 'NONE',  ( 414.6987652200347156, 1.763396272204567516, -4.000000000000039968 ) ) ;
#2656 =( BOUNDED_SURFACE ( )  B_SPLINE_SURFACE ( 3, 1, ( 
 ( #52, #1390 ),
 ( #2722, #4057 ),
 ( #520, #4080 ),
 ( #190, #2812 ) ),
 .UNSPECIFIED., .F., .F., .F. ) 
 B_SPLINE_SURFACE_WITH_KNOTS ( ( 4, 4 ),
 ( 2, 2 ),
 ( 0.000000000000000000, 1.000000000000000000 ),
 ( 0.000000000000000000, 1.000000000000000000 ),
 .UNSPECIFIED. ) 
 GEOMETRIC_REPRESENTATION_ITEM ( )  RATIONAL_B_SPLINE_SURFACE ( (
 ( 1.000000000000000000, 1.000000000000000000),
 ( 0.3333333333333324822, 0.3333333333333324822),
 ( 0.3333333333333324822, 0.3333333333333324822),
 ( 1.000000000000000000, 1.000000000000000000) ) ) 
 REPRESENTATION_ITEM ( '' )  SURFACE ( )  );
#2657 = CARTESIAN_POINT ( 'NONE',  ( 263.4487652200347725, 39.55799627232232041, 1.672133535927887049 ) ) ;
#2658 = VERTEX_POINT ( 'NONE', #3624 ) ;
#2659 = CARTESIAN_POINT ( 'NONE',  ( 315.4987652200347270, -14.84200372779544530, -1.500000000000029532 ) ) ;
#2660 = CARTESIAN_POINT ( 'NONE',  ( 281.5976034109485227, 39.36393884697713474, 0.000000000000000000 ) ) ;
#2661 = VERTEX_POINT ( 'NONE', #4 ) ;
#2662 = ADVANCED_FACE ( 'NONE', ( #355 ), #1969, .F. ) ;
#2663 = EDGE_LOOP ( 'NONE', ( #1828, #2717, #3127, #2863, #2842 ) ) ;
#2664 = CARTESIAN_POINT ( 'NONE',  ( 409.4487652200347725, 32.69872339870403977, 1.800000000000009592 ) ) ;
#2665 = EDGE_CURVE ( 'NONE', #57, #745, #1360, .T. ) ;
#2666 = DIRECTION ( 'NONE',  ( -7.186848259333761210E-32, 0.000000000000000000, 1.000000000000000000 ) ) ;
#2667 = DIRECTION ( 'NONE',  ( 0.000000000000000000, -1.000000000000000000, 0.000000000000000000 ) ) ;
#2668 = ORIENTED_EDGE ( 'NONE', *, *, #1165, .F. ) ;
#2669 = CARTESIAN_POINT ( 'NONE',  ( 314.4487652200347156, 32.01726914570501492, 0.2000000000000100586 ) ) ;
#2670 = CARTESIAN_POINT ( 'NONE',  ( 263.4484693801289836, 39.41544226452980126, 3.723281313843414431 ) ) ;
#2671 = FACE_OUTER_BOUND ( 'NONE', #2984, .T. ) ;
#2672 = CARTESIAN_POINT ( 'NONE',  ( 264.3104509005080445, -24.25314171352560777, -8.604000230614529343 ) ) ;
#2673 = MECHANICAL_DESIGN_GEOMETRIC_PRESENTATION_REPRESENTATION (  '', ( #89 ), #3439 ) ;
#2674 = ADVANCED_FACE ( 'NONE', ( #3036 ), #2062, .F. ) ;
#2675 = CARTESIAN_POINT ( 'NONE',  ( 263.4487652200347725, 28.73373397665998752, 12.00000000000004796 ) ) ;
#2676 = CARTESIAN_POINT ( 'NONE',  ( 270.4487652200348293, -26.25127660129598794, 4.999999999999974243 ) ) ;
#2677 = VECTOR ( 'NONE', #4229, 1000.000000000000000 ) ;
#2678 = CARTESIAN_POINT ( 'NONE',  ( 411.8987652200347611, 8.833396272204540267, 4.999999999999944045 ) ) ;
#2679 = CARTESIAN_POINT ( 'NONE',  ( 374.4987652200347270, -21.24200372779546342, -3.000000000000026201 ) ) ;
#2680 = ORIENTED_EDGE ( 'NONE', *, *, #2131, .T. ) ;
#2681 = CARTESIAN_POINT ( 'NONE',  ( 263.4487652200347725, -31.69112219356272320, 4.999999999999966249 ) ) ;
#2682 = DIRECTION ( 'NONE',  ( 8.676196894403482928E-17, -0.7071067811865474617, -0.7071067811865475727 ) ) ;
#2683 = ORIENTED_EDGE ( 'NONE', *, *, #1979, .F. ) ;
#2684 = ORIENTED_EDGE ( 'NONE', *, *, #1792, .F. ) ;
#2685 = CARTESIAN_POINT ( 'NONE',  ( 414.6987652200347725, 8.833396272204538491, -4.000000000000045297 ) ) ;
#2686 = CYLINDRICAL_SURFACE ( 'NONE', #2952, 29.30000000000000071 ) ;
#2687 = PLANE ( 'NONE',  #1002 ) ;
#2688 = CARTESIAN_POINT ( 'NONE',  ( 410.4487652200347725, -24.00127660129596663, 5.000000000000009770 ) ) ;
#2689 = ORIENTED_EDGE ( 'NONE', *, *, #671, .F. ) ;
#2690 = EDGE_CURVE ( 'NONE', #2433, #1406, #2221, .T. ) ;
#2691 = CARTESIAN_POINT ( 'NONE',  ( 263.4487652200348293, -30.15638122896191575, 11.47872472654424669 ) ) ;
#2692 = CARTESIAN_POINT ( 'NONE',  ( 263.4481735402231379, 38.75839102116565016, 7.920073460624284856 ) ) ;
#2693 = VECTOR ( 'NONE', #3792, 1000.000000000000000 ) ;
#2694 = LINE ( 'NONE', #3346, #642 ) ;
#2695 = CARTESIAN_POINT ( 'NONE',  ( 263.6914876478240330, 38.59914091226376343, 8.231796892430205403 ) ) ;
#2696 = ADVANCED_FACE ( 'NONE', ( #2757 ), #3828, .F. ) ;
#2697 = CARTESIAN_POINT ( 'NONE',  ( 274.2068737731543706, 39.18850243188079929, -3.367789290374115563 ) ) ;
#2698 = CARTESIAN_POINT ( 'NONE',  ( 425.4487652200347725, 19.57527016933098807, 9.382726102873547802 ) ) ;
#2699 = CARTESIAN_POINT ( 'NONE',  ( 416.4487652200347725, -28.69200372779545916, -5.000000000000022204 ) ) ;
#2700 = DIRECTION ( 'NONE',  ( 1.000000000000000000, 0.000000000000000000, 0.000000000000000000 ) ) ;
#2701 = DIRECTION ( 'NONE',  ( -0.000000000000000000, -1.000000000000000000, 5.724587470723463412E-16 ) ) ;
#2702 = EDGE_CURVE ( 'NONE', #1705, #2658, #2155, .T. ) ;
#2703 = ORIENTED_EDGE ( 'NONE', *, *, #370, .T. ) ;
#2704 = CARTESIAN_POINT ( 'NONE',  ( 400.4987652200347270, 36.20799627220453942, -4.000000000000058620 ) ) ;
#2705 = DIRECTION ( 'NONE',  ( 1.226999531788473599E-16, -1.000000000000000000, -1.366692665372836214E-15 ) ) ;
#2706 = EDGE_CURVE ( 'NONE', #2297, #3555, #3786, .T. ) ;
#2707 = ORIENTED_EDGE ( 'NONE', *, *, #3066, .F. ) ;
#2708 = ORIENTED_EDGE ( 'NONE', *, *, #709, .F. ) ;
#2709 = FACE_OUTER_BOUND ( 'NONE', #1330, .T. ) ;
#2710 = CYLINDRICAL_SURFACE ( 'NONE', #1354, 1.600000000000000755 ) ;
#2711 = EDGE_CURVE ( 'NONE', #1962, #180, #1127, .T. ) ;
#2712 = DIRECTION ( 'NONE',  ( -0.000000000000000000, -1.000000000000000000, 5.832259962335817771E-16 ) ) ;
#2713 = ORIENTED_EDGE ( 'NONE', *, *, #3925, .T. ) ;
#2714 = CARTESIAN_POINT ( 'NONE',  ( 261.4487652200347156, -0.8512766012959865902, 1.400000000000009681 ) ) ;
#2715 = CARTESIAN_POINT ( 'NONE',  ( 263.4484693801289836, 38.94086606034426268, 6.740881264047936305 ) ) ;
#2716 = FACE_BOUND ( 'NONE', #1752, .T. ) ;
#2717 = ORIENTED_EDGE ( 'NONE', *, *, #2146, .T. ) ;
#2718 = CARTESIAN_POINT ( 'NONE',  ( 414.6987652200347725, 8.833396272204542043, 4.999999999999944045 ) ) ;
#2719 = CARTESIAN_POINT ( 'NONE',  ( 272.0714450008226208, 38.92368340735686871, -5.033091758281668326 ) ) ;
#2720 = CARTESIAN_POINT ( 'NONE',  ( 263.4487652200347725, -25.90667613576827222, 11.99999999999997335 ) ) ;
#2721 = EDGE_CURVE ( 'NONE', #1821, #2297, #3079, .T. ) ;
#2722 = CARTESIAN_POINT ( 'NONE',  ( 411.8987652200348180, 31.26339627220458439, 4.999999999999929834 ) ) ;
#2723 = AXIS2_PLACEMENT_3D ( 'NONE', #2018, #1321, #311 ) ;
#2724 = EDGE_CURVE ( 'NONE', #2132, #3051, #1869, .T. ) ;
#2725 = CARTESIAN_POINT ( 'NONE',  ( 411.8987668890957252, -11.16660390295199434, 4.999999999999953815 ) ) ;
#2726 = EDGE_LOOP ( 'NONE', ( #2293, #3531, #3753, #3167 ) ) ;
#2727 = CARTESIAN_POINT ( 'NONE',  ( 411.8987668890957252, -11.16660390295199967, -4.000000000000031086 ) ) ;
#2728 = EDGE_LOOP ( 'NONE', ( #3899, #507, #723, #1095 ) ) ;
#2729 = ORIENTED_EDGE ( 'NONE', *, *, #2129, .F. ) ;
#2730 = DIRECTION ( 'NONE',  ( 1.000000000000000000, 0.000000000000000000, 0.000000000000000000 ) ) ;
#2731 = CARTESIAN_POINT ( 'NONE',  ( 264.1491657135348987, 38.42172802239043250, -8.947943962227009607 ) ) ;
#2732 = AXIS2_PLACEMENT_3D ( 'NONE', #3684, #718, #3307 ) ;
#2733 = DIRECTION ( 'NONE',  ( 1.000000000000000000, 1.226999531788473599E-16, 0.000000000000000000 ) ) ;
#2734 = VERTEX_POINT ( 'NONE', #494 ) ;
#2735 = DIRECTION ( 'NONE',  ( -0.000000000000000000, -0.000000000000000000, 1.000000000000000000 ) ) ;
#2736 = CARTESIAN_POINT ( 'NONE',  ( 263.4481735402231379, 38.94499601004696387, -6.733542824993352660 ) ) ;
#2737 = CARTESIAN_POINT ( 'NONE',  ( 270.4487652200348293, 32.62822315042630805, -5.000000000000057732 ) ) ;
#2738 = ORIENTED_EDGE ( 'NONE', *, *, #2388, .F. ) ;
#2739 = CARTESIAN_POINT ( 'NONE',  ( 374.4987652200347270, 28.75799627220454013, -3.000000000000054623 ) ) ;
#2740 = CARTESIAN_POINT ( 'NONE',  ( 263.4487652200347725, 31.33006009250419055, 12.00000000000004974 ) ) ;
#2741 = CARTESIAN_POINT ( 'NONE',  ( 411.8987652200347611, 28.83339627220454204, -4.000000000000055955 ) ) ;
#2742 = CARTESIAN_POINT ( 'NONE',  ( 259.4487652200347725, 3.757996272204519261, -2.174747558998717680E-14 ) ) ;
#2743 = ORIENTED_EDGE ( 'NONE', *, *, #674, .T. ) ;
#2744 = CARTESIAN_POINT ( 'NONE',  ( 263.4487652200347725, -22.97194948157507710, -12.00000000000002842 ) ) ;
#2745 = CARTESIAN_POINT ( 'NONE',  ( 424.2415951894346335, 38.72996349091320667, 6.725628552859089559 ) ) ;
#2746 = CIRCLE ( 'NONE', #3863, 35.61202498550130713 ) ;
#2747 = VERTEX_POINT ( 'NONE', #1797 ) ;
#2748 = EDGE_CURVE ( 'NONE', #4166, #2931, #2824, .T. ) ;
#2749 = VERTEX_POINT ( 'NONE', #2175 ) ;
#2750 = CARTESIAN_POINT ( 'NONE',  ( 269.9739541181323261, 32.62822315042630805, 5.000000000000054179 ) ) ;
#2751 = ADVANCED_FACE ( 'NONE', ( #3763 ), #1472, .T. ) ;
#2752 = CARTESIAN_POINT ( 'NONE',  ( 264.1491657135348987, 38.42172802239043250, -8.947943962227009607 ) ) ;
#2753 = CARTESIAN_POINT ( 'NONE',  ( 263.4484693801289836, -31.89944972015822700, -3.723281313855531849 ) ) ;
#2754 = ADVANCED_FACE ( 'NONE', ( #3497 ), #448, .F. ) ;
#2755 = CARTESIAN_POINT ( 'NONE',  ( 411.8987652200347611, 8.833396272204549149, 17.99999999999995381 ) ) ;
#2756 = ORIENTED_EDGE ( 'NONE', *, *, #2259, .F. ) ;
#2757 = FACE_OUTER_BOUND ( 'NONE', #774, .T. ) ;
#2758 = EDGE_CURVE ( 'NONE', #4100, #1602, #1135, .T. ) ;
#2759 = CARTESIAN_POINT ( 'NONE',  ( 319.4487652200347725, 35.05799627220453374, 5.510910596163077723E-16 ) ) ;
#2760 = DIRECTION ( 'NONE',  ( -1.000000000000000000, 0.000000000000000000, 0.000000000000000000 ) ) ;
#2761 = EDGE_CURVE ( 'NONE', #116, #2010, #1402, .T. ) ;
#2762 = ORIENTED_EDGE ( 'NONE', *, *, #3774, .F. ) ;
#2763 = PLANE ( 'NONE',  #2026 ) ;
#2764 = EDGE_CURVE ( 'NONE', #3283, #1834, #3429, .T. ) ;
#2765 = CARTESIAN_POINT ( 'NONE',  ( 270.4487652200348293, -29.29704654648532269, -5.000000000000022204 ) ) ;
#2766 = CARTESIAN_POINT ( 'NONE',  ( 319.4487652200347725, 36.65799627220452805, 7.470345474798853307E-16 ) ) ;
#2767 = CARTESIAN_POINT ( 'NONE',  ( 266.4404101935409699, 38.72345204615369596, 6.252108919388134289 ) ) ;
#2768 = DIRECTION ( 'NONE',  ( 0.000000000000000000, -1.000000000000000000, 5.857254280169296935E-16 ) ) ;
#2769 = ORIENTED_EDGE ( 'NONE', *, *, #488, .F. ) ;
#2770 = CARTESIAN_POINT ( 'NONE',  ( 352.4987652200347270, -21.24200372779546342, -5.000000000000025757 ) ) ;
#2771 = LINE ( 'NONE', #4110, #2969 ) ;
#2772 = VERTEX_POINT ( 'NONE', #4167 ) ;
#2773 = VECTOR ( 'NONE', #4031, 1000.000000000000000 ) ;
#2774 = ORIENTED_EDGE ( 'NONE', *, *, #1986, .T. ) ;
#2775 = CARTESIAN_POINT ( 'NONE',  ( 270.4487652200348293, 32.62822315042630095, 5.000000000000054179 ) ) ;
#2776 = DIRECTION ( 'NONE',  ( 1.000000000000000000, 0.000000000000000000, 0.000000000000000000 ) ) ;
#2777 = VECTOR ( 'NONE', #2133, 1000.000000000000000 ) ;
#2778 = DIRECTION ( 'NONE',  ( 7.186848259333761210E-32, -5.857254280169296935E-16, -1.000000000000000000 ) ) ;
#2779 = CARTESIAN_POINT ( 'NONE',  ( 263.4487652200348293, -31.23913323712792334, -7.902991718697864876 ) ) ;
#2780 = ORIENTED_EDGE ( 'NONE', *, *, #818, .F. ) ;
#2781 = CARTESIAN_POINT ( 'NONE',  ( 270.4279940190704110, -31.38914614997599628, 4.999999109074518167 ) ) ;
#2782 = CARTESIAN_POINT ( 'NONE',  ( 263.4487652200347725, 3.757996272204519705, -2.174747558998717680E-14 ) ) ;
#2783 = CARTESIAN_POINT ( 'NONE',  ( 411.8987668890957252, -11.16660390295198901, 4.999999999999953815 ) ) ;
#2784 = ORIENTED_EDGE ( 'NONE', *, *, #3597, .F. ) ;
#2785 = PLANE ( 'NONE',  #1471 ) ;
#2786 = CARTESIAN_POINT ( 'NONE',  ( 414.6987652200347725, 28.83339627220453849, -4.000000000000055955 ) ) ;
#2787 = LINE ( 'NONE', #1848, #564 ) ;
#2788 = CARTESIAN_POINT ( 'NONE',  ( 411.8987652200347611, 8.833396272204540267, -4.000000000000043521 ) ) ;
#2789 = CARTESIAN_POINT ( 'NONE',  ( 264.2487652200347270, 32.01726914570501492, 0.2000000000000100586 ) ) ;
#2790 = ORIENTED_EDGE ( 'NONE', *, *, #709, .T. ) ;
#2791 = CARTESIAN_POINT ( 'NONE',  ( 411.8987665850734174, -8.736603902951985745, -4.000000000000032863 ) ) ;
#2792 = VECTOR ( 'NONE', #4278, 1000.000000000000000 ) ;
#2793 = CARTESIAN_POINT ( 'NONE',  ( 429.4487652200347725, 3.757996272204540134, 0.000000000000000000 ) ) ;
#2794 = VECTOR ( 'NONE', #740, 1000.000000000000000 ) ;
#2795 = ORIENTED_EDGE ( 'NONE', *, *, #771, .T. ) ;
#2796 = ORIENTED_EDGE ( 'NONE', *, *, #3495, .T. ) ;
#2797 = CARTESIAN_POINT ( 'NONE',  ( 263.4487652200348293, 30.68218170610050066, 11.56733199060469630 ) ) ;
#2798 = DIRECTION ( 'NONE',  ( 1.000000000000000000, -0.000000000000000000, -0.000000000000000000 ) ) ;
#2799 = VECTOR ( 'NONE', #1672, 1000.000000000000000 ) ;
#2800 =( BOUNDED_CURVE ( )  B_SPLINE_CURVE ( 3, ( #3402, #2791, #76, #770 ),
 .UNSPECIFIED., .F., .T. ) 
 B_SPLINE_CURVE_WITH_KNOTS ( ( 4, 4 ),
 ( 3.141592653589795781, 6.283185307179586232 ),
 .UNSPECIFIED. ) 
 CURVE ( )  GEOMETRIC_REPRESENTATION_ITEM ( )  RATIONAL_B_SPLINE_CURVE ( ( 1.000000000000000000, 0.3333333333333342585, 0.3333333333333342585, 1.000000000000000000 ) ) 
 REPRESENTATION_ITEM ( '' )  );
#2801 = CARTESIAN_POINT ( 'NONE',  ( 263.4484693801289836, -31.42611457163567579, -6.732989992504112564 ) ) ;
#2802 = ORIENTED_EDGE ( 'NONE', *, *, #3718, .F. ) ;
#2803 = DIRECTION ( 'NONE',  ( -1.000000000000000000, -4.130118327667343092E-47, -7.186848259333761210E-32 ) ) ;
#2804 = CARTESIAN_POINT ( 'NONE',  ( 270.4279939233933305, 38.90088856101276349, 5.029829244119849996 ) ) ;
#2805 = DIRECTION ( 'NONE',  ( -1.000000000000000000, -1.226999531788473599E-16, -0.000000000000000000 ) ) ;
#2806 = CARTESIAN_POINT ( 'NONE',  ( 409.4487652200347725, 32.69872339870403977, 1.800000000000009592 ) ) ;
#2807 = VERTEX_POINT ( 'NONE', #2460 ) ;
#2808 = EDGE_CURVE ( 'NONE', #887, #1118, #3603, .T. ) ;
#2809 = CARTESIAN_POINT ( 'NONE',  ( 425.4487652200347725, 38.03106088723195199, -9.679108992161657099 ) ) ;
#2810 = LINE ( 'NONE', #186, #4238 ) ;
#2811 = CARTESIAN_POINT ( 'NONE',  ( 280.6477045604142404, -31.50127660123861517, 4.999999999999959144 ) ) ;
#2812 = CARTESIAN_POINT ( 'NONE',  ( 414.6987652200347725, 28.83339627220453849, -4.000000000000055955 ) ) ;
#2813 = LINE ( 'NONE', #3133, #874 ) ;
#2814 = EDGE_CURVE ( 'NONE', #1552, #3283, #2503, .T. ) ;
#2815 = CARTESIAN_POINT ( 'NONE',  ( 425.2949782153701790, 38.28545919096236361, 8.727975580303272807 ) ) ;
#2816 = ORIENTED_EDGE ( 'NONE', *, *, #3298, .T. ) ;
#2817 = ORIENTED_EDGE ( 'NONE', *, *, #1762, .F. ) ;
#2818 = CARTESIAN_POINT ( 'NONE',  ( 319.4487652200347725, -25.94200372779546981, 7.862232450526008818E-15 ) ) ;
#2819 = CARTESIAN_POINT ( 'NONE',  ( 270.4279940190703542, -31.12940835175059817, -6.676210953293375105 ) ) ;
#2820 = VECTOR ( 'NONE', #1640, 1000.000000000000000 ) ;
#2821 = ORIENTED_EDGE ( 'NONE', *, *, #2814, .F. ) ;
#2822 = ORIENTED_EDGE ( 'NONE', *, *, #1217, .F. ) ;
#2823 =( BOUNDED_CURVE ( )  B_SPLINE_CURVE ( 3, ( #2484, #1777, #3413, #4123 ),
 .UNSPECIFIED., .F., .T. ) 
 B_SPLINE_CURVE_WITH_KNOTS ( ( 4, 4 ),
 ( 3.141592653589790451, 6.283185307179586232 ),
 .UNSPECIFIED. ) 
 CURVE ( )  GEOMETRIC_REPRESENTATION_ITEM ( )  RATIONAL_B_SPLINE_CURVE ( ( 1.000000000000000000, 0.3333333333333324822, 0.3333333333333324822, 1.000000000000000000 ) ) 
 REPRESENTATION_ITEM ( '' )  );
#2824 = LINE ( 'NONE', #87, #548 ) ;
#2825 = CARTESIAN_POINT ( 'NONE',  ( 274.2068737731543138, 39.18850243191524640, 3.367789290142685577 ) ) ;
#2826 = LINE ( 'NONE', #1497, #568 ) ;
#2827 = ORIENTED_EDGE ( 'NONE', *, *, #1168, .F. ) ;
#2828 = DIRECTION ( 'NONE',  ( -0.000000000000000000, 0.000000000000000000, 1.000000000000000000 ) ) ;
#2829 = PLANE ( 'NONE',  #3741 ) ;
#2830 = DIRECTION ( 'NONE',  ( 1.000000000000000000, 0.000000000000000000, 0.000000000000000000 ) ) ;
#2831 = CARTESIAN_POINT ( 'NONE',  ( 285.7487652254412183, -31.97603673750942477, 1.703407523289852454 ) ) ;
#2832 = PLANE ( 'NONE',  #3093 ) ;
#2833 = ORIENTED_EDGE ( 'NONE', *, *, #3343, .F. ) ;
#2834 = VECTOR ( 'NONE', #1666, 1000.000000000000000 ) ;
#2835 = VECTOR ( 'NONE', #126, 1000.000000000000000 ) ;
#2836 = VERTEX_POINT ( 'NONE', #1424 ) ;
#2837 = AXIS2_PLACEMENT_3D ( 'NONE', #1432, #3400, #3707 ) ;
#2838 = EDGE_LOOP ( 'NONE', ( #1898, #3996 ) ) ;
#2839 = EDGE_CURVE ( 'NONE', #506, #887, #2975, .T. ) ;
#2840 = CARTESIAN_POINT ( 'NONE',  ( 263.4487652200348293, -31.42322567753221563, -6.732437160710968982 ) ) ;
#2841 = ORIENTED_EDGE ( 'NONE', *, *, #1820, .T. ) ;
#2842 = ORIENTED_EDGE ( 'NONE', *, *, #443, .F. ) ;
#2843 = AXIS2_PLACEMENT_3D ( 'NONE', #3452, #2803, #781 ) ;
#2844 = CARTESIAN_POINT ( 'NONE',  ( 270.4487652200348293, 40.17547498629217984, -5.000000000000060396 ) ) ;
#2845 = CARTESIAN_POINT ( 'NONE',  ( 265.0189524251268267, -31.05486114686830490, 7.570352671330421224 ) ) ;
#2846 = CARTESIAN_POINT ( 'NONE',  ( 315.4987652200347270, 22.35799627220456287, -1.500000000000051292 ) ) ;
#2847 = CARTESIAN_POINT ( 'NONE',  ( 264.1037652832308140, 31.64195489255572369, -9.009448662452223644 ) ) ;
#2848 = ORIENTED_EDGE ( 'NONE', *, *, #1267, .T. ) ;
#2849 =( BOUNDED_SURFACE ( )  B_SPLINE_SURFACE ( 2, 3, ( 
 ( #3228, #1576, #282, #3154, #166, #924, #2257, #2905, #4246, #4290 ),
 ( #3248, #1945, #3574, #1500, #2465, #598, #1272, #2604, #943, #3598 ),
 ( #804, #2012, #984, #3953, #4041, #1057, #2987, #1312, #3334, #2643 ) ),
 .UNSPECIFIED., .F., .F., .F. ) 
 B_SPLINE_SURFACE_WITH_KNOTS ( ( 3, 3 ),
 ( 4, 3, 3, 4 ),
 ( 0.000000000000000000, 1.000000000000000000 ),
 ( -0.001361658838247935006, 9.088153423276318366E-05, 0.006669773121778212882, 0.01056426229554449821 ),
 .UNSPECIFIED. ) 
 GEOMETRIC_REPRESENTATION_ITEM ( )  RATIONAL_B_SPLINE_SURFACE ( (
 ( 1.000000000000000000, 1.000000000000000000, 1.000000000000000000, 1.000000000000000000, 1.000000000000000000, 1.000000000000000000, 1.000000000000000000, 1.000000000000000000, 1.000000000000000000, 1.000000000000000000),
 ( 0.7071067811865474617, 0.7071067811865474617, 0.7071067811865474617, 0.7071067811865475727, 0.7071067811865475727, 0.7071067811865475727, 0.7071067811865475727, 0.7071067811865475727, 0.7071067811865475727, 0.7071067811865475727),
 ( 1.000000000000000000, 1.000000000000000000, 1.000000000000000000, 1.000000000000000000, 1.000000000000000000, 1.000000000000000000, 1.000000000000000000, 1.000000000000000000, 1.000000000000000000, 1.000000000000000000) ) ) 
 REPRESENTATION_ITEM ( '' )  SURFACE ( )  );
#2850 = CARTESIAN_POINT ( 'NONE',  ( 400.4987652200347270, -28.69200372779545916, -4.000000000000022204 ) ) ;
#2851 = CARTESIAN_POINT ( 'NONE',  ( 270.4349176432702961, -31.38925172527284957, -5.000010272654919596 ) ) ;
#2852 = CARTESIAN_POINT ( 'NONE',  ( 283.9429980065349355, -31.48910628989177951, -5.075245222717952309 ) ) ;
#2853 = EDGE_CURVE ( 'NONE', #3691, #1962, #2412, .T. ) ;
#2854 = CARTESIAN_POINT ( 'NONE',  ( 414.6987652200347725, 28.83339627220453849, -4.000000000000055955 ) ) ;
#2855 = EDGE_CURVE ( 'NONE', #1660, #1552, #3411, .T. ) ;
#2856 = ORIENTED_EDGE ( 'NONE', *, *, #2249, .F. ) ;
#2857 = ORIENTED_EDGE ( 'NONE', *, *, #2894, .F. ) ;
#2858 = EDGE_LOOP ( 'NONE', ( #2870, #1499, #90, #833 ) ) ;
#2859 = EDGE_CURVE ( 'NONE', #2629, #364, #3557, .T. ) ;
#2860 = VECTOR ( 'NONE', #1345, 1000.000000000000000 ) ;
#2861 = CARTESIAN_POINT ( 'NONE',  ( 264.7955802183091691, -31.02663180802396425, -7.820877547875710434 ) ) ;
#2862 = LINE ( 'NONE', #1877, #3182 ) ;
#2863 = ORIENTED_EDGE ( 'NONE', *, *, #1803, .T. ) ;
#2864 = ORIENTED_EDGE ( 'NONE', *, *, #1498, .T. ) ;
#2865 = EDGE_CURVE ( 'NONE', #1660, #2452, #577, .T. ) ;
#2866 = CARTESIAN_POINT ( 'NONE',  ( 259.4487652200347725, 3.757996272204518373, -1.500000000000040412 ) ) ;
#2867 = LINE ( 'NONE', #2945, #3726 ) ;
#2868 = DIRECTION ( 'NONE',  ( 0.000000000000000000, -1.000000000000000000, 5.857254280169296935E-16 ) ) ;
#2869 = CARTESIAN_POINT ( 'NONE',  ( 420.4487652200347725, 39.01726914570503624, -5.000000000000020428 ) ) ;
#2870 = ORIENTED_EDGE ( 'NONE', *, *, #2259, .T. ) ;
#2871 = CARTESIAN_POINT ( 'NONE',  ( 429.4487652200347725, -31.85402871329676699, 0.000000000000000000 ) ) ;
#2872 = CARTESIAN_POINT ( 'NONE',  ( 270.4279939279221594, -31.86176314446322877, 1.677816065492642394 ) ) ;
#2873 = CIRCLE ( 'NONE', #1553, 1.600000000000000755 ) ;
#2874 = CARTESIAN_POINT ( 'NONE',  ( 270.8148560937343632, -31.38613646684900615, -5.060418554297154259 ) ) ;
#2875 = ORIENTED_EDGE ( 'NONE', *, *, #3629, .F. ) ;
#2876 = ORIENTED_EDGE ( 'NONE', *, *, #3920, .T. ) ;
#2877 = CARTESIAN_POINT ( 'NONE',  ( 267.2779423199335724, -31.27027441398742980, -5.750736566761349700 ) ) ;
#2878 = DIRECTION ( 'NONE',  ( -1.000000000000000000, -1.226999531788473846E-16, 0.000000000000000000 ) ) ;
#2879 = EDGE_CURVE ( 'NONE', #937, #2336, #2080, .T. ) ;
#2880 = ORIENTED_EDGE ( 'NONE', *, *, #488, .T. ) ;
#2881 = AXIS2_PLACEMENT_3D ( 'NONE', #2152, #1818, #778 ) ;
#2882 = VERTEX_POINT ( 'NONE', #3909 ) ;
#2883 = EDGE_CURVE ( 'NONE', #1854, #2194, #181, .T. ) ;
#2884 = CARTESIAN_POINT ( 'NONE',  ( 374.4987652200347270, 28.75799627220454013, -3.000000000000054623 ) ) ;
#2885 = CARTESIAN_POINT ( 'NONE',  ( 416.4487652200347725, 36.20799627220453942, -4.000000000000058620 ) ) ;
#2886 = CARTESIAN_POINT ( 'NONE',  ( 411.8987652200347611, 19.33339627220453849, 4.999999999999936939 ) ) ;
#2887 = AXIS2_PLACEMENT_3D ( 'NONE', #235, #572, #196 ) ;
#2888 = CARTESIAN_POINT ( 'NONE',  ( 424.2447681917648765, -31.21327947296564176, 6.729245885608509781 ) ) ;
#2889 = AXIS2_PLACEMENT_3D ( 'NONE', #1568, #4216, #3179 ) ;
#2890 = ORIENTED_EDGE ( 'NONE', *, *, #2437, .F. ) ;
#2891 = ADVANCED_FACE ( 'NONE', ( #513 ), #458, .T. ) ;
#2892 = FACE_OUTER_BOUND ( 'NONE', #3616, .T. ) ;
#2893 = CARTESIAN_POINT ( 'NONE',  ( 270.4279940190702973, 38.64417030620864324, 6.684035678051290397 ) ) ;
#2894 = EDGE_CURVE ( 'NONE', #4313, #4124, #1215, .T. ) ;
#2895 = CARTESIAN_POINT ( 'NONE',  ( 279.4395032573818867, -31.47197157578700200, 5.072777987955398693 ) ) ;
#2896 = EDGE_CURVE ( 'NONE', #1247, #3728, #1273, .T. ) ;
#2897 = CARTESIAN_POINT ( 'NONE',  ( 285.7487652200347270, 39.37002125770582950, 0.000000000000000000 ) ) ;
#2898 = EDGE_LOOP ( 'NONE', ( #2729, #882, #699, #2890, #1310, #461 ) ) ;
#2899 = ORIENTED_EDGE ( 'NONE', *, *, #2758, .F. ) ;
#2900 = CARTESIAN_POINT ( 'NONE',  ( 411.8987652200347611, -0.6666037277954505180, 17.99999999999996092 ) ) ;
#2901 = CARTESIAN_POINT ( 'NONE',  ( 323.4487652200347156, 31.69872339870401845, 1.800000000000009592 ) ) ;
#2902 = VECTOR ( 'NONE', #387, 1000.000000000000000 ) ;
#2903 = ORIENTED_EDGE ( 'NONE', *, *, #434, .F. ) ;
#2904 = VERTEX_POINT ( 'NONE', #3929 ) ;
#2905 = CARTESIAN_POINT ( 'NONE',  ( 270.4487652200348293, -23.81406754809518134, -5.000000000000025757 ) ) ;
#2906 = CARTESIAN_POINT ( 'NONE',  ( 263.4487652200347725, 30.03189703458212989, -12.00000000000005329 ) ) ;
#2907 = CARTESIAN_POINT ( 'NONE',  ( 411.8987652200348180, 16.90339627220449970, 4.999999999999938716 ) ) ;
#2908 = DIRECTION ( 'NONE',  ( -0.000000000000000000, -0.000000000000000000, 1.000000000000000000 ) ) ;
#2909 = EDGE_CURVE ( 'NONE', #3555, #1852, #944, .T. ) ;
#2910 = CARTESIAN_POINT ( 'NONE',  ( 312.9994845112278199, 37.41726914570503482, -4.999999999999990230 ) ) ;
#2911 = ORIENTED_EDGE ( 'NONE', *, *, #3063, .T. ) ;
#2912 = VECTOR ( 'NONE', #1746, 1000.000000000000000 ) ;
#2913 = PLANE ( 'NONE',  #2421 ) ;
#2914 = DIRECTION ( 'NONE',  ( -0.000000000000000000, -0.7071067811865474617, -0.7071067811865474617 ) ) ;
#2915 = PLANE ( 'NONE',  #1751 ) ;
#2916 = CARTESIAN_POINT ( 'NONE',  ( 429.4487652200347725, 20.75799627220454013, -8.199999999999999289 ) ) ;
#2917 = CARTESIAN_POINT ( 'NONE',  ( 263.4487652200347725, -26.25127660129598439, 11.99999999999997335 ) ) ;
#2918 = ORIENTED_EDGE ( 'NONE', *, *, #3341, .T. ) ;
#2919 = VERTEX_POINT ( 'NONE', #3846 ) ;
#2920 = CARTESIAN_POINT ( 'NONE',  ( 270.4487652200348293, 38.90544706112834206, -5.000000000000060396 ) ) ;
#2921 = CARTESIAN_POINT ( 'NONE',  ( 425.1135267359110230, -13.24200372779546520, 8.199999999999997513 ) ) ;
#2922 = ORIENTED_EDGE ( 'NONE', *, *, #2909, .F. ) ;
#2923 = ORIENTED_EDGE ( 'NONE', *, *, #172, .T. ) ;
#2924 = CARTESIAN_POINT ( 'NONE',  ( 421.1143884021641384, 39.01260126140879692, -5.033254004555213434 ) ) ;
#2925 = CARTESIAN_POINT ( 'NONE',  ( 263.4487652200347725, -31.69112219356272320, 4.999999999999966249 ) ) ;
#2926 = DIRECTION ( 'NONE',  ( 0.000000000000000000, 5.829043938094109521E-16, 1.000000000000000000 ) ) ;
#2927 = VECTOR ( 'NONE', #2093, 1000.000000000000000 ) ;
#2928 = B_SPLINE_CURVE_WITH_KNOTS ( 'NONE', 4,
 ( #1351, #4015, #1329, #2660, #1029, #2338, #2959, #3664, #2360, #1985 ),
 .UNSPECIFIED., .F., .F.,
 ( 5, 1, 1, 1, 1, 1, 5 ),
 ( 0.3227730440611806806, 0.3327047476761634259, 0.3376705994935765842, 0.3426364513109897425, 0.3525681549458160591, 0.3624998585806424867, 0.3669353667341783698 ),
 .UNSPECIFIED. ) ;
#2929 = CARTESIAN_POINT ( 'NONE',  ( 425.4487652200347725, -30.51506834282288594, 9.679108992161564728 ) ) ;
#2930 = CIRCLE ( 'NONE', #2174, 1.000000000000000888 ) ;
#2931 = VERTEX_POINT ( 'NONE', #3190 ) ;
#2932 = LINE ( 'NONE', #1952, #2147 ) ;
#2933 = EDGE_CURVE ( 'NONE', #2124, #433, #200, .T. ) ;
#2934 = DIRECTION ( 'NONE',  ( 1.000000000000000000, 1.226999531788473599E-16, 0.000000000000000000 ) ) ;
#2935 = CARTESIAN_POINT ( 'NONE',  ( 411.8987668890957252, -11.16660390295199434, -4.000000000000031086 ) ) ;
#2936 = ORIENTED_EDGE ( 'NONE', *, *, #691, .T. ) ;
#2937 = ORIENTED_EDGE ( 'NONE', *, *, #1611, .F. ) ;
#2938 = EDGE_CURVE ( 'NONE', #160, #345, #2212, .T. ) ;
#2939 = DIRECTION ( 'NONE',  ( 0.000000000000000000, -0.000000000000000000, -1.000000000000000000 ) ) ;
#2940 = DIRECTION ( 'NONE',  ( 0.000000000000000000, 5.724587470723463412E-16, 1.000000000000000000 ) ) ;
#2941 = VERTEX_POINT ( 'NONE', #1333 ) ;
#2942 = EDGE_LOOP ( 'NONE', ( #1835, #2112, #274, #254 ) ) ;
#2943 = DIRECTION ( 'NONE',  ( -1.000000000000000000, 0.000000000000000000, -0.000000000000000000 ) ) ;
#2944 = CARTESIAN_POINT ( 'NONE',  ( 425.4487652200347725, -31.85402871329675989, 0.000000000000000000 ) ) ;
#2945 = CARTESIAN_POINT ( 'NONE',  ( 409.4487652200347725, -25.00127660129596663, 5.000000000000009770 ) ) ;
#2946 = CARTESIAN_POINT ( 'NONE',  ( 411.8987652200347611, 19.33339627220453139, -4.000000000000048850 ) ) ;
#2947 = DIRECTION ( 'NONE',  ( -1.224510688924804602E-16, 1.000000000000000000, 0.000000000000000000 ) ) ;
#2948 = ORIENTED_EDGE ( 'NONE', *, *, #3762, .T. ) ;
#2949 = CARTESIAN_POINT ( 'NONE',  ( 411.8987597243054211, -18.23660875105673185, -4.000000000000026645 ) ) ;
#2950 = CARTESIAN_POINT ( 'NONE',  ( 270.4279940190704110, 39.25901119777632431, 1.845954735957433313 ) ) ;
#2951 = DIRECTION ( 'NONE',  ( 1.000000000000000000, 1.226999531788473599E-16, -0.000000000000000000 ) ) ;
#2952 = AXIS2_PLACEMENT_3D ( 'NONE', #3010, #2645, #3361 ) ;
#2953 = CARTESIAN_POINT ( 'NONE',  ( 414.6987652200347725, -0.6666037277954633966, -4.000000000000038192 ) ) ;
#2954 = CARTESIAN_POINT ( 'NONE',  ( 261.4487652200347156, -0.8512766012959865902, 1.400000000000009681 ) ) ;
#2955 =( BOUNDED_SURFACE ( )  B_SPLINE_SURFACE ( 2, 3, ( 
 ( #2675, #3657, #2740, #2312, #668, #70, #1344, #2999, #3348, #1021 ),
 ( #359, #4077, #4326, #647, #2974, #2351, #2000, #334, #1674, #8 ),
 ( #2417, #3175, #1088, #1502, #3107, #1110, #1830, #2507, #763, #806 ) ),
 .UNSPECIFIED., .F., .F., .T. ) 
 B_SPLINE_SURFACE_WITH_KNOTS ( ( 3, 3 ),
 ( 4, 3, 3, 4 ),
 ( 0.000000000000000000, 1.000000000000000000 ),
 ( 0.06051573770445548006, 0.06441022687822178794, 0.07098911846576724805, 0.07244165883824796315 ),
 .UNSPECIFIED. ) 
 GEOMETRIC_REPRESENTATION_ITEM ( )  RATIONAL_B_SPLINE_SURFACE ( (
 ( 1.000000000000000000, 1.000000000000000000, 1.000000000000000000, 1.000000000000000000, 1.000000000000000000, 1.000000000000000000, 1.000000000000000000, 1.000000000000000000, 1.000000000000000000, 1.000000000000000000),
 ( 0.7071067811865475727, 0.7071067811865475727, 0.7071067811865475727, 0.7071067811865475727, 0.7071067811865475727, 0.7071067811865475727, 0.7071067811865475727, 0.7071067811865476838, 0.7071067811865476838, 0.7071067811865476838),
 ( 1.000000000000000000, 1.000000000000000000, 1.000000000000000000, 1.000000000000000000, 1.000000000000000000, 1.000000000000000000, 1.000000000000000000, 1.000000000000000000, 1.000000000000000000, 1.000000000000000000) ) ) 
 REPRESENTATION_ITEM ( '' )  SURFACE ( )  );
#2956 = ORIENTED_EDGE ( 'NONE', *, *, #1214, .T. ) ;
#2957 = CARTESIAN_POINT ( 'NONE',  ( 336.4487652200347725, 34.19240393505462094, 5.000000000000009770 ) ) ;
#2958 = DIRECTION ( 'NONE',  ( 0.000000000000000000, -1.000000000000000000, 0.000000000000000000 ) ) ;
#2959 = CARTESIAN_POINT ( 'NONE',  ( 274.2068737731542569, 39.30824376409223930, 0.000000000000000000 ) ) ;
#2960 = ORIENTED_EDGE ( 'NONE', *, *, #1767, .T. ) ;
#2961 = ORIENTED_EDGE ( 'NONE', *, *, #498, .F. ) ;
#2962 = CARTESIAN_POINT ( 'NONE',  ( 421.1120384857738372, -31.49660994916208523, -5.033228227373853336 ) ) ;
#2963 = DIRECTION ( 'NONE',  ( -1.000000000000000000, -1.226999531788473599E-16, 0.000000000000000000 ) ) ;
#2964 = CYLINDRICAL_SURFACE ( 'NONE', #3021, 0.8000000000000229150 ) ;
#2965 = CIRCLE ( 'NONE', #3526, 1.600000000000000755 ) ;
#2966 = CARTESIAN_POINT ( 'NONE',  ( 429.4487652200347725, -4.442003727795458268, -17.00000000000000000 ) ) ;
#2967 = DIRECTION ( 'NONE',  ( -1.000000000000000000, -1.226999531788473599E-16, -0.000000000000000000 ) ) ;
#2968 = ORIENTED_EDGE ( 'NONE', *, *, #49, .T. ) ;
#2969 = VECTOR ( 'NONE', #3778, 1000.000000000000000 ) ;
#2970 = CARTESIAN_POINT ( 'NONE',  ( 411.8987684432514698, -20.66660875104113160, 4.999999999999960920 ) ) ;
#2971 = CARTESIAN_POINT ( 'NONE',  ( 263.4484693801289836, 38.94210711594350016, -6.732989993200147794 ) ) ;
#2972 = LINE ( 'NONE', #1647, #2244 ) ;
#2973 = LINE ( 'NONE', #4325, #348 ) ;
#2974 = CARTESIAN_POINT ( 'NONE',  ( 263.4487652200347725, 34.82118701294145069, 5.000000000000056843 ) ) ;
#2975 = CIRCLE ( 'NONE', #1106, 0.8000000000000229150 ) ;
#2976 = DIRECTION ( 'NONE',  ( -1.000000000000000000, -0.000000000000000000, -0.000000000000000000 ) ) ;
#2977 = EDGE_CURVE ( 'NONE', #2661, #2747, #703, .T. ) ;
#2978 = FACE_BOUND ( 'NONE', #2362, .T. ) ;
#2979 = ADVANCED_FACE ( 'NONE', ( #1621 ), #637, .F. ) ;
#2980 = ORIENTED_EDGE ( 'NONE', *, *, #3016, .F. ) ;
#2981 =( BOUNDED_CURVE ( )  B_SPLINE_CURVE ( 3, ( #675, #3049, #1004, #3710 ),
 .UNSPECIFIED., .F., .F. ) 
 B_SPLINE_CURVE_WITH_KNOTS ( ( 4, 4 ),
 ( 0.000000000000000000, 0.4999999999248536664 ),
 .UNSPECIFIED. ) 
 CURVE ( )  GEOMETRIC_REPRESENTATION_ITEM ( )  RATIONAL_B_SPLINE_CURVE ( ( 1.000000000000000000, 0.9983366285440800070, 0.9983366285440800070, 1.000000000000000000 ) ) 
 REPRESENTATION_ITEM ( '' )  );
#2982 = CYLINDRICAL_SURFACE ( 'NONE', #3060, 35.61202498550130002 ) ;
#2983 = LINE ( 'NONE', #319, #392 ) ;
#2984 = EDGE_LOOP ( 'NONE', ( #4152, #86, #4262, #2425 ) ) ;
#2985 = VERTEX_POINT ( 'NONE', #2644 ) ;
#2986 = ADVANCED_FACE ( 'NONE', ( #3335 ), #1488, .F. ) ;
#2987 = CARTESIAN_POINT ( 'NONE',  ( 263.4487652200347725, -25.11223060601728108, -12.00000000000002487 ) ) ;
#2988 = DIRECTION ( 'NONE',  ( 1.226999531788473599E-16, -1.000000000000000000, 5.857254280169296935E-16 ) ) ;
#2989 = DIRECTION ( 'NONE',  ( 1.000000000000000000, 1.226999531788473599E-16, 0.000000000000000000 ) ) ;
#2990 = B_SPLINE_CURVE_WITH_KNOTS ( 'NONE', 3,
 ( #3582, #3013, #3342, #710, #2691, #3696 ),
 .UNSPECIFIED., .F., .F.,
 ( 4, 2, 4 ),
 ( 0.000000000000000000, 0.001636296618713489488, 0.003272593237426978975 ),
 .UNSPECIFIED. ) ;
#2991 = LINE ( 'NONE', #2688, #3590 ) ;
#2992 = EDGE_CURVE ( 'NONE', #213, #747, #367, .T. ) ;
#2993 = VERTEX_POINT ( 'NONE', #3974 ) ;
#2994 = CARTESIAN_POINT ( 'NONE',  ( 310.3994845112277972, 39.01726914570502203, 5.000000000000009770 ) ) ;
#2995 = CARTESIAN_POINT ( 'NONE',  ( 263.4487652200348293, 38.75264387393680465, 7.918772965913673190 ) ) ;
#2996 = AXIS2_PLACEMENT_3D ( 'NONE', #157, #391, #955 ) ;
#2997 = DIRECTION ( 'NONE',  ( -0.000000000000000000, -0.000000000000000000, 1.000000000000000000 ) ) ;
#2998 = CARTESIAN_POINT ( 'NONE',  ( 263.4487652200348293, -23.16618916169150566, -11.56733199060468742 ) ) ;
#2999 = CARTESIAN_POINT ( 'NONE',  ( 263.4487652200347725, 39.69129486213197566, 12.00000000000006217 ) ) ;
#3000 = VECTOR ( 'NONE', #113, 1000.000000000000000 ) ;
#3001 = CARTESIAN_POINT ( 'NONE',  ( 420.4487652200347725, -13.24200372779546164, 5.000000000000020428 ) ) ;
#3002 = PLANE ( 'NONE',  #2732 ) ;
#3003 = DIRECTION ( 'NONE',  ( 0.000000000000000000, 1.000000000000000000, -5.808035271611171356E-16 ) ) ;
#3004 = CARTESIAN_POINT ( 'NONE',  ( 264.0302537686813480, -30.93813243298698623, 8.822440342336797414 ) ) ;
#3005 = CARTESIAN_POINT ( 'NONE',  ( 411.8987684432514698, -20.66660875104113160, -4.000000000000023981 ) ) ;
#3006 = ORIENTED_EDGE ( 'NONE', *, *, #1346, .T. ) ;
#3007 = ADVANCED_FACE ( 'NONE', ( #1355 ), #1341, .F. ) ;
#3008 = ORIENTED_EDGE ( 'NONE', *, *, #3896, .T. ) ;
#3009 = DIRECTION ( 'NONE',  ( 1.000000000000000000, 0.000000000000000000, 0.000000000000000000 ) ) ;
#3010 = CARTESIAN_POINT ( 'NONE',  ( 263.4487652200347725, 3.757996272204519705, -2.174747558998717680E-14 ) ) ;
#3011 = EDGE_CURVE ( 'NONE', #2494, #1406, #3118, .T. ) ;
#3012 = CARTESIAN_POINT ( 'NONE',  ( 338.2347567193427267, 34.99240393505462521, -34.99999999999999289 ) ) ;
#3013 = CARTESIAN_POINT ( 'NONE',  ( 263.9140485596572034, -30.78046385809020435, 9.433237773423511996 ) ) ;
#3014 = CARTESIAN_POINT ( 'NONE',  ( 285.7487652254411614, 39.37002125774168348, 1.688953228308824661 ) ) ;
#3015 = CARTESIAN_POINT ( 'NONE',  ( 263.4487652200347725, 3.757996272204519705, -2.174747558998717680E-14 ) ) ;
#3016 = EDGE_CURVE ( 'NONE', #2500, #2193, #283, .T. ) ;
#3017 = CARTESIAN_POINT ( 'NONE',  ( 312.9994845112278199, 38.21726914570503908, 5.000000000000009770 ) ) ;
#3018 = CARTESIAN_POINT ( 'NONE',  ( 276.6050914670577754, 39.21323417874861406, -3.370140126454703289 ) ) ;
#3019 = CARTESIAN_POINT ( 'NONE',  ( 263.4487652200347725, -32.19976405171757250, 4.999999999999964473 ) ) ;
#3020 = ADVANCED_FACE ( 'NONE', ( #2709 ), #2323, .F. ) ;
#3021 = AXIS2_PLACEMENT_3D ( 'NONE', #1702, #658, #3644 ) ;
#3022 = FACE_BOUND ( 'NONE', #862, .T. ) ;
#3023 = DIRECTION ( 'NONE',  ( -1.000000000000000000, 0.000000000000000000, 0.000000000000000000 ) ) ;
#3024 = ADVANCED_FACE ( 'NONE', ( #3315 ), #4337, .F. ) ;
#3025 = VERTEX_POINT ( 'NONE', #1033 ) ;
#3026 = FACE_OUTER_BOUND ( 'NONE', #1001, .T. ) ;
#3027 = CARTESIAN_POINT ( 'NONE',  ( 312.9994845112278199, 37.41726914570503482, 5.000000000000009770 ) ) ;
#3028 = ORIENTED_EDGE ( 'NONE', *, *, #165, .F. ) ;
#3029 = ORIENTED_EDGE ( 'NONE', *, *, #3520, .F. ) ;
#3030 = DIRECTION ( 'NONE',  ( -1.000000000000000000, -1.226999531788473599E-16, -0.000000000000000000 ) ) ;
#3031 = DIRECTION ( 'NONE',  ( -1.226999531788473599E-16, 1.000000000000000000, -5.857254280169296935E-16 ) ) ;
#3032 = DIRECTION ( 'NONE',  ( 1.000000000000000000, 4.191556735829515573E-47, 7.186848259333761210E-32 ) ) ;
#3033 = LINE ( 'NONE', #1643, #2834 ) ;
#3034 = ORIENTED_EDGE ( 'NONE', *, *, #621, .F. ) ;
#3035 = EDGE_CURVE ( 'NONE', #2452, #213, #3954, .T. ) ;
#3036 = FACE_OUTER_BOUND ( 'NONE', #1092, .T. ) ;
#3037 = CARTESIAN_POINT ( 'NONE',  ( 311.1994845112278085, 37.41726914570502771, -4.999999999999990230 ) ) ;
#3038 = EDGE_CURVE ( 'NONE', #3379, #79, #3189, .T. ) ;
#3039 = AXIS2_PLACEMENT_3D ( 'NONE', #2714, #1320, #4048 ) ;
#3040 = CLOSED_SHELL ( 'NONE', ( #3589, #4039, #1396, #2751, #766, #1707, #537, #2986, #2217, #2575, #3069, #4235, #3936, #895, #725, #890, #2273, #3577, #567, #534, #2374, #4089, #2403, #398, #3850, #3801, #2447, #3989, #2696, #2979, #262, #2083, #297, #898, #938, #2307, #3024, #2674, #3145, #1020, #1342, #3685, #1030, #544, #2625, #4136, #3821, #4250, #1311, #3151, #2662, #1930, #1530, #2593, #3020, #1289, #714, #1026, #811, #2754, #211, #337, #4255, #1817, #2443, #2543, #110, #438, #4071, #522, #1949, #1542, #1714, #1853, #3569, #4179, #2550, #4306, #1784, #4221, #2117, #1126, #377, #3007, #3668, #3842, #3607, #3790, #3356, #1080, #1938, #3530, #592, #2891, #2301, #3308, #21, #3446, #3845, #3662, #3892, #2214, #365, #2491, #4282, #1671, #215, #1933, #695 ) ) ;
#3041 = CARTESIAN_POINT ( 'NONE',  ( 425.4487652200347725, 20.75799627220454013, 8.199999999999999289 ) ) ;
#3042 = VERTEX_POINT ( 'NONE', #2363 ) ;
#3043 = DIRECTION ( 'NONE',  ( 0.000000000000000000, 0.000000000000000000, -1.000000000000000000 ) ) ;
#3044 = CARTESIAN_POINT ( 'NONE',  ( 279.4395032573819435, 39.35130619254771744, -1.688065639014669106 ) ) ;
#3045 = DIRECTION ( 'NONE',  ( 7.186848259333761210E-32, -5.857254280169296935E-16, -1.000000000000000000 ) ) ;
#3047 = CARTESIAN_POINT ( 'NONE',  ( 313.7994845112278313, 39.37002125770582239, 4.361215240964972884E-15 ) ) ;
#3046 = VECTOR ( 'NONE', #261, 1000.000000000000000 ) ;
#3048 = ORIENTED_EDGE ( 'NONE', *, *, #1757, .F. ) ;
#3049 = CARTESIAN_POINT ( 'NONE',  ( 270.4279939279222731, 39.14085925261584720, -3.343062919097128383 ) ) ;
#3050 = VERTEX_POINT ( 'NONE', #3692 ) ;
#3051 = VERTEX_POINT ( 'NONE', #36 ) ;
#3052 = CARTESIAN_POINT ( 'NONE',  ( 425.4487652200347725, 11.95799627220453942, -16.99999999999999645 ) ) ;
#3053 = CARTESIAN_POINT ( 'NONE',  ( 263.4487652200347725, -28.73104091383512326, 11.99999999999996980 ) ) ;
#3054 = ORIENTED_EDGE ( 'NONE', *, *, #3976, .T. ) ;
#3055 = CARTESIAN_POINT ( 'NONE',  ( 425.4487652200347725, 20.75799627220454013, 8.199999999999999289 ) ) ;
#3056 = CARTESIAN_POINT ( 'NONE',  ( 263.4484693801289836, 38.57389200155586906, -9.074291349946630447 ) ) ;
#3057 = CARTESIAN_POINT ( 'NONE',  ( 263.4487652200347725, -26.25127660129604834, 4.999999999999974243 ) ) ;
#3058 = VERTEX_POINT ( 'NONE', #4043 ) ;
#3059 = CARTESIAN_POINT ( 'NONE',  ( 275.5475378130250306, 38.97955111798557226, 5.000000000000061284 ) ) ;
#3060 = AXIS2_PLACEMENT_3D ( 'NONE', #299, #1373, #3613 ) ;
#3061 = CARTESIAN_POINT ( 'NONE',  ( 425.4487652200347725, -11.44200372779543073, -10.00000000000003197 ) ) ;
#3062 = CARTESIAN_POINT ( 'NONE',  ( 411.8987652200347043, 1.763396272204569515, -4.000000000000039968 ) ) ;
#3063 = EDGE_CURVE ( 'NONE', #1667, #3072, #657, .T. ) ;
#3064 = B_SPLINE_CURVE_WITH_KNOTS ( 'NONE', 3,
 ( #2737, #1107, #2414, #3766 ),
 .UNSPECIFIED., .F., .F.,
 ( 4, 4 ),
 ( 0.06441022687822181569, 0.07068745078892384182 ),
 .UNSPECIFIED. ) ;
#3065 = DIRECTION ( 'NONE',  ( -1.000000000000000000, -1.226999531788473599E-16, 0.000000000000000000 ) ) ;
#3066 = EDGE_CURVE ( 'NONE', #3174, #650, #82, .T. ) ;
#3067 = CARTESIAN_POINT ( 'NONE',  ( 425.4487652200347725, 20.75799627220454013, -8.199999999999999289 ) ) ;
#3068 = EDGE_LOOP ( 'NONE', ( #1557, #301, #3332, #1594 ) ) ;
#3069 = ADVANCED_FACE ( 'NONE', ( #3756 ), #2057, .F. ) ;
#3070 = DIRECTION ( 'NONE',  ( 0.000000000000000000, 1.000000000000000000, -5.857254280169296935E-16 ) ) ;
#3071 = DIRECTION ( 'NONE',  ( -0.000000000000000000, -1.000000000000000000, -0.000000000000000000 ) ) ;
#3072 = VERTEX_POINT ( 'NONE', #4114 ) ;
#3073 = EDGE_CURVE ( 'NONE', #4109, #320, #1120, .T. ) ;
#3074 = EDGE_LOOP ( 'NONE', ( #810, #2485, #2164, #4064, #3333 ) ) ;
#3075 = CARTESIAN_POINT ( 'NONE',  ( 264.3104509005081013, 31.76913425793463475, 8.604000230614571976 ) ) ;
#3076 = CARTESIAN_POINT ( 'NONE',  ( 263.7407169778347225, 38.15681137247939603, -9.932087257188497276 ) ) ;
#3077 = VECTOR ( 'NONE', #1383, 1000.000000000000000 ) ;
#3078 = EDGE_LOOP ( 'NONE', ( #2198, #1764, #321, #2581, #2173, #523, #1659, #3054, #3550, #2980 ) ) ;
#3079 = LINE ( 'NONE', #1823, #3399 ) ;
#3080 = CARTESIAN_POINT ( 'NONE',  ( 264.2920711395773310, -30.93691095129627655, 8.652979865813549054 ) ) ;
#3081 = CARTESIAN_POINT ( 'NONE',  ( 374.4987652200347270, -21.24200372779546342, -5.000000000000025757 ) ) ;
#3082 = ORIENTED_EDGE ( 'NONE', *, *, #818, .T. ) ;
#3083 = FACE_OUTER_BOUND ( 'NONE', #3838, .T. ) ;
#3084 = DIRECTION ( 'NONE',  ( 7.186848259333761210E-32, -5.857254280169296935E-16, -1.000000000000000000 ) ) ;
#3085 = CARTESIAN_POINT ( 'NONE',  ( 261.4487652200347156, -0.8512766012959865902, 5.000000000000009770 ) ) ;
#3086 = CARTESIAN_POINT ( 'NONE',  ( 265.4460832549819997, 38.62467164068735315, 7.092957668827159168 ) ) ;
#3087 = CIRCLE ( 'NONE', #1222, 1.000000000000000888 ) ;
#3088 = CARTESIAN_POINT ( 'NONE',  ( 270.4487652200348293, 34.72063112066035018, 5.000000000000057732 ) ) ;
#3089 = ORIENTED_EDGE ( 'NONE', *, *, #1664, .F. ) ;
#3090 = AXIS2_PLACEMENT_3D ( 'NONE', #1947, #1560, #1622 ) ;
#3091 = CARTESIAN_POINT ( 'NONE',  ( 411.8987652200347043, 21.76339627220457018, -4.000000000000051514 ) ) ;
#3092 = CARTESIAN_POINT ( 'NONE',  ( 420.4487652200347725, 39.01726914570503624, 5.000000000000020428 ) ) ;
#3093 = AXIS2_PLACEMENT_3D ( 'NONE', #3220, #3876, #3547 ) ;
#3094 = EDGE_LOOP ( 'NONE', ( #2016, #4240, #4053, #2143 ) ) ;
#3095 = ORIENTED_EDGE ( 'NONE', *, *, #1433, .F. ) ;
#3096 = CARTESIAN_POINT ( 'NONE',  ( 411.8987684432514698, -20.66660875104113160, 4.999999999999960920 ) ) ;
#3097 = CARTESIAN_POINT ( 'NONE',  ( 425.4487652200347725, -11.44200372779543073, -10.00000000000003197 ) ) ;
#3098 =( BOUNDED_CURVE ( )  B_SPLINE_CURVE ( 3, ( #2854, #3159, #4237, #2163 ),
 .UNSPECIFIED., .F., .F. ) 
 B_SPLINE_CURVE_WITH_KNOTS ( ( 4, 4 ),
 ( 0.000000000000000000, 3.141592653589795781 ),
 .UNSPECIFIED. ) 
 CURVE ( )  GEOMETRIC_REPRESENTATION_ITEM ( )  RATIONAL_B_SPLINE_CURVE ( ( 1.000000000000000000, 0.3333333333333324822, 0.3333333333333324822, 1.000000000000000000 ) ) 
 REPRESENTATION_ITEM ( '' )  );
#3099 = CARTESIAN_POINT ( 'NONE',  ( 263.4889165627503758, -30.66706383933550839, -8.972425341151009093 ) ) ;
#3100 = ORIENTED_EDGE ( 'NONE', *, *, #1217, .T. ) ;
#3101 = DIRECTION ( 'NONE',  ( -0.000000000000000000, 1.000000000000000000, -0.000000000000000000 ) ) ;
#3102 = CARTESIAN_POINT ( 'NONE',  ( 279.4395032573818867, 39.35130619254772455, -7.559437895547347827E-10 ) ) ;
#3103 = CARTESIAN_POINT ( 'NONE',  ( 411.8987652200347611, 19.33339627220453849, 4.999999999999936939 ) ) ;
#3104 = LINE ( 'NONE', #1750, #917 ) ;
#3105 = ORIENTED_EDGE ( 'NONE', *, *, #56, .T. ) ;
#3106 = DIRECTION ( 'NONE',  ( 0.000000000000000000, -1.000000000000000000, 0.000000000000000000 ) ) ;
#3107 = CARTESIAN_POINT ( 'NONE',  ( 270.4487652200348293, 34.82118701294145069, 5.000000000000056843 ) ) ;
#3108 = DIRECTION ( 'NONE',  ( 0.000000000000000000, 1.000000000000000000, -1.084202172485501673E-15 ) ) ;
#3109 = LINE ( 'NONE', #2116, #2319 ) ;
#3110 = CARTESIAN_POINT ( 'NONE',  ( 259.4487652200347725, -14.84200372779544708, -5.000000000000029310 ) ) ;
#3111 = EDGE_LOOP ( 'NONE', ( #1509, #1384, #3866, #3140, #3861, #1545, #1866, #3352, #1024, #803, #2154, #3116, #553, #653, #2459, #2054, #769, #3675, #4017, #1190, #4082, #1514, #3893, #3456, #1860, #2108, #1196, #1968 ) ) ;
#3112 = DIRECTION ( 'NONE',  ( 0.000000000000000000, 5.857254280169296935E-16, 1.000000000000000000 ) ) ;
#3113 = CARTESIAN_POINT ( 'NONE',  ( 411.8987668890957252, -11.16660390295199434, 4.999999999999953815 ) ) ;
#3114 = VERTEX_POINT ( 'NONE', #3380 ) ;
#3115 = VECTOR ( 'NONE', #1291, 1000.000000000000000 ) ;
#3116 = ORIENTED_EDGE ( 'NONE', *, *, #2381, .T. ) ;
#3117 = CARTESIAN_POINT ( 'NONE',  ( 263.4885492390357058, 30.86376528581798695, 11.13474963235319493 ) ) ;
#3118 = CIRCLE ( 'NONE', #2570, 35.79999999999999716 ) ;
#3119 = CARTESIAN_POINT ( 'NONE',  ( 270.4487652200348862, -29.67672854491150503, 4.999999999999968914 ) ) ;
#3120 = CARTESIAN_POINT ( 'NONE',  ( 270.4279940190704110, -31.74301865336727602, 1.845954735949743242 ) ) ;
#3121 = EDGE_CURVE ( 'NONE', #1810, #1538, #55, .T. ) ;
#3122 = ORIENTED_EDGE ( 'NONE', *, *, #1161, .F. ) ;
#3123 =( BOUNDED_CURVE ( )  B_SPLINE_CURVE ( 3, ( #3096, #1000, #2375, #1410 ),
 .UNSPECIFIED., .F., .T. ) 
 B_SPLINE_CURVE_WITH_KNOTS ( ( 4, 4 ),
 ( 3.141592653589790451, 6.283185307179586232 ),
 .UNSPECIFIED. ) 
 CURVE ( )  GEOMETRIC_REPRESENTATION_ITEM ( )  RATIONAL_B_SPLINE_CURVE ( ( 1.000000000000000000, 0.3333333333333324822, 0.3333333333333324822, 1.000000000000000000 ) ) 
 REPRESENTATION_ITEM ( '' )  );
#3124 = DIRECTION ( 'NONE',  ( 0.000000000000000000, -1.000000000000000000, 0.000000000000000000 ) ) ;
#3125 = CARTESIAN_POINT ( 'NONE',  ( 270.4279940190704110, -31.38914614997599628, 4.999999109074518167 ) ) ;
#3126 = CARTESIAN_POINT ( 'NONE',  ( 338.2347567193427267, 34.99240393505462521, 5.000000000000009770 ) ) ;
#3127 = ORIENTED_EDGE ( 'NONE', *, *, #1920, .T. ) ;
#3128 = DIRECTION ( 'NONE',  ( -1.226999531788473599E-16, 1.000000000000000000, 0.000000000000000000 ) ) ;
#3129 = CARTESIAN_POINT ( 'NONE',  ( 270.4487652200349430, -31.38945451671930442, -5.000000000000015099 ) ) ;
#3130 = CARTESIAN_POINT ( 'NONE',  ( 259.4487652200347725, -25.11223060601727397, 4.999999999999976019 ) ) ;
#3131 = CARTESIAN_POINT ( 'NONE',  ( 264.2487652200347270, 32.01726914570501492, 0.2000000000000100586 ) ) ;
#3132 = AXIS2_PLACEMENT_3D ( 'NONE', #1941, #4286, #2939 ) ;
#3133 = CARTESIAN_POINT ( 'NONE',  ( 315.4987652200347270, 22.35799627220456287, -1.500000000000051292 ) ) ;
#3134 = ORIENTED_EDGE ( 'NONE', *, *, #3198, .F. ) ;
#3135 = APPLICATION_PROTOCOL_DEFINITION ( 'draft international standard', 'automotive_design', 1998, #2095 ) ;
#3136 = AXIS2_PLACEMENT_3D ( 'NONE', #2183, #478, #1202 ) ;
#3137 = CARTESIAN_POINT ( 'NONE',  ( 414.6987621389478704, -8.736603552638831260, -4.000000000000031974 ) ) ;
#3138 = AXIS2_PLACEMENT_3D ( 'NONE', #2739, #69, #1364 ) ;
#3139 = EDGE_LOOP ( 'NONE', ( #2411, #2576, #936, #2233, #3404 ) ) ;
#3140 = ORIENTED_EDGE ( 'NONE', *, *, #3211, .F. ) ;
#3141 = PLANE ( 'NONE',  #2996 ) ;
#3142 = LINE ( 'NONE', #2818, #374 ) ;
#3143 = AXIS2_PLACEMENT_3D ( 'NONE', #2015, #1011, #1967 ) ;
#3144 = CARTESIAN_POINT ( 'NONE',  ( 263.4889165627503758, -31.64302747509440650, 1.840755470816566541 ) ) ;
#3145 = ADVANCED_FACE ( 'NONE', ( #4141 ), #3141, .F. ) ;
#3146 = CARTESIAN_POINT ( 'NONE',  ( 263.4487652200347725, 37.48691561451371257, -12.00000000000006217 ) ) ;
#3147 = ORIENTED_EDGE ( 'NONE', *, *, #3157, .T. ) ;
#3148 = DIRECTION ( 'NONE',  ( -1.226999531788473599E-16, 1.000000000000000000, -5.857254280169296935E-16 ) ) ;
#3149 = B_SPLINE_CURVE_WITH_KNOTS ( 'NONE', 3,
 ( #3347, #1087, #3059, #2416 ),
 .UNSPECIFIED., .F., .F.,
 ( 4, 4 ),
 ( 0.000000000000000000, 0.01529523522301504818 ),
 .UNSPECIFIED. ) ;
#3150 = CARTESIAN_POINT ( 'NONE',  ( 266.1828842108426443, -31.18477243303628654, 6.440397888501554036 ) ) ;
#3151 = ADVANCED_FACE ( 'NONE', ( #1912 ), #3490, .F. ) ;
#3152 = CARTESIAN_POINT ( 'NONE',  ( 263.4487652200348293, 30.68221023780090206, -11.56726843637117064 ) ) ;
#3153 = ORIENTED_EDGE ( 'NONE', *, *, #3038, .F. ) ;
#3154 = CARTESIAN_POINT ( 'NONE',  ( 270.4487652200348293, -31.69112219356272320, -5.000000000000020428 ) ) ;
#3155 = DIRECTION ( 'NONE',  ( -1.000000000000000000, 0.000000000000000000, -7.186848259333761210E-32 ) ) ;
#3156 = CARTESIAN_POINT ( 'NONE',  ( 263.5379734186427640, -31.19553754868652717, -7.746024820066586436 ) ) ;
#3157 = EDGE_CURVE ( 'NONE', #3221, #2119, #4283, .T. ) ;
#3158 = CARTESIAN_POINT ( 'NONE',  ( 264.1491657136192543, 38.42172802243533170, 8.947943962052921307 ) ) ;
#3159 = CARTESIAN_POINT ( 'NONE',  ( 414.6987652200348293, 26.40339627220448904, -4.000000000000054179 ) ) ;
#3160 = EDGE_CURVE ( 'NONE', #245, #1012, #3610, .T. ) ;
#3161 = ORIENTED_EDGE ( 'NONE', *, *, #2596, .F. ) ;
#3162 = VERTEX_POINT ( 'NONE', #2954 ) ;
#3163 = DIRECTION ( 'NONE',  ( -1.000000000000000000, -1.226999531788473599E-16, -0.000000000000000000 ) ) ;
#3164 = FACE_OUTER_BOUND ( 'NONE', #780, .T. ) ;
#3165 = CARTESIAN_POINT ( 'NONE',  ( 263.4487652200348293, -31.89652196148236385, 3.722975602975638232 ) ) ;
#3166 = VECTOR ( 'NONE', #884, 1000.000000000000000 ) ;
#3167 = ORIENTED_EDGE ( 'NONE', *, *, #102, .F. ) ;
#3168 = ORIENTED_EDGE ( 'NONE', *, *, #617, .T. ) ;
#3169 = CARTESIAN_POINT ( 'NONE',  ( 425.4487652200347725, 11.95799627220453942, -16.99999999999999645 ) ) ;
#3170 = CARTESIAN_POINT ( 'NONE',  ( 267.2829176976869689, -31.27058970948402106, 5.748341562109243519 ) ) ;
#3171 = DIRECTION ( 'NONE',  ( -0.000000000000000000, -0.000000000000000000, 1.000000000000000000 ) ) ;
#3172 = CARTESIAN_POINT ( 'NONE',  ( 425.4181512904729630, -30.60298039049737895, 9.361874673226193266 ) ) ;
#3173 = EDGE_CURVE ( 'NONE', #3587, #3025, #4050, .T. ) ;
#3174 = VERTEX_POINT ( 'NONE', #631 ) ;
#3175 = CARTESIAN_POINT ( 'NONE',  ( 270.4487652200348293, 30.03189703458209436, 5.000000000000049738 ) ) ;
#3176 = CARTESIAN_POINT ( 'NONE',  ( 264.1491657134733941, -30.90573547794857490, -8.947943962354038661 ) ) ;
#3177 = PLANE ( 'NONE',  #4208 ) ;
#3178 = EDGE_CURVE ( 'NONE', #4012, #3708, #3964, .T. ) ;
#3179 = DIRECTION ( 'NONE',  ( 0.000000000000000000, 1.000000000000000000, 0.000000000000000000 ) ) ;
#3180 = ORIENTED_EDGE ( 'NONE', *, *, #831, .T. ) ;
#3181 = VECTOR ( 'NONE', #752, 1000.000000000000000 ) ;
#3182 = VECTOR ( 'NONE', #4225, 1000.000000000000000 ) ;
#3183 = ORIENTED_EDGE ( 'NONE', *, *, #1946, .F. ) ;
#3184 = AXIS2_PLACEMENT_3D ( 'NONE', #2742, #2050, #2400 ) ;
#3185 = ORIENTED_EDGE ( 'NONE', *, *, #2271, .T. ) ;
#3186 = CARTESIAN_POINT ( 'NONE',  ( 263.4487652200347725, 37.48691561451369836, 12.00000000000005862 ) ) ;
#3187 = VERTEX_POINT ( 'NONE', #1956 ) ;
#3188 = ORIENTED_EDGE ( 'NONE', *, *, #1138, .T. ) ;
#3189 = CIRCLE ( 'NONE', #1308, 29.30000000000000071 ) ;
#3190 = CARTESIAN_POINT ( 'NONE',  ( 416.4487652200347725, 36.20799627220453942, -4.000000000000058620 ) ) ;
#3191 = CARTESIAN_POINT ( 'NONE',  ( 425.2889818946269429, -30.76632601636028141, 8.735728432082046524 ) ) ;
#3192 = ORIENTED_EDGE ( 'NONE', *, *, #1531, .T. ) ;
#3193 = DIRECTION ( 'NONE',  ( 1.000000000000000000, -0.000000000000000000, -0.000000000000000000 ) ) ;
#3194 = LINE ( 'NONE', #1887, #1607 ) ;
#3195 = CARTESIAN_POINT ( 'NONE',  ( 281.5976034109484658, -31.96993348823099623, -1.703116587197941456 ) ) ;
#3196 = LINE ( 'NONE', #3858, #1423 ) ;
#3197 = VERTEX_POINT ( 'NONE', #2917 ) ;
#3198 = EDGE_CURVE ( 'NONE', #180, #745, #3631, .T. ) ;
#3199 = EDGE_CURVE ( 'NONE', #3635, #487, #3261, .T. ) ;
#3200 = VECTOR ( 'NONE', #3969, 1000.000000000000000 ) ;
#3201 = ORIENTED_EDGE ( 'NONE', *, *, #2097, .T. ) ;
#3202 = VERTEX_POINT ( 'NONE', #1978 ) ;
#3203 = EDGE_CURVE ( 'NONE', #1086, #3050, #1937, .T. ) ;
#3204 = AXIS2_PLACEMENT_3D ( 'NONE', #648, #1300, #176 ) ;
#3205 = CYLINDRICAL_SURFACE ( 'NONE', #2021, 35.61202498550130002 ) ;
#3206 = LINE ( 'NONE', #2232, #542 ) ;
#3207 = EDGE_CURVE ( 'NONE', #136, #232, #4199, .T. ) ;
#3208 = VERTEX_POINT ( 'NONE', #609 ) ;
#3209 = ORIENTED_EDGE ( 'NONE', *, *, #1302, .F. ) ;
#3210 = CARTESIAN_POINT ( 'NONE',  ( 263.4487652200347156, 28.73373397666006213, -5.000000000000054179 ) ) ;
#3211 = EDGE_CURVE ( 'NONE', #2772, #876, #3941, .T. ) ;
#3212 = CARTESIAN_POINT ( 'NONE',  ( 285.7487652200347839, -31.50127660129598794, -5.000000000000015099 ) ) ;
#3213 = CARTESIAN_POINT ( 'NONE',  ( 310.3994845112277972, 38.21726914570503908, -4.999999999999990230 ) ) ;
#3214 = EDGE_CURVE ( 'NONE', #4212, #424, #974, .T. ) ;
#3215 = CARTESIAN_POINT ( 'NONE',  ( 261.4487652200347156, -0.8512766012959865902, 5.000000000000009770 ) ) ;
#3216 = ORIENTED_EDGE ( 'NONE', *, *, #2391, .F. ) ;
#3217 = DIRECTION ( 'NONE',  ( 0.000000000000000000, -5.857254280169296935E-16, -1.000000000000000000 ) ) ;
#3218 = CARTESIAN_POINT ( 'NONE',  ( 270.4279940190705815, 39.11474442802332163, 3.691883029289934726 ) ) ;
#3219 = CARTESIAN_POINT ( 'NONE',  ( 270.4279939233933305, -31.38061874138706742, 5.059624054648369729 ) ) ;
#3220 = CARTESIAN_POINT ( 'NONE',  ( 425.4487652200347725, -13.24200372779546164, -8.200000000000001066 ) ) ;
#3221 = VERTEX_POINT ( 'NONE', #315 ) ;
#3222 = ORIENTED_EDGE ( 'NONE', *, *, #4183, .T. ) ;
#3223 = ORIENTED_EDGE ( 'NONE', *, *, #3985, .T. ) ;
#3224 = CARTESIAN_POINT ( 'NONE',  ( 415.4487652200347725, 20.75799627220454013, 5.000000000000020428 ) ) ;
#3225 = CARTESIAN_POINT ( 'NONE',  ( 263.4487652200347725, 37.67229753515191248, 11.47893901260604643 ) ) ;
#3226 = ORIENTED_EDGE ( 'NONE', *, *, #2532, .T. ) ;
#3227 = VERTEX_POINT ( 'NONE', #4056 ) ;
#3228 = CARTESIAN_POINT ( 'NONE',  ( 270.4487652200348293, -33.14366256604341743, -5.000000000000020428 ) ) ;
#3229 = CARTESIAN_POINT ( 'NONE',  ( 263.4487652200347725, 37.01415087545659333, -5.000000000000059508 ) ) ;
#3230 = CARTESIAN_POINT ( 'NONE',  ( 414.6987624429701782, -11.16660355263884874, -4.000000000000031086 ) ) ;
#3231 = LINE ( 'NONE', #3601, #1035 ) ;
#3232 = AXIS2_PLACEMENT_3D ( 'NONE', #2151, #3407, #2106 ) ;
#3233 = LINE ( 'NONE', #1239, #2384 ) ;
#3234 = EDGE_LOOP ( 'NONE', ( #516, #2790, #2345, #3405, #3489, #2209 ) ) ;
#3235 = CARTESIAN_POINT ( 'NONE',  ( 265.6831954117670875, 38.65119136648695530, -6.862270849364398018 ) ) ;
#3236 = CARTESIAN_POINT ( 'NONE',  ( 263.4889165627503758, 38.36509718952640924, -7.814916132894492051 ) ) ;
#3237 = B_SPLINE_CURVE_WITH_KNOTS ( 'NONE', 3,
 ( #146, #2851, #787, #4104 ),
 .UNSPECIFIED., .F., .F.,
 ( 4, 4 ),
 ( 0.000000000000000000, 2.077358055648789926E-05 ),
 .UNSPECIFIED. ) ;
#3238 = CARTESIAN_POINT ( 'NONE',  ( 263.4487652200347725, 30.48794202598410408, -12.00000000000005329 ) ) ;
#3239 = CYLINDRICAL_SURFACE ( 'NONE', #3443, 1.599999999999997202 ) ;
#3240 = CARTESIAN_POINT ( 'NONE',  ( 414.6987624429701782, -11.16660355263884874, -4.000000000000031086 ) ) ;
#3241 = ORIENTED_EDGE ( 'NONE', *, *, #434, .T. ) ;
#3242 = ORIENTED_EDGE ( 'NONE', *, *, #4097, .T. ) ;
#3243 = CARTESIAN_POINT ( 'NONE',  ( 269.1213264417702362, -31.35929020924449517, -5.119229221460310342 ) ) ;
#3244 = CARTESIAN_POINT ( 'NONE',  ( 317.4987652200346702, -25.24200372779544921, -2.341876692568689577E-14 ) ) ;
#3245 = VECTOR ( 'NONE', #1740, 1000.000000000000000 ) ;
#3246 = VERTEX_POINT ( 'NONE', #1756 ) ;
#3247 = ORIENTED_EDGE ( 'NONE', *, *, #671, .T. ) ;
#3248 = CARTESIAN_POINT ( 'NONE',  ( 263.4487652200348862, -33.14366256604342453, -5.000000000000020428 ) ) ;
#3249 = CARTESIAN_POINT ( 'NONE',  ( 263.4487652200347725, 40.17547498629218694, -5.000000000000060396 ) ) ;
#3250 = CARTESIAN_POINT ( 'NONE',  ( 420.4487652200347725, 3.757996272204533028, -10.00000000000004086 ) ) ;
#3251 = EDGE_CURVE ( 'NONE', #676, #923, #1069, .T. ) ;
#3252 = DIRECTION ( 'NONE',  ( 0.000000000000000000, 0.000000000000000000, 1.000000000000000000 ) ) ;
#3253 = B_SPLINE_CURVE_WITH_KNOTS ( 'NONE', 3,
 ( #4233, #1546, #2525, #2287 ),
 .UNSPECIFIED., .F., .F.,
 ( 4, 4 ),
 ( 0.1911026887070565172, 0.2064039740785086618 ),
 .UNSPECIFIED. ) ;
#3254 = CARTESIAN_POINT ( 'NONE',  ( 263.7830618090193866, 31.35323821608661277, -9.851106189184722695 ) ) ;
#3255 = ORIENTED_EDGE ( 'NONE', *, *, #2440, .T. ) ;
#3256 = CARTESIAN_POINT ( 'NONE',  ( 425.4487652200347725, -4.442003727795461820, 17.00000000000000000 ) ) ;
#3257 = CARTESIAN_POINT ( 'NONE',  ( 263.4487652865532823, 39.15835995506917300, -5.345662814977186983 ) ) ;
#3258 = CARTESIAN_POINT ( 'NONE',  ( 281.5976034109485227, -31.48447527410500157, 5.074578400770683118 ) ) ;
#3259 = EDGE_CURVE ( 'NONE', #3246, #820, #3704, .T. ) ;
#3260 = CARTESIAN_POINT ( 'NONE',  ( 266.0989014102641477, -24.80991614847324556, -6.510636767522143487 ) ) ;
#3261 =( BOUNDED_CURVE ( )  B_SPLINE_CURVE ( 3, ( #3240, #1510, #1280, #2935 ),
 .UNSPECIFIED., .F., .F. ) 
 B_SPLINE_CURVE_WITH_KNOTS ( ( 4, 4 ),
 ( 2.127522151628127032E-23, 3.141592653589795781 ),
 .UNSPECIFIED. ) 
 CURVE ( )  GEOMETRIC_REPRESENTATION_ITEM ( )  RATIONAL_B_SPLINE_CURVE ( ( 1.000000000000000000, 0.3333333333333324822, 0.3333333333333324822, 1.000000000000000000 ) ) 
 REPRESENTATION_ITEM ( '' )  );
#3262 = VERTEX_POINT ( 'NONE', #3001 ) ;
#3263 = ORIENTED_EDGE ( 'NONE', *, *, #2761, .T. ) ;
#3264 = PLANE ( 'NONE',  #206 ) ;
#3265 = CARTESIAN_POINT ( 'NONE',  ( 420.4487652200347725, 20.75799627220454013, -10.00000000000004974 ) ) ;
#3266 = ORIENTED_EDGE ( 'NONE', *, *, #1362, .T. ) ;
#3267 = ORIENTED_EDGE ( 'NONE', *, *, #3520, .T. ) ;
#3268 = VECTOR ( 'NONE', #1328, 1000.000000000000000 ) ;
#3269 = CARTESIAN_POINT ( 'NONE',  ( 424.2447681917648197, 38.72927201737469716, -6.729245885608611033 ) ) ;
#3270 = CARTESIAN_POINT ( 'NONE',  ( 414.6987652200347156, 6.403396272204500583, 4.999999999999945821 ) ) ;
#3271 = CARTESIAN_POINT ( 'NONE',  ( 414.6987652200347725, 8.833396272204542043, 4.999999999999944045 ) ) ;
#3272 = DIRECTION ( 'NONE',  ( -0.000000000000000000, 1.000000000000000000, -0.000000000000000000 ) ) ;
#3273 = CARTESIAN_POINT ( 'NONE',  ( 429.4487652200347725, -13.24200372779546164, -8.200000000000001066 ) ) ;
#3274 = ORIENTED_EDGE ( 'NONE', *, *, #4151, .F. ) ;
#3275 = PLANE ( 'NONE',  #1370 ) ;
#3276 = DIRECTION ( 'NONE',  ( 0.000000000000000000, 0.000000000000000000, 1.000000000000000000 ) ) ;
#3277 = CARTESIAN_POINT ( 'NONE',  ( 263.4487652200347725, 34.24778730512208824, -12.00000000000005507 ) ) ;
#3278 = CARTESIAN_POINT ( 'NONE',  ( 263.6514913190858351, -23.68680680488392554, -10.27074229325197763 ) ) ;
#3279 = DIRECTION ( 'NONE',  ( 1.000000000000000000, -0.000000000000000000, -0.000000000000000000 ) ) ;
#3280 = AXIS2_PLACEMENT_3D ( 'NONE', #3633, #3373, #383 ) ;
#3281 = ORIENTED_EDGE ( 'NONE', *, *, #4133, .F. ) ;
#3282 = EDGE_CURVE ( 'NONE', #231, #2386, #1713, .T. ) ;
#3283 = VERTEX_POINT ( 'NONE', #335 ) ;
#3284 =( BOUNDED_CURVE ( )  B_SPLINE_CURVE ( 3, ( #2741, #3747, #1431, #2094 ),
 .UNSPECIFIED., .F., .F. ) 
 B_SPLINE_CURVE_WITH_KNOTS ( ( 4, 4 ),
 ( 3.141592653589795781, 6.283185307179586232 ),
 .UNSPECIFIED. ) 
 CURVE ( )  GEOMETRIC_REPRESENTATION_ITEM ( )  RATIONAL_B_SPLINE_CURVE ( ( 1.000000000000000000, 0.3333333333333342585, 0.3333333333333342585, 1.000000000000000000 ) ) 
 REPRESENTATION_ITEM ( '' )  );
#3285 = CARTESIAN_POINT ( 'NONE',  ( 261.4487652200347156, -0.8512766012959865902, 5.000000000000009770 ) ) ;
#3286 = DIRECTION ( 'NONE',  ( -1.000000000000000000, 0.000000000000000000, 0.000000000000000000 ) ) ;
#3287 = ORIENTED_EDGE ( 'NONE', *, *, #3804, .F. ) ;
#3288 = ORIENTED_EDGE ( 'NONE', *, *, #3251, .T. ) ;
#3289 = B_SPLINE_CURVE_WITH_KNOTS ( 'NONE', 3,
 ( #1717, #3462, #3088, #4131 ),
 .UNSPECIFIED., .F., .F.,
 ( 4, 4 ),
 ( 0.06257161343062289660, 0.06884883734132501987 ),
 .UNSPECIFIED. ) ;
#3290 = CARTESIAN_POINT ( 'NONE',  ( 422.9792831407687572, -31.39944081245112173, -5.675041561335726570 ) ) ;
#3291 = CARTESIAN_POINT ( 'NONE',  ( 411.8987684432514698, -20.66660875104112094, 17.99999999999997513 ) ) ;
#3292 = DIRECTION ( 'NONE',  ( -0.000000000000000000, -0.000000000000000000, 1.000000000000000000 ) ) ;
#3293 = CARTESIAN_POINT ( 'NONE',  ( 416.4487652200347725, -28.69200372779545916, -4.000000000000022204 ) ) ;
#3294 = AXIS2_PLACEMENT_3D ( 'NONE', #1993, #1036, #307 ) ;
#3295 = LINE ( 'NONE', #3957, #1858 ) ;
#3296 = VERTEX_POINT ( 'NONE', #1734 ) ;
#3297 = DIRECTION ( 'NONE',  ( -0.000000000000000000, -0.000000000000000000, 1.000000000000000000 ) ) ;
#3298 = EDGE_CURVE ( 'NONE', #2065, #3042, #360, .T. ) ;
#3299 = CARTESIAN_POINT ( 'NONE',  ( 263.4481735402231379, 39.41837002322286310, -3.723587024725845573 ) ) ;
#3300 = AXIS2_PLACEMENT_3D ( 'NONE', #521, #3507, #2248 ) ;
#3301 = EDGE_CURVE ( 'NONE', #2358, #919, #3995, .T. ) ;
#3302 = DIRECTION ( 'NONE',  ( 0.000000000000000000, 5.746772686209761790E-16, 1.000000000000000000 ) ) ;
#3303 = CARTESIAN_POINT ( 'NONE',  ( 411.8987652200347611, -3.096603727795500749, -4.000000000000036415 ) ) ;
#3304 = EDGE_CURVE ( 'NONE', #116, #1031, #1692, .T. ) ;
#3305 = CARTESIAN_POINT ( 'NONE',  ( 283.9429980065349355, 39.00938931525579534, -5.045358423142339177 ) ) ;
#3306 = DIRECTION ( 'NONE',  ( -0.000000000000000000, -1.000000000000000000, 5.746772686209761790E-16 ) ) ;
#3307 = DIRECTION ( 'NONE',  ( 0.000000000000000000, 1.000000000000000000, 1.366692665372836214E-15 ) ) ;
#3308 = ADVANCED_FACE ( 'NONE', ( #4327 ), #2211, .T. ) ;
#3309 = ORIENTED_EDGE ( 'NONE', *, *, #2665, .T. ) ;
#3310 = LINE ( 'NONE', #4014, #3200 ) ;
#3311 = EDGE_CURVE ( 'NONE', #2044, #4139, #112, .T. ) ;
#3312 = CARTESIAN_POINT ( 'NONE',  ( 285.7487652200347270, -31.85402871329678121, 0.000000000000000000 ) ) ;
#3313 = ORIENTED_EDGE ( 'NONE', *, *, #249, .F. ) ;
#3314 = ORIENTED_EDGE ( 'NONE', *, *, #3762, .F. ) ;
#3315 = FACE_OUTER_BOUND ( 'NONE', #3687, .T. ) ;
#3316 = FACE_OUTER_BOUND ( 'NONE', #2602, .T. ) ;
#3317 = PLANE ( 'NONE',  #298 ) ;
#3318 = DIRECTION ( 'NONE',  ( 0.000000000000000000, -1.000000000000000000, 0.000000000000000000 ) ) ;
#3319 = CARTESIAN_POINT ( 'NONE',  ( 263.4487652200347725, 37.48691561451369836, 12.00000000000005862 ) ) ;
#3320 = CARTESIAN_POINT ( 'NONE',  ( 263.4487652200348293, 39.41251450588832483, -3.722975602968960462 ) ) ;
#3321 = CARTESIAN_POINT ( 'NONE',  ( 338.2347567193427267, 34.99240393505462521, -5.000000000000056843 ) ) ;
#3322 = VECTOR ( 'NONE', #4210, 1000.000000000000000 ) ;
#3323 = CARTESIAN_POINT ( 'NONE',  ( 266.2864244234086186, -24.84214984704172480, -6.367105347666926818 ) ) ;
#3324 = CARTESIAN_POINT ( 'NONE',  ( 279.4395032573818867, 39.35130619254772455, -9.866239769618090349E-15 ) ) ;
#3325 = VECTOR ( 'NONE', #1991, 1000.000000000000000 ) ;
#3326 = CARTESIAN_POINT ( 'NONE',  ( 270.4487652200348293, -31.69112219356272320, 4.999999999999966249 ) ) ;
#3327 = FACE_BOUND ( 'NONE', #512, .T. ) ;
#3328 = CARTESIAN_POINT ( 'NONE',  ( 420.4487652200347725, 3.757996272204525479, 10.00000000000001599 ) ) ;
#3329 = EDGE_CURVE ( 'NONE', #1487, #116, #1056, .T. ) ;
#3330 = CARTESIAN_POINT ( 'NONE',  ( 263.6914875689657833, -31.08314841458011557, 8.231796695577539680 ) ) ;
#3331 = CARTESIAN_POINT ( 'NONE',  ( 429.4487652200347725, 20.75799627220454013, 8.199999999999999289 ) ) ;
#3332 = ORIENTED_EDGE ( 'NONE', *, *, #1891, .T. ) ;
#3333 = ORIENTED_EDGE ( 'NONE', *, *, #1976, .F. ) ;
#3334 = CARTESIAN_POINT ( 'NONE',  ( 263.4487652200347725, -22.51590449017308870, -12.00000000000002487 ) ) ;
#3335 = FACE_OUTER_BOUND ( 'NONE', #3885, .T. ) ;
#3336 = DIRECTION ( 'NONE',  ( 0.000000000000000000, -1.000000000000000000, 0.000000000000000000 ) ) ;
#3337 = EDGE_CURVE ( 'NONE', #281, #1246, #4174, .T. ) ;
#3338 = CARTESIAN_POINT ( 'NONE',  ( 420.4487652200347725, -31.50127660129597373, -5.000000000000015099 ) ) ;
#3339 = DIRECTION ( 'NONE',  ( 0.000000000000000000, -1.000000000000000000, 0.000000000000000000 ) ) ;
#3340 = ORIENTED_EDGE ( 'NONE', *, *, #2568, .T. ) ;
#3341 = EDGE_CURVE ( 'NONE', #1839, #2124, #1136, .T. ) ;
#3342 = CARTESIAN_POINT ( 'NONE',  ( 263.7407169778283560, -30.64081882806397417, 9.932087257210168829 ) ) ;
#3343 = EDGE_CURVE ( 'NONE', #2941, #1240, #851, .T. ) ;
#3344 = VECTOR ( 'NONE', #1382, 1000.000000000000000 ) ;
#3345 = AXIS2_PLACEMENT_3D ( 'NONE', #1428, #1385, #3369 ) ;
#3346 = CARTESIAN_POINT ( 'NONE',  ( 263.4487652200347725, -26.25127660129598439, 1.400000000000009681 ) ) ;
#3347 = CARTESIAN_POINT ( 'NONE',  ( 285.7487652254412183, 39.01726914570500782, 5.000000000000063061 ) ) ;
#3348 = CARTESIAN_POINT ( 'NONE',  ( 263.4487652200347725, 40.17547498629221536, 12.00000000000006217 ) ) ;
#3349 = AXIS2_PLACEMENT_3D ( 'NONE', #2369, #3302, #2349 ) ;
#3350 = CARTESIAN_POINT ( 'NONE',  ( 263.4487652200347725, -31.92466030067899041, -3.344256340662507654 ) ) ;
#3351 = CARTESIAN_POINT ( 'NONE',  ( 414.6987652200347725, 11.26339627220457551, 4.999999999999942268 ) ) ;
#3352 = ORIENTED_EDGE ( 'NONE', *, *, #946, .F. ) ;
#3353 = ORIENTED_EDGE ( 'NONE', *, *, #1211, .F. ) ;
#3354 = PLANE ( 'NONE',  #1814 ) ;
#3355 = DIRECTION ( 'NONE',  ( -1.000000000000000000, -0.000000000000000000, -0.000000000000000000 ) ) ;
#3356 = ADVANCED_FACE ( 'NONE', ( #4156 ), #187, .T. ) ;
#3357 = VERTEX_POINT ( 'NONE', #3484 ) ;
#3358 = VERTEX_POINT ( 'NONE', #2766 ) ;
#3359 = EDGE_CURVE ( 'NONE', #4100, #4303, #1229, .T. ) ;
#3360 = CARTESIAN_POINT ( 'NONE',  ( 414.6987652200347725, 8.833396272204543820, 4.999999999999944045 ) ) ;
#3361 = DIRECTION ( 'NONE',  ( 0.000000000000000000, -1.000000000000000000, 0.000000000000000000 ) ) ;
#3362 = CARTESIAN_POINT ( 'NONE',  ( 411.8987652200347611, 28.83339627220454204, 4.999999999999931610 ) ) ;
#3363 = DIRECTION ( 'NONE',  ( 7.186848259333761210E-32, -5.857254280169296935E-16, -1.000000000000000000 ) ) ;
#3364 = ORIENTED_EDGE ( 'NONE', *, *, #621, .T. ) ;
#3365 = CARTESIAN_POINT ( 'NONE',  ( 350.4987652200347270, 32.75799627220455079, -5.000000000000057732 ) ) ;
#3366 = CARTESIAN_POINT ( 'NONE',  ( 263.4484693801289836, 39.41544226455559397, -3.723281313847403240 ) ) ;
#3367 = DIRECTION ( 'NONE',  ( 0.000000000000000000, 0.000000000000000000, 1.000000000000000000 ) ) ;
#3368 = EDGE_LOOP ( 'NONE', ( #983, #2713, #3105, #4198 ) ) ;
#3369 = DIRECTION ( 'NONE',  ( 0.000000000000000000, -5.857254280169296935E-16, -1.000000000000000000 ) ) ;
#3370 = CARTESIAN_POINT ( 'NONE',  ( 281.5976034109485795, 39.36393884697714185, -1.688664761431762029 ) ) ;
#3371 = CARTESIAN_POINT ( 'NONE',  ( 263.4487652200347725, -31.69112204916912390, -5.000001023725027416 ) ) ;
#3372 = LINE ( 'NONE', #4121, #2566 ) ;
#3373 = DIRECTION ( 'NONE',  ( -1.000000000000000000, -1.226999531788473599E-16, 0.000000000000000000 ) ) ;
#3374 = DIRECTION ( 'NONE',  ( 0.000000000000000000, -1.000000000000000000, 0.000000000000000000 ) ) ;
#3375 = ORIENTED_EDGE ( 'NONE', *, *, #674, .F. ) ;
#3376 = CARTESIAN_POINT ( 'NONE',  ( 259.4487652200347725, 33.45799627220452521, 5.510910596163077723E-16 ) ) ;
#3377 = PLANE ( 'NONE',  #469 ) ;
#3378 = VERTEX_POINT ( 'NONE', #2467 ) ;
#3379 = VERTEX_POINT ( 'NONE', #3130 ) ;
#3380 = CARTESIAN_POINT ( 'NONE',  ( 425.1135267359109662, 20.75799627220454013, -8.199999999999999289 ) ) ;
#3381 = FACE_OUTER_BOUND ( 'NONE', #2320, .T. ) ;
#3382 = LINE ( 'NONE', #17, #870 ) ;
#3383 = CARTESIAN_POINT ( 'NONE',  ( 319.4487652200347725, 35.05799627220453374, 5.510910596163077723E-16 ) ) ;
#3384 = ORIENTED_EDGE ( 'NONE', *, *, #3311, .F. ) ;
#3385 = CARTESIAN_POINT ( 'NONE',  ( 409.4487652200347725, 31.69872339870403266, 1.800000000000009592 ) ) ;
#3386 = VECTOR ( 'NONE', #2712, 1000.000000000000000 ) ;
#3387 = EDGE_CURVE ( 'NONE', #245, #3695, #3834, .T. ) ;
#3388 = LINE ( 'NONE', #3037, #3344 ) ;
#3389 = AXIS2_PLACEMENT_3D ( 'NONE', #4154, #2466, #1523 ) ;
#3390 = CIRCLE ( 'NONE', #2837, 1.600000000000000755 ) ;
#3391 = CARTESIAN_POINT ( 'NONE',  ( 319.4487652200347725, 33.45799627220453232, 5.510910596163077723E-16 ) ) ;
#3392 = ORIENTED_EDGE ( 'NONE', *, *, #265, .F. ) ;
#3393 = CARTESIAN_POINT ( 'NONE',  ( 263.9265995921894046, 38.48936112171216450, 8.683053551075937904 ) ) ;
#3394 = EDGE_CURVE ( 'NONE', #402, #2882, #3237, .T. ) ;
#3395 = CARTESIAN_POINT ( 'NONE',  ( 272.0714450008226208, 39.28203833296532110, -8.998878031629686802E-15 ) ) ;
#3396 = CARTESIAN_POINT ( 'NONE',  ( 414.6987652200347725, 28.83339627220455270, 17.99999999999994316 ) ) ;
#3397 = EDGE_CURVE ( 'NONE', #2993, #3826, #2787, .T. ) ;
#3398 = CARTESIAN_POINT ( 'NONE',  ( 263.4487652200347725, 39.20711459357796969, 5.000001023726391658 ) ) ;
#3400 = DIRECTION ( 'NONE',  ( -1.000000000000000000, -1.226999531788473599E-16, 0.000000000000000000 ) ) ;
#3399 = VECTOR ( 'NONE', #3148, 1000.000000000000000 ) ;
#3401 = ORIENTED_EDGE ( 'NONE', *, *, #3982, .T. ) ;
#3402 = CARTESIAN_POINT ( 'NONE',  ( 411.8987668890957252, -11.16660390295199434, -4.000000000000031086 ) ) ;
#3403 = CARTESIAN_POINT ( 'NONE',  ( 423.5254802864303088, 38.85372748698588197, 6.044925937034457242 ) ) ;
#3404 = ORIENTED_EDGE ( 'NONE', *, *, #665, .T. ) ;
#3405 = ORIENTED_EDGE ( 'NONE', *, *, #212, .T. ) ;
#3406 = CARTESIAN_POINT ( 'NONE',  ( 263.6514913190860057, 31.20279934929295251, 10.27074229325199894 ) ) ;
#3407 = DIRECTION ( 'NONE',  ( -1.000000000000000000, -1.226999531788473599E-16, 0.000000000000000000 ) ) ;
#3408 =( BOUNDED_CURVE ( )  B_SPLINE_CURVE ( 3, ( #3103, #3810, #1367, #4149 ),
 .UNSPECIFIED., .F., .F. ) 
 B_SPLINE_CURVE_WITH_KNOTS ( ( 4, 4 ),
 ( 3.141592653589790451, 6.283185307179586232 ),
 .UNSPECIFIED. ) 
 CURVE ( )  GEOMETRIC_REPRESENTATION_ITEM ( )  RATIONAL_B_SPLINE_CURVE ( ( 1.000000000000000000, 0.3333333333333324822, 0.3333333333333324822, 1.000000000000000000 ) ) 
 REPRESENTATION_ITEM ( '' )  );
#3409 = CARTESIAN_POINT ( 'NONE',  ( 270.4279940190705815, -30.76060661123125328, 9.021242381089082940 ) ) ;
#3410 = VERTEX_POINT ( 'NONE', #4195 ) ;
#3411 = LINE ( 'NONE', #420, #3886 ) ;
#3412 = CARTESIAN_POINT ( 'NONE',  ( 274.2068737731542569, 39.30824376409223930, -7.550292138823142236E-10 ) ) ;
#3413 = CARTESIAN_POINT ( 'NONE',  ( 414.6987652200348293, 31.26339627220458439, 4.999999999999929834 ) ) ;
#3414 = ORIENTED_EDGE ( 'NONE', *, *, #2131, .F. ) ;
#3415 = CARTESIAN_POINT ( 'NONE',  ( 411.8987668890957252, -11.16660390295199434, -4.000000000000031086 ) ) ;
#3416 = CARTESIAN_POINT ( 'NONE',  ( 411.8987652200347611, -0.6666037277954612872, -4.000000000000038192 ) ) ;
#3417 = VECTOR ( 'NONE', #541, 1000.000000000000000 ) ;
#3418 = CARTESIAN_POINT ( 'NONE',  ( 263.4487652200347725, -25.90667613576826156, 4.999999999999974243 ) ) ;
#3419 = FACE_OUTER_BOUND ( 'NONE', #847, .T. ) ;
#3420 = ORIENTED_EDGE ( 'NONE', *, *, #1889, .F. ) ;
#3421 = LINE ( 'NONE', #410, #3245 ) ;
#3422 = ORIENTED_EDGE ( 'NONE', *, *, #2033, .T. ) ;
#3423 = ORIENTED_EDGE ( 'NONE', *, *, #835, .F. ) ;
#3424 = CARTESIAN_POINT ( 'NONE',  ( 311.1994845112278085, 38.21726914570503908, -4.999999999999990230 ) ) ;
#3425 = DIRECTION ( 'NONE',  ( -8.676196894403484160E-17, 0.7071067811865474617, 0.7071067811865476838 ) ) ;
#3426 = VECTOR ( 'NONE', #3818, 1000.000000000000000 ) ;
#3427 = CARTESIAN_POINT ( 'NONE',  ( 270.4279940190703542, -31.59875188361338516, 3.691883029295551122 ) ) ;
#3428 = ORIENTED_EDGE ( 'NONE', *, *, #2091, .T. ) ;
#3429 = LINE ( 'NONE', #137, #2223 ) ;
#3430 = CARTESIAN_POINT ( 'NONE',  ( 429.4487652200347725, 20.75799627220454013, 8.199999999999999289 ) ) ;
#3431 = CARTESIAN_POINT ( 'NONE',  ( 411.8987668890957252, -11.16660390295199434, -4.000000000000031086 ) ) ;
#3432 = ORIENTED_EDGE ( 'NONE', *, *, #3518, .T. ) ;
#3433 = EDGE_CURVE ( 'NONE', #364, #615, #1677, .T. ) ;
#3434 = CARTESIAN_POINT ( 'NONE',  ( 414.6987652200347725, 8.833396272204536714, -4.000000000000045297 ) ) ;
#3435 = DIRECTION ( 'NONE',  ( 1.000000000000000000, 0.000000000000000000, 0.000000000000000000 ) ) ;
#3436 = CYLINDRICAL_SURFACE ( 'NONE', #210, 5.000000000000000888 ) ;
#3437 = EDGE_CURVE ( 'NONE', #1305, #1257, #913, .T. ) ;
#3438 = LINE ( 'NONE', #459, #1405 ) ;
#3439 =( GEOMETRIC_REPRESENTATION_CONTEXT ( 3 ) GLOBAL_UNCERTAINTY_ASSIGNED_CONTEXT ( ( #416 ) ) GLOBAL_UNIT_ASSIGNED_CONTEXT ( ( #40, #1685, #4340 ) ) REPRESENTATION_CONTEXT ( 'NONE', 'WORKASPACE' ) );
#3440 = DIRECTION ( 'NONE',  ( 1.000000000000000000, 0.000000000000000000, 0.000000000000000000 ) ) ;
#3441 = ORIENTED_EDGE ( 'NONE', *, *, #1220, .F. ) ;
#3442 = LINE ( 'NONE', #1116, #3948 ) ;
#3443 = AXIS2_PLACEMENT_3D ( 'NONE', #1263, #293, #1343 ) ;
#3444 = ORIENTED_EDGE ( 'NONE', *, *, #3976, .F. ) ;
#3445 = ORIENTED_EDGE ( 'NONE', *, *, #2264, .T. ) ;
#3446 = ADVANCED_FACE ( 'NONE', ( #2115 ), #3436, .F. ) ;
#3447 = B_SPLINE_CURVE_WITH_KNOTS ( 'NONE', 3,
 ( #2561, #4292, #1903, #2925 ),
 .UNSPECIFIED., .F., .F.,
 ( 4, 4 ),
 ( 0.5000000517753071527, 1.000000000000000000 ),
 .UNSPECIFIED. ) ;
#3448 = CARTESIAN_POINT ( 'NONE',  ( 414.6987598863348694, -20.66659870454968484, -4.000000000000025757 ) ) ;
#3449 = CARTESIAN_POINT ( 'NONE',  ( 270.4279940190704679, -31.59875188361338516, -3.691883029295650154 ) ) ;
#3450 = LINE ( 'NONE', #396, #389 ) ;
#3451 = ORIENTED_EDGE ( 'NONE', *, *, #56, .F. ) ;
#3452 = CARTESIAN_POINT ( 'NONE',  ( 400.4987652200347270, -28.69200372779545916, -4.000000000000022204 ) ) ;
#3453 = LINE ( 'NONE', #3430, #1469 ) ;
#3454 = LINE ( 'NONE', #472, #894 ) ;
#3455 = LINE ( 'NONE', #3081, #4270 ) ;
#3456 = ORIENTED_EDGE ( 'NONE', *, *, #3397, .F. ) ;
#3457 = CARTESIAN_POINT ( 'NONE',  ( 423.7852093381458758, 38.81602252239805750, -6.261603059476793298 ) ) ;
#3458 = CARTESIAN_POINT ( 'NONE',  ( 338.2347567193427267, 34.19240393505462094, -5.000000000000056843 ) ) ;
#3459 = CARTESIAN_POINT ( 'NONE',  ( 263.7591316888302799, -31.04507432011043733, -8.391026399151250814 ) ) ;
#3460 = AXIS2_PLACEMENT_3D ( 'NONE', #3458, #3084, #1806 ) ;
#3461 = CARTESIAN_POINT ( 'NONE',  ( 410.4487652200347725, -24.00127660129596663, 1.800000000000009592 ) ) ;
#3462 = CARTESIAN_POINT ( 'NONE',  ( 270.4487652200348293, 36.81303909089438520, 5.000000000000060396 ) ) ;
#3463 = EDGE_CURVE ( 'NONE', #2044, #4304, #3867, .T. ) ;
#3464 = VERTEX_POINT ( 'NONE', #1159 ) ;
#3465 = DIRECTION ( 'NONE',  ( -1.000000000000000000, 0.000000000000000000, 0.000000000000000000 ) ) ;
#3466 = CARTESIAN_POINT ( 'NONE',  ( 263.4487652200347725, -31.69112219356272320, 4.999999999999966249 ) ) ;
#3467 = ORIENTED_EDGE ( 'NONE', *, *, #1537, .F. ) ;
#3468 = VECTOR ( 'NONE', #2908, 1000.000000000000000 ) ;
#3469 = ORIENTED_EDGE ( 'NONE', *, *, #3952, .F. ) ;
#3470 = EDGE_CURVE ( 'NONE', #1117, #35, #2200, .T. ) ;
#3471 = DIRECTION ( 'NONE',  ( -1.000000000000000000, -1.226999531788473846E-16, 0.000000000000000000 ) ) ;
#3472 = CARTESIAN_POINT ( 'NONE',  ( 263.4889165627503758, -31.21318625729477603, 5.499897712254794513 ) ) ;
#3473 = DIRECTION ( 'NONE',  ( 1.000000000000000000, 0.000000000000000000, 0.000000000000000000 ) ) ;
#3474 = EDGE_LOOP ( 'NONE', ( #611, #3287, #929, #2841 ) ) ;
#3475 = CARTESIAN_POINT ( 'NONE',  ( 261.4487652200347156, 3.757996272204519261, -2.174747558998717680E-14 ) ) ;
#3476 = EDGE_CURVE ( 'NONE', #1894, #2326, #3521, .T. ) ;
#3477 = CARTESIAN_POINT ( 'NONE',  ( 270.4279939233932168, 39.13943569072419137, 3.363125330651377531 ) ) ;
#3478 = CARTESIAN_POINT ( 'NONE',  ( 270.4487652200348293, -26.25127660129598439, 5.000000000000009770 ) ) ;
#3479 = CARTESIAN_POINT ( 'NONE',  ( 263.4487652200347725, 30.48794202598410408, -12.00000000000005329 ) ) ;
#3480 = EDGE_CURVE ( 'NONE', #1240, #1309, #501, .T. ) ;
#3481 = ORIENTED_EDGE ( 'NONE', *, *, #2724, .T. ) ;
#3482 = CARTESIAN_POINT ( 'NONE',  ( 424.8102401101995724, 38.56516986090097987, -7.533545411903306288 ) ) ;
#3483 = FACE_OUTER_BOUND ( 'NONE', #127, .T. ) ;
#3484 = CARTESIAN_POINT ( 'NONE',  ( 270.4279939279221594, 38.90514495674080564, 4.999999999951413976 ) ) ;
#3485 = EDGE_CURVE ( 'NONE', #4212, #1470, #2632, .T. ) ;
#3486 = DIRECTION ( 'NONE',  ( 0.000000000000000000, 1.000000000000000000, -5.857254280169296935E-16 ) ) ;
#3487 = FACE_OUTER_BOUND ( 'NONE', #1195, .T. ) ;
#3488 = ORIENTED_EDGE ( 'NONE', *, *, #866, .F. ) ;
#3489 = ORIENTED_EDGE ( 'NONE', *, *, #2170, .T. ) ;
#3490 = PLANE ( 'NONE',  #2586 ) ;
#3491 = DIRECTION ( 'NONE',  ( 0.000000000000000000, 1.000000000000000000, 0.000000000000000000 ) ) ;
#3492 = EDGE_CURVE ( 'NONE', #1602, #402, #114, .T. ) ;
#3493 = CARTESIAN_POINT ( 'NONE',  ( 263.4487652200348293, -32.04200372779548189, -1.861501134137470981 ) ) ;
#3494 = ORIENTED_EDGE ( 'NONE', *, *, #2879, .T. ) ;
#3495 = EDGE_CURVE ( 'NONE', #57, #3935, #2611, .T. ) ;
#3496 = VERTEX_POINT ( 'NONE', #3583 ) ;
#3497 = FACE_OUTER_BOUND ( 'NONE', #2448, .T. ) ;
#3498 = AXIS2_PLACEMENT_3D ( 'NONE', #2071, #407, #1049 ) ;
#3499 = CARTESIAN_POINT ( 'NONE',  ( 270.8148560937342495, 39.26458582861543789, 1.683952796334703628 ) ) ;
#3500 = DIRECTION ( 'NONE',  ( -1.226999531788473599E-16, 1.000000000000000000, 1.366692665372836214E-15 ) ) ;
#3501 = ORIENTED_EDGE ( 'NONE', *, *, #3917, .T. ) ;
#3502 = CARTESIAN_POINT ( 'NONE',  ( 422.6897414304144718, 38.93856188139887564, -5.527253874943010459 ) ) ;
#3503 = DIRECTION ( 'NONE',  ( -1.226999531788473599E-16, 1.000000000000000000, 0.000000000000000000 ) ) ;
#3504 = B_SPLINE_CURVE_WITH_KNOTS ( 'NONE', 3,
 ( #3870, #2215, #3541, #4068 ),
 .UNSPECIFIED., .F., .F.,
 ( 4, 4 ),
 ( 0.000000000000000000, 2.077358055665442932E-05 ),
 .UNSPECIFIED. ) ;
#3505 = CARTESIAN_POINT ( 'NONE',  ( 285.7487652200347839, -31.50127660129598084, 5.000000000000020428 ) ) ;
#3506 = DIRECTION ( 'NONE',  ( 0.000000000000000000, 5.857254280169296935E-16, 1.000000000000000000 ) ) ;
#3507 = DIRECTION ( 'NONE',  ( -0.000000000000000000, -0.000000000000000000, 1.000000000000000000 ) ) ;
#3508 = ORIENTED_EDGE ( 'NONE', *, *, #3990, .F. ) ;
#3509 = ORIENTED_EDGE ( 'NONE', *, *, #430, .F. ) ;
#3510 = ORIENTED_EDGE ( 'NONE', *, *, #2085, .T. ) ;
#3511 = CARTESIAN_POINT ( 'NONE',  ( 425.4487652200347725, 11.95799627220453587, 17.00000000000000000 ) ) ;
#3512 = CARTESIAN_POINT ( 'NONE',  ( 263.7377959054426242, 38.15406730698794746, 9.941595844070398869 ) ) ;
#3513 = ORIENTED_EDGE ( 'NONE', *, *, #2499, .T. ) ;
#3514 = ORIENTED_EDGE ( 'NONE', *, *, #994, .T. ) ;
#3515 = LINE ( 'NONE', #2885, #2677 ) ;
#3516 = CARTESIAN_POINT ( 'NONE',  ( 421.1143884021641384, -31.49660871699972731, 5.033254004555119288 ) ) ;
#3517 = ORIENTED_EDGE ( 'NONE', *, *, #1317, .F. ) ;
#3518 = EDGE_CURVE ( 'NONE', #1538, #3942, #3658, .T. ) ;
#3519 = CARTESIAN_POINT ( 'NONE',  ( 420.4487652200347725, -13.24200372779546520, 9.999999999999992895 ) ) ;
#3520 = EDGE_CURVE ( 'NONE', #4047, #4094, #3194, .T. ) ;
#3521 = LINE ( 'NONE', #2161, #1262 ) ;
#3522 = CARTESIAN_POINT ( 'NONE',  ( 416.4487652200347725, -28.69200372779545916, -4.000000000000022204 ) ) ;
#3523 = EDGE_CURVE ( 'NONE', #3114, #1271, #1929, .T. ) ;
#3524 = FACE_OUTER_BOUND ( 'NONE', #3686, .T. ) ;
#3525 = VERTEX_POINT ( 'NONE', #227 ) ;
#3526 = AXIS2_PLACEMENT_3D ( 'NONE', #3602, #2344, #3339 ) ;
#3527 = EDGE_CURVE ( 'NONE', #2734, #345, #3625, .T. ) ;
#3528 = VECTOR ( 'NONE', #476, 1000.000000000000000 ) ;
#3529 = ORIENTED_EDGE ( 'NONE', *, *, #1346, .F. ) ;
#3530 = ADVANCED_FACE ( 'NONE', ( #3895 ), #306, .T. ) ;
#3531 = ORIENTED_EDGE ( 'NONE', *, *, #1655, .T. ) ;
#3532 = EDGE_CURVE ( 'NONE', #2941, #615, #3388, .T. ) ;
#3533 = CARTESIAN_POINT ( 'NONE',  ( 264.1491657136192543, 38.42172802243533170, 8.947943962052921307 ) ) ;
#3534 = CARTESIAN_POINT ( 'NONE',  ( 263.4481735402231379, -31.24488079195821655, -7.904289621664869259 ) ) ;
#3535 = VECTOR ( 'NONE', #2805, 1000.000000000000000 ) ;
#3536 = ORIENTED_EDGE ( 'NONE', *, *, #3597, .T. ) ;
#3537 = ORIENTED_EDGE ( 'NONE', *, *, #28, .F. ) ;
#3538 = VECTOR ( 'NONE', #2521, 1000.000000000000000 ) ;
#3539 = DIRECTION ( 'NONE',  ( 0.000000000000000000, 1.000000000000000000, -5.724587470723463412E-16 ) ) ;
#3540 = CARTESIAN_POINT ( 'NONE',  ( 414.6987652200348293, 6.403396272204513018, 4.999999999999945821 ) ) ;
#3541 = CARTESIAN_POINT ( 'NONE',  ( 270.4418414243958182, 38.90534643272486903, 5.000000000000062172 ) ) ;
#3542 = CARTESIAN_POINT ( 'NONE',  ( 269.5038137072610311, 32.62005482435408510, -5.047870065922306360 ) ) ;
#3543 = ORIENTED_EDGE ( 'NONE', *, *, #428, .T. ) ;
#3544 = CARTESIAN_POINT ( 'NONE',  ( 268.1866851747994360, 38.83826201963282898, -5.367542265765310461 ) ) ;
#3545 = CARTESIAN_POINT ( 'NONE',  ( 425.4487652200347725, 18.95799627220448969, -10.00000000000004796 ) ) ;
#3546 = CARTESIAN_POINT ( 'NONE',  ( 276.6050914670577754, -31.93894794080528499, -1.701639535486913157 ) ) ;
#3547 = DIRECTION ( 'NONE',  ( 0.000000000000000000, 2.115516434118057955E-16, -1.000000000000000000 ) ) ;
#3548 = VERTEX_POINT ( 'NONE', #664 ) ;
#3549 = EDGE_LOOP ( 'NONE', ( #287, #977, #729, #2203, #3510 ) ) ;
#3550 = ORIENTED_EDGE ( 'NONE', *, *, #2040, .T. ) ;
#3551 = VECTOR ( 'NONE', #3045, 1000.000000000000000 ) ;
#3552 = CARTESIAN_POINT ( 'NONE',  ( 264.4350130551297866, -30.96809438496029898, -8.357940453165928929 ) ) ;
#3553 = CARTESIAN_POINT ( 'NONE',  ( 425.1135267359110230, -13.24200372779546520, 8.199999999999997513 ) ) ;
#3554 = EDGE_LOOP ( 'NONE', ( #918, #2501 ) ) ;
#3555 = VERTEX_POINT ( 'NONE', #1670 ) ;
#3556 = VECTOR ( 'NONE', #3500, 1000.000000000000000 ) ;
#3557 = LINE ( 'NONE', #2560, #3046 ) ;
#3558 = DIRECTION ( 'NONE',  ( -0.000000000000000000, -0.000000000000000000, 1.000000000000000000 ) ) ;
#3559 = CARTESIAN_POINT ( 'NONE',  ( 414.6987652200347725, 19.33339627220454204, 4.999999999999936939 ) ) ;
#3560 = CARTESIAN_POINT ( 'NONE',  ( 415.4487652200347725, -13.24200372779546164, 5.000000000000020428 ) ) ;
#3561 = EDGE_LOOP ( 'NONE', ( #957, #3089, #2833, #3567 ) ) ;
#3562 = DIRECTION ( 'NONE',  ( 0.000000000000000000, 5.808035271611171356E-16, 1.000000000000000000 ) ) ;
#3563 = CARTESIAN_POINT ( 'NONE',  ( 270.4279940190701836, 38.46038473094083088, 7.852639029466081944 ) ) ;
#3564 = CARTESIAN_POINT ( 'NONE',  ( 263.4487652200347725, 37.48691561451371257, -12.00000000000006217 ) ) ;
#3565 = FACE_OUTER_BOUND ( 'NONE', #2204, .T. ) ;
#3566 =( BOUNDED_SURFACE ( )  B_SPLINE_SURFACE ( 4, 3, ( 
 ( #1505, #2831, #2509, #1566 ),
 ( #4196, #2612, #951, #606 ),
 ( #3916, #892, #1934, #2852 ),
 ( #3258, #2224, #3195, #2571 ),
 ( #2895, #2289, #543, #1278 ),
 ( #4236, #628, #3546, #2528 ),
 ( #4215, #2201, #3608, #208 ),
 ( #2594, #250, #2551, #1870 ),
 ( #1586, #3875, #1548, #2874 ),
 ( #3219, #1225, #932, #3897 ) ),
 .UNSPECIFIED., .F., .F., .F. ) 
 B_SPLINE_SURFACE_WITH_KNOTS ( ( 5, 1, 1, 1, 1, 1, 5 ),
 ( 4, 4 ),
 ( 0.3227730440798653455, 0.3327047476761634259, 0.3376705994935765842, 0.3426364513109897425, 0.3525681549458160591, 0.3624998585806424867, 0.3669353667341781478 ),
 ( 0.000000000000000000, 1.000000000000000000 ),
 .UNSPECIFIED. ) 
 GEOMETRIC_REPRESENTATION_ITEM ( )  RATIONAL_B_SPLINE_SURFACE ( (
 ( 1.000000000000000000, 0.9931945624394685757, 0.9931945624394685757, 1.000000000000000000),
 ( 1.000000000000000000, 0.9931945624394685757, 0.9931945624394685757, 1.000000000000000000),
 ( 1.000000000000000000, 0.9931945624394685757, 0.9931945624394685757, 1.000000000000000000),
 ( 1.000000000000000000, 0.9931945624394685757, 0.9931945624394685757, 1.000000000000000000),
 ( 1.000000000000000000, 0.9931945624394685757, 0.9931945624394685757, 1.000000000000000000),
 ( 1.000000000000000000, 0.9931945624394685757, 0.9931945624394685757, 1.000000000000000000),
 ( 1.000000000000000000, 0.9931945624394685757, 0.9931945624394685757, 1.000000000000000000),
 ( 1.000000000000000000, 0.9931945624394685757, 0.9931945624394685757, 1.000000000000000000),
 ( 1.000000000000000000, 0.9931945624394685757, 0.9931945624394685757, 1.000000000000000000),
 ( 1.000000000000000000, 0.9931945624394685757, 0.9931945624394685757, 1.000000000000000000) ) ) 
 REPRESENTATION_ITEM ( '' )  SURFACE ( )  );
#3567 = ORIENTED_EDGE ( 'NONE', *, *, #3532, .T. ) ;
#3568 = ORIENTED_EDGE ( 'NONE', *, *, #1436, .F. ) ;
#3569 = ADVANCED_FACE ( 'NONE', ( #4049 ), #3677, .F. ) ;
#3570 = CARTESIAN_POINT ( 'NONE',  ( 414.6987652200346588, 26.40339627220450680, 4.999999999999933387 ) ) ;
#3571 = CARTESIAN_POINT ( 'NONE',  ( 263.4481735402231379, -31.90237747882552455, -3.723587024733979955 ) ) ;
#3572 = EDGE_LOOP ( 'NONE', ( #3313, #2780 ) ) ;
#3573 = ORIENTED_EDGE ( 'NONE', *, *, #4186, .T. ) ;
#3574 = CARTESIAN_POINT ( 'NONE',  ( 263.4487652200348862, -32.17530231772295934, -5.000000000000020428 ) ) ;
#3575 = CARTESIAN_POINT ( 'NONE',  ( 263.4487652200347725, 39.69129486213196145, -12.00000000000005862 ) ) ;
#3576 = LINE ( 'NONE', #3888, #3166 ) ;
#3577 = ADVANCED_FACE ( 'NONE', ( #4073, #2651, #3983, #993, #4026 ), #1064, .T. ) ;
#3578 = DIRECTION ( 'NONE',  ( 1.000000000000000000, 1.226999531788473599E-16, -0.000000000000000000 ) ) ;
#3579 = VECTOR ( 'NONE', #1725, 1000.000000000000000 ) ;
#3580 = CARTESIAN_POINT ( 'NONE',  ( 422.6897414304144149, -31.42256933698980248, 5.527253874942911871 ) ) ;
#3581 = ORIENTED_EDGE ( 'NONE', *, *, #115, .F. ) ;
#3582 = CARTESIAN_POINT ( 'NONE',  ( 264.1491657135201194, -30.90573547797346876, 8.947943962257570050 ) ) ;
#3583 = CARTESIAN_POINT ( 'NONE',  ( 414.6987652200347725, 19.33339627220454204, 4.999999999999936939 ) ) ;
#3584 = CARTESIAN_POINT ( 'NONE',  ( 414.6987652200347725, -0.6666037277954632856, -4.000000000000038192 ) ) ;
#3585 = CARTESIAN_POINT ( 'NONE',  ( 414.6987652200347156, -3.096603727795487870, 4.999999999999950262 ) ) ;
#3586 = CARTESIAN_POINT ( 'NONE',  ( 414.6987621389478704, -8.736603552638825931, 4.999999999999952038 ) ) ;
#3587 = VERTEX_POINT ( 'NONE', #732 ) ;
#3588 = ORIENTED_EDGE ( 'NONE', *, *, #3943, .T. ) ;
#3589 = ADVANCED_FACE ( 'NONE', ( #400 ), #279, .T. ) ;
#3590 = VECTOR ( 'NONE', #286, 1000.000000000000000 ) ;
#3591 = CARTESIAN_POINT ( 'NONE',  ( 270.4279940190704110, 38.90513869438508010, -4.999999109074598103 ) ) ;
#3592 = CARTESIAN_POINT ( 'NONE',  ( 425.4487652200347725, -12.05927762492194688, 9.382726102873514051 ) ) ;
#3593 = VECTOR ( 'NONE', #3745, 1000.000000000000000 ) ;
#3594 = CIRCLE ( 'NONE', #1174, 1.599999999999997202 ) ;
#3595 = ORIENTED_EDGE ( 'NONE', *, *, #3437, .F. ) ;
#3596 = ORIENTED_EDGE ( 'NONE', *, *, #3359, .F. ) ;
#3597 = EDGE_CURVE ( 'NONE', #433, #2102, #3453, .T. ) ;
#3598 = CARTESIAN_POINT ( 'NONE',  ( 263.4487652200347156, -21.21774143225098541, -5.000000000000026645 ) ) ;
#3599 = CARTESIAN_POINT ( 'NONE',  ( 411.8987652200347611, 6.403396272204497031, -4.000000000000043521 ) ) ;
#3600 = LINE ( 'NONE', #1254, #2268 ) ;
#3601 = CARTESIAN_POINT ( 'NONE',  ( 425.4487652200347725, 11.95799627220453942, -16.99999999999999645 ) ) ;
#3602 = CARTESIAN_POINT ( 'NONE',  ( 319.4487652200347725, -27.54200372779547124, 7.666288962662431950E-15 ) ) ;
#3603 = CIRCLE ( 'NONE', #614, 0.8000000000000229150 ) ;
#3604 = ORIENTED_EDGE ( 'NONE', *, *, #2264, .F. ) ;
#3605 = PLANE ( 'NONE',  #2630 ) ;
#3606 = CARTESIAN_POINT ( 'NONE',  ( 270.4279940190700700, 38.28029092520105792, -8.997768208673242896 ) ) ;
#3607 = ADVANCED_FACE ( 'NONE', ( #1448 ), #3829, .F. ) ;
#3608 = CARTESIAN_POINT ( 'NONE',  ( 274.2068737731542569, -31.91404759207378561, -1.700452559436634203 ) ) ;
#3609 = CARTESIAN_POINT ( 'NONE',  ( 398.4987652200347270, -22.01700372779545845, -3.000000000000025313 ) ) ;
#3610 = LINE ( 'NONE', #4302, #976 ) ;
#3611 = ORIENTED_EDGE ( 'NONE', *, *, #2758, .T. ) ;
#3612 = ORIENTED_EDGE ( 'NONE', *, *, #3035, .T. ) ;
#3613 = DIRECTION ( 'NONE',  ( 0.000000000000000000, -1.000000000000000000, 0.000000000000000000 ) ) ;
#3614 = LINE ( 'NONE', #1307, #2285 ) ;
#3615 = ORIENTED_EDGE ( 'NONE', *, *, #3298, .F. ) ;
#3616 = EDGE_LOOP ( 'NONE', ( #2, #1741, #1878, #1919 ) ) ;
#3617 = CARTESIAN_POINT ( 'NONE',  ( 422.6902044470297710, -31.42412027743381842, -5.518316015858874657 ) ) ;
#3618 = CARTESIAN_POINT ( 'NONE',  ( 411.8987652200347611, 8.833396272204540267, -4.000000000000045297 ) ) ;
#3619 = EDGE_CURVE ( 'NONE', #1602, #2807, #4297, .T. ) ;
#3620 = CYLINDRICAL_SURFACE ( 'NONE', #1910, 5.000000000000000000 ) ;
#3621 = CARTESIAN_POINT ( 'NONE',  ( -2.515396890766816150E-31, -8.644829709878230199E-16, -1.500000000000038192 ) ) ;
#3622 = FACE_OUTER_BOUND ( 'NONE', #3368, .T. ) ;
#3623 = ORIENTED_EDGE ( 'NONE', *, *, #1317, .T. ) ;
#3624 = CARTESIAN_POINT ( 'NONE',  ( 323.4487652200347156, 31.69872339870401845, 5.000000000000009770 ) ) ;
#3625 = LINE ( 'NONE', #1565, #2792 ) ;
#3626 = EDGE_CURVE ( 'NONE', #1277, #3262, #2087, .T. ) ;
#3627 = DIRECTION ( 'NONE',  ( 1.000000000000000000, -0.000000000000000000, 0.000000000000000000 ) ) ;
#3628 = CARTESIAN_POINT ( 'NONE',  ( 268.1416130270069402, -25.04263035385498881, -5.386928402133243310 ) ) ;
#3629 = EDGE_CURVE ( 'NONE', #3358, #1200, #1326, .T. ) ;
#3630 = CARTESIAN_POINT ( 'NONE',  ( 285.7487652254412183, 39.37002125770580818, -1.688953228803199869 ) ) ;
#3631 = LINE ( 'NONE', #2515, #2652 ) ;
#3632 = CIRCLE ( 'NONE', #75, 1.599999999999997202 ) ;
#3633 = CARTESIAN_POINT ( 'NONE',  ( 259.4487652200347725, 3.757996272204519261, -2.174747558998717680E-14 ) ) ;
#3634 = ORIENTED_EDGE ( 'NONE', *, *, #1798, .F. ) ;
#3635 = VERTEX_POINT ( 'NONE', #3230 ) ;
#3636 = B_SPLINE_CURVE_WITH_KNOTS ( 'NONE', 3,
 ( #3871, #2929, #3172, #2608, #3191, #1544, #1884, #908, #3851, #867, #2888, #2196, #1581, #602, #1601, #3580, #4231, #928, #2238, #3516, #536, #1865 ),
 .UNSPECIFIED., .F., .F.,
 ( 4, 2, 2, 2, 2, 2, 2, 2, 2, 2, 4 ),
 ( 0.000000000000000000, 0.0009892544292756911238, 0.001483881643913534300, 0.001978508858551377477, 0.002967763287827065999, 0.003957017717102754087, 0.004946272146378443910, 0.005440899361016287954, 0.005935526575654131998, 0.006924781004929818351, 0.007914035434205504704 ),
 .UNSPECIFIED. ) ;
#3637 = DIRECTION ( 'NONE',  ( -0.000000000000000000, -5.887380384135967118E-16, -1.000000000000000000 ) ) ;
#3638 = CARTESIAN_POINT ( 'NONE',  ( 261.4487652200347156, -25.50853751640802969, 1.400000000000009681 ) ) ;
#3639 = ORIENTED_EDGE ( 'NONE', *, *, #1336, .F. ) ;
#3640 = VERTEX_POINT ( 'NONE', #3212 ) ;
#3641 = CARTESIAN_POINT ( 'NONE',  ( 423.7825090303159072, -31.30044601209413457, -6.259248770896214786 ) ) ;
#3642 = B_SPLINE_CURVE_WITH_KNOTS ( 'NONE', 3,
 ( #2744, #2144, #1072, #1739, #1093, #791, #1115 ),
 .UNSPECIFIED., .F., .F.,
 ( 4, 3, 4 ),
 ( 9.088153423275277532E-05, 0.002231162658674970545, 0.007089855122762365319 ),
 .UNSPECIFIED. ) ;
#3643 = CARTESIAN_POINT ( 'NONE',  ( 259.4487652200347725, 3.757996272204519261, -2.174747558998717680E-14 ) ) ;
#3644 = DIRECTION ( 'NONE',  ( 1.000000000000000000, 0.000000000000000000, 0.000000000000000000 ) ) ;
#3645 = LINE ( 'NONE', #4022, #2537 ) ;
#3646 = CIRCLE ( 'NONE', #1766, 35.61202498550130713 ) ;
#3647 = DIRECTION ( 'NONE',  ( 1.000000000000000000, 0.000000000000000000, 0.000000000000000000 ) ) ;
#3648 = EDGE_LOOP ( 'NONE', ( #2122, #3467, #526, #2816 ) ) ;
#3649 = DIRECTION ( 'NONE',  ( 1.000000000000000000, 0.000000000000000000, 0.000000000000000000 ) ) ;
#3650 = AXIS2_PLACEMENT_3D ( 'NONE', #906, #3558, #1541 ) ;
#3651 = CARTESIAN_POINT ( 'NONE',  ( 263.4484693801289836, 38.57016883475817792, 9.097965162490021740 ) ) ;
#3652 = AXIS2_PLACEMENT_3D ( 'NONE', #2957, #1162, #914 ) ;
#3653 = DIRECTION ( 'NONE',  ( 0.000000000000000000, 0.000000000000000000, -1.000000000000000000 ) ) ;
#3654 = EDGE_CURVE ( 'NONE', #1305, #1614, #2867, .T. ) ;
#3655 = DIRECTION ( 'NONE',  ( 0.000000000000000000, 1.000000000000000000, 0.000000000000000000 ) ) ;
#3656 = EDGE_CURVE ( 'NONE', #615, #2137, #3600, .T. ) ;
#3657 = CARTESIAN_POINT ( 'NONE',  ( 263.4487652200347725, 30.03189703458208726, 12.00000000000004796 ) ) ;
#3658 = B_SPLINE_CURVE_WITH_KNOTS ( 'NONE', 3,
 ( #605, #3257, #3938, #1868, #1223, #3874, #3915, #2569, #891, #248, #1585, #2222 ),
 .UNSPECIFIED., .F., .F.,
 ( 4, 2, 2, 2, 2, 4 ),
 ( 0.000000000000000000, 0.001047252476251201922, 0.002094504952502403844, 0.003141757428753605766, 0.003665383666879233181, 0.004189009905004861464 ),
 .UNSPECIFIED. ) ;
#3659 = CARTESIAN_POINT ( 'NONE',  ( 263.4487652200347725, -32.45408498079499537, 4.999999999999963585 ) ) ;
#3660 = PLANE ( 'NONE',  #3498 ) ;
#3661 = ORIENTED_EDGE ( 'NONE', *, *, #3359, .T. ) ;
#3662 = ADVANCED_FACE ( 'NONE', ( #2213 ), #2540, .F. ) ;
#3663 = CARTESIAN_POINT ( 'NONE',  ( 263.5887925924391197, -31.15836497547178041, 7.906678009413945496 ) ) ;
#3664 = CARTESIAN_POINT ( 'NONE',  ( 272.0714450008226208, 39.28203833296532110, 0.000000000000000000 ) ) ;
#3665 = EDGE_CURVE ( 'NONE', #4139, #2227, #3447, .T. ) ;
#3666 = ORIENTED_EDGE ( 'NONE', *, *, #135, .T. ) ;
#3667 = ORIENTED_EDGE ( 'NONE', *, *, #249, .T. ) ;
#3668 = ADVANCED_FACE ( 'NONE', ( #3910 ), #2379, .F. ) ;
#3669 = CARTESIAN_POINT ( 'NONE',  ( 420.4487652200347725, -31.50127660129597373, -5.000000000000015099 ) ) ;
#3670 = DIRECTION ( 'NONE',  ( 0.000000000000000000, 0.7071067811865476838, 0.7071067811865474617 ) ) ;
#3671 = CIRCLE ( 'NONE', #4175, 5.000000000000004441 ) ;
#3672 = FACE_OUTER_BOUND ( 'NONE', #1149, .T. ) ;
#3673 = CARTESIAN_POINT ( 'NONE',  ( 324.4487652200347156, -24.00127660129597729, 1.800000000000009592 ) ) ;
#3674 = DIRECTION ( 'NONE',  ( -0.000000000000000000, 2.115516434118057709E-16, -1.000000000000000000 ) ) ;
#3675 = ORIENTED_EDGE ( 'NONE', *, *, #118, .F. ) ;
#3676 = LINE ( 'NONE', #3365, #45 ) ;
#3677 = PLANE ( 'NONE',  #2723 ) ;
#3678 = FACE_OUTER_BOUND ( 'NONE', #388, .T. ) ;
#3679 = AXIS2_PLACEMENT_3D ( 'NONE', #2282, #2868, #1882 ) ;
#3680 = DIRECTION ( 'NONE',  ( 1.000000000000000000, 1.226999531788473599E-16, 0.000000000000000000 ) ) ;
#3681 = CARTESIAN_POINT ( 'NONE',  ( 285.0303245368926355, 39.37002125770310101, -1.688953228803070195 ) ) ;
#3682 = VECTOR ( 'NONE', #43, 1000.000000000000000 ) ;
#3683 = CARTESIAN_POINT ( 'NONE',  ( 270.4487652200348293, -28.06455846538490206, 4.999999999999971578 ) ) ;
#3684 = CARTESIAN_POINT ( 'NONE',  ( 80.74876521989999389, -31.78200372779550875, 4.999999999999966249 ) ) ;
#3685 = ADVANCED_FACE ( 'NONE', ( #1274 ), #201, .F. ) ;
#3686 = EDGE_LOOP ( 'NONE', ( #2316, #386, #3743, #2277, #2039, #3513, #1788, #3623, #1103, #1114 ) ) ;
#3687 = EDGE_LOOP ( 'NONE', ( #1375, #2802, #361, #171 ) ) ;
#3688 = DIRECTION ( 'NONE',  ( 0.000000000000000000, 5.832259962335817771E-16, 1.000000000000000000 ) ) ;
#3689 = CARTESIAN_POINT ( 'NONE',  ( 261.4487652200347156, -0.8512766012959865902, 1.400000000000009681 ) ) ;
#3690 = ORIENTED_EDGE ( 'NONE', *, *, #2814, .T. ) ;
#3691 = VERTEX_POINT ( 'NONE', #1578 ) ;
#3692 = CARTESIAN_POINT ( 'NONE',  ( 414.6987598863348694, -20.66659870454968484, -4.000000000000025757 ) ) ;
#3693 = LINE ( 'NONE', #965, #731 ) ;
#3694 = LINE ( 'NONE', #2325, #185 ) ;
#3695 = VERTEX_POINT ( 'NONE', #926 ) ;
#3696 = CARTESIAN_POINT ( 'NONE',  ( 263.4487652200347725, -29.97092307010468559, 11.99999999999996447 ) ) ;
#3697 = CARTESIAN_POINT ( 'NONE',  ( 263.4487652200348293, 39.55799627220452663, -1.861501134145977288 ) ) ;
#3698 = VECTOR ( 'NONE', #1932, 1000.000000000000000 ) ;
#3699 = VECTOR ( 'NONE', #1156, 1000.000000000000000 ) ;
#3700 = CARTESIAN_POINT ( 'NONE',  ( 425.4487652200347725, 39.01726914570503624, 5.000000000000020428 ) ) ;
#3701 = CARTESIAN_POINT ( 'NONE',  ( 264.1491657136192543, 38.42172802243533170, 8.947943962052921307 ) ) ;
#3702 = CARTESIAN_POINT ( 'NONE',  ( 283.9429980065349355, 39.36861762445920476, -9.866239769618090349E-15 ) ) ;
#3703 = AXIS2_PLACEMENT_3D ( 'NONE', #2309, #2997, #6 ) ;
#3704 = LINE ( 'NONE', #3725, #2927 ) ;
#3705 = CARTESIAN_POINT ( 'NONE',  ( 411.8987652200347611, 19.33339627220453849, 4.999999999999936939 ) ) ;
#3706 = CARTESIAN_POINT ( 'NONE',  ( 313.7994845112278313, 38.21726914570503908, -4.999999999999990230 ) ) ;
#3707 = DIRECTION ( 'NONE',  ( 0.000000000000000000, -1.000000000000000000, 0.000000000000000000 ) ) ;
#3708 = VERTEX_POINT ( 'NONE', #2260 ) ;
#3709 = CARTESIAN_POINT ( 'NONE',  ( 411.8987668890957252, -11.16660390295198724, 17.99999999999996803 ) ) ;
#3710 = CARTESIAN_POINT ( 'NONE',  ( 270.4279939734963705, 39.25901119711960519, -1.506692776424097666E-09 ) ) ;
#3711 = ORIENTED_EDGE ( 'NONE', *, *, #2303, .F. ) ;
#3712 = EDGE_CURVE ( 'NONE', #3695, #1163, #864, .T. ) ;
#3713 = ORIENTED_EDGE ( 'NONE', *, *, #1083, .F. ) ;
#3714 = LINE ( 'NONE', #726, #3579 ) ;
#3715 = CARTESIAN_POINT ( 'NONE',  ( 376.4987652200347270, -22.01700372779545845, -3.000000000000025313 ) ) ;
#3716 = LINE ( 'NONE', #2409, #3945 ) ;
#3717 = ORIENTED_EDGE ( 'NONE', *, *, #3259, .F. ) ;
#3718 = EDGE_CURVE ( 'NONE', #2598, #4181, #3576, .T. ) ;
#3719 = FACE_OUTER_BOUND ( 'NONE', #4165, .T. ) ;
#3720 = DIRECTION ( 'NONE',  ( 0.000000000000000000, 1.000000000000000000, -5.857254280169296935E-16 ) ) ;
#3721 = CARTESIAN_POINT ( 'NONE',  ( 410.4487652200347725, 31.69872339870403266, 1.800000000000009592 ) ) ;
#3722 = ORIENTED_EDGE ( 'NONE', *, *, #3433, .F. ) ;
#3723 = FACE_BOUND ( 'NONE', #2603, .T. ) ;
#3724 = CARTESIAN_POINT ( 'NONE',  ( 276.6050914670577754, 39.33305909464650796, -9.866239769618090349E-15 ) ) ;
#3725 = CARTESIAN_POINT ( 'NONE',  ( 323.4487652200347156, -24.00127660129597729, 1.800000000000009592 ) ) ;
#3726 = VECTOR ( 'NONE', #2280, 1000.000000000000000 ) ;
#3727 = DIRECTION ( 'NONE',  ( -0.000000000000000000, -0.000000000000000000, 1.000000000000000000 ) ) ;
#3728 = VERTEX_POINT ( 'NONE', #600 ) ;
#3729 = DIRECTION ( 'NONE',  ( -0.000000000000000000, 1.000000000000000000, -0.000000000000000000 ) ) ;
#3730 = ORIENTED_EDGE ( 'NONE', *, *, #72, .T. ) ;
#3731 = ORIENTED_EDGE ( 'NONE', *, *, #915, .F. ) ;
#3732 = DIRECTION ( 'NONE',  ( 1.000000000000000000, 1.226999531788473599E-16, -0.000000000000000000 ) ) ;
#3733 = LINE ( 'NONE', #3824, #4005 ) ;
#3734 = CARTESIAN_POINT ( 'NONE',  ( 270.4279939279222731, 39.25901119649843451, 1.673619346910367067 ) ) ;
#3735 = CARTESIAN_POINT ( 'NONE',  ( 263.4487652200347725, -26.25127660129598439, 11.99999999999997335 ) ) ;
#3736 = EDGE_LOOP ( 'NONE', ( #1376, #3048, #2496, #2512 ) ) ;
#3737 =( BOUNDED_SURFACE ( )  B_SPLINE_SURFACE ( 3, 1, ( 
 ( #2439, #3768 ),
 ( #785, #1711 ),
 ( #2113, #1779 ),
 ( #2718, #3434 ) ),
 .UNSPECIFIED., .F., .F., .F. ) 
 B_SPLINE_SURFACE_WITH_KNOTS ( ( 4, 4 ),
 ( 2, 2 ),
 ( 0.000000000000000000, 1.000000000000000000 ),
 ( 0.000000000000000000, 1.000000000000000000 ),
 .UNSPECIFIED. ) 
 GEOMETRIC_REPRESENTATION_ITEM ( )  RATIONAL_B_SPLINE_SURFACE ( (
 ( 1.000000000000000000, 1.000000000000000000),
 ( 0.3333333333333329263, 0.3333333333333329263),
 ( 0.3333333333333329263, 0.3333333333333329263),
 ( 1.000000000000000000, 1.000000000000000000) ) ) 
 REPRESENTATION_ITEM ( '' )  SURFACE ( )  );
#3738 = CARTESIAN_POINT ( 'NONE',  ( 323.4487652200347156, -24.00127660129597729, 5.000000000000009770 ) ) ;
#3739 = VECTOR ( 'NONE', #3318, 1000.000000000000000 ) ;
#3740 = CARTESIAN_POINT ( 'NONE',  ( 276.6050914670577754, 39.33305909464651506, -7.555562509873275029E-10 ) ) ;
#3741 = AXIS2_PLACEMENT_3D ( 'NONE', #2139, #786, #3503 ) ;
#3742 = CARTESIAN_POINT ( 'NONE',  ( 414.6987627469923723, -13.59660355263886800, 4.999999999999956479 ) ) ;
#3743 = ORIENTED_EDGE ( 'NONE', *, *, #757, .T. ) ;
#3744 = CARTESIAN_POINT ( 'NONE',  ( 263.4503638425254053, 38.98702401976139953, 6.377873986054109601 ) ) ;
#3745 = DIRECTION ( 'NONE',  ( 0.000000000000000000, 1.000000000000000000, -5.746772686209761790E-16 ) ) ;
#3746 = CARTESIAN_POINT ( 'NONE',  ( 411.8987652200347611, -0.6666037277954612872, -4.000000000000038192 ) ) ;
#3747 = CARTESIAN_POINT ( 'NONE',  ( 411.8987652200347043, 31.26339627220457373, -4.000000000000057732 ) ) ;
#3749 = PLANE ( 'NONE',  #1301 ) ;
#3748 = VECTOR ( 'NONE', #2735, 1000.000000000000000 ) ;
#3750 = VERTEX_POINT ( 'NONE', #1923 ) ;
#3751 = CARTESIAN_POINT ( 'NONE',  ( 315.4987652200347270, 22.35799627220456287, -1.500000000000051292 ) ) ;
#3752 = DIRECTION ( 'NONE',  ( 7.186848259333761210E-32, -5.857254280169296935E-16, -1.000000000000000000 ) ) ;
#3753 = ORIENTED_EDGE ( 'NONE', *, *, #4312, .T. ) ;
#3754 = ORIENTED_EDGE ( 'NONE', *, *, #294, .F. ) ;
#3755 = CARTESIAN_POINT ( 'NONE',  ( 263.4487652200347725, 30.48794202598408276, 12.00000000000005151 ) ) ;
#3756 = FACE_OUTER_BOUND ( 'NONE', #1914, .T. ) ;
#3757 = FACE_OUTER_BOUND ( 'NONE', #1618, .T. ) ;
#3758 = CARTESIAN_POINT ( 'NONE',  ( 264.2487652200347270, 6.017269145705021138, 0.2000000000000100586 ) ) ;
#3759 = EDGE_CURVE ( 'NONE', #3555, #1839, #2606, .T. ) ;
#3760 = DIRECTION ( 'NONE',  ( -0.000000000000000000, -0.000000000000000000, 1.000000000000000000 ) ) ;
#3761 = EDGE_LOOP ( 'NONE', ( #4193, #3581, #2051, #3959, #4187 ) ) ;
#3762 = EDGE_CURVE ( 'NONE', #2084, #3296, #570, .T. ) ;
#3763 = FACE_OUTER_BOUND ( 'NONE', #3972, .T. ) ;
#3764 = CARTESIAN_POINT ( 'NONE',  ( 269.1270239307570478, -31.36197367713827688, 5.095001312522052572 ) ) ;
#3765 = VECTOR ( 'NONE', #697, 1000.000000000000000 ) ;
#3766 = CARTESIAN_POINT ( 'NONE',  ( 270.4487652200348293, 38.90544706112834206, -5.000000000000060396 ) ) ;
#3767 = ORIENTED_EDGE ( 'NONE', *, *, #2617, .F. ) ;
#3768 = CARTESIAN_POINT ( 'NONE',  ( 411.8987652200347611, 8.833396272204534938, -4.000000000000045297 ) ) ;
#3769 = EDGE_CURVE ( 'NONE', #1529, #3227, #2542, .T. ) ;
#3770 = CARTESIAN_POINT ( 'NONE',  ( 425.4487652200347725, -11.44200372779546804, 9.999999999999994671 ) ) ;
#3771 = VECTOR ( 'NONE', #3919, 1000.000000000000000 ) ;
#3772 = CARTESIAN_POINT ( 'NONE',  ( 263.4487652200347725, 3.757996272204519705, -2.174747558998717680E-14 ) ) ;
#3773 = CARTESIAN_POINT ( 'NONE',  ( 269.7690884906108408, 38.89322421812364894, 5.025393218229790904 ) ) ;
#3774 = EDGE_CURVE ( 'NONE', #2931, #35, #3515, .T. ) ;
#3775 = CARTESIAN_POINT ( 'NONE',  ( 414.6987652200347725, 19.33339627220454915, 17.99999999999995026 ) ) ;
#3776 = ORIENTED_EDGE ( 'NONE', *, *, #3819, .T. ) ;
#3777 =( LENGTH_UNIT ( ) NAMED_UNIT ( * ) SI_UNIT ( .MILLI., .METRE. ) );
#3778 = DIRECTION ( 'NONE',  ( 1.000000000000000000, -0.000000000000000000, -0.000000000000000000 ) ) ;
#3779 = ORIENTED_EDGE ( 'NONE', *, *, #3712, .F. ) ;
#3780 = ORIENTED_EDGE ( 'NONE', *, *, #1757, .T. ) ;
#3781 = CARTESIAN_POINT ( 'NONE',  ( 267.9187772294388878, 32.54321732132216738, 5.468987264488791133 ) ) ;
#3782 = DIRECTION ( 'NONE',  ( -1.000000000000000000, -1.226999531788473599E-16, -0.000000000000000000 ) ) ;
#3783 = PLANE ( 'NONE',  #2881 ) ;
#3784 = FACE_OUTER_BOUND ( 'NONE', #3648, .T. ) ;
#3785 = VERTEX_POINT ( 'NONE', #533 ) ;
#3786 = LINE ( 'NONE', #2434, #1936 ) ;
#3787 = CARTESIAN_POINT ( 'NONE',  ( 281.5976034109484090, 39.24400992107320008, 3.373065464484259923 ) ) ;
#3788 = CARTESIAN_POINT ( 'NONE',  ( 263.4487652200347725, -25.11223060601727397, -5.000000000000023981 ) ) ;
#3789 = VERTEX_POINT ( 'NONE', #1864 ) ;
#3790 = ADVANCED_FACE ( 'NONE', ( #1034 ), #2686, .F. ) ;
#3791 = LINE ( 'NONE', #3928, #3699 ) ;
#3792 = DIRECTION ( 'NONE',  ( 1.000000000000000000, -0.000000000000000000, -0.000000000000000000 ) ) ;
#3793 = DIRECTION ( 'NONE',  ( 0.000000000000000000, 0.000000000000000000, 1.000000000000000000 ) ) ;
#3794 = CARTESIAN_POINT ( 'NONE',  ( 429.4487652200347725, -4.442003727795460932, 17.00000000000000000 ) ) ;
#3795 = EDGE_CURVE ( 'NONE', #3691, #2574, #3693, .T. ) ;
#3796 = PLANE ( 'NONE',  #2286 ) ;
#3797 = ORIENTED_EDGE ( 'NONE', *, *, #4279, .F. ) ;
#3798 = AXIS2_PLACEMENT_3D ( 'NONE', #38, #2989, #4338 ) ;
#3799 = CARTESIAN_POINT ( 'NONE',  ( 352.4987652200347270, -21.24200372779546342, -3.000000000000026201 ) ) ;
#3800 = ORIENTED_EDGE ( 'NONE', *, *, #1889, .T. ) ;
#3801 = ADVANCED_FACE ( 'NONE', ( #2036 ), #1684, .F. ) ;
#3802 = ORIENTED_EDGE ( 'NONE', *, *, #4259, .F. ) ;
#3803 = CARTESIAN_POINT ( 'NONE',  ( 263.9140485596670374, 38.29645640250658545, -9.433237773397083359 ) ) ;
#3804 = EDGE_CURVE ( 'NONE', #937, #2099, #3999, .T. ) ;
#3805 = CARTESIAN_POINT ( 'NONE',  ( 263.4481735402231379, -31.24239847669612047, 7.920073460757787842 ) ) ;
#3806 = CARTESIAN_POINT ( 'NONE',  ( 425.4487652200347725, -13.24200372779546520, 8.199999999999997513 ) ) ;
#3807 = ORIENTED_EDGE ( 'NONE', *, *, #3301, .F. ) ;
#3808 = CARTESIAN_POINT ( 'NONE',  ( 270.4349176462896480, -31.38925172531741836, 5.000010272650396992 ) ) ;
#3809 = CARTESIAN_POINT ( 'NONE',  ( 268.1866851747897158, -31.32226947522337568, 5.367542265768419973 ) ) ;
#3810 = CARTESIAN_POINT ( 'NONE',  ( 411.8987652200348180, 21.76339627220458084, 4.999999999999935163 ) ) ;
#3811 = LINE ( 'NONE', #1131, #1681 ) ;
#3812 = ORIENTED_EDGE ( 'NONE', *, *, #2381, .F. ) ;
#3813 = CARTESIAN_POINT ( 'NONE',  ( 411.8987652200347043, 16.90339627220451035, 4.999999999999938716 ) ) ;
#3814 = CYLINDRICAL_SURFACE ( 'NONE', #3389, 1.000000000000000888 ) ;
#3815 = CARTESIAN_POINT ( 'NONE',  ( 416.4487652200347725, 36.20799627220453942, -5.000000000000059508 ) ) ;
#3816 = VECTOR ( 'NONE', #3894, 1000.000000000000000 ) ;
#3817 = VECTOR ( 'NONE', #1458, 1000.000000000000000 ) ;
#3818 = DIRECTION ( 'NONE',  ( -1.000000000000000000, -1.226999531788473599E-16, -0.000000000000000000 ) ) ;
#3819 = EDGE_CURVE ( 'NONE', #2836, #919, #2300, .T. ) ;
#3820 = ORIENTED_EDGE ( 'NONE', *, *, #2170, .F. ) ;
#3821 = ADVANCED_FACE ( 'NONE', ( #2342 ), #2964, .F. ) ;
#3822 = ORIENTED_EDGE ( 'NONE', *, *, #1224, .F. ) ;
#3823 = ORIENTED_EDGE ( 'NONE', *, *, #1979, .T. ) ;
#3824 = CARTESIAN_POINT ( 'NONE',  ( 263.4487652200347725, 39.55799627220451953, -1.736324004903965029E-14 ) ) ;
#3825 = CARTESIAN_POINT ( 'NONE',  ( 263.4487652200348293, -31.05131793523352357, 9.097218147708856506 ) ) ;
#3826 = VERTEX_POINT ( 'NONE', #1334 ) ;
#3827 = ORIENTED_EDGE ( 'NONE', *, *, #629, .T. ) ;
#3828 = PLANE ( 'NONE',  #2502 ) ;
#3829 = PLANE ( 'NONE',  #2025 ) ;
#3830 = DIRECTION ( 'NONE',  ( -0.000000000000000000, -0.7071067811865476838, 0.7071067811865474617 ) ) ;
#3831 = ORIENTED_EDGE ( 'NONE', *, *, #3819, .F. ) ;
#3832 = CARTESIAN_POINT ( 'NONE',  ( 425.1432829123800730, 38.39645943897359359, -8.271460502216239519 ) ) ;
#3833 = CARTESIAN_POINT ( 'NONE',  ( 411.8987652200347611, -3.096603727795500749, -4.000000000000036415 ) ) ;
#3834 = LINE ( 'NONE', #1504, #1543 ) ;
#3835 = CARTESIAN_POINT ( 'NONE',  ( 414.6987652200347725, 8.833396272204536714, -4.000000000000043521 ) ) ;
#3836 = DIRECTION ( 'NONE',  ( 1.000000000000000000, 4.174146818192783906E-47, 7.186848259333761210E-32 ) ) ;
#3837 = ORIENTED_EDGE ( 'NONE', *, *, #370, .F. ) ;
#3838 = EDGE_LOOP ( 'NONE', ( #554, #103, #3028, #2680 ) ) ;
#3839 = EDGE_LOOP ( 'NONE', ( #108, #3615, #1761, #1039 ) ) ;
#3840 = DIRECTION ( 'NONE',  ( 0.000000000000000000, 1.000000000000000000, -1.084202172485501673E-15 ) ) ;
#3841 = CARTESIAN_POINT ( 'NONE',  ( 263.4484693801289836, -31.61022212872827097, 5.562339314826803438 ) ) ;
#3842 = ADVANCED_FACE ( 'NONE', ( #3316 ), #1789, .F. ) ;
#3843 = EDGE_LOOP ( 'NONE', ( #1893, #2104, #219, #3997 ) ) ;
#3844 = ORIENTED_EDGE ( 'NONE', *, *, #3463, .F. ) ;
#3845 = ADVANCED_FACE ( 'NONE', ( #3672 ), #3620, .F. ) ;
#3846 = CARTESIAN_POINT ( 'NONE',  ( 313.7994845112278313, 38.21726914570503908, 5.000000000000009770 ) ) ;
#3847 = VECTOR ( 'NONE', #4257, 1000.000000000000000 ) ;
#3848 = DIRECTION ( 'NONE',  ( -1.226999531788473599E-16, 1.000000000000000000, -5.857254280169296935E-16 ) ) ;
#3849 = DIRECTION ( 'NONE',  ( 1.000000000000000000, 1.226999531788473599E-16, -7.051287395274166514E-32 ) ) ;
#3850 = ADVANCED_FACE ( 'NONE', ( #705, #3381 ), #3975, .T. ) ;
#3851 = CARTESIAN_POINT ( 'NONE',  ( 424.8102401101995724, -31.04917731649191381, 7.533545411903214806 ) ) ;
#3852 = ORIENTED_EDGE ( 'NONE', *, *, #4085, .T. ) ;
#3853 = EDGE_CURVE ( 'NONE', #3789, #868, #1157, .T. ) ;
#3854 = CARTESIAN_POINT ( 'NONE',  ( 429.4487652200347725, 39.37002125770585792, 4.361215240964976040E-15 ) ) ;
#3855 = CARTESIAN_POINT ( 'NONE',  ( 263.4503695857097227, -31.47087475241401577, -6.378754152562237323 ) ) ;
#3856 =( BOUNDED_SURFACE ( )  B_SPLINE_SURFACE ( 3, 1, ( 
 ( #2886, #2946 ),
 ( #885, #927 ),
 ( #4230, #907 ),
 ( #3559, #1238 ) ),
 .UNSPECIFIED., .F., .F., .F. ) 
 B_SPLINE_SURFACE_WITH_KNOTS ( ( 4, 4 ),
 ( 2, 2 ),
 ( 0.000000000000000000, 1.000000000000000000 ),
 ( 0.000000000000000000, 1.000000000000000000 ),
 .UNSPECIFIED. ) 
 GEOMETRIC_REPRESENTATION_ITEM ( )  RATIONAL_B_SPLINE_SURFACE ( (
 ( 1.000000000000000000, 1.000000000000000000),
 ( 0.3333333333333324822, 0.3333333333333324822),
 ( 0.3333333333333324822, 0.3333333333333324822),
 ( 1.000000000000000000, 1.000000000000000000) ) ) 
 REPRESENTATION_ITEM ( '' )  SURFACE ( )  );
#3857 = CARTESIAN_POINT ( 'NONE',  ( 263.4487652200347725, 32.62822315042628674, -12.00000000000005507 ) ) ;
#3858 = CARTESIAN_POINT ( 'NONE',  ( 420.4487652200347725, -31.78200372779546612, -5.000000000000020428 ) ) ;
#3859 = CIRCLE ( 'NONE', #3294, 1.000000000000000888 ) ;
#3860 = ORIENTED_EDGE ( 'NONE', *, *, #2254, .T. ) ;
#3861 = ORIENTED_EDGE ( 'NONE', *, *, #1631, .F. ) ;
#3862 = DIRECTION ( 'NONE',  ( -0.000000000000000000, -5.887380384135967118E-16, -1.000000000000000000 ) ) ;
#3863 = AXIS2_PLACEMENT_3D ( 'NONE', #1298, #1019, #3655 ) ;
#3864 = CARTESIAN_POINT ( 'NONE',  ( 425.3357453388765066, -12.66611662378135783, 8.775887104014106654 ) ) ;
#3865 = ORIENTED_EDGE ( 'NONE', *, *, #72, .F. ) ;
#3866 = ORIENTED_EDGE ( 'NONE', *, *, #4261, .T. ) ;
#3867 = B_SPLINE_CURVE_WITH_KNOTS ( 'NONE', 3,
 ( #1831, #2488, #1781, #3855, #2140, #1807, #3156, #2508, #3459, #1481, #519, #3176 ),
 .UNSPECIFIED., .F., .F.,
 ( 4, 2, 2, 2, 2, 4 ),
 ( 0.000000000000000000, 0.001047252216032275220, 0.002094504432064550441, 0.003141756648096826095, 0.003665382756112986473, 0.004189008864129147719 ),
 .UNSPECIFIED. ) ;
#3868 = DIRECTION ( 'NONE',  ( -0.000000000000000000, 0.7071067811865476838, 0.7071067811865474617 ) ) ;
#3869 = CARTESIAN_POINT ( 'NONE',  ( 414.6987652200347725, 19.33339627220454204, 4.999999999999936939 ) ) ;
#3870 = CARTESIAN_POINT ( 'NONE',  ( 270.4279939279221594, 38.90514495674080564, 4.999999999951413976 ) ) ;
#3871 = CARTESIAN_POINT ( 'NONE',  ( 425.4487652200347725, -30.42118340736018922, 9.999999999999969802 ) ) ;
#3872 = ORIENTED_EDGE ( 'NONE', *, *, #1498, .F. ) ;
#3873 = CARTESIAN_POINT ( 'NONE',  ( 266.1828842108586741, 38.70076497744731370, -6.440397888489322042 ) ) ;
#3874 = CARTESIAN_POINT ( 'NONE',  ( 263.4955235887887284, 38.78563655444106217, -7.404431827152366807 ) ) ;
#3875 = CARTESIAN_POINT ( 'NONE',  ( 270.8148560937343632, -31.87024008297152022, 1.698364296928311257 ) ) ;
#3876 = DIRECTION ( 'NONE',  ( 1.226999531788473599E-16, -1.000000000000000000, -2.115516434118057955E-16 ) ) ;
#3877 = ORIENTED_EDGE ( 'NONE', *, *, #994, .F. ) ;
#3878 =( BOUNDED_CURVE ( )  B_SPLINE_CURVE ( 3, ( #768, #741, #2098, #2072 ),
 .UNSPECIFIED., .F., .T. ) 
 B_SPLINE_CURVE_WITH_KNOTS ( ( 4, 4 ),
 ( 2.127522151628127032E-23, 3.141592653589791784 ),
 .UNSPECIFIED. ) 
 CURVE ( )  GEOMETRIC_REPRESENTATION_ITEM ( )  RATIONAL_B_SPLINE_CURVE ( ( 1.000000000000000000, 0.3333333333333338144, 0.3333333333333338144, 1.000000000000000000 ) ) 
 REPRESENTATION_ITEM ( '' )  );
#3879 = VERTEX_POINT ( 'NONE', #349 ) ;
#3880 = ORIENTED_EDGE ( 'NONE', *, *, #1899, .T. ) ;
#3881 = CARTESIAN_POINT ( 'NONE',  ( 269.7690884905833286, -31.37723167371419564, -5.025393218231702264 ) ) ;
#3882 = CARTESIAN_POINT ( 'NONE',  ( 313.7994845112278313, 39.01726914570502203, 5.000000000000009770 ) ) ;
#3883 = AXIS2_PLACEMENT_3D ( 'NONE', #3383, #63, #4092 ) ;
#3884 = ORIENTED_EDGE ( 'NONE', *, *, #2855, .T. ) ;
#3885 = EDGE_LOOP ( 'NONE', ( #1144, #922, #2270, #3831 ) ) ;
#3886 = VECTOR ( 'NONE', #1104, 1000.000000000000000 ) ;
#3887 = CARTESIAN_POINT ( 'NONE',  ( 263.4487652200347725, 39.20711473797174307, -5.000000000000060396 ) ) ;
#3888 = CARTESIAN_POINT ( 'NONE',  ( 324.4487652200347156, 32.69872339870401845, 1.800000000000009592 ) ) ;
#3889 = EDGE_CURVE ( 'NONE', #1558, #597, #2387, .T. ) ;
#3890 = CARTESIAN_POINT ( 'NONE',  ( 259.4487652200347725, 22.35799627220456287, -1.500000000000051292 ) ) ;
#3891 = CARTESIAN_POINT ( 'NONE',  ( 425.4487652200347725, 18.95799627220448969, -10.00000000000004796 ) ) ;
#3892 = ADVANCED_FACE ( 'NONE', ( #393 ), #2710, .F. ) ;
#3893 = ORIENTED_EDGE ( 'NONE', *, *, #860, .F. ) ;
#3894 = DIRECTION ( 'NONE',  ( 0.000000000000000000, 1.000000000000000000, -5.832259962335817771E-16 ) ) ;
#3895 = FACE_OUTER_BOUND ( 'NONE', #4201, .T. ) ;
#3896 = EDGE_CURVE ( 'NONE', #345, #3174, #3714, .T. ) ;
#3897 = CARTESIAN_POINT ( 'NONE',  ( 270.4279939233933305, -31.38061874138380603, -5.059624054671028937 ) ) ;
#3898 = LINE ( 'NONE', #545, #95 ) ;
#3899 = ORIENTED_EDGE ( 'NONE', *, *, #3433, .T. ) ;
#3900 = ORIENTED_EDGE ( 'NONE', *, *, #2617, .T. ) ;
#3901 = AXIS2_PLACEMENT_3D ( 'NONE', #1908, #3276, #2549 ) ;
#3902 = CARTESIAN_POINT ( 'NONE',  ( 268.8037593812164801, -31.34836641203125751, -5.188308084367225348 ) ) ;
#3903 = VECTOR ( 'NONE', #2311, 1000.000000000000000 ) ;
#3904 = CARTESIAN_POINT ( 'NONE',  ( 411.8987652200348180, 6.403396272204500583, -4.000000000000041744 ) ) ;
#3905 = ORIENTED_EDGE ( 'NONE', *, *, #233, .T. ) ;
#3906 = ORIENTED_EDGE ( 'NONE', *, *, #706, .T. ) ;
#3907 = CARTESIAN_POINT ( 'NONE',  ( 429.4487652200347725, -4.442003727795460932, 17.00000000000000000 ) ) ;
#3908 = VECTOR ( 'NONE', #759, 1000.000000000000000 ) ;
#3909 = CARTESIAN_POINT ( 'NONE',  ( 270.4487652200349430, -31.38945451671930442, -5.000000000000015099 ) ) ;
#3910 = FACE_OUTER_BOUND ( 'NONE', #832, .T. ) ;
#3911 = CARTESIAN_POINT ( 'NONE',  ( 323.4487652200347156, -24.00127660129597729, 4.999999999999976907 ) ) ;
#3912 = CARTESIAN_POINT ( 'NONE',  ( 411.8987652200347611, 28.83339627220455270, 17.99999999999994316 ) ) ;
#3913 = ORIENTED_EDGE ( 'NONE', *, *, #986, .T. ) ;
#3914 = DIRECTION ( 'NONE',  ( 0.000000000000000000, -1.000000000000000000, 5.808035271611171356E-16 ) ) ;
#3915 = CARTESIAN_POINT ( 'NONE',  ( 263.5379733475693911, 38.71153016638637467, -7.746024493342678952 ) ) ;
#3916 = CARTESIAN_POINT ( 'NONE',  ( 283.9429980065349355, -31.48910628989505511, 5.075245222695215830 ) ) ;
#3917 = EDGE_CURVE ( 'NONE', #3187, #3879, #1013, .T. ) ;
#3918 = CARTESIAN_POINT ( 'NONE',  ( 414.6987652200348293, -3.096603727795497640, 4.999999999999950262 ) ) ;
#3919 = DIRECTION ( 'NONE',  ( 1.000000000000000000, 0.000000000000000000, 0.000000000000000000 ) ) ;
#3920 = EDGE_CURVE ( 'NONE', #2500, #2558, #454, .T. ) ;
#3921 = EDGE_LOOP ( 'NONE', ( #1352, #1125, #834, #1590 ) ) ;
#3922 = ORIENTED_EDGE ( 'NONE', *, *, #997, .T. ) ;
#3923 = CARTESIAN_POINT ( 'NONE',  ( 415.4487652200347725, 20.75799627220454013, -4.000000000000039968 ) ) ;
#3924 = CARTESIAN_POINT ( 'NONE',  ( 263.4481735402231379, -31.90237747881695540, 3.723587024732534001 ) ) ;
#3925 = EDGE_CURVE ( 'NONE', #1619, #237, #3142, .T. ) ;
#3926 = ORIENTED_EDGE ( 'NONE', *, *, #239, .F. ) ;
#3927 = ORIENTED_EDGE ( 'NONE', *, *, #846, .F. ) ;
#3928 = CARTESIAN_POINT ( 'NONE',  ( 398.4987652200347270, 28.75799627220454013, -3.000000000000054623 ) ) ;
#3929 = CARTESIAN_POINT ( 'NONE',  ( 352.4987652200347270, -21.24200372779546342, -3.000000000000026201 ) ) ;
#3930 = EDGE_CURVE ( 'NONE', #3942, #1529, #4146, .T. ) ;
#3931 = CARTESIAN_POINT ( 'NONE',  ( 414.6987652200348293, 16.90339627220449970, 4.999999999999938716 ) ) ;
#3932 = LINE ( 'NONE', #1216, #4001 ) ;
#3933 = CIRCLE ( 'NONE', #3232, 35.79999999999999716 ) ;
#3934 = CARTESIAN_POINT ( 'NONE',  ( 416.4487652200347725, 20.75799627220454013, -4.000000000000050626 ) ) ;
#3935 = VERTEX_POINT ( 'NONE', #4163 ) ;
#3936 = ADVANCED_FACE ( 'NONE', ( #2430 ), #2497, .T. ) ;
#3937 = CARTESIAN_POINT ( 'NONE',  ( 263.4487652200347725, -29.97092307010468559, 11.99999999999996447 ) ) ;
#3938 = CARTESIAN_POINT ( 'NONE',  ( 263.4482204130469540, 39.10455422106160484, -5.690579885803351168 ) ) ;
#3939 = LINE ( 'NONE', #1971, #2184 ) ;
#3940 = CARTESIAN_POINT ( 'NONE',  ( 416.4487652200347725, -28.69200372779545916, -5.000000000000022204 ) ) ;
#3941 = LINE ( 'NONE', #2597, #2376 ) ;
#3942 = VERTEX_POINT ( 'NONE', #2752 ) ;
#3943 = EDGE_CURVE ( 'NONE', #3378, #4124, #1491, .T. ) ;
#3944 = ORIENTED_EDGE ( 'NONE', *, *, #3795, .F. ) ;
#3945 = VECTOR ( 'NONE', #3760, 1000.000000000000000 ) ;
#3946 = DIRECTION ( 'NONE',  ( 7.186848259333761210E-32, 0.000000000000000000, -1.000000000000000000 ) ) ;
#3947 = CARTESIAN_POINT ( 'NONE',  ( 263.4487652200347725, -29.97092307010468559, -12.00000000000001954 ) ) ;
#3948 = VECTOR ( 'NONE', #3071, 1000.000000000000000 ) ;
#3949 = AXIS2_PLACEMENT_3D ( 'NONE', #3328, #2027, #296 ) ;
#3950 = EDGE_LOOP ( 'NONE', ( #527, #1918, #2937, #1188 ) ) ;
#3951 = ORIENTED_EDGE ( 'NONE', *, *, #722, .T. ) ;
#3952 = EDGE_CURVE ( 'NONE', #3785, #199, #3933, .T. ) ;
#3953 = CARTESIAN_POINT ( 'NONE',  ( 263.4487652200347725, -31.69112219356273030, -12.00000000000001954 ) ) ;
#3954 = LINE ( 'NONE', #964, #758 ) ;
#3955 = DIRECTION ( 'NONE',  ( 0.000000000000000000, 6.071532165918824830E-16, 1.000000000000000000 ) ) ;
#3956 = CARTESIAN_POINT ( 'NONE',  ( 420.4487652200347725, 20.75799627220454013, 5.000000000000020428 ) ) ;
#3957 = CARTESIAN_POINT ( 'NONE',  ( 264.2487652200347270, 6.017269145705021138, 0.2000000000000100586 ) ) ;
#3958 = AXIS2_PLACEMENT_3D ( 'NONE', #2013, #1058, #3670 ) ;
#3959 = ORIENTED_EDGE ( 'NONE', *, *, #935, .F. ) ;
#3960 = DIRECTION ( 'NONE',  ( -0.000000000000000000, -5.887380384135967118E-16, -1.000000000000000000 ) ) ;
#3961 = CARTESIAN_POINT ( 'NONE',  ( 270.4279940190700700, 38.27659915567301852, 9.021242380880874379 ) ) ;
#3962 = CYLINDRICAL_SURFACE ( 'NONE', #3703, 1.000000000000000888 ) ;
#3963 = CARTESIAN_POINT ( 'NONE',  ( 411.8987652200347611, -0.6666037277954609541, 4.999999999999948486 ) ) ;
#3964 = LINE ( 'NONE', #858, #3771 ) ;
#3965 = CARTESIAN_POINT ( 'NONE',  ( 263.4487652200347156, 39.55799627220451953, -3.350261463275597443E-09 ) ) ;
#3966 = ORIENTED_EDGE ( 'NONE', *, *, #581, .T. ) ;
#3967 = ORIENTED_EDGE ( 'NONE', *, *, #2621, .F. ) ;
#3968 = VECTOR ( 'NONE', #528, 1000.000000000000000 ) ;
#3969 = DIRECTION ( 'NONE',  ( -0.000000000000000000, -1.000000000000000000, 5.746772686209761790E-16 ) ) ;
#3970 = CARTESIAN_POINT ( 'NONE',  ( 411.8987684432514698, -20.66660875104112449, 4.999999999999960920 ) ) ;
#3971 = ORIENTED_EDGE ( 'NONE', *, *, #3063, .F. ) ;
#3972 = EDGE_LOOP ( 'NONE', ( #2743, #4200, #3469, #174, #661, #596, #1081, #4244, #3823, #4013 ) ) ;
#3973 = AXIS2_PLACEMENT_3D ( 'NONE', #2393, #1042, #3720 ) ;
#3974 = CARTESIAN_POINT ( 'NONE',  ( 310.3994845112277972, 39.01726914570502203, -5.000000000000020428 ) ) ;
#3975 = PLANE ( 'NONE',  #3798 ) ;
#3976 = EDGE_CURVE ( 'NONE', #2565, #4303, #4067, .T. ) ;
#3977 = CARTESIAN_POINT ( 'NONE',  ( 315.4987652200347270, -14.84200372779544708, -5.000000000000029310 ) ) ;
#3978 = EDGE_CURVE ( 'NONE', #1810, #199, #3733, .T. ) ;
#3979 = FACE_OUTER_BOUND ( 'NONE', #531, .T. ) ;
#3980 = VERTEX_POINT ( 'NONE', #442 ) ;
#3981 = CARTESIAN_POINT ( 'NONE',  ( 263.4487652200347725, 32.62822315042629384, 12.00000000000005151 ) ) ;
#3982 = EDGE_CURVE ( 'NONE', #3050, #2747, #1459, .T. ) ;
#3983 = FACE_BOUND ( 'NONE', #1143, .T. ) ;
#3984 = PLANE ( 'NONE',  #3 ) ;
#3985 = EDGE_CURVE ( 'NONE', #1879, #3058, #836, .T. ) ;
#3986 = CARTESIAN_POINT ( 'NONE',  ( 267.2717916426232705, -24.97389556205896355, -5.744865690945633041 ) ) ;
#3987 = CARTESIAN_POINT ( 'NONE',  ( 270.8148560937343632, 39.26458582857968338, -8.998878031629686802E-15 ) ) ;
#3988 = CARTESIAN_POINT ( 'NONE',  ( 270.4487652200348293, -32.45408498079500248, 4.999999999999963585 ) ) ;
#3989 = ADVANCED_FACE ( 'NONE', ( #3757 ), #489, .F. ) ;
#3990 = EDGE_CURVE ( 'NONE', #2297, #3587, #1901, .T. ) ;
#3991 = DIRECTION ( 'NONE',  ( 1.226999531788473599E-16, -1.000000000000000000, 0.000000000000000000 ) ) ;
#3992 = ORIENTED_EDGE ( 'NONE', *, *, #2690, .T. ) ;
#3993 = DIRECTION ( 'NONE',  ( 1.000000000000000000, 4.189245428007166228E-47, 7.186848259333761210E-32 ) ) ;
#3994 = DIRECTION ( 'NONE',  ( 0.000000000000000000, -1.000000000000000000, 5.746772686209761790E-16 ) ) ;
#3995 =( BOUNDED_CURVE ( )  B_SPLINE_CURVE ( 3, ( #3746, #3062, #2655, #71 ),
 .UNSPECIFIED., .F., .T. ) 
 B_SPLINE_CURVE_WITH_KNOTS ( ( 4, 4 ),
 ( 3.141592653589794892, 6.283185307179586232 ),
 .UNSPECIFIED. ) 
 CURVE ( )  GEOMETRIC_REPRESENTATION_ITEM ( )  RATIONAL_B_SPLINE_CURVE ( ( 1.000000000000000000, 0.3333333333333339810, 0.3333333333333339810, 1.000000000000000000 ) ) 
 REPRESENTATION_ITEM ( '' )  );
#3996 = ORIENTED_EDGE ( 'NONE', *, *, #831, .F. ) ;
#3997 = ORIENTED_EDGE ( 'NONE', *, *, #2410, .F. ) ;
#3998 = DIRECTION ( 'NONE',  ( -1.000000000000000000, -2.449021377849609204E-16, 0.000000000000000000 ) ) ;
#3999 = LINE ( 'NONE', #1009, #2056 ) ;
#4000 = DIRECTION ( 'NONE',  ( -0.000000000000000000, -0.000000000000000000, 1.000000000000000000 ) ) ;
#4001 = VECTOR ( 'NONE', #3272, 1000.000000000000000 ) ;
#4002 = DIRECTION ( 'NONE',  ( -0.000000000000000000, -0.000000000000000000, 1.000000000000000000 ) ) ;
#4003 = ORIENTED_EDGE ( 'NONE', *, *, #105, .T. ) ;
#4004 = DIRECTION ( 'NONE',  ( 1.000000000000000000, 0.000000000000000000, 0.000000000000000000 ) ) ;
#4005 = VECTOR ( 'NONE', #3471, 1000.000000000000000 ) ;
#4006 = CARTESIAN_POINT ( 'NONE',  ( 263.4481735402231379, 38.57302718978394296, 9.098712177471588447 ) ) ;
#4007 = AXIS2_PLACEMENT_3D ( 'NONE', #4197, #505, #1506 ) ;
#4008 = LINE ( 'NONE', #3700, #3077 ) ;
#4009 = CARTESIAN_POINT ( 'NONE',  ( 270.4279939233933305, 39.25901119639761561, -9.866239769618090349E-15 ) ) ;
#4010 = CARTESIAN_POINT ( 'NONE',  ( 270.4487652200348293, -25.90667613576826156, 4.999999999999975131 ) ) ;
#4011 = FACE_BOUND ( 'NONE', #4111, .T. ) ;
#4012 = VERTEX_POINT ( 'NONE', #60 ) ;
#4013 = ORIENTED_EDGE ( 'NONE', *, *, #445, .F. ) ;
#4014 = CARTESIAN_POINT ( 'NONE',  ( 416.4487652200347725, -28.69200372779545916, -4.000000000000022204 ) ) ;
#4015 = CARTESIAN_POINT ( 'NONE',  ( 285.0303245368926355, 39.37002125770310101, 0.000000000000000000 ) ) ;
#4016 = ORIENTED_EDGE ( 'NONE', *, *, #2721, .F. ) ;
#4017 = ORIENTED_EDGE ( 'NONE', *, *, #3073, .F. ) ;
#4018 = CARTESIAN_POINT ( 'NONE',  ( 414.6987652200347156, 6.403396272204495254, -4.000000000000043521 ) ) ;
#4019 = VECTOR ( 'NONE', #2705, 1000.000000000000000 ) ;
#4020 = CARTESIAN_POINT ( 'NONE',  ( 411.8987652200347611, 28.83339627220454915, 4.999999999999931610 ) ) ;
#4021 =( BOUNDED_CURVE ( )  B_SPLINE_CURVE ( 3, ( #2486, #2278, #3813, #826 ),
 .UNSPECIFIED., .F., .T. ) 
 B_SPLINE_CURVE_WITH_KNOTS ( ( 4, 4 ),
 ( 0.000000000000000000, 3.141592653589790451 ),
 .UNSPECIFIED. ) 
 CURVE ( )  GEOMETRIC_REPRESENTATION_ITEM ( )  RATIONAL_B_SPLINE_CURVE ( ( 1.000000000000000000, 0.3333333333333342585, 0.3333333333333342585, 1.000000000000000000 ) ) 
 REPRESENTATION_ITEM ( '' )  );
#4022 = CARTESIAN_POINT ( 'NONE',  ( 410.4487652200347725, -24.00127660129596663, 1.800000000000009592 ) ) ;
#4023 = CARTESIAN_POINT ( 'NONE',  ( 415.4487652200347725, 20.75799627220454013, 5.000000000000020428 ) ) ;
#4024 = ORIENTED_EDGE ( 'NONE', *, *, #3759, .F. ) ;
#4025 = CARTESIAN_POINT ( 'NONE',  ( 314.4487652200347156, 6.017269145705021138, 5.000000000000009770 ) ) ;
#4026 = FACE_BOUND ( 'NONE', #961, .T. ) ;
#4027 = LINE ( 'NONE', #1363, #432 ) ;
#4028 = CARTESIAN_POINT ( 'NONE',  ( 263.4487652200347725, 39.20711459357796969, 5.000001023726391658 ) ) ;
#4029 = CARTESIAN_POINT ( 'NONE',  ( 272.0714450008226777, 39.16238526661574326, -3.365306765595094340 ) ) ;
#4030 = CARTESIAN_POINT ( 'NONE',  ( 263.4487652200347725, -32.45408498079500959, 11.99999999999996625 ) ) ;
#4031 = DIRECTION ( 'NONE',  ( -0.000000000000000000, -1.000000000000000000, 5.746772686209761790E-16 ) ) ;
#4032 = EDGE_CURVE ( 'NONE', #1558, #4100, #477, .T. ) ;
#4033 = CARTESIAN_POINT ( 'NONE',  ( 311.1994845112278085, 38.21726914570503908, -4.999999999999990230 ) ) ;
#4034 = CARTESIAN_POINT ( 'NONE',  ( 259.4487652200347725, 35.05799627220452663, 5.510910596163077723E-16 ) ) ;
#4035 = EDGE_LOOP ( 'NONE', ( #4217, #64, #2464, #2519 ) ) ;
#4036 = CARTESIAN_POINT ( 'NONE',  ( 425.4487652200347725, -4.442003727795461820, 17.00000000000000000 ) ) ;
#4037 = CARTESIAN_POINT ( 'NONE',  ( 374.4987652200347270, 28.75799627220454013, -5.000000000000055067 ) ) ;
#4038 = VERTEX_POINT ( 'NONE', #2455 ) ;
#4039 = ADVANCED_FACE ( 'NONE', ( #750 ), #796, .F. ) ;
#4040 = EDGE_LOOP ( 'NONE', ( #397, #1638, #3797, #101, #3384, #2356, #4112 ) ) ;
#4041 = CARTESIAN_POINT ( 'NONE',  ( 263.4487652200347725, -29.49815833104757701, -12.00000000000002132 ) ) ;
#4042 = B_SPLINE_CURVE_WITH_KNOTS ( 'NONE', 3,
 ( #3129, #2765, #144, #827 ),
 .UNSPECIFIED., .F., .F.,
 ( 4, 4 ),
 ( 0.0003925492110761355860, 0.006669773121778217219 ),
 .UNSPECIFIED. ) ;
#4043 = CARTESIAN_POINT ( 'NONE',  ( 324.4487652200347156, -25.00127660129597729, 1.800000000000009592 ) ) ;
#4044 = DIRECTION ( 'NONE',  ( -1.000000000000000000, -1.226999531788473599E-16, 0.000000000000000000 ) ) ;
#4045 = CARTESIAN_POINT ( 'NONE',  ( 374.4987652200347270, 28.75799627220454013, -3.000000000000054623 ) ) ;
#4046 = CARTESIAN_POINT ( 'NONE',  ( 263.4487652200347725, -27.49115875756556804, 11.99999999999997158 ) ) ;
#4047 = VERTEX_POINT ( 'NONE', #3923 ) ;
#4048 = DIRECTION ( 'NONE',  ( 0.000000000000000000, -0.000000000000000000, 1.000000000000000000 ) ) ;
#4049 = FACE_OUTER_BOUND ( 'NONE', #1250, .T. ) ;
#4050 = CIRCLE ( 'NONE', #3204, 5.000000000000000888 ) ;
#4051 = CIRCLE ( 'NONE', #2588, 1.000000000000000888 ) ;
#4052 = DIRECTION ( 'NONE',  ( -1.000000000000000000, -1.226999531788473846E-16, 0.000000000000000000 ) ) ;
#4053 = ORIENTED_EDGE ( 'NONE', *, *, #771, .F. ) ;
#4054 = FACE_BOUND ( 'NONE', #317, .T. ) ;
#4055 = CARTESIAN_POINT ( 'NONE',  ( 270.8148560937343632, 39.14499154624071053, -3.363653433719598240 ) ) ;
#4056 = CARTESIAN_POINT ( 'NONE',  ( 263.4487652200347725, -29.97092307010468559, -12.00000000000001954 ) ) ;
#4057 = CARTESIAN_POINT ( 'NONE',  ( 411.8987652200348180, 31.26339627220457729, -4.000000000000055955 ) ) ;
#4058 = LINE ( 'NONE', #3067, #1517 ) ;
#4059 = VECTOR ( 'NONE', #808, 1000.000000000000000 ) ;
#4060 = VERTEX_POINT ( 'NONE', #3533 ) ;
#4061 = LINE ( 'NONE', #2120, #696 ) ;
#4062 = CARTESIAN_POINT ( 'NONE',  ( 423.7825090303159641, 38.81643855650320063, 6.259248770896266301 ) ) ;
#4063 = ORIENTED_EDGE ( 'NONE', *, *, #246, .F. ) ;
#4064 = ORIENTED_EDGE ( 'NONE', *, *, #2180, .F. ) ;
#4065 = CARTESIAN_POINT ( 'NONE',  ( 425.4487652200347725, -4.442003727795461820, 17.00000000000000000 ) ) ;
#4066 = CARTESIAN_POINT ( 'NONE',  ( 263.4487652200347725, 39.20711473797175728, -5.000000000000061284 ) ) ;
#4067 = LINE ( 'NONE', #1100, #173 ) ;
#4068 = CARTESIAN_POINT ( 'NONE',  ( 270.4487652200348293, 38.90544706112834206, 5.000000000000062172 ) ) ;
#4069 = CARTESIAN_POINT ( 'NONE',  ( 0.000000000000000000, 0.000000000000000000, 0.2000000000000100586 ) ) ;
#4070 = ORIENTED_EDGE ( 'NONE', *, *, #42, .T. ) ;
#4071 = ADVANCED_FACE ( 'NONE', ( #177 ), #593, .F. ) ;
#4072 = DIRECTION ( 'NONE',  ( 1.000000000000000000, 0.000000000000000000, 0.000000000000000000 ) ) ;
#4073 = FACE_OUTER_BOUND ( 'NONE', #3111, .T. ) ;
#4074 = CARTESIAN_POINT ( 'NONE',  ( 263.4885705178100466, 30.86318872311172967, -11.13603065548007720 ) ) ;
#4075 = ORIENTED_EDGE ( 'NONE', *, *, #1846, .F. ) ;
#4076 = CARTESIAN_POINT ( 'NONE',  ( 415.4487652200347725, -13.24200372779546164, 5.000000000000020428 ) ) ;
#4077 = CARTESIAN_POINT ( 'NONE',  ( 263.4487652200347725, 30.03189703458209792, 5.000000000000049738 ) ) ;
#4078 = CARTESIAN_POINT ( 'NONE',  ( 263.4487652200347725, -31.94544312264016028, 11.99999999999996625 ) ) ;
#4079 = AXIS2_PLACEMENT_3D ( 'NONE', #1649, #2934, #2613 ) ;
#4080 = CARTESIAN_POINT ( 'NONE',  ( 414.6987652200348293, 31.26339627220457729, -4.000000000000055955 ) ) ;
#4081 = CARTESIAN_POINT ( 'NONE',  ( 259.4487652200347725, 39.55799627220451953, -1.736324004903965029E-14 ) ) ;
#4082 = ORIENTED_EDGE ( 'NONE', *, *, #1436, .T. ) ;
#4083 = EDGE_CURVE ( 'NONE', #590, #2358, #1208, .T. ) ;
#4084 = CARTESIAN_POINT ( 'NONE',  ( 424.8082803622820620, 38.56604657360961852, 7.529598300327918103 ) ) ;
#4085 = EDGE_CURVE ( 'NONE', #1705, #1614, #655, .T. ) ;
#4086 = ORIENTED_EDGE ( 'NONE', *, *, #2808, .F. ) ;
#4087 = ORIENTED_EDGE ( 'NONE', *, *, #1261, .T. ) ;
#4088 = CARTESIAN_POINT ( 'NONE',  ( 265.7430709707217034, 32.25544855042801373, 6.812431639620323942 ) ) ;
#4089 = ADVANCED_FACE ( 'NONE', ( #1592 ), #3205, .T. ) ;
#4090 = CARTESIAN_POINT ( 'NONE',  ( 352.4987652200347270, 28.75799627220454013, -3.000000000000054623 ) ) ;
#4091 = CARTESIAN_POINT ( 'NONE',  ( 263.4484693801289836, -31.61022212872827097, -5.562339314826858505 ) ) ;
#4092 = DIRECTION ( 'NONE',  ( 0.000000000000000000, -1.000000000000000000, 0.000000000000000000 ) ) ;
#4093 = EDGE_CURVE ( 'NONE', #1710, #353, #1736, .T. ) ;
#4094 = VERTEX_POINT ( 'NONE', #3224 ) ;
#4095 = CARTESIAN_POINT ( 'NONE',  ( 263.4487652200347725, 3.757996272204519705, -2.174747558998717680E-14 ) ) ;
#4096 = CARTESIAN_POINT ( 'NONE',  ( 285.0303245368926355, 39.37002125770310101, -7.563412669825711335E-10 ) ) ;
#4097 = EDGE_CURVE ( 'NONE', #1086, #2661, #2353, .T. ) ;
#4098 = CIRCLE ( 'NONE', #2210, 35.61202498550130002 ) ;
#4099 = DIRECTION ( 'NONE',  ( 1.000000000000000000, -0.000000000000000000, -0.000000000000000000 ) ) ;
#4100 = VERTEX_POINT ( 'NONE', #1248 ) ;
#4101 = B_SPLINE_CURVE_WITH_KNOTS ( 'NONE', 3,
 ( #2775, #2750, #1077, #1439, #81, #1465, #3781, #2454, #795, #2125, #413, #4088, #1791, #1743, #59, #3075, #2079, #1417, #3406, #3117, #2797, #3755 ),
 .UNSPECIFIED., .F., .F.,
 ( 4, 2, 2, 2, 2, 2, 2, 2, 2, 2, 4 ),
 ( 0.000000000000000000, 0.001404244692362254790, 0.002106367038543382076, 0.002808489384724508712, 0.004212734077086763285, 0.004914856423267958442, 0.005616978769449154467, 0.007021223461811433759, 0.008425468154173710450, 0.009829712846535994947, 0.01123395753889827944 ),
 .UNSPECIFIED. ) ;
#4102 = DIRECTION ( 'NONE',  ( 1.000000000000000000, 0.000000000000000000, 0.000000000000000000 ) ) ;
#4103 = LINE ( 'NONE', #2182, #2693 ) ;
#4104 = CARTESIAN_POINT ( 'NONE',  ( 270.4487652200349430, -31.38945451671930442, -5.000000000000015099 ) ) ;
#4105 = VECTOR ( 'NONE', #601, 1000.000000000000000 ) ;
#4106 = CARTESIAN_POINT ( 'NONE',  ( 266.9889993808287727, 38.76633259493917905, 5.906135689822149537 ) ) ;
#4108 = DIRECTION ( 'NONE',  ( 0.000000000000000000, -5.857254280169296935E-16, -1.000000000000000000 ) ) ;
#4107 = VECTOR ( 'NONE', #3960, 1000.000000000000000 ) ;
#4109 = VERTEX_POINT ( 'NONE', #2206 ) ;
#4110 = CARTESIAN_POINT ( 'NONE',  ( 398.4987652200347270, 28.75799627220454013, -3.000000000000054623 ) ) ;
#4111 = EDGE_LOOP ( 'NONE', ( #4320, #19 ) ) ;
#4112 = ORIENTED_EDGE ( 'NONE', *, *, #4129, .T. ) ;
#4113 = CARTESIAN_POINT ( 'NONE',  ( 425.4181626968767773, -30.60337206800049970, -9.360535194385072089 ) ) ;
#4114 = CARTESIAN_POINT ( 'NONE',  ( 420.4487652200347725, 39.01726914570503624, 5.000000000000020428 ) ) ;
#4115 = CARTESIAN_POINT ( 'NONE',  ( 425.1135267359110230, -13.24200372779546164, -8.200000000000001066 ) ) ;
#4116 = CARTESIAN_POINT ( 'NONE',  ( 263.4889165627503758, -30.84665039750035476, 7.830521503367484648 ) ) ;
#4117 = DIRECTION ( 'NONE',  ( -1.226999531788473599E-16, 1.000000000000000000, 0.000000000000000000 ) ) ;
#4118 = EDGE_LOOP ( 'NONE', ( #2034, #1765, #2530, #3713 ) ) ;
#4119 = CARTESIAN_POINT ( 'NONE',  ( 338.2347567193427267, 34.19240393505462094, 5.000000000000009770 ) ) ;
#4120 = DIRECTION ( 'NONE',  ( -1.000000000000000000, -1.226999531788473599E-16, 0.000000000000000000 ) ) ;
#4121 = CARTESIAN_POINT ( 'NONE',  ( 411.8987652200347611, 19.33339627220454915, 17.99999999999995026 ) ) ;
#4122 = EDGE_CURVE ( 'NONE', #231, #1845, #2241, .T. ) ;
#4123 = CARTESIAN_POINT ( 'NONE',  ( 414.6987652200347725, 28.83339627220454560, 4.999999999999931610 ) ) ;
#4124 = VERTEX_POINT ( 'NONE', #2578 ) ;
#4125 = PLANE ( 'NONE',  #3138 ) ;
#4126 = DIRECTION ( 'NONE',  ( -1.000000000000000000, 0.000000000000000000, 0.000000000000000000 ) ) ;
#4127 = AXIS2_PLACEMENT_3D ( 'NONE', #2526, #3793, #2830 ) ;
#4128 = DIRECTION ( 'NONE',  ( -1.000000000000000000, -0.000000000000000000, -0.000000000000000000 ) ) ;
#4129 = EDGE_CURVE ( 'NONE', #4304, #402, #1875, .T. ) ;
#4130 = CARTESIAN_POINT ( 'NONE',  ( 268.8037593812886712, 38.86435895644244454, 5.188308084350494731 ) ) ;
#4131 = CARTESIAN_POINT ( 'NONE',  ( 270.4487652200348293, 32.62822315042630095, 5.000000000000054179 ) ) ;
#4132 = VECTOR ( 'NONE', #2653, 1000.000000000000000 ) ;
#4133 = EDGE_CURVE ( 'NONE', #1591, #3202, #1973, .T. ) ;
#4134 = ORIENTED_EDGE ( 'NONE', *, *, #982, .T. ) ;
#4135 =( NAMED_UNIT ( * ) PLANE_ANGLE_UNIT ( ) SI_UNIT ( $, .RADIAN. ) );
#4136 = ADVANCED_FACE ( 'NONE', ( #3164 ), #4184, .F. ) ;
#4137 = LINE ( 'NONE', #436, #1173 ) ;
#4138 = ORIENTED_EDGE ( 'NONE', *, *, #2938, .T. ) ;
#4139 = VERTEX_POINT ( 'NONE', #859 ) ;
#4140 = CARTESIAN_POINT ( 'NONE',  ( 259.4487652200347725, -31.78200372779548744, -5.000000000000020428 ) ) ;
#4141 = FACE_OUTER_BOUND ( 'NONE', #3474, .T. ) ;
#4142 = CARTESIAN_POINT ( 'NONE',  ( 319.4487652200347725, 35.05799627220453374, 5.510910596163077723E-16 ) ) ;
#4143 = CARTESIAN_POINT ( 'NONE',  ( 263.4484693801289836, -31.05789945745046765, -9.074291347858620682 ) ) ;
#4144 = CARTESIAN_POINT ( 'NONE',  ( 336.4487652200347725, 33.39240393505461668, -5.000000000000060396 ) ) ;
#4145 = ORIENTED_EDGE ( 'NONE', *, *, #3804, .T. ) ;
#4146 = B_SPLINE_CURVE_WITH_KNOTS ( 'NONE', 3,
 ( #2731, #3803, #3076, #816, #1399, #414 ),
 .UNSPECIFIED., .F., .F.,
 ( 4, 2, 4 ),
 ( 0.000000000000000000, 0.001636296618730780127, 0.003272593237461560254 ),
 .UNSPECIFIED. ) ;
#4147 = CARTESIAN_POINT ( 'NONE',  ( 338.2347567193427267, 34.19240393505462094, 5.000000000000009770 ) ) ;
#4148 = CARTESIAN_POINT ( 'NONE',  ( 272.0714450008226208, 39.16238526665016195, 3.365306765363837549 ) ) ;
#4149 = CARTESIAN_POINT ( 'NONE',  ( 414.6987652200347725, 19.33339627220454204, 4.999999999999936939 ) ) ;
#4150 = LINE ( 'NONE', #2806, #2456 ) ;
#4151 = EDGE_CURVE ( 'NONE', #676, #3410, #2191, .T. ) ;
#4152 = ORIENTED_EDGE ( 'NONE', *, *, #3437, .T. ) ;
#4153 = CARTESIAN_POINT ( 'NONE',  ( 422.0858476296712638, 38.97903967908086287, -5.264137318723552283 ) ) ;
#4154 = CARTESIAN_POINT ( 'NONE',  ( 324.4487652200347156, 31.69872339870401845, 1.800000000000009592 ) ) ;
#4155 = EDGE_CURVE ( 'NONE', #3410, #2749, #1696, .T. ) ;
#4156 = FACE_OUTER_BOUND ( 'NONE', #195, .T. ) ;
#4157 = CARTESIAN_POINT ( 'NONE',  ( 263.4487652200347725, -22.97194948157507710, -12.00000000000002842 ) ) ;
#4158 = CARTESIAN_POINT ( 'NONE',  ( 400.4987652200347270, -28.69200372779545916, -5.000000000000022204 ) ) ;
#4159 = VECTOR ( 'NONE', #579, 1000.000000000000000 ) ;
#4160 = CARTESIAN_POINT ( 'NONE',  ( 285.7487652200347839, -31.50127660129598084, 5.000000000000020428 ) ) ;
#4161 = ORIENTED_EDGE ( 'NONE', *, *, #1220, .T. ) ;
#4162 = ORIENTED_EDGE ( 'NONE', *, *, #2249, .T. ) ;
#4163 = CARTESIAN_POINT ( 'NONE',  ( 264.2487652200347270, 6.017269145705021138, 0.2000000000000100586 ) ) ;
#4164 = CARTESIAN_POINT ( 'NONE',  ( 263.4889165627503758, -31.03114545130835822, -6.657406921886901863 ) ) ;
#4165 = EDGE_LOOP ( 'NONE', ( #2511, #3263, #1230, #2684 ) ) ;
#4166 = VERTEX_POINT ( 'NONE', #2704 ) ;
#4167 = CARTESIAN_POINT ( 'NONE',  ( 416.4487652200347725, 20.75799627220454013, -5.000000000000050626 ) ) ;
#4168 = CARTESIAN_POINT ( 'NONE',  ( 281.5976034109485227, 39.00475773574784455, 5.044695527986058359 ) ) ;
#4169 = CARTESIAN_POINT ( 'NONE',  ( 409.4487652200347725, 32.69872339870403977, 5.000000000000009770 ) ) ;
#4170 = ORIENTED_EDGE ( 'NONE', *, *, #986, .F. ) ;
#4171 = CIRCLE ( 'NONE', #2281, 35.61202498550131423 ) ;
#4172 = CARTESIAN_POINT ( 'NONE',  ( 424.4538146255585502, 38.67856241323445943, -6.989112969240828477 ) ) ;
#4173 = DIRECTION ( 'NONE',  ( 0.000000000000000000, 0.000000000000000000, 1.000000000000000000 ) ) ;
#4174 = LINE ( 'NONE', #3085, #1883 ) ;
#4175 = AXIS2_PLACEMENT_3D ( 'NONE', #3265, #613, #1616 ) ;
#4176 = AXIS2_PLACEMENT_3D ( 'NONE', #482, #408, #3374 ) ;
#4177 =( BOUNDED_CURVE ( )  B_SPLINE_CURVE ( 3, ( #129, #464, #775, #1098 ),
 .UNSPECIFIED., .F., .F. ) 
 B_SPLINE_CURVE_WITH_KNOTS ( ( 4, 4 ),
 ( 3.141592653589795781, 6.283185307179586232 ),
 .UNSPECIFIED. ) 
 CURVE ( )  GEOMETRIC_REPRESENTATION_ITEM ( )  RATIONAL_B_SPLINE_CURVE ( ( 1.000000000000000000, 0.3333333333333342585, 0.3333333333333342585, 1.000000000000000000 ) ) 
 REPRESENTATION_ITEM ( '' )  );
#4178 = PLANE ( 'NONE',  #1228 ) ;
#4179 = ADVANCED_FACE ( 'NONE', ( #3026 ), #32, .F. ) ;
#4180 = AXIS2_PLACEMENT_3D ( 'NONE', #3385, #3297, #3649 ) ;
#4181 = VERTEX_POINT ( 'NONE', #1350 ) ;
#4182 = ORIENTED_EDGE ( 'NONE', *, *, #105, .F. ) ;
#4183 = EDGE_CURVE ( 'NONE', #2931, #1303, #3310, .T. ) ;
#4184 = PLANE ( 'NONE',  #2514 ) ;
#4185 = CARTESIAN_POINT ( 'NONE',  ( 263.4484693801289836, -31.42487351590513001, 6.740881264114659821 ) ) ;
#4186 = EDGE_CURVE ( 'NONE', #4188, #2433, #4330, .T. ) ;
#4187 = ORIENTED_EDGE ( 'NONE', *, *, #1753, .T. ) ;
#4188 = VERTEX_POINT ( 'NONE', #2359 ) ;
#4189 = CARTESIAN_POINT ( 'NONE',  ( 263.4487652200347725, 39.69129486213197566, -5.000000000000060396 ) ) ;
#4190 = CARTESIAN_POINT ( 'NONE',  ( 264.4559658917501110, -30.96750605744207974, 8.367806660631455173 ) ) ;
#4191 = LINE ( 'NONE', #2522, #121 ) ;
#4192 = CARTESIAN_POINT ( 'NONE',  ( 264.6761193116055892, 31.93569407489908585, -8.034121133480399024 ) ) ;
#4193 = ORIENTED_EDGE ( 'NONE', *, *, #2933, .T. ) ;
#4194 = CARTESIAN_POINT ( 'NONE',  ( -1.437369651866752242E-31, -1.732566779771748675E-15, -3.000000000000038192 ) ) ;
#4195 = CARTESIAN_POINT ( 'NONE',  ( 425.4487652200347725, 11.95799627220453587, 17.00000000000000000 ) ) ;
#4196 = CARTESIAN_POINT ( 'NONE',  ( 285.0303245368926355, -31.49049559463135139, 5.075445269272472970 ) ) ;
#4197 = CARTESIAN_POINT ( 'NONE',  ( 425.4487652200347725, 11.95799627220453942, -16.99999999999999645 ) ) ;
#4198 = ORIENTED_EDGE ( 'NONE', *, *, #3157, .F. ) ;
#4199 =( BOUNDED_CURVE ( )  B_SPLINE_CURVE ( 3, ( #253, #934, #3586, #1588 ),
 .UNSPECIFIED., .F., .F. ) 
 B_SPLINE_CURVE_WITH_KNOTS ( ( 4, 4 ),
 ( 3.141592653589791784, 6.283185307179586232 ),
 .UNSPECIFIED. ) 
 CURVE ( )  GEOMETRIC_REPRESENTATION_ITEM ( )  RATIONAL_B_SPLINE_CURVE ( ( 1.000000000000000000, 0.3333333333333329263, 0.3333333333333329263, 1.000000000000000000 ) ) 
 REPRESENTATION_ITEM ( '' )  );
#4200 = ORIENTED_EDGE ( 'NONE', *, *, #3978, .T. ) ;
#4201 = EDGE_LOOP ( 'NONE', ( #34, #3340, #814, #2474, #3375, #1006, #1170, #1066 ) ) ;
#4202 = DIRECTION ( 'NONE',  ( -1.000000000000000000, -4.114174149937278359E-47, -7.186848259333761210E-32 ) ) ;
#4203 = CARTESIAN_POINT ( 'NONE',  ( 425.4487652200347725, -4.442003727795459156, -17.00000000000000000 ) ) ;
#4204 = ORIENTED_EDGE ( 'NONE', *, *, #1386, .T. ) ;
#4205 = ORIENTED_EDGE ( 'NONE', *, *, #339, .F. ) ;
#4206 = B_SPLINE_CURVE_WITH_KNOTS ( 'NONE', 3,
 ( #3092, #485, #1435, #2121, #744, #2451, #1486, #3403, #4062, #2745, #2101, #4084, #462, #1462, #2815, #1094, #2424, #1786 ),
 .UNSPECIFIED., .F., .F.,
 ( 4, 2, 2, 2, 2, 2, 2, 2, 4 ),
 ( 8.673617379884034509E-19, 0.0009892323567143998173, 0.001978464713428798767, 0.002967697070143197717, 0.003956929426857596667, 0.004946161783571995617, 0.005935394140286394567, 0.006924626497000793517, 0.007913858853715191599 ),
 .UNSPECIFIED. ) ;
#4207 = CARTESIAN_POINT ( 'NONE',  ( 263.4487652200347725, 31.33006009250420476, -12.00000000000005329 ) ) ;
#4208 = AXIS2_PLACEMENT_3D ( 'NONE', #2185, #3486, #3506 ) ;
#4209 = DIRECTION ( 'NONE',  ( 0.000000000000000000, 6.071532165918824830E-16, 1.000000000000000000 ) ) ;
#4210 = DIRECTION ( 'NONE',  ( -0.000000000000000000, -0.000000000000000000, 1.000000000000000000 ) ) ;
#4211 = CARTESIAN_POINT ( 'NONE',  ( 265.2487224870239402, 32.13245200585485151, -7.308195852683531335 ) ) ;
#4212 = VERTEX_POINT ( 'NONE', #2007 ) ;
#4213 = FACE_OUTER_BOUND ( 'NONE', #2158, .T. ) ;
#4214 = CARTESIAN_POINT ( 'NONE',  ( 270.4279939279221594, -31.38915241233176801, -4.999999999951362462 ) ) ;
#4215 = CARTESIAN_POINT ( 'NONE',  ( 274.2068737731542569, -31.42934873533360118, 5.066640707110606101 ) ) ;
#4216 = DIRECTION ( 'NONE',  ( 1.000000000000000000, 1.226999531788473599E-16, -0.000000000000000000 ) ) ;
#4217 = ORIENTED_EDGE ( 'NONE', *, *, #3207, .F. ) ;
#4218 = AXIS2_PLACEMENT_3D ( 'NONE', #3758, #797, #1745 ) ;
#4219 = ORIENTED_EDGE ( 'NONE', *, *, #3654, .T. ) ;
#4220 = ORIENTED_EDGE ( 'NONE', *, *, #2440, .F. ) ;
#4221 = ADVANCED_FACE ( 'NONE', ( #1284 ), #3264, .F. ) ;
#4222 = CARTESIAN_POINT ( 'NONE',  ( 267.8757083676156299, -31.30628132344394388, -5.481810853002246020 ) ) ;
#4223 = CIRCLE ( 'NONE', #2197, 35.61202498550131423 ) ;
#4224 = EDGE_CURVE ( 'NONE', #1246, #3051, #1657, .T. ) ;
#4225 = DIRECTION ( 'NONE',  ( -1.226999531788473599E-16, 1.000000000000000000, -5.857254280169296935E-16 ) ) ;
#4226 = ORIENTED_EDGE ( 'NONE', *, *, #574, .F. ) ;
#4227 = ORIENTED_EDGE ( 'NONE', *, *, #665, .F. ) ;
#4228 = DIRECTION ( 'NONE',  ( 0.000000000000000000, 0.000000000000000000, 1.000000000000000000 ) ) ;
#4229 = DIRECTION ( 'NONE',  ( 7.186848259333761210E-32, -5.857254280169296935E-16, -1.000000000000000000 ) ) ;
#4230 = CARTESIAN_POINT ( 'NONE',  ( 414.6987652200348293, 21.76339627220458439, 4.999999999999935163 ) ) ;
#4231 = CARTESIAN_POINT ( 'NONE',  ( 422.5410687462406258, -31.43368305571831556, 5.455841717964848847 ) ) ;
#4232 = ORIENTED_EDGE ( 'NONE', *, *, #42, .F. ) ;
#4233 = CARTESIAN_POINT ( 'NONE',  ( 270.4487652200349430, -31.38945451671930442, -5.000000000000015099 ) ) ;
#4234 = CARTESIAN_POINT ( 'NONE',  ( 263.4889165627503758, 38.72917880170381011, -5.499897712254893101 ) ) ;
#4235 = ADVANCED_FACE ( 'NONE', ( #651 ), #2982, .T. ) ;
#4236 = CARTESIAN_POINT ( 'NONE',  ( 276.6050914670577754, -31.45391074711394097, 5.070177401587216970 ) ) ;
#4237 = CARTESIAN_POINT ( 'NONE',  ( 411.8987652200348180, 26.40339627220449259, -4.000000000000054179 ) ) ;
#4238 = VECTOR ( 'NONE', #2114, 1000.000000000000000 ) ;
#4239 = ORIENTED_EDGE ( 'NONE', *, *, #3774, .T. ) ;
#4240 = ORIENTED_EDGE ( 'NONE', *, *, #2665, .F. ) ;
#4241 = CARTESIAN_POINT ( 'NONE',  ( 411.8987771621974048, -23.09660875102552069, 4.999999999999962697 ) ) ;
#4242 = CARTESIAN_POINT ( 'NONE',  ( 411.8987652200347611, 8.833396272204540267, -4.000000000000043521 ) ) ;
#4243 = VECTOR ( 'NONE', #3171, 1000.000000000000000 ) ;
#4244 = ORIENTED_EDGE ( 'NONE', *, *, #3011, .T. ) ;
#4245 = ORIENTED_EDGE ( 'NONE', *, *, #1386, .F. ) ;
#4246 = CARTESIAN_POINT ( 'NONE',  ( 270.4487652200348293, -22.51590449017308515, -5.000000000000026645 ) ) ;
#4247 = AXIS2_PLACEMENT_3D ( 'NONE', #3475, #1447, #470 ) ;
#4248 = CARTESIAN_POINT ( 'NONE',  ( 263.4487652200347725, 34.82118701294143648, -12.00000000000005684 ) ) ;
#4249 = CARTESIAN_POINT ( 'NONE',  ( 411.8987652200347611, 19.33339627220454560, 4.999999999999936939 ) ) ;
#4250 = ADVANCED_FACE ( 'NONE', ( #4331 ), #1028, .F. ) ;
#4251 = CARTESIAN_POINT ( 'NONE',  ( 376.4987652200347270, -22.01700372779545845, -3.000000000000025313 ) ) ;
#4252 = PLANE ( 'NONE',  #354 ) ;
#4253 = ORIENTED_EDGE ( 'NONE', *, *, #2865, .F. ) ;
#4254 = DIRECTION ( 'NONE',  ( 0.000000000000000000, 3.469446951953614189E-16, -1.000000000000000000 ) ) ;
#4255 = ADVANCED_FACE ( 'NONE', ( #4307 ), #3354, .F. ) ;
#4256 = CARTESIAN_POINT ( 'NONE',  ( 263.4889165627503758, 38.18305638343770880, -8.972425343214291971 ) ) ;
#4257 = DIRECTION ( 'NONE',  ( -1.000000000000000000, 0.000000000000000000, 0.000000000000000000 ) ) ;
#4258 = LINE ( 'NONE', #2090, #503 ) ;
#4259 = EDGE_CURVE ( 'NONE', #3410, #1894, #362, .T. ) ;
#4260 = ORIENTED_EDGE ( 'NONE', *, *, #3282, .F. ) ;
#4261 = EDGE_CURVE ( 'NONE', #1247, #876, #2618, .T. ) ;
#4262 = ORIENTED_EDGE ( 'NONE', *, *, #1850, .F. ) ;
#4263 = VECTOR ( 'NONE', #588, 1000.000000000000000 ) ;
#4264 = CARTESIAN_POINT ( 'NONE',  ( 264.1491657134733941, -30.90573547794857490, -8.947943962354038661 ) ) ;
#4265 = VECTOR ( 'NONE', #2105, 1000.000000000000000 ) ;
#4266 = CARTESIAN_POINT ( 'NONE',  ( 324.4487652200347156, -25.00127660129597729, 1.800000000000009592 ) ) ;
#4267 = EDGE_CURVE ( 'NONE', #136, #487, #2382, .T. ) ;
#4268 = ORIENTED_EDGE ( 'NONE', *, *, #3656, .F. ) ;
#4269 = ORIENTED_EDGE ( 'NONE', *, *, #1302, .T. ) ;
#4270 = VECTOR ( 'NONE', #2760, 1000.000000000000000 ) ;
#4271 = CARTESIAN_POINT ( 'NONE',  ( 263.4487652200347725, 40.65965511045240532, -12.00000000000005862 ) ) ;
#4272 = DIRECTION ( 'NONE',  ( 1.000000000000000000, -3.854941057726187413E-15, 0.000000000000000000 ) ) ;
#4273 = DIRECTION ( 'NONE',  ( 0.000000000000000000, -1.000000000000000000, 5.829043938094109521E-16 ) ) ;
#4274 = PRODUCT_DEFINITION_CONTEXT ( 'detailed design', #2095, 'design' ) ;
#4275 = DIRECTION ( 'NONE',  ( 7.186848259333761210E-32, 0.000000000000000000, -1.000000000000000000 ) ) ;
#4276 = ORIENTED_EDGE ( 'NONE', *, *, #385, .F. ) ;
#4277 = CARTESIAN_POINT ( 'NONE',  ( 267.8763674750420591, 38.82229782118520944, -5.481672484420492708 ) ) ;
#4278 = DIRECTION ( 'NONE',  ( 7.186848259333761210E-32, -5.857254280169296935E-16, -1.000000000000000000 ) ) ;
#4279 = EDGE_CURVE ( 'NONE', #2227, #2807, #2247, .T. ) ;
#4280 = B_SPLINE_CURVE_WITH_KNOTS ( 'NONE', 3,
 ( #3479, #3152, #4074, #163, #845, #3254, #203, #2847, #1925, #4192, #1199, #1562, #4211, #1844, #244, #1521, #2523, #224, #266, #183, #2216, #3542, #1276, #1218 ),
 .UNSPECIFIED., .F., .F.,
 ( 4, 2, 2, 2, 2, 2, 2, 2, 2, 2, 2, 4 ),
 ( 0.000000000000000000, 0.001404194675166369312, 0.002106292012749543668, 0.002808389350332714772, 0.004212584025499063051, 0.004914681363082198592, 0.005616778700665333267, 0.007020973375831495063, 0.007723070713414508306, 0.008425168050997520683, 0.009829362726163545436, 0.01123355740132957192 ),
 .UNSPECIFIED. ) ;
#4281 = DIRECTION ( 'NONE',  ( -1.000000000000000000, 0.000000000000000000, 0.000000000000000000 ) ) ;
#4282 = ADVANCED_FACE ( 'NONE', ( #812 ), #2052, .F. ) ;
#4283 = LINE ( 'NONE', #2190, #1124 ) ;
#4284 = ORIENTED_EDGE ( 'NONE', *, *, #1475, .F. ) ;
#4285 = ORIENTED_EDGE ( 'NONE', *, *, #2859, .F. ) ;
#4286 = DIRECTION ( 'NONE',  ( 0.000000000000000000, -1.000000000000000000, 0.000000000000000000 ) ) ;
#4287 = FACE_OUTER_BOUND ( 'NONE', #1154, .T. ) ;
#4288 = EDGE_LOOP ( 'NONE', ( #1097, #3392, #2171, #3508, #4016 ) ) ;
#4289 = EDGE_LOOP ( 'NONE', ( #14, #1372 ) ) ;
#4290 = CARTESIAN_POINT ( 'NONE',  ( 270.4487652200348293, -21.21774143225098896, -5.000000000000026645 ) ) ;
#4291 = CARTESIAN_POINT ( 'NONE',  ( 411.8987652200347611, -0.6666037277954662832, -4.000000000000038192 ) ) ;
#4292 = CARTESIAN_POINT ( 'NONE',  ( 263.4487652200347725, -32.04200372767766680, 1.672133194671040712 ) ) ;
#4293 = CARTESIAN_POINT ( 'NONE',  ( 410.4487652200347725, -24.00127660129596663, 1.800000000000009592 ) ) ;
#4294 = VECTOR ( 'NONE', #1146, 1000.000000000000000 ) ;
#4295 = DIRECTION ( 'NONE',  ( -1.000000000000000000, -1.224510688924804602E-16, 0.000000000000000000 ) ) ;
#4296 = ORIENTED_EDGE ( 'NONE', *, *, #3387, .F. ) ;
#4297 = B_SPLINE_CURVE_WITH_KNOTS ( 'NONE', 3,
 ( #3125, #138, #3764, #3809, #495, #3170, #1473, #1824, #3150, #182, #1519, #2845, #1198, #4190, #3080, #756 ),
 .UNSPECIFIED., .F., .F.,
 ( 4, 2, 2, 2, 2, 2, 2, 4 ),
 ( 0.000000000000000000, 0.001947547539102962568, 0.002921321308654364814, 0.003895095078205766843, 0.004868868847757170173, 0.005842642617308570901, 0.006816416386859973364, 0.007790190156411374960 ),
 .UNSPECIFIED. ) ;
#4298 = CARTESIAN_POINT ( 'NONE',  ( 411.8987652200347611, 1.763396272204579507, 4.999999999999947597 ) ) ;
#4299 = CARTESIAN_POINT ( 'NONE',  ( 270.4279940190705815, 39.11474442802332874, -3.691883029289870777 ) ) ;
#4300 = DIRECTION ( 'NONE',  ( -1.000000000000000000, 0.000000000000000000, 0.000000000000000000 ) ) ;
#4301 = CARTESIAN_POINT ( 'NONE',  ( 265.0939644296438473, -24.57634384013181261, -7.468061920226728212 ) ) ;
#4302 = CARTESIAN_POINT ( 'NONE',  ( 350.4987652200347270, 32.75799627220455079, -5.724587470723463412E-14 ) ) ;
#4303 = VERTEX_POINT ( 'NONE', #4160 ) ;
#4304 = VERTEX_POINT ( 'NONE', #2423 ) ;
#4305 = EDGE_CURVE ( 'NONE', #868, #3227, #3642, .T. ) ;
#4306 = ADVANCED_FACE ( 'NONE', ( #1434 ), #2075, .F. ) ;
#4307 = FACE_OUTER_BOUND ( 'NONE', #1494, .T. ) ;
#4308 = CARTESIAN_POINT ( 'NONE',  ( 414.6987686052809181, -23.09659870453407748, 4.999999999999962697 ) ) ;
#4309 = CIRCLE ( 'NONE', #3460, 0.8000000000000020428 ) ;
#4310 =( BOUNDED_CURVE ( )  B_SPLINE_CURVE ( 3, ( #685, #4298, #1381, #2367 ),
 .UNSPECIFIED., .F., .F. ) 
 B_SPLINE_CURVE_WITH_KNOTS ( ( 4, 4 ),
 ( 3.141592653589790896, 6.283185307179586232 ),
 .UNSPECIFIED. ) 
 CURVE ( )  GEOMETRIC_REPRESENTATION_ITEM ( )  RATIONAL_B_SPLINE_CURVE ( ( 1.000000000000000000, 0.3333333333333325932, 0.3333333333333325932, 1.000000000000000000 ) ) 
 REPRESENTATION_ITEM ( '' )  );
#4311 = VERTEX_POINT ( 'NONE', #3376 ) ;
#4312 = EDGE_CURVE ( 'NONE', #3879, #3187, #765, .T. ) ;
#4313 = VERTEX_POINT ( 'NONE', #2770 ) ;
#4314 = CARTESIAN_POINT ( 'NONE',  ( 411.8987652200347611, 1.763396272204574622, -4.000000000000040856 ) ) ;
#4315 = CARTESIAN_POINT ( 'NONE',  ( 261.4487652200347156, -26.25127660129598439, 5.000000000000009770 ) ) ;
#4316 = EDGE_CURVE ( 'NONE', #1834, #213, #4061, .T. ) ;
#4317 = CARTESIAN_POINT ( 'NONE',  ( 409.4487652200347725, -25.00127660129596663, 1.800000000000009592 ) ) ;
#4318 = LINE ( 'NONE', #1316, #746 ) ;
#4319 = AXIS2_PLACEMENT_3D ( 'NONE', #2669, #4004, #310 ) ;
#4320 = ORIENTED_EDGE ( 'NONE', *, *, #352, .T. ) ;
#4321 = CARTESIAN_POINT ( 'NONE',  ( 263.4487652200347725, 30.48794202598408276, 12.00000000000005151 ) ) ;
#4322 = CARTESIAN_POINT ( 'NONE',  ( 263.4484693801289836, 39.56093597705765319, 1.861653990679748905 ) ) ;
#4323 = EDGE_CURVE ( 'NONE', #487, #3635, #2800, .T. ) ;
#4324 = CARTESIAN_POINT ( 'NONE',  ( 416.4487652200347725, -28.69200372779545916, -4.000000000000022204 ) ) ;
#4325 = CARTESIAN_POINT ( 'NONE',  ( 350.4987652200347270, -25.24200372779545276, -5.000000000000023093 ) ) ;
#4326 = CARTESIAN_POINT ( 'NONE',  ( 263.4487652200347725, 31.33006009250419766, 5.000000000000051514 ) ) ;
#4327 = FACE_OUTER_BOUND ( 'NONE', #2234, .T. ) ;
#4328 = CARTESIAN_POINT ( 'NONE',  ( 264.2487652200347270, 32.01726914570501492, 5.000000000000009770 ) ) ;
#4329 = EDGE_LOOP ( 'NONE', ( #412, #2864, #3913, #2708, #3573, #3992 ) ) ;
#4330 = CIRCLE ( 'NONE', #2096, 29.30000000000000071 ) ;
#4331 = FACE_OUTER_BOUND ( 'NONE', #624, .T. ) ;
#4332 = CARTESIAN_POINT ( 'NONE',  ( 374.4987652200347270, -21.24200372779546342, -3.000000000000026201 ) ) ;
#4333 = ORIENTED_EDGE ( 'NONE', *, *, #4032, .F. ) ;
#4334 = ORIENTED_EDGE ( 'NONE', *, *, #3121, .T. ) ;
#4335 = VECTOR ( 'NONE', #1662, 1000.000000000000000 ) ;
#4336 = CARTESIAN_POINT ( 'NONE',  ( 424.9591197003908292, -30.98661047670982427, -7.818103143741945260 ) ) ;
#4337 = PLANE ( 'NONE',  #2635 ) ;
#4338 = DIRECTION ( 'NONE',  ( -1.226999531788473599E-16, 1.000000000000000000, 0.000000000000000000 ) ) ;
#4339 =( BOUNDED_CURVE ( )  B_SPLINE_CURVE ( 3, ( #2921, #3864, #3592, #1942 ),
 .UNSPECIFIED., .F., .F. ) 
 B_SPLINE_CURVE_WITH_KNOTS ( ( 4, 4 ),
 ( 4.344121086948050880, 4.712388980384689674 ),
 .UNSPECIFIED. ) 
 CURVE ( )  GEOMETRIC_REPRESENTATION_ITEM ( )  RATIONAL_B_SPLINE_CURVE ( ( 1.000000000000000000, 0.9887301263230200421, 0.9887301263230200421, 1.000000000000000000 ) ) 
 REPRESENTATION_ITEM ( '' )  );
#4340 =( NAMED_UNIT ( * ) SI_UNIT ( $, .STERADIAN. ) SOLID_ANGLE_UNIT ( ) );
ENDSEC;
END-ISO-10303-21;
