ISO-10303-21;
HEADER;
FILE_DESCRIPTION (( 'STEP AP214' ),
    '1' );
FILE_NAME ('26.07.10 Avionics Bay Plate (Top Half).STEP',
    '2026-07-11T23:31:07',
    ( '' ),
    ( '' ),
    'SwSTEP 2.0',
    'SolidWorks 2025',
    '' );
FILE_SCHEMA (( 'AUTOMOTIVE_DESIGN' ));
ENDSEC;

DATA;
#1 = CARTESIAN_POINT ( 'NONE',  ( 149.7740175322332448, -22.69570183006594633, 4.999999999999970690 ) ) ;
#2 = CARTESIAN_POINT ( 'NONE',  ( 252.0130663828289528, -30.45819540709402773, -8.167560894645024661 ) ) ;
#3 = FACE_OUTER_BOUND ( 'NONE', #1861, .T. ) ;
#4 = ORIENTED_EDGE ( 'NONE', *, *, #1573, .T. ) ;
#5 = DIRECTION ( 'NONE',  ( -1.000000000000000000, -1.226999531788473599E-16, 0.000000000000000000 ) ) ;
#6 = CARTESIAN_POINT ( 'NONE',  ( 149.7821713326899555, 30.14046315332866044, 5.000000000000053291 ) ) ;
#7 = DIRECTION ( 'NONE',  ( 1.000000000000000000, 1.226999531788473599E-16, -0.000000000000000000 ) ) ;
#8 = EDGE_LOOP ( 'NONE', ( #1436, #1413, #748, #4 ) ) ;
#9 = LINE ( 'NONE', #983, #751 ) ;
#10 = VECTOR ( 'NONE', #967, 1000.000000000000000 ) ;
#11 = CARTESIAN_POINT ( 'NONE',  ( 218.7487652200348407, 32.62822315042629384, 1.000000000000009548 ) ) ;
#12 = EDGE_CURVE ( 'NONE', #680, #1480, #842, .T. ) ;
#13 = ORIENTED_EDGE ( 'NONE', *, *, #2057, .T. ) ;
#14 = UNCERTAINTY_MEASURE_WITH_UNIT (LENGTH_MEASURE( 1.000000000000000082E-05 ), #1069, 'distance_accuracy_value', 'NONE');
#15 = CARTESIAN_POINT ( 'NONE',  ( 108.2577522002480634, -16.25188567149348273, 4.999999999999992006 ) ) ;
#16 = CARTESIAN_POINT ( 'NONE',  ( 252.0130663827541753, -31.45874907567724321, 1.861359968464158632 ) ) ;
#17 = CARTESIAN_POINT ( 'NONE',  ( 251.0122972091207032, 32.49206236308665297, 5.731166868763534872 ) ) ;
#18 = ORIENTED_EDGE ( 'NONE', *, *, #596, .F. ) ;
#19 = FACE_OUTER_BOUND ( 'NONE', #2163, .T. ) ;
#20 = CARTESIAN_POINT ( 'NONE',  ( 255.4487652200348009, -25.73302084037112181, 4.999999999999977796 ) ) ;
#21 = ORIENTED_EDGE ( 'NONE', *, *, #1633, .F. ) ;
#22 = CARTESIAN_POINT ( 'NONE',  ( 255.4813125676670325, 38.47953487898987390, -9.703774304863445721 ) ) ;
#23 = CARTESIAN_POINT ( 'NONE',  ( 255.4487652200348009, -22.97194948157508421, 11.99999999999997691 ) ) ;
#24 = ORIENTED_EDGE ( 'NONE', *, *, #2208, .F. ) ;
#25 = EDGE_CURVE ( 'NONE', #2288, #621, #718, .T. ) ;
#26 = AXIS2_PLACEMENT_3D ( 'NONE', #1288, #507, #1895 ) ;
#27 = FACE_OUTER_BOUND ( 'NONE', #1930, .T. ) ;
#28 = CARTESIAN_POINT ( 'NONE',  ( 251.9776162842790654, -30.88094309201771281, 5.495879097810004943 ) ) ;
#29 = CARTESIAN_POINT ( 'NONE',  ( 255.4487652200348009, 37.80510230772701163, 11.10565889073440360 ) ) ;
#30 = VERTEX_POINT ( 'NONE', #1279 ) ;
#31 = CARTESIAN_POINT ( 'NONE',  ( 259.4487652200347725, -27.54200372779547834, -1.350896971193214591E-14 ) ) ;
#32 = CARTESIAN_POINT ( 'NONE',  ( 247.4487652200347725, -28.93005083476661454, 4.999999999999969802 ) ) ;
#33 = CARTESIAN_POINT ( 'NONE',  ( 219.4487652200347725, -29.14200372779548331, -1.331302622406856905E-14 ) ) ;
#34 = ORIENTED_EDGE ( 'NONE', *, *, #582, .F. ) ;
#35 = FACE_OUTER_BOUND ( 'NONE', #854, .T. ) ;
#36 = CARTESIAN_POINT ( 'NONE',  ( 252.9762321780399930, -24.70837030198563866, 6.939483197823122396 ) ) ;
#37 = ORIENTED_EDGE ( 'NONE', *, *, #12, .T. ) ;
#38 = EDGE_CURVE ( 'NONE', #1758, #2052, #2240, .T. ) ;
#39 = CARTESIAN_POINT ( 'NONE',  ( 94.47989953244307060, -13.72503367057289836, 4.999999999999997335 ) ) ;
#40 = CARTESIAN_POINT ( 'NONE',  ( 251.9953413336274934, -30.24571361539891612, -9.503159696688785019 ) ) ;
#41 = ORIENTED_EDGE ( 'NONE', *, *, #1573, .F. ) ;
#42 = DIRECTION ( 'NONE',  ( 1.000000000000000000, -0.000000000000000000, -0.000000000000000000 ) ) ;
#43 = CARTESIAN_POINT ( 'NONE',  ( 108.2552271398964052, 23.76742059543141394, 5.000000000000038192 ) ) ;
#44 = LINE ( 'NONE', #1017, #270 ) ;
#45 = ORIENTED_EDGE ( 'NONE', *, *, #1837, .T. ) ;
#46 = CARTESIAN_POINT ( 'NONE',  ( 255.4813125676670325, 39.12874515266491926, 5.611989368438936587 ) ) ;
#47 = CARTESIAN_POINT ( 'NONE',  ( 218.7487652200348407, 6.928223150426294552, 5.000000000000009770 ) ) ;
#48 = ORIENTED_EDGE ( 'NONE', *, *, #1900, .T. ) ;
#49 = DIRECTION ( 'NONE',  ( -0.000000000000000000, -0.000000000000000000, -1.000000000000000000 ) ) ;
#50 = CARTESIAN_POINT ( 'NONE',  ( 251.9776162842780707, -30.28205928012413750, 9.270470874157192398 ) ) ;
#51 = AXIS2_PLACEMENT_3D ( 'NONE', #1485, #1071, #1280 ) ;
#52 = SHAPE_DEFINITION_REPRESENTATION ( #2180, #2191 ) ;
#53 = ORIENTED_EDGE ( 'NONE', *, *, #1409, .T. ) ;
#54 = CARTESIAN_POINT ( 'NONE',  ( 219.4487652200347725, 35.05799627220451953, -1.350896971193214591E-14 ) ) ;
#55 = EDGE_CURVE ( 'NONE', #501, #1758, #2448, .T. ) ;
#56 = CARTESIAN_POINT ( 'NONE',  ( 220.3412002568324226, 37.35316236200664264, 0.000000000000000000 ) ) ;
#57 = ORIENTED_EDGE ( 'NONE', *, *, #25, .F. ) ;
#58 = DIRECTION ( 'NONE',  ( 0.000000000000000000, -1.000000000000000000, 5.857254280169296935E-16 ) ) ;
#59 = CARTESIAN_POINT ( 'NONE',  ( 227.2188989402288257, 35.92680385619397043, -11.00510291237752725 ) ) ;
#60 = AXIS2_PLACEMENT_3D ( 'NONE', #1903, #158, #916 ) ;
#61 = VERTEX_POINT ( 'NONE', #752 ) ;
#62 = LINE ( 'NONE', #1456, #548 ) ;
#63 = CARTESIAN_POINT ( 'NONE',  ( 252.0130656375008016, 38.71173887642339650, 3.343303849641051873 ) ) ;
#64 = ORIENTED_EDGE ( 'NONE', *, *, #726, .T. ) ;
#65 = CARTESIAN_POINT ( 'NONE',  ( 248.4487652200347725, 39.66666358153208449, -5.000000000000061284 ) ) ;
#66 = DIRECTION ( 'NONE',  ( -0.000000000000000000, -0.000000000000000000, 1.000000000000000000 ) ) ;
#67 = ORIENTED_EDGE ( 'NONE', *, *, #1678, .F. ) ;
#68 = CARTESIAN_POINT ( 'NONE',  ( 254.2646903436064463, -30.76699913607647829, 8.330128371796936548 ) ) ;
#69 = EDGE_CURVE ( 'NONE', #2382, #1689, #154, .T. ) ;
#70 = CARTESIAN_POINT ( 'NONE',  ( 246.1451821891216980, 36.75256319992823251, -11.28759913282107874 ) ) ;
#71 = LINE ( 'NONE', #491, #2187 ) ;
#72 = ORIENTED_EDGE ( 'NONE', *, *, #934, .T. ) ;
#73 = CARTESIAN_POINT ( 'NONE',  ( 243.1987652200347725, -14.84200372779550392, -2.949029909160572061E-14 ) ) ;
#74 = CARTESIAN_POINT ( 'NONE',  ( 243.1987652200347725, -14.84200372779550747, -5.000000000000029310 ) ) ;
#75 = CARTESIAN_POINT ( 'NONE',  ( 255.0701865380804350, -30.92776312637816361, -8.895461138340609253 ) ) ;
#76 = CARTESIAN_POINT ( 'NONE',  ( 255.4487701778607232, 39.20710233888921437, 5.000000000000063949 ) ) ;
#77 = CARTESIAN_POINT ( 'NONE',  ( 255.4487652200348009, 36.29663872875637765, -13.00000000000006217 ) ) ;
#78 = VECTOR ( 'NONE', #945, 1000.000000000000000 ) ;
#79 = CARTESIAN_POINT ( 'NONE',  ( 246.1451821891216980, 38.62992396384931482, 0.000000000000000000 ) ) ;
#80 = ORIENTED_EDGE ( 'NONE', *, *, #2239, .F. ) ;
#81 = CARTESIAN_POINT ( 'NONE',  ( 253.7490383278528441, -30.74554986767260445, 7.685860739045942580 ) ) ;
#82 = CARTESIAN_POINT ( 'NONE',  ( 220.3412002568324226, 35.54453717695506043, -10.87432765333153206 ) ) ;
#83 = CARTESIAN_POINT ( 'NONE',  ( 82.34711255121362683, 19.32333129520744208, 3.475709137543007810 ) ) ;
#84 = ORIENTED_EDGE ( 'NONE', *, *, #2447, .F. ) ;
#85 = LINE ( 'NONE', #1303, #1383 ) ;
#86 = EDGE_CURVE ( 'NONE', #621, #106, #1182, .T. ) ;
#87 = CARTESIAN_POINT ( 'NONE',  ( 245.1987652200347725, -14.84200372779553057, -5.000000000000029310 ) ) ;
#88 = DIRECTION ( 'NONE',  ( 1.000000000000000000, 1.226999531788473599E-16, 0.000000000000000000 ) ) ;
#89 = ORIENTED_EDGE ( 'NONE', *, *, #754, .T. ) ;
#90 = CARTESIAN_POINT ( 'NONE',  ( 252.0130660540936844, -30.95712179909747519, -4.999998336065507587 ) ) ;
#91 = CIRCLE ( 'NONE', #2520, 29.29999999999999716 ) ;
#92 = CARTESIAN_POINT ( 'NONE',  ( 253.9513522990856700, 38.24832596603953760, -8.053651528839319340 ) ) ;
#93 = VERTEX_POINT ( 'NONE', #1693 ) ;
#94 = CARTESIAN_POINT ( 'NONE',  ( 251.9779672752358124, 37.76116818449485635, -9.503009345907297956 ) ) ;
#95 = CARTESIAN_POINT ( 'NONE',  ( 227.2188989402288257, 37.75717966662971037, -9.324138683375338132E-15 ) ) ;
#96 = FACE_OUTER_BOUND ( 'NONE', #124, .T. ) ;
#97 = EDGE_LOOP ( 'NONE', ( #405, #819, #1723, #67 ) ) ;
#98 = VECTOR ( 'NONE', #1877, 1000.000000000000000 ) ;
#99 = CARTESIAN_POINT ( 'NONE',  ( 255.0701863615758498, 38.44375553595529027, -8.895461620750236165 ) ) ;
#100 = CARTESIAN_POINT ( 'NONE',  ( 255.3059134060820554, -23.24644693194453637, -11.37157581080403546 ) ) ;
#101 = CARTESIAN_POINT ( 'NONE',  ( 251.8369527184784431, 38.82572651741325842, -4.866625192446841657E-16 ) ) ;
#102 = EDGE_CURVE ( 'NONE', #1321, #2028, #2014, .T. ) ;
#103 = ORIENTED_EDGE ( 'NONE', *, *, #2018, .F. ) ;
#104 = FACE_BOUND ( 'NONE', #579, .T. ) ;
#105 = CARTESIAN_POINT ( 'NONE',  ( 184.2848023891560274, 34.51521278756576550, 0.000000000000000000 ) ) ;
#106 = VERTEX_POINT ( 'NONE', #1898 ) ;
#107 = CARTESIAN_POINT ( 'NONE',  ( 251.9955168290531446, 38.39750027777829189, -5.495968684866009646 ) ) ;
#108 = CARTESIAN_POINT ( 'NONE',  ( 146.6330521319372622, 30.26467079629516377, -2.925674868421024755 ) ) ;
#109 = CARTESIAN_POINT ( 'NONE',  ( 246.1451821891217264, -31.77099861139531356, -3.926751690119128391 ) ) ;
#110 = ORIENTED_EDGE ( 'NONE', *, *, #2129, .T. ) ;
#111 = DIRECTION ( 'NONE',  ( 1.000000000000000000, 1.226999531788473599E-16, -0.000000000000000000 ) ) ;
#112 = DIRECTION ( 'NONE',  ( 0.000000000000000000, 1.000000000000000000, -5.829043938094109521E-16 ) ) ;
#113 = CARTESIAN_POINT ( 'NONE',  ( 127.8679960434366336, 27.63776564083132925, -3.313983721973504749E-16 ) ) ;
#114 = EDGE_CURVE ( 'NONE', #30, #1484, #1887, .T. ) ;
#115 = DIRECTION ( 'NONE',  ( 1.000000000000000000, 1.226999531788473599E-16, 0.000000000000000000 ) ) ;
#116 = CARTESIAN_POINT ( 'NONE',  ( 259.4487652200347725, -32.04200372779547479, -9.124734170984622562E-15 ) ) ;
#117 = CARTESIAN_POINT ( 'NONE',  ( 251.1705202975496150, 32.51228448310140351, -5.628712332319087075 ) ) ;
#118 = EDGE_CURVE ( 'NONE', #903, #1779, #525, .T. ) ;
#119 = B_SPLINE_CURVE_WITH_KNOTS ( 'NONE', 3,
 ( #459, #1390, #804, #778, #2378, #1600, #622, #1156, #1575, #1403, #2353, #1365, #370, #2146 ),
 .UNSPECIFIED., .F., .F.,
 ( 4, 2, 2, 2, 2, 2, 4 ),
 ( 0.000000000000000000, 0.02113620871935128348, 0.04227241743870256696, 0.08454483487740516168, 0.1056810435967564937, 0.1268172523161078258, 0.1690896697548105176 ),
 .UNSPECIFIED. ) ;
#120 = ORIENTED_EDGE ( 'NONE', *, *, #1489, .T. ) ;
#121 = CARTESIAN_POINT ( 'NONE',  ( 254.8797228178664227, -30.78394147021603899, 9.407153501391400496 ) ) ;
#122 = CARTESIAN_POINT ( 'NONE',  ( 85.63641212201912367, 19.36579008002777513, -5.339500901356137419 ) ) ;
#123 = CARTESIAN_POINT ( 'NONE',  ( 248.9009708365210827, -31.87179898279067203, 3.937892394494102444 ) ) ;
#124 = EDGE_LOOP ( 'NONE', ( #48, #1542, #2494, #640 ) ) ;
#125 = CARTESIAN_POINT ( 'NONE',  ( 254.4487652200348009, -3.343708208657008907, 6.000000000000029310 ) ) ;
#126 = DIRECTION ( 'NONE',  ( -0.000000000000000000, -1.000000000000000000, 5.829043938094109521E-16 ) ) ;
#127 = CARTESIAN_POINT ( 'NONE',  ( 233.2386360788005106, 38.07145320409017586, 3.787348673369975494 ) ) ;
#128 = CARTESIAN_POINT ( 'NONE',  ( 254.8797228177259626, 38.29993401470898817, 9.407153501083366010 ) ) ;
#129 = VECTOR ( 'NONE', #66, 1000.000000000000000 ) ;
#130 = CARTESIAN_POINT ( 'NONE',  ( 252.0130656375008016, 38.83135117853872487, -1.673791590172198029 ) ) ;
#131 = CARTESIAN_POINT ( 'NONE',  ( 248.4487652200347725, 32.62822315042630095, -5.000000000000057732 ) ) ;
#132 = ORIENTED_EDGE ( 'NONE', *, *, #1679, .F. ) ;
#133 = DIRECTION ( 'NONE',  ( 1.000000000000000000, 1.226999531788473599E-16, -0.000000000000000000 ) ) ;
#134 = EDGE_CURVE ( 'NONE', #1808, #1978, #1538, .T. ) ;
#135 = CARTESIAN_POINT ( 'NONE',  ( 92.31179417100396734, 21.20858281510654919, -3.896682147413773389 ) ) ;
#136 = CARTESIAN_POINT ( 'NONE',  ( 238.4004815134872501, -31.44789039906784112, -3.891040977699457670 ) ) ;
#137 = EDGE_LOOP ( 'NONE', ( #2356, #601, #486, #1159 ) ) ;
#138 = DIRECTION ( 'NONE',  ( -1.000000000000000000, 0.000000000000000000, 0.000000000000000000 ) ) ;
#139 = CARTESIAN_POINT ( 'NONE',  ( 109.1644862542000283, 24.22618257446724854, 4.570506324121656583 ) ) ;
#140 = AXIS2_PLACEMENT_3D ( 'NONE', #1531, #1938, #954 ) ;
#141 = CARTESIAN_POINT ( 'NONE',  ( 252.0129772076197696, 38.41290885186189996, 5.418167823061024180 ) ) ;
#142 = CARTESIAN_POINT ( 'NONE',  ( 253.7957165222439926, -30.51373793153835834, -8.180819148370220617 ) ) ;
#143 = CARTESIAN_POINT ( 'NONE',  ( 253.6417393919620054, 32.04564663773434319, -7.635407634480455563 ) ) ;
#144 = EDGE_LOOP ( 'NONE', ( #2149, #1295, #1381 ) ) ;
#145 = CARTESIAN_POINT ( 'NONE',  ( 252.6121693401550772, -30.74771363060212082, -6.555239933601080260 ) ) ;
#146 = CARTESIAN_POINT ( 'NONE',  ( 252.0130660101493447, 38.83096042776858781, -7.854713747918907728E-16 ) ) ;
#147 = AXIS2_PLACEMENT_3D ( 'NONE', #2276, #2262, #267 ) ;
#148 = CARTESIAN_POINT ( 'NONE',  ( 242.7017225509154628, -29.08693986007180854, -11.30858696358905391 ) ) ;
#149 = EDGE_CURVE ( 'NONE', #30, #2153, #714, .T. ) ;
#150 = ADVANCED_FACE ( 'NONE', ( #324 ), #2098, .T. ) ;
#151 = VERTEX_POINT ( 'NONE', #1144 ) ;
#152 = FACE_OUTER_BOUND ( 'NONE', #1349, .T. ) ;
#153 = CARTESIAN_POINT ( 'NONE',  ( 146.6330521319372906, 28.83766076193228400, 8.579873158081303686 ) ) ;
#154 = LINE ( 'NONE', #1720, #847 ) ;
#155 = CARTESIAN_POINT ( 'NONE',  ( 255.4813125676648156, -31.39634918362689575, -6.975917680721194003 ) ) ;
#156 = CARTESIAN_POINT ( 'NONE',  ( 255.4487701778554936, -31.69110979449320098, -5.000000000000016875 ) ) ;
#157 = ORIENTED_EDGE ( 'NONE', *, *, #1459, .T. ) ;
#158 = DIRECTION ( 'NONE',  ( 0.000000000000000000, -1.000000000000000000, 5.857254280169296935E-16 ) ) ;
#159 = B_SPLINE_CURVE_WITH_KNOTS ( 'NONE', 3,
 ( #294, #2083, #1690, #698, #456, #884, #1481, #1855, #1276, #2236, #2456, #1841 ),
 .UNSPECIFIED., .F., .F.,
 ( 4, 2, 2, 2, 2, 4 ),
 ( 0.000000000000000000, 0.2499999999999575895, 0.3749999999999363842, 0.4374999999999257816, 0.4999999999999151790, 1.000000000000000000 ),
 .UNSPECIFIED. ) ;
#160 = DIRECTION ( 'NONE',  ( 1.000000000000000000, 1.226999531788473599E-16, 0.000000000000000000 ) ) ;
#161 = CARTESIAN_POINT ( 'NONE',  ( 92.31179417100396734, -13.04629298033862561, 5.785755393414950376 ) ) ;
#162 = ORIENTED_EDGE ( 'NONE', *, *, #2159, .T. ) ;
#163 = CARTESIAN_POINT ( 'NONE',  ( 252.0129568993425551, 38.29806298840648537, -6.114673382406481394 ) ) ;
#164 = CARTESIAN_POINT ( 'NONE',  ( 184.2848023891560274, 33.95823389345617471, 6.743654518263216602 ) ) ;
#165 = UNCERTAINTY_MEASURE_WITH_UNIT (LENGTH_MEASURE( 1.000000000000000082E-05 ), #571, 'distance_accuracy_value', 'NONE');
#166 = ADVANCED_FACE ( 'NONE', ( #549, #701 ), #1131, .T. ) ;
#167 = CARTESIAN_POINT ( 'NONE',  ( 253.3733102732327893, 38.25104422125941994, 7.295099508866864646 ) ) ;
#168 = CARTESIAN_POINT ( 'NONE',  ( 247.4487652200347725, 34.52410546063489960, 5.000000000000056843 ) ) ;
#169 = CARTESIAN_POINT ( 'NONE',  ( 255.3959680774132153, 30.89333732178040393, 11.06354483989378856 ) ) ;
#170 = ORIENTED_EDGE ( 'NONE', *, *, #1961, .T. ) ;
#171 = DIRECTION ( 'NONE',  ( 7.186848259333761210E-32, -5.857254280169296935E-16, -1.000000000000000000 ) ) ;
#172 = CARTESIAN_POINT ( 'NONE',  ( 255.4487652200348009, -32.15067103712306107, -13.00000000000001954 ) ) ;
#173 = CARTESIAN_POINT ( 'NONE',  ( 194.5761133272972074, -28.53846453325521892, -3.569484092308089718 ) ) ;
#174 =( BOUNDED_SURFACE ( )  B_SPLINE_SURFACE ( 2, 3, ( 
 ( #22, #813, #1813, #996, #1218, #2001, #46, #1008, #2206, #1632 ),
 ( #607, #239, #2029, #1622, #2219, #261, #1233, #1836, #1990, #1583 ),
 ( #1400, #1019, #248, #1427, #1032, #2182, #2362, #824, #1790, #591 ),
 ( #2387, #1387, #2168, #1803, #1610, #403, #619, #1190, #1979, #800 ),
 ( #1597, #2375, #415, #1204, #227, #2476, #1283, #2439, #488, #1296 ),
 ( #892, #668, #1504, #107, #276, #2285, #2065, #1669, #706, #681 ),
 ( #94, #1686, #1074, #904, #302, #2042, #517, #2465, #1490, #1060 ) ),
 .UNSPECIFIED., .F., .F., .T. ) 
 B_SPLINE_SURFACE_WITH_KNOTS ( ( 3, 2, 2, 3 ),
 ( 4, 3, 3, 4 ),
 ( -0.01000000000000000021, 0.000000000000000000, 1.000000000000000000, 1.010000000000000009 ),
 ( -0.2730028183847835188, -0.1573502672900423671, 0.1573502672900494448, 0.2662914476611174530 ),
 .UNSPECIFIED. ) 
 GEOMETRIC_REPRESENTATION_ITEM ( )  RATIONAL_B_SPLINE_SURFACE ( (
 ( 1.000000000000000000, 1.000000000000000000, 1.000000000000000000, 1.000000000000000000, 1.000000000000000000, 1.000000000000000000, 1.000000000000000000, 1.000000000000000000, 1.000000000000000000, 1.000000000000000000),
 ( 1.000000000000000000, 1.000000000000000000, 1.000000000000000000, 1.000000000000000000, 1.000000000000000000, 1.000000000000000000, 1.000000000000000000, 1.000000000000000000, 1.000000000000000000, 1.000000000000000000),
 ( 1.000000000000000000, 1.000000000000000000, 1.000000000000000000, 1.000000000000000000, 1.000000000000000000, 1.000000000000000000, 1.000000000000000000, 1.000000000000000000, 1.000000000000000000, 1.000000000000000000),
 ( 0.9844642711164589555, 0.9844642711164589555, 0.9844642711164589555, 0.9844642711164589555, 0.9844642711164589555, 0.9844642711164588444, 0.9844642711164588444, 0.9844642711164588444, 0.9844642711164588444, 0.9844642711164588444),
 ( 1.000000000000000000, 1.000000000000000000, 1.000000000000000000, 1.000000000000000000, 1.000000000000000000, 1.000000000000000000, 1.000000000000000000, 1.000000000000000000, 1.000000000000000000, 1.000000000000000000),
 ( 1.000000000000000000, 1.000000000000000000, 1.000000000000000000, 1.000000000000000000, 1.000000000000000000, 1.000000000000000000, 1.000000000000000000, 1.000000000000000000, 1.000000000000000000, 1.000000000000000000),
 ( 1.000000000000000000, 1.000000000000000000, 1.000000000000000000, 1.000000000000000000, 1.000000000000000000, 1.000000000000000000, 1.000000000000000000, 1.000000000000000000, 1.000000000000000000, 1.000000000000000000) ) ) 
 REPRESENTATION_ITEM ( '' )  SURFACE ( )  );
#175 = VERTEX_POINT ( 'NONE', #2087 ) ;
#176 = CARTESIAN_POINT ( 'NONE',  ( 80.74876521989999389, 18.46776282133422242, -5.000000000000049738 ) ) ;
#177 = AXIS2_PLACEMENT_3D ( 'NONE', #478, #1274, #1439 ) ;
#178 = LINE ( 'NONE', #632, #2507 ) ;
#179 = EDGE_CURVE ( 'NONE', #272, #1646, #1120, .T. ) ;
#180 = FACE_OUTER_BOUND ( 'NONE', #234, .T. ) ;
#181 = CARTESIAN_POINT ( 'NONE',  ( 255.4813125676731431, -32.20160493154651959, -1.900623169561613146 ) ) ;
#182 = AXIS2_PLACEMENT_3D ( 'NONE', #1825, #58, #1047 ) ;
#183 = CARTESIAN_POINT ( 'NONE',  ( 253.0615011645140839, 32.20662406092833407, 7.011849999639887976 ) ) ;
#184 = ORIENTED_EDGE ( 'NONE', *, *, #38, .F. ) ;
#185 = FACE_OUTER_BOUND ( 'NONE', #1247, .T. ) ;
#186 = CARTESIAN_POINT ( 'NONE',  ( 259.4487652200347725, 35.05799627220452663, -1.350896971193214591E-14 ) ) ;
#187 = CARTESIAN_POINT ( 'NONE',  ( 146.6330521319372906, -23.24812486555251212, 2.984782771611641294 ) ) ;
#188 = B_SPLINE_CURVE_WITH_KNOTS ( 'NONE', 3,
 ( #1662, #1291, #284, #1067, #2418, #296, #75, #310 ),
 .UNSPECIFIED., .F., .F.,
 ( 4, 2, 2, 4 ),
 ( 0.000000000000000000, 0.001195164350071232281, 0.002390328700142464562, 0.004780657400284910041 ),
 .UNSPECIFIED. ) ;
#189 = ORIENTED_EDGE ( 'NONE', *, *, #1918, .F. ) ;
#190 = DIRECTION ( 'NONE',  ( 1.000000000000000000, 1.226999531788473599E-16, -0.000000000000000000 ) ) ;
#191 = DIRECTION ( 'NONE',  ( -1.000000000000000000, -0.000000000000000000, -0.000000000000000000 ) ) ;
#192 = CARTESIAN_POINT ( 'NONE',  ( 191.5425360250561653, -27.26955075447667909, 4.999999999999975131 ) ) ;
#193 = CARTESIAN_POINT ( 'NONE',  ( 253.7957165223569405, -30.30146095651258875, -9.518739640383962808 ) ) ;
#194 = CARTESIAN_POINT ( 'NONE',  ( 255.4487652200348577, 30.69983299045303582, 11.52801383450246320 ) ) ;
#195 = VECTOR ( 'NONE', #1095, 1000.000000000000000 ) ;
#196 = ORIENTED_EDGE ( 'NONE', *, *, #1555, .T. ) ;
#197 = CARTESIAN_POINT ( 'NONE',  ( 259.4487652200347725, 3.757996272204519261, -1.350896971193214591E-14 ) ) ;
#198 = EDGE_CURVE ( 'NONE', #633, #621, #1036, .T. ) ;
#199 = CARTESIAN_POINT ( 'NONE',  ( 218.7487652200348407, -25.11223060601727397, 5.000000000000009770 ) ) ;
#200 = CARTESIAN_POINT ( 'NONE',  ( 252.0130052182385043, -30.82926879863236991, 5.834321570833474802 ) ) ;
#201 = ORIENTED_EDGE ( 'NONE', *, *, #2129, .F. ) ;
#202 = CARTESIAN_POINT ( 'NONE',  ( 251.7594318679988135, -24.93194464876129857, -5.948494335952405621 ) ) ;
#203 = DIRECTION ( 'NONE',  ( 1.000000000000000000, 1.226999531788473599E-16, -0.000000000000000000 ) ) ;
#204 = MANIFOLD_SOLID_BREP ( 'Cut-Extrude11', #436 ) ;
#205 = VECTOR ( 'NONE', #364, 1000.000000000000000 ) ;
#206 = CARTESIAN_POINT ( 'NONE',  ( 255.4530105402390063, 39.09439704905446433, 5.755234333753605824 ) ) ;
#207 = CARTESIAN_POINT ( 'NONE',  ( 250.5357432893974874, 32.52913509256702440, 5.541849825752866998 ) ) ;
#208 = APPLICATION_CONTEXT ( 'automotive_design' ) ;
#209 = ORIENTED_EDGE ( 'NONE', *, *, #1678, .T. ) ;
#210 = CARTESIAN_POINT ( 'NONE',  ( 253.5426475818525773, -30.73146399140315310, -7.512491128523937967 ) ) ;
#211 = CARTESIAN_POINT ( 'NONE',  ( 94.48103617146873034, 21.24122919905249418, 5.000000000000034639 ) ) ;
#212 = CARTESIAN_POINT ( 'NONE',  ( 255.4530105079599309, -31.57840409228390044, 5.755236848595677301 ) ) ;
#213 = ORIENTED_EDGE ( 'NONE', *, *, #114, .T. ) ;
#214 = LINE ( 'NONE', #641, #626 ) ;
#215 = EDGE_CURVE ( 'NONE', #1981, #1189, #1910, .T. ) ;
#216 = CARTESIAN_POINT ( 'NONE',  ( 253.7398415111713916, -24.52885176843453863, 7.648753746325260394 ) ) ;
#217 = VECTOR ( 'NONE', #900, 1000.000000000000000 ) ;
#218 = DIRECTION ( 'NONE',  ( -1.000000000000000000, -1.226999531788473599E-16, 0.000000000000000000 ) ) ;
#219 = CARTESIAN_POINT ( 'NONE',  ( 247.4487652200347725, 33.24901338478015589, 5.000000000000055067 ) ) ;
#220 = CARTESIAN_POINT ( 'NONE',  ( 253.8994844705018181, 31.98722342939878871, 7.851148669068285457 ) ) ;
#221 = VERTEX_POINT ( 'NONE', #1208 ) ;
#222 = DIRECTION ( 'NONE',  ( -1.226999531788473599E-16, 1.000000000000000000, 0.000000000000000000 ) ) ;
#223 = VECTOR ( 'NONE', #2115, 1000.000000000000000 ) ;
#224 = FACE_OUTER_BOUND ( 'NONE', #260, .T. ) ;
#225 = CARTESIAN_POINT ( 'NONE',  ( 255.4487652200348009, -22.50014532235620024, -13.00000000000002665 ) ) ;
#226 = VERTEX_POINT ( 'NONE', #1995 ) ;
#227 = CARTESIAN_POINT ( 'NONE',  ( 252.0130663828575450, 38.97474162008913368, -1.861359968467241721 ) ) ;
#228 = CARTESIAN_POINT ( 'NONE',  ( 253.3929413570496081, -24.62242063142718962, 7.290946548311516118 ) ) ;
#229 = ADVANCED_FACE ( 'NONE', ( #27 ), #1959, .T. ) ;
#230 = VERTEX_POINT ( 'NONE', #1012 ) ;
#231 = EDGE_CURVE ( 'NONE', #1962, #2078, #2546, .T. ) ;
#232 = CARTESIAN_POINT ( 'NONE',  ( 219.4638599101159855, -29.49256079645546436, 4.999999999999979572 ) ) ;
#233 = CARTESIAN_POINT ( 'NONE',  ( 248.4487652200347725, 38.35204408489909156, -5.000000000000068390 ) ) ;
#234 = EDGE_LOOP ( 'NONE', ( #2094, #672, #1426, #1046 ) ) ;
#235 = CARTESIAN_POINT ( 'NONE',  ( 253.4494171161467762, -30.73169388110536104, -7.400062147773403431 ) ) ;
#236 = CARTESIAN_POINT ( 'NONE',  ( 255.4487652200348009, -28.93005083476668560, 4.999999999999965361 ) ) ;
#237 = LINE ( 'NONE', #617, #470 ) ;
#238 = ORIENTED_EDGE ( 'NONE', *, *, #870, .T. ) ;
#239 = CARTESIAN_POINT ( 'NONE',  ( 255.4650388938509025, 38.68950636577314839, -8.338310659861150498 ) ) ;
#240 = CARTESIAN_POINT ( 'NONE',  ( 80.74876521989999389, 3.757996272204497057, 0.000000000000000000 ) ) ;
#241 = DIRECTION ( 'NONE',  ( 7.186848259333761210E-32, -5.857254280169296935E-16, -1.000000000000000000 ) ) ;
#242 = CARTESIAN_POINT ( 'NONE',  ( 251.7467012173221690, 38.31745308484195078, -5.934669593304251478 ) ) ;
#243 = EDGE_CURVE ( 'NONE', #1368, #688, #2366, .T. ) ;
#244 = VERTEX_POINT ( 'NONE', #2534 ) ;
#245 = FACE_OUTER_BOUND ( 'NONE', #137, .T. ) ;
#246 = CARTESIAN_POINT ( 'NONE',  ( 252.0130660618260663, -30.95712155984212188, 4.999999999999935163 ) ) ;
#247 = ORIENTED_EDGE ( 'NONE', *, *, #1043, .T. ) ;
#248 = CARTESIAN_POINT ( 'NONE',  ( 255.4487652200348009, 38.89939817451709558, -6.973349202539487202 ) ) ;
#249 = CARTESIAN_POINT ( 'NONE',  ( 233.2386360788005106, 37.45007476155608117, -7.523375815245618270 ) ) ;
#250 = ORIENTED_EDGE ( 'NONE', *, *, #411, .T. ) ;
#251 = VECTOR ( 'NONE', #2369, 1000.000000000000000 ) ;
#252 =( BOUNDED_CURVE ( )  B_SPLINE_CURVE ( 3, ( #390, #1176, #200, #981 ),
 .UNSPECIFIED., .F., .F. ) 
 B_SPLINE_CURVE_WITH_KNOTS ( ( 4, 4 ),
 ( 0.000000000000000000, 1.000000000000000000 ),
 .UNSPECIFIED. ) 
 CURVE ( )  GEOMETRIC_REPRESENTATION_ITEM ( )  RATIONAL_B_SPLINE_CURVE ( ( 1.000000000000000000, 0.9998914147641393413, 0.9998914147641393413, 1.000000000000000000 ) ) 
 REPRESENTATION_ITEM ( '' )  );
#253 = LINE ( 'NONE', #661, #2319 ) ;
#254 = DIRECTION ( 'NONE',  ( 1.000000000000000000, 1.226999531788473599E-16, 0.000000000000000000 ) ) ;
#255 = CIRCLE ( 'NONE', #1160, 35.79999999999999716 ) ;
#256 = EDGE_CURVE ( 'NONE', #1994, #1689, #2390, .T. ) ;
#257 = CARTESIAN_POINT ( 'NONE',  ( 249.3245529498436497, 38.35431379872215274, 5.194377055682861233 ) ) ;
#258 = PLANE ( 'NONE',  #953 ) ;
#259 = CARTESIAN_POINT ( 'NONE',  ( 255.4487652200348009, 3.757996272204518817, -1.350896971193214591E-14 ) ) ;
#260 = EDGE_LOOP ( 'NONE', ( #209, #1177, #1840, #250 ) ) ;
#261 = CARTESIAN_POINT ( 'NONE',  ( 255.4650388938509025, 39.71097745454891736, 1.900273272194924035 ) ) ;
#262 = CARTESIAN_POINT ( 'NONE',  ( 248.9009708365244080, 38.72886015031081541, -1.105886215935214523E-14 ) ) ;
#263 = VECTOR ( 'NONE', #457, 1000.000000000000000 ) ;
#264 = CARTESIAN_POINT ( 'NONE',  ( 251.8369527184731282, -29.39945246801367063, 11.41618577242499555 ) ) ;
#265 = VERTEX_POINT ( 'NONE', #1946 ) ;
#266 = VECTOR ( 'NONE', #1757, 1000.000000000000000 ) ;
#267 = DIRECTION ( 'NONE',  ( 0.000000000000000000, 0.000000000000000000, -1.000000000000000000 ) ) ;
#268 = LINE ( 'NONE', #2224, #1168 ) ;
#269 = CARTESIAN_POINT ( 'NONE',  ( 250.7998860354521184, 38.79237769092689092, -4.861997113070667350E-16 ) ) ;
#270 = VECTOR ( 'NONE', #773, 1000.000000000000000 ) ;
#271 = DIRECTION ( 'NONE',  ( 0.000000000000000000, -1.000000000000000000, 5.829043938094109521E-16 ) ) ;
#272 = VERTEX_POINT ( 'NONE', #597 ) ;
#273 = DIRECTION ( 'NONE',  ( -0.000000000000000000, -0.000000000000000000, -1.000000000000000000 ) ) ;
#274 = DIRECTION ( 'NONE',  ( 0.000000000000000000, -1.000000000000000000, 3.391917411127835793E-15 ) ) ;
#275 = ORIENTED_EDGE ( 'NONE', *, *, #1026, .T. ) ;
#276 = CARTESIAN_POINT ( 'NONE',  ( 251.9955168291585039, 38.97417883430249930, -1.861330222761933717 ) ) ;
#277 = EDGE_CURVE ( 'NONE', #355, #1009, #119, .T. ) ;
#278 = CARTESIAN_POINT ( 'NONE',  ( 127.8679960434366336, 26.35217734584052351, -7.729577395340314183 ) ) ;
#279 = CARTESIAN_POINT ( 'NONE',  ( 255.4487652200348009, -2.571949481575086516, 28.60807205587623514 ) ) ;
#280 = ORIENTED_EDGE ( 'NONE', *, *, #1684, .T. ) ;
#281 = PRESENTATION_LAYER_ASSIGNMENT (  '', '', ( #1100 ) ) ;
#282 = DIRECTION ( 'NONE',  ( 1.000000000000000000, 4.189245428007166228E-47, 7.186848259333761210E-32 ) ) ;
#283 = CARTESIAN_POINT ( 'NONE',  ( 248.4487652200347441, -30.83605154049006458, -5.000000000000023093 ) ) ;
#284 = CARTESIAN_POINT ( 'NONE',  ( 255.4530848769308022, -31.57176205804482905, -5.797261885643608004 ) ) ;
#285 = CARTESIAN_POINT ( 'NONE',  ( 251.3341433555762023, 38.32250552599750648, 5.838407831735684006 ) ) ;
#286 = FACE_OUTER_BOUND ( 'NONE', #1985, .T. ) ;
#287 = CARTESIAN_POINT ( 'NONE',  ( 204.8768788227471305, 36.28724094116823551, 0.000000000000000000 ) ) ;
#288 = ORIENTED_EDGE ( 'NONE', *, *, #416, .T. ) ;
#289 = CARTESIAN_POINT ( 'NONE',  ( 172.8987652200347895, -14.84200372779550747, -5.000000000000029310 ) ) ;
#290 = CARTESIAN_POINT ( 'NONE',  ( 194.5761133272972074, 35.45717182146565705, -9.324138683375338132E-15 ) ) ;
#291 = CARTESIAN_POINT ( 'NONE',  ( 252.0130656374999205, -31.97622117733425640, 3.949433391650181147 ) ) ;
#292 = EDGE_CURVE ( 'NONE', #1779, #1521, #767, .T. ) ;
#293 = ORIENTED_EDGE ( 'NONE', *, *, #1975, .T. ) ;
#294 = CARTESIAN_POINT ( 'NONE',  ( 248.4487652200347441, -30.83605154049006458, -5.000000000000023093 ) ) ;
#295 = FACE_OUTER_BOUND ( 'NONE', #1702, .T. ) ;
#296 = CARTESIAN_POINT ( 'NONE',  ( 255.2368092499207535, -31.11416726863767224, -8.136154663319201674 ) ) ;
#297 = ORIENTED_EDGE ( 'NONE', *, *, #411, .F. ) ;
#298 = CARTESIAN_POINT ( 'NONE',  ( 253.4487652200348009, 6.928223150426294552, 1.000000000000009548 ) ) ;
#299 = VECTOR ( 'NONE', #42, 1000.000000000000000 ) ;
#300 = CARTESIAN_POINT ( 'NONE',  ( 252.0130660101493447, 38.83096042776858781, -7.854713747918907728E-16 ) ) ;
#301 = ORIENTED_EDGE ( 'NONE', *, *, #1415, .T. ) ;
#302 = CARTESIAN_POINT ( 'NONE',  ( 251.9779672754594628, 38.97361604851586492, -1.861300477056625713 ) ) ;
#303 = CARTESIAN_POINT ( 'NONE',  ( 184.2848023891560274, 34.51521278756576550, -3.394828547798133034 ) ) ;
#304 = CARTESIAN_POINT ( 'NONE',  ( 248.9009708365210827, -29.30786280482789863, 11.38465124098517833 ) ) ;
#305 = EDGE_LOOP ( 'NONE', ( #965, #928, #497, #1609 ) ) ;
#306 = EDGE_CURVE ( 'NONE', #2360, #2480, #1163, .T. ) ;
#307 = VECTOR ( 'NONE', #133, 1000.000000000000000 ) ;
#308 = FACE_OUTER_BOUND ( 'NONE', #1890, .T. ) ;
#309 = CARTESIAN_POINT ( 'NONE',  ( 251.4094341966373634, -24.97212311967341947, -5.750694099774253054 ) ) ;
#310 = CARTESIAN_POINT ( 'NONE',  ( 254.7997883636646748, -30.72081858840078894, -9.635939280013293029 ) ) ;
#311 = EDGE_CURVE ( 'NONE', #221, #1853, #451, .T. ) ;
#312 = EDGE_LOOP ( 'NONE', ( #697, #823, #84, #878, #1642, #1451 ) ) ;
#313 = DIRECTION ( 'NONE',  ( 1.000000000000000000, 1.226999531788473599E-16, 0.000000000000000000 ) ) ;
#314 = FACE_OUTER_BOUND ( 'NONE', #1668, .T. ) ;
#315 = ORIENTED_EDGE ( 'NONE', *, *, #663, .T. ) ;
#316 = FACE_OUTER_BOUND ( 'NONE', #2527, .T. ) ;
#317 = CARTESIAN_POINT ( 'NONE',  ( 109.1644862542000283, 23.48142921861701637, -6.747480732505549028 ) ) ;
#318 = DIRECTION ( 'NONE',  ( -0.000000000000000000, -1.000000000000000000, -0.000000000000000000 ) ) ;
#319 = EDGE_LOOP ( 'NONE', ( #1591, #1972, #1966, #366, #1771, #213 ) ) ;
#320 = FACE_OUTER_BOUND ( 'NONE', #2386, .T. ) ;
#321 = CARTESIAN_POINT ( 'NONE',  ( 252.9922394739277252, -24.72278703625072538, -6.887944378339872387 ) ) ;
#322 = CARTESIAN_POINT ( 'NONE',  ( 146.6330521319372906, 30.26467079629516377, -3.678540045361313683E-16 ) ) ;
#323 = ADVANCED_FACE ( 'NONE', ( #180 ), #647, .T. ) ;
#324 = FACE_OUTER_BOUND ( 'NONE', #982, .T. ) ;
#325 = CARTESIAN_POINT ( 'NONE',  ( 255.4813125676670325, -31.20506173957931040, 8.181547218566029400 ) ) ;
#326 = CARTESIAN_POINT ( 'NONE',  ( 253.9604693692831177, 31.93562397535731279, -8.041654773165097581 ) ) ;
#327 = ORIENTED_EDGE ( 'NONE', *, *, #2481, .F. ) ;
#328 = CARTESIAN_POINT ( 'NONE',  ( 254.7342213577063603, -30.78508189749721069, 9.087888410573413012 ) ) ;
#329 = VECTOR ( 'NONE', #203, 1000.000000000000000 ) ;
#330 = CARTESIAN_POINT ( 'NONE',  ( 85.63641212201913788, 19.95513762654143619, -3.616790266585847125 ) ) ;
#331 = CARTESIAN_POINT ( 'NONE',  ( 92.31179417100393891, -14.34930237922259444, -2.001263075860448382 ) ) ;
#332 = ORIENTED_EDGE ( 'NONE', *, *, #1220, .F. ) ;
#333 = CARTESIAN_POINT ( 'NONE',  ( 251.6762107236024804, -30.77994576223104062, 6.046369545316256477 ) ) ;
#334 = CARTESIAN_POINT ( 'NONE',  ( 146.6330521319372622, 30.26467079629516022, 2.925674868421006991 ) ) ;
#335 = CARTESIAN_POINT ( 'NONE',  ( 254.4487652200348009, -2.571949481575085628, 27.55009931178972593 ) ) ;
#336 = AXIS2_PLACEMENT_3D ( 'NONE', #376, #1371, #772 ) ;
#337 = CARTESIAN_POINT ( 'NONE',  ( 255.4487652200348009, -32.18836488911976801, -1.899923375053130803 ) ) ;
#338 = EDGE_CURVE ( 'NONE', #2012, #439, #253, .T. ) ;
#339 = CARTESIAN_POINT ( 'NONE',  ( 253.3733351043444486, 32.13149585916659845, -7.311098384138510653 ) ) ;
#340 = ORIENTED_EDGE ( 'NONE', *, *, #493, .F. ) ;
#342 = CARTESIAN_POINT ( 'NONE',  ( 259.4487652200347725, -31.78200372779548744, -5.000000000000020428 ) ) ;
#341 = AXIS2_PLACEMENT_3D ( 'NONE', #1606, #1772, #5 ) ;
#343 = CARTESIAN_POINT ( 'NONE',  ( 80.74876521989997968, 19.01297061344454775, -3.406406198933400464 ) ) ;
#344 = CARTESIAN_POINT ( 'NONE',  ( 174.0044880013145701, -24.32743447450445018, 9.669878325532971886 ) ) ;
#345 = VERTEX_POINT ( 'NONE', #1650 ) ;
#346 = CARTESIAN_POINT ( 'NONE',  ( 252.0130177023954730, 38.41951650105497862, -5.372200512202028655 ) ) ;
#347 = CARTESIAN_POINT ( 'NONE',  ( 92.31179417100396734, 21.20858281510654919, 3.896682147413757846 ) ) ;
#348 = CARTESIAN_POINT ( 'NONE',  ( 254.4487652200348009, 3.757996272204505050, -8.768471628291563123E-15 ) ) ;
#349 = DIRECTION ( 'NONE',  ( 2.575136435905061281E-32, -2.098726502488182543E-16, -1.000000000000000000 ) ) ;
#350 = CARTESIAN_POINT ( 'NONE',  ( 0.000000000000000000, 0.000000000000000000, 1.000000000000009548 ) ) ;
#351 = VERTEX_POINT ( 'NONE', #2250 ) ;
#352 = CARTESIAN_POINT ( 'NONE',  ( 253.1594514813169781, -30.73430704508158229, -7.078324583602547015 ) ) ;
#353 = CARTESIAN_POINT ( 'NONE',  ( 80.74876521989999389, -31.78200372779550875, -5.000000000000020428 ) ) ;
#354 = CARTESIAN_POINT ( 'NONE',  ( 174.0044880013145701, -26.50518681408217958, -3.344761249840916939 ) ) ;
#355 = VERTEX_POINT ( 'NONE', #1080 ) ;
#356 = EDGE_CURVE ( 'NONE', #1193, #1021, #1431, .T. ) ;
#357 = CARTESIAN_POINT ( 'NONE',  ( 219.4487652200347725, 36.65799627220451384, -1.350896971193214591E-14 ) ) ;
#358 = CARTESIAN_POINT ( 'NONE',  ( 204.8768788227471305, 36.28724094116823551, -4.514339550643581312E-16 ) ) ;
#359 = DIRECTION ( 'NONE',  ( 1.226999531788473599E-16, -1.000000000000000000, 0.000000000000000000 ) ) ;
#360 = CARTESIAN_POINT ( 'NONE',  ( 252.0130660056481133, 38.47311410243842289, -5.000000000000063061 ) ) ;
#361 = PLANE ( 'NONE',  #1574 ) ;
#362 = VERTEX_POINT ( 'NONE', #468 ) ;
#363 = DIRECTION ( 'NONE',  ( 0.000000000000000000, 1.000000000000000000, 0.000000000000000000 ) ) ;
#364 = DIRECTION ( 'NONE',  ( 0.000000000000000000, 0.000000000000000000, 1.000000000000000000 ) ) ;
#365 = CARTESIAN_POINT ( 'NONE',  ( 163.7338019912481570, -23.24667070109250133, 9.297768875555524559 ) ) ;
#366 = ORIENTED_EDGE ( 'NONE', *, *, #487, .T. ) ;
#367 = CARTESIAN_POINT ( 'NONE',  ( 251.9161980515248729, -24.91104557279828313, -6.048227652252424313 ) ) ;
#368 = CARTESIAN_POINT ( 'NONE',  ( 259.4487652200347725, 22.35799627220447761, -1.000000000000051292 ) ) ;
#369 = EDGE_CURVE ( 'NONE', #93, #454, #1249, .T. ) ;
#370 = CARTESIAN_POINT ( 'NONE',  ( 234.3705109157230879, -30.33358413455894365, -5.000000000000021316 ) ) ;
#371 = DIRECTION ( 'NONE',  ( 1.000000000000000000, 1.226999531788473599E-16, 0.000000000000000000 ) ) ;
#372 = VECTOR ( 'NONE', #986, 1000.000000000000000 ) ;
#373 = CARTESIAN_POINT ( 'NONE',  ( 253.0363225655222266, 32.21193356460261725, 6.990269844709410485 ) ) ;
#374 = ORIENTED_EDGE ( 'NONE', *, *, #2116, .F. ) ;
#375 = PLANE ( 'NONE',  #60 ) ;
#376 = CARTESIAN_POINT ( 'NONE',  ( 254.4487652200348009, 3.757996272204505050, -8.768471628291563123E-15 ) ) ;
#377 = CARTESIAN_POINT ( 'NONE',  ( 220.3412002568324226, -28.00710485503284275, 10.93679729069595830 ) ) ;
#378 = ORIENTED_EDGE ( 'NONE', *, *, #726, .F. ) ;
#379 = CARTESIAN_POINT ( 'NONE',  ( 248.4487652200347725, 38.35204408489909156, -5.000000000000068390 ) ) ;
#380 = CIRCLE ( 'NONE', #2478, 1.600000000000000755 ) ;
#381 = DIRECTION ( 'NONE',  ( 0.000000000000000000, 5.857254280169296935E-16, 1.000000000000000000 ) ) ;
#382 = EDGE_CURVE ( 'NONE', #1454, #594, #1828, .T. ) ;
#383 = CARTESIAN_POINT ( 'NONE',  ( 248.4487652200347725, 36.44410377340816609, -5.000000000000060396 ) ) ;
#384 = CARTESIAN_POINT ( 'NONE',  ( 251.9953413335161372, -30.88150219766972882, 5.495967806561566249 ) ) ;
#385 = EDGE_CURVE ( 'NONE', #2153, #1009, #727, .T. ) ;
#386 = DIRECTION ( 'NONE',  ( 0.000000000000000000, 5.829043938094109521E-16, 1.000000000000000000 ) ) ;
#387 = ORIENTED_EDGE ( 'NONE', *, *, #901, .F. ) ;
#388 = CARTESIAN_POINT ( 'NONE',  ( 218.7487652200348407, -5.712230606017273615, 2.000000000000009770 ) ) ;
#389 = CARTESIAN_POINT ( 'NONE',  ( 255.4487652200348009, -32.04200372779547479, 1.672134787831772718 ) ) ;
#390 = CARTESIAN_POINT ( 'NONE',  ( 252.0130660618260663, -30.95712155984212188, 4.999999999999935163 ) ) ;
#391 = VERTEX_POINT ( 'NONE', #2213 ) ;
#392 = CARTESIAN_POINT ( 'NONE',  ( 172.8987652200347895, -14.84200372779550392, -2.949029909160572061E-14 ) ) ;
#393 = AXIS2_PLACEMENT_3D ( 'NONE', #1717, #1117, #1522 ) ;
#394 = DIRECTION ( 'NONE',  ( -7.186848259333761210E-32, 0.000000000000000000, 1.000000000000000000 ) ) ;
#395 = CARTESIAN_POINT ( 'NONE',  ( 252.0130663827532373, -30.88206130332172705, -5.496056515313241242 ) ) ;
#396 = FACE_OUTER_BOUND ( 'NONE', #1844, .T. ) ;
#397 = EDGE_CURVE ( 'NONE', #1484, #915, #268, .T. ) ;
#398 = VERTEX_POINT ( 'NONE', #828 ) ;
#399 = CYLINDRICAL_SURFACE ( 'NONE', #1945, 1.600000000000000755 ) ;
#400 = DIRECTION ( 'NONE',  ( -0.000000000000000000, 1.000000000000000000, -2.098726502488182543E-16 ) ) ;
#401 = CARTESIAN_POINT ( 'NONE',  ( 259.4487652200347725, -27.54200372779547834, -1.350896971193214591E-14 ) ) ;
#402 = ORIENTED_EDGE ( 'NONE', *, *, #1932, .T. ) ;
#403 = CARTESIAN_POINT ( 'NONE',  ( 253.7957165220180968, 39.03190832513972452, 1.864381480387317991 ) ) ;
#404 = CARTESIAN_POINT ( 'NONE',  ( 250.1652595478985859, -25.03717699642878713, 5.415568504171361930 ) ) ;
#405 = ORIENTED_EDGE ( 'NONE', *, *, #566, .F. ) ;
#406 = AXIS2_PLACEMENT_3D ( 'NONE', #534, #2506, #1919 ) ;
#407 = CARTESIAN_POINT ( 'NONE',  ( 255.4487652200348009, 33.24901338478020563, 5.000000000000050626 ) ) ;
#408 = CARTESIAN_POINT ( 'NONE',  ( 80.74876521989999389, -31.78200372779550875, 4.999999999999966249 ) ) ;
#409 = ORIENTED_EDGE ( 'NONE', *, *, #694, .F. ) ;
#410 = DIRECTION ( 'NONE',  ( -1.000000000000000000, 0.000000000000000000, 0.000000000000000000 ) ) ;
#411 = EDGE_CURVE ( 'NONE', #362, #2235, #62, .T. ) ;
#412 = CARTESIAN_POINT ( 'NONE',  ( 87.60714124940054148, 19.90026691103764733, 5.000000000000037303 ) ) ;
#413 = DIRECTION ( 'NONE',  ( 0.000000000000000000, 1.000000000000000000, 0.000000000000000000 ) ) ;
#414 = ORIENTED_EDGE ( 'NONE', *, *, #397, .F. ) ;
#415 = CARTESIAN_POINT ( 'NONE',  ( 252.0130663827148680, 38.18612089964292977, -6.831808704799727572 ) ) ;
#416 = EDGE_CURVE ( 'NONE', #272, #2201, #2059, .T. ) ;
#417 = DIRECTION ( 'NONE',  ( -1.000000000000000000, -4.189245428007166228E-47, -7.186848259333761210E-32 ) ) ;
#418 = ORIENTED_EDGE ( 'NONE', *, *, #1679, .T. ) ;
#419 = VECTOR ( 'NONE', #410, 1000.000000000000000 ) ;
#420 = CARTESIAN_POINT ( 'NONE',  ( 254.4487652200348009, -19.27567659244249754, 26.50000000000003197 ) ) ;
#421 = CARTESIAN_POINT ( 'NONE',  ( 249.0835735286525505, 38.37470104770142143, -5.000000000000066613 ) ) ;
#422 = CARTESIAN_POINT ( 'NONE',  ( 254.3500787664962388, 31.82293016799869179, 8.426665454962225965 ) ) ;
#423 = EDGE_LOOP ( 'NONE', ( #999, #2537, #1326, #414, #1941, #782 ) ) ;
#424 = CARTESIAN_POINT ( 'NONE',  ( 254.5106042930401316, -30.73828312855798472, -8.922859486713111465 ) ) ;
#425 = VECTOR ( 'NONE', #1244, 1000.000000000000000 ) ;
#426 = CARTESIAN_POINT ( 'NONE',  ( 177.5949299150021830, 33.49790955993068309, 5.000000000000057732 ) ) ;
#427 = CARTESIAN_POINT ( 'NONE',  ( 252.0130660056481133, 38.47311410243842289, -5.000000000000063061 ) ) ;
#428 = ORIENTED_EDGE ( 'NONE', *, *, #739, .F. ) ;
#429 = CARTESIAN_POINT ( 'NONE',  ( 249.4439309817105936, -25.07394322650975127, 5.216628726764602320 ) ) ;
#430 = EDGE_CURVE ( 'NONE', #1997, #594, #843, .T. ) ;
#431 = ORIENTED_EDGE ( 'NONE', *, *, #215, .T. ) ;
#432 = DIRECTION ( 'NONE',  ( 7.186848259333761210E-32, -5.857254280169296935E-16, -1.000000000000000000 ) ) ;
#433 = CARTESIAN_POINT ( 'NONE',  ( 251.9953413335532844, -30.66957267024611156, -6.831698436604048297 ) ) ;
#434 = ORIENTED_EDGE ( 'NONE', *, *, #1026, .F. ) ;
#435 = CARTESIAN_POINT ( 'NONE',  ( 218.7487652200348407, -25.11223060601727397, 2.000000000000009770 ) ) ;
#436 = CLOSED_SHELL ( 'NONE', ( #1408, #964, #443, #818, #2303, #1223, #2461, #1333, #1491, #2023, #2101, #229, #1139, #1777, #1868, #1351, #1698, #1301, #631, #1306, #2158, #2086, #1205, #2413, #595, #1792, #2509, #1993, #833, #1715, #2209, #2539, #1474, #2401, #709, #646, #2396, #1742, #1170, #998, #806, #1599, #946, #166, #1061, #1224, #323, #1286, #2071, #979, #2381, #1760, #948, #1125, #150 ) ) ;
#437 = CARTESIAN_POINT ( 'NONE',  ( 233.2386360788005106, 38.07145320409017586, 0.000000000000000000 ) ) ;
#438 = CARTESIAN_POINT ( 'NONE',  ( 80.74876521989997968, -12.07106343519225966, 1.749466517773823782 ) ) ;
#439 = VERTEX_POINT ( 'NONE', #873 ) ;
#440 = CARTESIAN_POINT ( 'NONE',  ( 218.7487652200348407, 6.928223150426294552, 5.000000000000009770 ) ) ;
#441 = CARTESIAN_POINT ( 'NONE',  ( 255.4487652200348009, 30.01613786676522722, -13.00000000000006040 ) ) ;
#442 = ORIENTED_EDGE ( 'NONE', *, *, #1684, .F. ) ;
#443 = ADVANCED_FACE ( 'NONE', ( #295 ), #1053, .F. ) ;
#444 = CARTESIAN_POINT ( 'NONE',  ( 255.4487652200348009, -22.97194948157508421, 11.99999999999997691 ) ) ;
#445 = DIRECTION ( 'NONE',  ( 0.000000000000000000, 1.000000000000000000, 0.000000000000000000 ) ) ;
#446 = ORIENTED_EDGE ( 'NONE', *, *, #2212, .F. ) ;
#447 = CARTESIAN_POINT ( 'NONE',  ( 255.4487652200348009, 36.29663872875635633, -5.000000000000061284 ) ) ;
#448 = CARTESIAN_POINT ( 'NONE',  ( 213.4665277745166065, 36.90431466487255818, 0.000000000000000000 ) ) ;
#449 = ORIENTED_EDGE ( 'NONE', *, *, #2496, .F. ) ;
#450 = LINE ( 'NONE', #440, #1376 ) ;
#451 = B_SPLINE_CURVE_WITH_KNOTS ( 'NONE', 3,
 ( #444, #1264, #1236, #1625 ),
 .UNSPECIFIED., .F., .F.,
 ( 4, 4 ),
 ( 0.000000000000000000, 1.000000000000000000 ),
 .UNSPECIFIED. ) ;
#452 = CARTESIAN_POINT ( 'NONE',  ( 174.0044880013145985, 32.92359991509319173, -6.512622756512258526 ) ) ;
#453 = CARTESIAN_POINT ( 'NONE',  ( 85.63641212201912367, 19.36579008002777513, 5.339500901356118767 ) ) ;
#454 = VERTEX_POINT ( 'NONE', #2237 ) ;
#455 = AXIS2_PLACEMENT_3D ( 'NONE', #1912, #2513, #890 ) ;
#456 = CARTESIAN_POINT ( 'NONE',  ( 249.6977545119604542, -30.86147372462104599, -5.126049578395416972 ) ) ;
#457 = DIRECTION ( 'NONE',  ( 1.000000000000000000, 1.226999531788473599E-16, -0.000000000000000000 ) ) ;
#458 = EDGE_CURVE ( 'NONE', #903, #1189, #857, .T. ) ;
#459 = CARTESIAN_POINT ( 'NONE',  ( 80.74876521989999389, -10.95177027692523630, -5.000000000000031974 ) ) ;
#460 = CARTESIAN_POINT ( 'NONE',  ( 248.4487652200347725, 36.29663872875635633, -5.000000000000060396 ) ) ;
#461 = LINE ( 'NONE', #1029, #1450 ) ;
#462 = ORIENTED_EDGE ( 'NONE', *, *, #231, .T. ) ;
#463 = CARTESIAN_POINT ( 'NONE',  ( 255.4487652200348577, -30.28910976327743754, 11.10565889084833380 ) ) ;
#464 = CARTESIAN_POINT ( 'NONE',  ( 146.6330521319372906, 28.83766076193227690, -8.579873158081332107 ) ) ;
#465 = CARTESIAN_POINT ( 'NONE',  ( 251.8369527184730998, -31.97049053467747370, -3.948800026962875354 ) ) ;
#466 = EDGE_LOOP ( 'NONE', ( #1373, #89, #774, #1261 ) ) ;
#467 = LINE ( 'NONE', #1263, #1718 ) ;
#468 = CARTESIAN_POINT ( 'NONE',  ( 172.8987652200347895, 22.35799627220449892, -5.117434254131580929E-14 ) ) ;
#469 = CARTESIAN_POINT ( 'NONE',  ( 252.0130656375070259, 38.83135117853892382, -4.867405770982770129E-16 ) ) ;
#470 = VECTOR ( 'NONE', #811, 1000.000000000000000 ) ;
#471 = ORIENTED_EDGE ( 'NONE', *, *, #2226, .T. ) ;
#472 = DIRECTION ( 'NONE',  ( 1.000000000000000000, 1.226999531788473599E-16, 0.000000000000000000 ) ) ;
#473 = EDGE_CURVE ( 'NONE', #2064, #1021, #1066, .T. ) ;
#474 = LINE ( 'NONE', #1449, #1242 ) ;
#475 = ORIENTED_EDGE ( 'NONE', *, *, #2352, .F. ) ;
#476 = DIRECTION ( 'NONE',  ( -1.000000000000000000, 0.000000000000000000, 0.000000000000000000 ) ) ;
#477 = CARTESIAN_POINT ( 'NONE',  ( 233.2386360788005106, 36.22415820256227192, -11.10682925628014139 ) ) ;
#478 = CARTESIAN_POINT ( 'NONE',  ( 219.4487652200347725, -27.54200372779548189, -1.350896971193214591E-14 ) ) ;
#479 = ORIENTED_EDGE ( 'NONE', *, *, #1837, .F. ) ;
#480 = LINE ( 'NONE', #1648, #2365 ) ;
#481 = CARTESIAN_POINT ( 'NONE',  ( 254.4487652200348009, -3.343708208657008907, 26.50000000000003197 ) ) ;
#482 = CARTESIAN_POINT ( 'NONE',  ( 252.0130659979155041, 38.47311434169377975, 4.999998336065476501 ) ) ;
#483 = EDGE_LOOP ( 'NONE', ( #45, #41, #1802, #2141 ) ) ;
#484 = CARTESIAN_POINT ( 'NONE',  ( 218.7487652200348407, 32.62822315042629384, 5.000000000000009770 ) ) ;
#485 = CARTESIAN_POINT ( 'NONE',  ( 218.7487652200348407, -25.11223060601727397, 5.000000000000009770 ) ) ;
#486 = ORIENTED_EDGE ( 'NONE', *, *, #1587, .F. ) ;
#487 = EDGE_CURVE ( 'NONE', #2464, #2153, #1194, .T. ) ;
#488 = CARTESIAN_POINT ( 'NONE',  ( 252.0130663827545447, 37.99878508443019598, 8.012532266664582181 ) ) ;
#489 = EDGE_CURVE ( 'NONE', #2399, #680, #604, .T. ) ;
#490 = CARTESIAN_POINT ( 'NONE',  ( 204.8768788227471305, 36.28724094116823551, -7.589415207398531038E-15 ) ) ;
#491 = CARTESIAN_POINT ( 'NONE',  ( 234.1487652200348748, -25.11223060601727397, 2.000000000000009770 ) ) ;
#492 = ORIENTED_EDGE ( 'NONE', *, *, #789, .F. ) ;
#493 = EDGE_CURVE ( 'NONE', #1488, #2201, #1776, .T. ) ;
#494 = DIRECTION ( 'NONE',  ( 0.000000000000000000, 1.000000000000000000, 0.000000000000000000 ) ) ;
#495 = CARTESIAN_POINT ( 'NONE',  ( 136.2370020057437614, 28.25882603488834022, -5.000000000000053291 ) ) ;
#496 = CARTESIAN_POINT ( 'NONE',  ( 238.4004815134872501, 38.31279125987685319, 3.813986367357840024 ) ) ;
#497 = ORIENTED_EDGE ( 'NONE', *, *, #369, .F. ) ;
#498 = DIRECTION ( 'NONE',  ( -1.000000000000000000, -0.000000000000000000, -0.000000000000000000 ) ) ;
#499 = AXIS2_PLACEMENT_3D ( 'NONE', #1851, #671, #504 ) ;
#500 = CARTESIAN_POINT ( 'NONE',  ( 254.7997883636646748, -30.72081858840078894, -9.635939280013293029 ) ) ;
#501 = VERTEX_POINT ( 'NONE', #558 ) ;
#502 = CARTESIAN_POINT ( 'NONE',  ( 259.4487652200347725, 33.45799627220452521, -1.331302622406856905E-14 ) ) ;
#503 = DIRECTION ( 'NONE',  ( 1.000000000000000000, 1.226999531788473599E-16, 0.000000000000000000 ) ) ;
#504 = DIRECTION ( 'NONE',  ( 0.000000000000000000, 0.000000000000000000, -1.000000000000000000 ) ) ;
#505 = ORIENTED_EDGE ( 'NONE', *, *, #1238, .T. ) ;
#506 = AXIS2_PLACEMENT_3D ( 'NONE', #2199, #2417, #2445 ) ;
#507 = DIRECTION ( 'NONE',  ( 1.000000000000000000, 1.226999531788473599E-16, 0.000000000000000000 ) ) ;
#508 = EDGE_CURVE ( 'NONE', #1710, #2451, #2519, .T. ) ;
#509 =( GEOMETRIC_REPRESENTATION_CONTEXT ( 3 ) GLOBAL_UNCERTAINTY_ASSIGNED_CONTEXT ( ( #14 ) ) GLOBAL_UNIT_ASSIGNED_CONTEXT ( ( #1069, #1807, #2252 ) ) REPRESENTATION_CONTEXT ( 'NONE', 'WORKASPACE' ) );
#510 = CARTESIAN_POINT ( 'NONE',  ( 253.6996259636974287, -24.50954908824596501, -7.709507314164738112 ) ) ;
#511 = CARTESIAN_POINT ( 'NONE',  ( 127.8679960434366194, 27.63776564083133280, 2.635730145702917859 ) ) ;
#512 = DIRECTION ( 'NONE',  ( -0.000000000000000000, -0.000000000000000000, 1.000000000000000000 ) ) ;
#513 = CARTESIAN_POINT ( 'NONE',  ( 255.4487652200348009, -31.38340563003842831, -6.973349202681109915 ) ) ;
#514 = CARTESIAN_POINT ( 'NONE',  ( 253.5185662591209450, 32.08645344188218473, -7.482858222771099577 ) ) ;
#515 = ORIENTED_EDGE ( 'NONE', *, *, #554, .F. ) ;
#516 =( BOUNDED_CURVE ( )  B_SPLINE_CURVE ( 3, ( #2314, #346, #933, #163 ),
 .UNSPECIFIED., .F., .T. ) 
 B_SPLINE_CURVE_WITH_KNOTS ( ( 4, 4 ),
 ( 0.000000000000000000, 1.000000000000000000 ),
 .UNSPECIFIED. ) 
 CURVE ( )  GEOMETRIC_REPRESENTATION_ITEM ( )  RATIONAL_B_SPLINE_CURVE ( ( 1.000000000000000000, 0.9999137959870237902, 0.9999137959870237902, 1.000000000000000000 ) ) 
 REPRESENTATION_ITEM ( '' )  );
#517 = CARTESIAN_POINT ( 'NONE',  ( 251.9779672753530519, 38.39694670782576225, 5.495880854419150197 ) ) ;
#518 = CARTESIAN_POINT ( 'NONE',  ( 255.4487652200348009, -32.15067103712305396, -5.000000000000019540 ) ) ;
#519 = CARTESIAN_POINT ( 'NONE',  ( 233.2386360788005106, -28.68626748148215455, -11.17063454319336735 ) ) ;
#520 = ORIENTED_EDGE ( 'NONE', *, *, #1756, .F. ) ;
#521 = DIRECTION ( 'NONE',  ( 1.000000000000000000, 1.226999531788473599E-16, 0.000000000000000000 ) ) ;
#522 = AXIS2_PLACEMENT_3D ( 'NONE', #2472, #115, #2111 ) ;
#523 = CARTESIAN_POINT ( 'NONE',  ( 127.8679960434366194, 27.20532964559466649, 5.235744090086832614 ) ) ;
#524 = EDGE_CURVE ( 'NONE', #2360, #1612, #669, .T. ) ;
#525 = LINE ( 'NONE', #2134, #2332 ) ;
#526 = CARTESIAN_POINT ( 'NONE',  ( 253.7957165220180968, -30.93829188158989751, -5.504978164342742453 ) ) ;
#527 = CARTESIAN_POINT ( 'NONE',  ( 252.7984493893850129, 32.27652528269930343, -6.723892816385052207 ) ) ;
#528 = ORIENTED_EDGE ( 'NONE', *, *, #1756, .T. ) ;
#529 = CARTESIAN_POINT ( 'NONE',  ( 253.4487652200348009, 6.928223150426294552, 1.000000000000009548 ) ) ;
#530 = AXIS2_PLACEMENT_3D ( 'NONE', #2297, #1126, #1298 ) ;
#531 = CARTESIAN_POINT ( 'NONE',  ( 255.4487652200348009, -22.04059647879587303, -5.000000000000025757 ) ) ;
#532 = CARTESIAN_POINT ( 'NONE',  ( 238.4004815134872501, -28.91445887447671836, 11.24920136401549087 ) ) ;
#533 = ORIENTED_EDGE ( 'NONE', *, *, #1022, .F. ) ;
#534 = CARTESIAN_POINT ( 'NONE',  ( 255.4487652200348009, 3.757996272204518817, -1.350896971193214591E-14 ) ) ;
#535 = CARTESIAN_POINT ( 'NONE',  ( 146.6330521319372622, 29.78466447792179750, 5.811704558156016276 ) ) ;
#536 = CARTESIAN_POINT ( 'NONE',  ( 254.1929700439185638, 38.27612681215777002, 8.168821612768180529 ) ) ;
#537 = CARTESIAN_POINT ( 'NONE',  ( 255.4813125676670325, -31.00121630524101235, 9.466326143629679279 ) ) ;
#538 = DIRECTION ( 'NONE',  ( -1.226999531788473599E-16, 1.000000000000000000, 0.000000000000000000 ) ) ;
#539 = EDGE_CURVE ( 'NONE', #2137, #151, #585, .T. ) ;
#540 = VERTEX_POINT ( 'NONE', #392 ) ;
#542 = CARTESIAN_POINT ( 'NONE',  ( 259.4487652200347725, -29.14200372779547976, -1.331302622406856905E-14 ) ) ;
#541 = CIRCLE ( 'NONE', #177, 1.600000000000000755 ) ;
#543 = CARTESIAN_POINT ( 'NONE',  ( 255.4487652200348009, -28.78064618434735422, -5.000000000000019540 ) ) ;
#544 = CARTESIAN_POINT ( 'NONE',  ( 127.8679960434366336, -18.82094519996737603, -7.773981418491104911 ) ) ;
#545 = ORIENTED_EDGE ( 'NONE', *, *, #2429, .F. ) ;
#546 = CARTESIAN_POINT ( 'NONE',  ( 252.0128840485839135, -30.75904794728134206, 6.250989021590409145 ) ) ;
#547 = CARTESIAN_POINT ( 'NONE',  ( 220.3412002568324510, 36.74479136566564108, 7.365887400121141404 ) ) ;
#548 = VECTOR ( 'NONE', #432, 1000.000000000000000 ) ;
#549 = FACE_OUTER_BOUND ( 'NONE', #650, .T. ) ;
#550 = CARTESIAN_POINT ( 'NONE',  ( 255.4650388938509025, -31.40243308524629740, 6.895498625573337037 ) ) ;
#551 = CARTESIAN_POINT ( 'NONE',  ( 255.4487652200348009, -32.04200372779547479, -1.672133192989542438 ) ) ;
#552 = EDGE_LOOP ( 'NONE', ( #528, #2514 ) ) ;
#553 = DIRECTION ( 'NONE',  ( 1.226999531788473599E-16, -1.000000000000000000, 5.857254280169296935E-16 ) ) ;
#554 = EDGE_CURVE ( 'NONE', #743, #1789, #9, .T. ) ;
#555 = CARTESIAN_POINT ( 'NONE',  ( 252.0130660618260663, -30.95712155984212188, 4.999999999999935163 ) ) ;
#556 = CARTESIAN_POINT ( 'NONE',  ( 163.7338019912481002, -25.34062030831034207, 3.216050502188740889 ) ) ;
#557 = EDGE_LOOP ( 'NONE', ( #1530, #2256, #72, #1287, #2415, #995, #2243, #64, #629 ) ) ;
#558 = CARTESIAN_POINT ( 'NONE',  ( 255.4487652200348009, -20.47194948157508421, 4.999999999999976019 ) ) ;
#559 = CARTESIAN_POINT ( 'NONE',  ( 250.0215138289269419, -30.83571298130462779, 5.369477207502411531 ) ) ;
#560 = CARTESIAN_POINT ( 'NONE',  ( 255.4487652200348009, 32.82093322216061893, 12.00000000000005329 ) ) ;
#561 = CARTESIAN_POINT ( 'NONE',  ( 254.6052510796321542, 31.69761011954446417, 8.836119117374289900 ) ) ;
#562 = ORIENTED_EDGE ( 'NONE', *, *, #870, .F. ) ;
#563 = CARTESIAN_POINT ( 'NONE',  ( 259.4487652200347725, -14.84200372779553057, -5.000000000000029310 ) ) ;
#564 = CARTESIAN_POINT ( 'NONE',  ( 254.4487652200348009, -2.571949481575085628, 4.999999999999976019 ) ) ;
#565 = CARTESIAN_POINT ( 'NONE',  ( 194.5761133272972074, -26.21439660957930329, 10.31956372347545958 ) ) ;
#566 = EDGE_CURVE ( 'NONE', #736, #2235, #1482, .T. ) ;
#567 = ORIENTED_EDGE ( 'NONE', *, *, #694, .T. ) ;
#568 = CARTESIAN_POINT ( 'NONE',  ( 249.4753332309552434, -25.11223060601727752, -5.000000000000021316 ) ) ;
#569 = DIRECTION ( 'NONE',  ( 0.000000000000000000, 1.000000000000000000, -5.857254280169296935E-16 ) ) ;
#570 = EDGE_CURVE ( 'NONE', #362, #757, #897, .T. ) ;
#571 =( LENGTH_UNIT ( ) NAMED_UNIT ( * ) SI_UNIT ( .MILLI., .METRE. ) );
#572 = CARTESIAN_POINT ( 'NONE',  ( 251.9776162842787244, -30.68131515471985438, 6.754076356592401353 ) ) ;
#573 = CARTESIAN_POINT ( 'NONE',  ( 247.4487652200347725, 32.62822315042629384, 5.000000000000009770 ) ) ;
#574 = AXIS2_PLACEMENT_3D ( 'NONE', #1745, #386, #756 ) ;
#575 = EDGE_LOOP ( 'NONE', ( #2215, #1086, #1433, #1027 ) ) ;
#576 = CARTESIAN_POINT ( 'NONE',  ( 255.4487652200348009, 39.55799627220451953, -1.350896971193214591E-14 ) ) ;
#577 = CARTESIAN_POINT ( 'NONE',  ( 240.4517329647900965, 38.05938941481957727, 5.000000000000063061 ) ) ;
#578 = CARTESIAN_POINT ( 'NONE',  ( 255.4487652200348009, 3.757996272204518817, -1.350896971193214591E-14 ) ) ;
#579 = EDGE_LOOP ( 'NONE', ( #1395, #533 ) ) ;
#580 = CARTESIAN_POINT ( 'NONE',  ( 254.6776668780725856, -24.02619170756018008, -9.313075583900403132 ) ) ;
#581 = CARTESIAN_POINT ( 'NONE',  ( 254.4487652200348009, -19.10315041623879750, 27.55009931178972948 ) ) ;
#582 = EDGE_CURVE ( 'NONE', #943, #2308, #214, .T. ) ;
#583 = CARTESIAN_POINT ( 'NONE',  ( 248.4487652200347725, 34.53616346191719799, -5.000000000000058620 ) ) ;
#584 = CARTESIAN_POINT ( 'NONE',  ( 255.4487512144547168, 39.15380392296504652, 5.377964145595422352 ) ) ;
#585 = CIRCLE ( 'NONE', #2074, 15.53631976788249425 ) ;
#586 = CARTESIAN_POINT ( 'NONE',  ( 248.4750477812536360, 32.62822315042627963, 5.000000000000051514 ) ) ;
#587 = ORIENTED_EDGE ( 'NONE', *, *, #1944, .T. ) ;
#588 = CARTESIAN_POINT ( 'NONE',  ( 253.6042711774988447, -30.73138588680347283, -7.588241103995802206 ) ) ;
#589 = CARTESIAN_POINT ( 'NONE',  ( 255.3967623937062399, -31.37795555618687260, 6.873557368832980075 ) ) ;
#590 = VERTEX_POINT ( 'NONE', #2410 ) ;
#591 = CARTESIAN_POINT ( 'NONE',  ( 255.4487652200348009, 38.50441078102821280, 9.462840716512539885 ) ) ;
#592 = AXIS2_PLACEMENT_3D ( 'NONE', #73, #282, #673 ) ;
#593 = CARTESIAN_POINT ( 'NONE',  ( 219.4487652200347725, -29.14200372779548331, -1.331302622406856905E-14 ) ) ;
#594 = VERTEX_POINT ( 'NONE', #1414 ) ;
#595 = ADVANCED_FACE ( 'NONE', ( #2195 ), #787, .F. ) ;
#596 = EDGE_CURVE ( 'NONE', #1978, #265, #450, .T. ) ;
#597 = CARTESIAN_POINT ( 'NONE',  ( 254.4487652200348009, -2.571949481575085628, 27.55009931178972593 ) ) ;
#598 = CARTESIAN_POINT ( 'NONE',  ( 251.0491260529963427, 38.35468489488472699, -5.570070395759063153 ) ) ;
#599 = CARTESIAN_POINT ( 'NONE',  ( 253.7379804007885866, 32.03803417411737087, 7.665746222398415632 ) ) ;
#600 =( BOUNDED_CURVE ( )  B_SPLINE_CURVE ( 3, ( #2026, #2217, #1241, #246 ),
 .UNSPECIFIED., .F., .T. ) 
 B_SPLINE_CURVE_WITH_KNOTS ( ( 4, 4 ),
 ( 0.000000000000000000, 1.000000000000000000 ),
 .UNSPECIFIED. ) 
 CURVE ( )  GEOMETRIC_REPRESENTATION_ITEM ( )  RATIONAL_B_SPLINE_CURVE ( ( 1.000000000000000000, 0.9931909319914346002, 0.9931909319914346002, 1.000000000000000000 ) ) 
 REPRESENTATION_ITEM ( '' )  );
#601 = ORIENTED_EDGE ( 'NONE', *, *, #1885, .F. ) ;
#602 = CARTESIAN_POINT ( 'NONE',  ( 248.4487652200347441, -30.83605154049006458, -5.000000000000023093 ) ) ;
#603 = CARTESIAN_POINT ( 'NONE',  ( 255.4487652200348009, -32.12708082916211794, 4.999999999999965361 ) ) ;
#604 = B_SPLINE_CURVE_WITH_KNOTS ( 'NONE', 3,
 ( #2532, #1896, #2142, #1548 ),
 .UNSPECIFIED., .F., .F.,
 ( 4, 4 ),
 ( 0.000000000000000000, 0.5000002384442443493 ),
 .UNSPECIFIED. ) ;
#605 = DIRECTION ( 'NONE',  ( 1.000000000000000000, 1.226999531788473599E-16, 0.000000000000000000 ) ) ;
#606 = ORIENTED_EDGE ( 'NONE', *, *, #1220, .T. ) ;
#607 = CARTESIAN_POINT ( 'NONE',  ( 255.4650388938509025, 38.47314278023444700, -9.701987878162412926 ) ) ;
#608 = CARTESIAN_POINT ( 'NONE',  ( 252.0035417275472298, -24.87023876229610053, 6.239373537660024560 ) ) ;
#609 = ORIENTED_EDGE ( 'NONE', *, *, #256, .T. ) ;
#610 = CARTESIAN_POINT ( 'NONE',  ( 219.4487652200347725, 33.45799627220451811, -1.331302622406856905E-14 ) ) ;
#611 = CARTESIAN_POINT ( 'NONE',  ( 252.0130663827910951, -30.67012835520787917, -6.831808704979133395 ) ) ;
#612 = DIRECTION ( 'NONE',  ( -1.676931260511210767E-31, 1.366692665372836214E-15, -1.000000000000000000 ) ) ;
#613 = ORIENTED_EDGE ( 'NONE', *, *, #338, .F. ) ;
#614 = DIRECTION ( 'NONE',  ( 0.000000000000000000, 1.000000000000000000, 0.000000000000000000 ) ) ;
#615 = EDGE_CURVE ( 'NONE', #93, #2308, #2013, .T. ) ;
#616 = CARTESIAN_POINT ( 'NONE',  ( 219.4723577392618949, 36.93822654572727515, 5.000000000000057732 ) ) ;
#617 = CARTESIAN_POINT ( 'NONE',  ( 253.4487652200348009, 6.928223150426294552, 1.000000000000009548 ) ) ;
#618 = ORIENTED_EDGE ( 'NONE', *, *, #1023, .F. ) ;
#619 = CARTESIAN_POINT ( 'NONE',  ( 253.7957165220180968, 38.45428442599891383, 5.504978164342828606 ) ) ;
#620 = CARTESIAN_POINT ( 'NONE',  ( 255.4487652200348009, 37.11425505522751678, -13.00000000000006395 ) ) ;
#621 = VERTEX_POINT ( 'NONE', #1437 ) ;
#622 = CARTESIAN_POINT ( 'NONE',  ( 150.1871901617090543, -22.75130778898317274, -5.000000000000035527 ) ) ;
#623 = CARTESIAN_POINT ( 'NONE',  ( 250.6150875673526741, 38.36828234427942164, -5.392129782243491931 ) ) ;
#624 = ORIENTED_EDGE ( 'NONE', *, *, #231, .F. ) ;
#625 = LINE ( 'NONE', #1616, #2272 ) ;
#626 = VECTOR ( 'NONE', #2400, 1000.000000000000000 ) ;
#627 = CARTESIAN_POINT ( 'NONE',  ( 247.4487652200347725, 38.31587008105217507, 5.000000000000063061 ) ) ;
#628 = CARTESIAN_POINT ( 'NONE',  ( 255.4487652200348009, -27.23222344799775385, -13.00000000000002309 ) ) ;
#629 = ORIENTED_EDGE ( 'NONE', *, *, #1617, .F. ) ;
#630 = CARTESIAN_POINT ( 'NONE',  ( 218.7487652200348407, -25.11223060601727397, 2.000000000000009770 ) ) ;
#631 = ADVANCED_FACE ( 'NONE', ( #35 ), #174, .T. ) ;
#632 = CARTESIAN_POINT ( 'NONE',  ( 254.4487652200348009, -3.343708208657008907, 26.50000000000003197 ) ) ;
#633 = VERTEX_POINT ( 'NONE', #1862 ) ;
#634 = CARTESIAN_POINT ( 'NONE',  ( 243.1987652200347725, -14.84200372779550392, -2.949029909160572061E-14 ) ) ;
#635 = CARTESIAN_POINT ( 'NONE',  ( 219.4487652200347725, 33.45799627220451811, -1.331302622406856747E-14 ) ) ;
#636 = ORIENTED_EDGE ( 'NONE', *, *, #86, .F. ) ;
#637 = DIRECTION ( 'NONE',  ( -1.226999531788473599E-16, 1.000000000000000000, 0.000000000000000000 ) ) ;
#638 = B_SPLINE_CURVE_WITH_KNOTS ( 'NONE', 3,
 ( #2031, #1246, #1076, #2467 ),
 .UNSPECIFIED., .F., .F.,
 ( 4, 4 ),
 ( 0.000000000000000000, 1.000000000000000000 ),
 .UNSPECIFIED. ) ;
#639 = CARTESIAN_POINT ( 'NONE',  ( 227.2188989402288257, 37.75717966662971037, 0.000000000000000000 ) ) ;
#640 = ORIENTED_EDGE ( 'NONE', *, *, #1186, .T. ) ;
#641 = CARTESIAN_POINT ( 'NONE',  ( 218.7487652200348407, -25.11223060601727397, 5.000000000000009770 ) ) ;
#642 = CARTESIAN_POINT ( 'NONE',  ( 194.5761133272972359, 34.88313509961875525, -6.950183164696686511 ) ) ;
#643 = CARTESIAN_POINT ( 'NONE',  ( 254.7997883634742209, 38.23681113294116329, -9.635939279543489278 ) ) ;
#644 = ORIENTED_EDGE ( 'NONE', *, *, #1238, .F. ) ;
#645 = CARTESIAN_POINT ( 'NONE',  ( 234.1487652200348748, -5.712230606017273615, 5.000000000000001776 ) ) ;
#646 = ADVANCED_FACE ( 'NONE', ( #850 ), #1849, .F. ) ;
#647 = PLANE ( 'NONE',  #2280 ) ;
#648 = LINE ( 'NONE', #2048, #2392 ) ;
#649 = VECTOR ( 'NONE', #138, 1000.000000000000000 ) ;
#650 = EDGE_LOOP ( 'NONE', ( #471, #932, #110, #2284, #288 ) ) ;
#651 = PLANE ( 'NONE',  #1823 ) ;
#652 = CARTESIAN_POINT ( 'NONE',  ( 254.1090845555326609, 38.24899923454253781, -8.288399386277765402 ) ) ;
#653 = ORIENTED_EDGE ( 'NONE', *, *, #102, .F. ) ;
#654 = CARTESIAN_POINT ( 'NONE',  ( 253.9018506130826722, -30.75125304534233805, 7.860830896839352100 ) ) ;
#655 = CARTESIAN_POINT ( 'NONE',  ( 204.8768788227471305, 36.28724094116824261, -3.590416199897508154 ) ) ;
#656 = CARTESIAN_POINT ( 'NONE',  ( 255.2324396011816248, 37.93865521155260723, -10.70278523144882854 ) ) ;
#657 = ORIENTED_EDGE ( 'NONE', *, *, #1316, .F. ) ;
#658 = AXIS2_PLACEMENT_3D ( 'NONE', #350, #1529, #2500 ) ;
#659 = DIRECTION ( 'NONE',  ( 1.000000000000000000, -0.000000000000000000, -0.000000000000000000 ) ) ;
#660 = AXIS2_PLACEMENT_3D ( 'NONE', #753, #349, #2123 ) ;
#661 = CARTESIAN_POINT ( 'NONE',  ( 218.7487652200348407, 32.62822315042629384, 1.000000000000009548 ) ) ;
#662 = FACE_OUTER_BOUND ( 'NONE', #2427, .T. ) ;
#663 = EDGE_CURVE ( 'NONE', #594, #736, #2270, .T. ) ;
#664 = ORIENTED_EDGE ( 'NONE', *, *, #1524, .T. ) ;
#665 = CARTESIAN_POINT ( 'NONE',  ( 219.4487652200347725, 35.05799627220451953, -1.350896971193214591E-14 ) ) ;
#666 = PLANE ( 'NONE',  #1364 ) ;
#667 = ORIENTED_EDGE ( 'NONE', *, *, #832, .F. ) ;
#668 = CARTESIAN_POINT ( 'NONE',  ( 251.9955168289756386, 37.97364115524678141, -8.167430371515429499 ) ) ;
#669 = B_SPLINE_CURVE_WITH_KNOTS ( 'NONE', 3,
 ( #379, #1166, #1691, #2264, #775, #1350, #910, #1374, #1570, #495, #1956, #2277, #2349, #1705, #2544, #176 ),
 .UNSPECIFIED., .F., .F.,
 ( 4, 2, 2, 2, 2, 2, 2, 4 ),
 ( 0.03730146097329388455, 0.05843162031630361186, 0.07956177965931335305, 0.1218220983453327105, 0.1429522576883424378, 0.1640824170313521790, 0.1852125763743618925, 0.2063427357173715504 ),
 .UNSPECIFIED. ) ;
#670 = CARTESIAN_POINT ( 'NONE',  ( 227.2188989402288541, 37.14149236741658910, -7.454469964815122474 ) ) ;
#671 = DIRECTION ( 'NONE',  ( 1.000000000000000000, -0.000000000000000000, 0.000000000000000000 ) ) ;
#672 = ORIENTED_EDGE ( 'NONE', *, *, #292, .F. ) ;
#673 = DIRECTION ( 'NONE',  ( 7.186848259333761210E-32, 0.000000000000000000, -1.000000000000000000 ) ) ;
#674 = CARTESIAN_POINT ( 'NONE',  ( 255.4487652200348009, -22.50014532235620024, -13.00000000000002665 ) ) ;
#675 = DIRECTION ( 'NONE',  ( -0.000000000000000000, -1.000000000000000000, -0.000000000000000000 ) ) ;
#676 = CARTESIAN_POINT ( 'NONE',  ( 255.4487652200348009, -22.97194948157508421, 4.999999999999976019 ) ) ;
#677 = FACE_OUTER_BOUND ( 'NONE', #305, .T. ) ;
#678 = CARTESIAN_POINT ( 'NONE',  ( 146.6330521319372906, 30.26467079629516377, 0.000000000000000000 ) ) ;
#679 = EDGE_CURVE ( 'NONE', #398, #1165, #1087, .T. ) ;
#680 = VERTEX_POINT ( 'NONE', #693 ) ;
#681 = CARTESIAN_POINT ( 'NONE',  ( 251.9955168290551910, 37.79860670367681053, 9.270621989590132728 ) ) ;
#682 = CARTESIAN_POINT ( 'NONE',  ( 248.9009708365244080, 36.84617307015517440, -11.31962351708748571 ) ) ;
#683 = CARTESIAN_POINT ( 'NONE',  ( 252.0130656374999205, -31.97622117733424218, -3.949433391650273073 ) ) ;
#684 = ORIENTED_EDGE ( 'NONE', *, *, #2144, .T. ) ;
#685 = PLANE ( 'NONE',  #147 ) ;
#686 = CARTESIAN_POINT ( 'NONE',  ( 255.0552252130419220, -23.65114444511722880, -10.35518671266414614 ) ) ;
#687 = CARTESIAN_POINT ( 'NONE',  ( 242.7017225509154628, 38.49520929579590955, -4.820756713762502128E-16 ) ) ;
#688 = VERTEX_POINT ( 'NONE', #502 ) ;
#689 = FACE_OUTER_BOUND ( 'NONE', #1064, .T. ) ;
#690 = PLANE ( 'NONE',  #455 ) ;
#691 = ORIENTED_EDGE ( 'NONE', *, *, #102, .T. ) ;
#692 =( BOUNDED_SURFACE ( )  B_SPLINE_SURFACE ( 2, 3, ( 
 ( #65, #460, #1253, #2435 ),
 ( #702, #447, #2037, #846 ),
 ( #1846, #77, #1640, #861 ) ),
 .UNSPECIFIED., .F., .F., .T. ) 
 B_SPLINE_SURFACE_WITH_KNOTS ( ( 3, 3 ),
 ( 4, 4 ),
 ( 0.000000000000000000, 1.000000000000000000 ),
 ( -0.07144866730932757093, -0.06133859275100039810 ),
 .UNSPECIFIED. ) 
 GEOMETRIC_REPRESENTATION_ITEM ( )  RATIONAL_B_SPLINE_SURFACE ( (
 ( 1.000000000000000000, 1.000000000000000000, 1.000000000000000000, 1.000000000000000000),
 ( 0.7071067811865475727, 0.7071067811865475727, 0.7071067811865476838, 0.7071067811865476838),
 ( 1.000000000000000000, 1.000000000000000000, 1.000000000000000000, 1.000000000000000000) ) ) 
 REPRESENTATION_ITEM ( '' )  SURFACE ( )  );
#693 = CARTESIAN_POINT ( 'NONE',  ( 255.4487652200348009, 39.55759741374836835, -2.447440711848530243E-14 ) ) ;
#694 = EDGE_CURVE ( 'NONE', #1853, #1775, #1602, .T. ) ;
#695 = CARTESIAN_POINT ( 'NONE',  ( 238.4004815134872501, 38.31279125987683898, -3.813986367357861340 ) ) ;
#696 = CARTESIAN_POINT ( 'NONE',  ( 218.7487652200348407, 6.928223150426294552, 5.000000000000009770 ) ) ;
#697 = ORIENTED_EDGE ( 'NONE', *, *, #1429, .F. ) ;
#698 = CARTESIAN_POINT ( 'NONE',  ( 249.5432895186766018, -30.86055564654566297, -5.096028335369620521 ) ) ;
#699 = DIRECTION ( 'NONE',  ( 1.000000000000000000, -0.000000000000000000, -0.000000000000000000 ) ) ;
#700 = CARTESIAN_POINT ( 'NONE',  ( 204.8768788227471305, 34.53600056921332140, 10.52930245679228172 ) ) ;
#701 = FACE_BOUND ( 'NONE', #840, .T. ) ;
#702 = CARTESIAN_POINT ( 'NONE',  ( 255.4487652200348009, 39.66666358153208449, -5.000000000000061284 ) ) ;
#703 = CIRCLE ( 'NONE', #1783, 1.599999999999997202 ) ;
#704 = CARTESIAN_POINT ( 'NONE',  ( 248.4487652200347725, 38.35204408489909156, -5.000000000000068390 ) ) ;
#705 = ORIENTED_EDGE ( 'NONE', *, *, #489, .F. ) ;
#706 = CARTESIAN_POINT ( 'NONE',  ( 251.9955168290545089, 37.99823789504395677, 8.012404221348836231 ) ) ;
#707 = CARTESIAN_POINT ( 'NONE',  ( 109.1644862542000283, 24.60367456357137783, -2.300842266607716624 ) ) ;
#708 = CARTESIAN_POINT ( 'NONE',  ( 220.3412002568324226, -28.00710485503281433, -10.93679729069603823 ) ) ;
#709 = ADVANCED_FACE ( 'NONE', ( #316 ), #2245, .F. ) ;
#710 = ORIENTED_EDGE ( 'NONE', *, *, #2038, .F. ) ;
#711 = VECTOR ( 'NONE', #1637, 1000.000000000000000 ) ;
#712 = PLANE ( 'NONE',  #393 ) ;
#713 = CARTESIAN_POINT ( 'NONE',  ( 227.2188989402288541, 37.75717966662971037, 3.752660723754787320 ) ) ;
#714 = LINE ( 'NONE', #1513, #195 ) ;
#715 = CARTESIAN_POINT ( 'NONE',  ( 253.7957165220180968, -30.53837499249707221, 8.025538865472674033 ) ) ;
#716 = CIRCLE ( 'NONE', #1051, 1.600000000000000755 ) ;
#717 = CARTESIAN_POINT ( 'NONE',  ( 254.8777007286859373, 31.36027811345682537, -9.830100738846514474 ) ) ;
#718 = B_SPLINE_CURVE_WITH_KNOTS ( 'NONE', 3,
 ( #2407, #1239, #2024, #1831, #2061, #257, #1039, #1252, #1665, #1651, #1267, #285, #2434 ),
 .UNSPECIFIED., .F., .F.,
 ( 4, 2, 2, 1, 2, 2, 4 ),
 ( 0.000000000000000000, 0.2499999999999794609, 0.3749999999999778511, 0.4374999999999856781, 0.4687499999999810152, 0.4999999999999763522, 1.000000000000000000 ),
 .UNSPECIFIED. ) ;
#719 = EDGE_LOOP ( 'NONE', ( #562, #492, #691, #2049, #2389 ) ) ;
#720 = CARTESIAN_POINT ( 'NONE',  ( 255.4487652200348009, 3.757996272204518817, -1.350896971193214591E-14 ) ) ;
#721 = CARTESIAN_POINT ( 'NONE',  ( 82.34711255121362683, 19.32333129520744563, -3.475709137543020688 ) ) ;
#722 = CARTESIAN_POINT ( 'NONE',  ( 227.2188989402288257, -28.38911369833487086, -11.06832381301726898 ) ) ;
#723 = ORIENTED_EDGE ( 'NONE', *, *, #887, .T. ) ;
#724 = CARTESIAN_POINT ( 'NONE',  ( 253.4487652200348009, 6.928223150426294552, 5.000000000000009770 ) ) ;
#725 = CARTESIAN_POINT ( 'NONE',  ( 174.0044880013145985, 32.92359991509319173, 6.512622756512231881 ) ) ;
#726 = EDGE_CURVE ( 'NONE', #1775, #1232, #793, .T. ) ;
#727 = B_SPLINE_CURVE_WITH_KNOTS ( 'NONE', 3,
 ( #1024, #1037, #1816, #283 ),
 .UNSPECIFIED., .F., .F.,
 ( 4, 4 ),
 ( 0.000000000000000000, 1.000000000000000000 ),
 .UNSPECIFIED. ) ;
#728 = SURFACE_STYLE_FILL_AREA ( #2498 ) ;
#729 = FACE_OUTER_BOUND ( 'NONE', #557, .T. ) ;
#730 = FACE_OUTER_BOUND ( 'NONE', #762, .T. ) ;
#731 = ORIENTED_EDGE ( 'NONE', *, *, #134, .T. ) ;
#732 = DIRECTION ( 'NONE',  ( 0.000000000000000000, 1.000000000000000000, 0.000000000000000000 ) ) ;
#733 = CIRCLE ( 'NONE', #1732, 1.599999999999997202 ) ;
#734 = DIRECTION ( 'NONE',  ( 0.000000000000000000, 1.000000000000000000, 0.000000000000000000 ) ) ;
#735 = CARTESIAN_POINT ( 'NONE',  ( 146.6330521319372906, -21.30475217659964215, 8.629161866487496724 ) ) ;
#736 = VERTEX_POINT ( 'NONE', #289 ) ;
#737 = LINE ( 'NONE', #1509, #2041 ) ;
#738 = CARTESIAN_POINT ( 'NONE',  ( 194.5761133272972074, 33.75061894744465718, 10.26061964812778804 ) ) ;
#739 = EDGE_CURVE ( 'NONE', #1116, #1488, #1477, .T. ) ;
#740 = CARTESIAN_POINT ( 'NONE',  ( 252.0130659979155041, 38.47311434169377975, 4.999998336065476501 ) ) ;
#741 = CARTESIAN_POINT ( 'NONE',  ( 255.4487652200348009, -30.95075813686112198, -9.700201451885959614 ) ) ;
#742 = FACE_OUTER_BOUND ( 'NONE', #1476, .T. ) ;
#743 = VERTEX_POINT ( 'NONE', #1322 ) ;
#745 = DIRECTION ( 'NONE',  ( -0.000000000000000000, 1.000000000000000000, 0.000000000000000000 ) ) ;
#744 = AXIS2_PLACEMENT_3D ( 'NONE', #2512, #1947, #371 ) ;
#746 = CARTESIAN_POINT ( 'NONE',  ( 82.34711255121361262, 18.75697258994037497, -5.131221526506013930 ) ) ;
#747 = CARTESIAN_POINT ( 'NONE',  ( 238.4004815134872501, -31.44789039906785533, 3.891040977699367520 ) ) ;
#748 = ORIENTED_EDGE ( 'NONE', *, *, #2291, .F. ) ;
#749 = CARTESIAN_POINT ( 'NONE',  ( 253.3423651621928343, -24.63311732513774288, -7.253512641211688816 ) ) ;
#750 = DIRECTION ( 'NONE',  ( 0.000000000000000000, 1.000000000000000000, 0.000000000000000000 ) ) ;
#751 = VECTOR ( 'NONE', #1942, 1000.000000000000000 ) ;
#752 = CARTESIAN_POINT ( 'NONE',  ( 255.4487652200348009, -19.10315041623877974, 27.55009931178972948 ) ) ;
#753 = CARTESIAN_POINT ( 'NONE',  ( 254.4487652200348009, -2.571949481575085628, 27.55009931178972593 ) ) ;
#754 = EDGE_CURVE ( 'NONE', #2382, #175, #2138, .T. ) ;
#755 = EDGE_CURVE ( 'NONE', #1894, #1148, #1136, .T. ) ;
#756 = DIRECTION ( 'NONE',  ( 0.000000000000000000, -1.000000000000000000, 5.829043938094109521E-16 ) ) ;
#757 = VERTEX_POINT ( 'NONE', #2490 ) ;
#758 = CARTESIAN_POINT ( 'NONE',  ( 219.4487652200347725, -25.94200372779548047, -1.350896971193214591E-14 ) ) ;
#759 = EDGE_CURVE ( 'NONE', #1612, #355, #1724, .T. ) ;
#760 = PLANE ( 'NONE',  #530 ) ;
#761 = CARTESIAN_POINT ( 'NONE',  ( 204.8768788227471305, -26.99924849748090594, 10.58979003148615838 ) ) ;
#762 = EDGE_LOOP ( 'NONE', ( #919, #2394, #2261, #431 ) ) ;
#763 = CARTESIAN_POINT ( 'NONE',  ( 251.4354053088729870, -24.96933166768924295, -5.764621364543399018 ) ) ;
#764 = CARTESIAN_POINT ( 'NONE',  ( 255.4487652200348009, 3.757996272204518817, -1.350896971193214591E-14 ) ) ;
#765 = B_SPLINE_CURVE_WITH_KNOTS ( 'NONE', 3,
 ( #2330, #168, #1899, #2088 ),
 .UNSPECIFIED., .F., .F.,
 ( 4, 4 ),
 ( 0.000000000000000000, 1.000000000000000000 ),
 .UNSPECIFIED. ) ;
#766 = AXIS2_PLACEMENT_3D ( 'NONE', #2485, #2316, #1353 ) ;
#767 = LINE ( 'NONE', #420, #1547 ) ;
#768 = CARTESIAN_POINT ( 'NONE',  ( 255.4650388938486856, -31.17351382122383896, -8.338310660143534392 ) ) ;
#769 = CARTESIAN_POINT ( 'NONE',  ( 248.4487652200347725, 32.62822315042630095, -5.000000000000057732 ) ) ;
#770 = EDGE_LOOP ( 'NONE', ( #891, #1446, #1739, #34 ) ) ;
#771 = DIRECTION ( 'NONE',  ( 1.000000000000000000, 1.226999531788473599E-16, 0.000000000000000000 ) ) ;
#772 = DIRECTION ( 'NONE',  ( 0.000000000000000000, -1.000000000000000000, 0.000000000000000000 ) ) ;
#773 = DIRECTION ( 'NONE',  ( 1.000000000000000000, 1.226999531788473599E-16, 0.000000000000000000 ) ) ;
#774 = ORIENTED_EDGE ( 'NONE', *, *, #1379, .T. ) ;
#775 = CARTESIAN_POINT ( 'NONE',  ( 213.2718199245302060, 36.52593376645204870, -5.000000000000049738 ) ) ;
#776 = EDGE_CURVE ( 'NONE', #540, #736, #1543, .T. ) ;
#777 = CARTESIAN_POINT ( 'NONE',  ( 254.1922466619943464, -24.36477293118689857, 8.224333031882359535 ) ) ;
#778 = CARTESIAN_POINT ( 'NONE',  ( 108.4220165128261755, -16.28102673572414361, -5.000000000000029310 ) ) ;
#779 = CARTESIAN_POINT ( 'NONE',  ( 251.9776162842790654, -30.88094309201769505, -5.495879097810119518 ) ) ;
#780 = CARTESIAN_POINT ( 'NONE',  ( 254.9806941283572144, 31.25355603360274159, -10.12349689914468343 ) ) ;
#781 = AXIS2_PLACEMENT_3D ( 'NONE', #408, #612, #2331 ) ;
#782 = ORIENTED_EDGE ( 'NONE', *, *, #887, .F. ) ;
#783 = CARTESIAN_POINT ( 'NONE',  ( 219.4487652200347725, -27.54200372779548189, -1.350896971193214591E-14 ) ) ;
#784 = CARTESIAN_POINT ( 'NONE',  ( 255.4487652200348009, -28.93005083476665718, 11.99999999999996625 ) ) ;
#785 = DIRECTION ( 'NONE',  ( 1.000000000000000000, 1.226999531788473599E-16, 0.000000000000000000 ) ) ;
#786 = ORIENTED_EDGE ( 'NONE', *, *, #149, .T. ) ;
#787 = PLANE ( 'NONE',  #182 ) ;
#788 = CARTESIAN_POINT ( 'NONE',  ( 252.0130656375132787, 38.19621183104039375, -7.689986776489536879 ) ) ;
#789 = EDGE_CURVE ( 'NONE', #1321, #61, #921, .T. ) ;
#790 = ORIENTED_EDGE ( 'NONE', *, *, #2018, .T. ) ;
#791 = CARTESIAN_POINT ( 'NONE',  ( 198.5185312122305845, -27.87816875351278156, 4.999999999999982236 ) ) ;
#792 = CARTESIAN_POINT ( 'NONE',  ( 255.1161276330465739, 38.49266792621241251, 8.699457727728210799 ) ) ;
#793 = B_SPLINE_CURVE_WITH_KNOTS ( 'NONE', 3,
 ( #1271, #328, #1113, #68, #1643, #2053, #654, #1452, #81, #2232, #1258, #2452, #865 ),
 .UNSPECIFIED., .F., .F.,
 ( 4, 2, 2, 1, 2, 2, 4 ),
 ( 0.000000000000000000, 0.2500000000000229261, 0.3750000000000344169, 0.4375000000000519029, 0.4687500000000605627, 0.5000000000000692779, 1.000000000000000000 ),
 .UNSPECIFIED. ) ;
#794 = CARTESIAN_POINT ( 'NONE',  ( 255.0131887934057318, 31.40376316212010366, 9.708645821815370169 ) ) ;
#795 = ORIENTED_EDGE ( 'NONE', *, *, #1459, .F. ) ;
#796 = DIRECTION ( 'NONE',  ( 0.000000000000000000, 1.000000000000000000, 0.000000000000000000 ) ) ;
#797 = CARTESIAN_POINT ( 'NONE',  ( 255.4487652200348009, -22.53599084597569657, 4.999999999999977796 ) ) ;
#798 = DIRECTION ( 'NONE',  ( 1.000000000000000000, 1.226999531788473599E-16, 0.000000000000000000 ) ) ;
#799 = EDGE_LOOP ( 'NONE', ( #1014, #120, #189, #1785, #1430, #1696 ) ) ;
#800 = CARTESIAN_POINT ( 'NONE',  ( 253.7957165220180968, 37.85440909245140517, 9.285819215670986893 ) ) ;
#801 = AXIS2_PLACEMENT_3D ( 'NONE', #2011, #1801, #968 ) ;
#802 = CARTESIAN_POINT ( 'NONE',  ( 80.74876521989999389, -10.95177027692525051, 4.999999999999994671 ) ) ;
#803 = VERTEX_POINT ( 'NONE', #529 ) ;
#804 = CARTESIAN_POINT ( 'NONE',  ( 94.56176416944377650, -13.74101520699396062, -5.000000000000031086 ) ) ;
#805 = CARTESIAN_POINT ( 'NONE',  ( 251.9776162843517682, -30.45709087855099995, -8.167297238647810431 ) ) ;
#806 = ADVANCED_FACE ( 'NONE', ( #1736 ), #2150, .F. ) ;
#807 = CARTESIAN_POINT ( 'NONE',  ( 255.4487652200348009, 30.01613786676522722, -13.00000000000006040 ) ) ;
#808 = ORIENTED_EDGE ( 'NONE', *, *, #539, .F. ) ;
#809 = CARTESIAN_POINT ( 'NONE',  ( 259.4487652200347725, 22.35799627220447761, -1.000000000000051292 ) ) ;
#810 = CARTESIAN_POINT ( 'NONE',  ( 247.4487652200347725, -32.12708082916211794, 4.999999999999965361 ) ) ;
#811 = DIRECTION ( 'NONE',  ( 0.000000000000000000, 1.000000000000000000, 0.000000000000000000 ) ) ;
#812 = ORIENTED_EDGE ( 'NONE', *, *, #2057, .F. ) ;
#813 = CARTESIAN_POINT ( 'NONE',  ( 255.4813125676670325, 38.69593830354823183, -8.339845992721865997 ) ) ;
#814 = CARTESIAN_POINT ( 'NONE',  ( 254.3317241988753494, -24.30611887399488324, 8.422665174746756023 ) ) ;
#815 = ORIENTED_EDGE ( 'NONE', *, *, #385, .T. ) ;
#816 = CARTESIAN_POINT ( 'NONE',  ( 87.60569257070478955, -12.38397178214695238, 4.999999999999992006 ) ) ;
#817 = CARTESIAN_POINT ( 'NONE',  ( 251.9953413335151424, -30.28260871921795427, 9.270620508434715745 ) ) ;
#818 = ADVANCED_FACE ( 'NONE', ( #185 ), #1346, .T. ) ;
#819 = ORIENTED_EDGE ( 'NONE', *, *, #663, .F. ) ;
#820 = CARTESIAN_POINT ( 'NONE',  ( 259.4487652200347725, -14.84200372779552879, -1.000000000000029532 ) ) ;
#821 = CARTESIAN_POINT ( 'NONE',  ( 255.4487652200348009, 37.11425505522751678, -13.00000000000006395 ) ) ;
#822 = DIRECTION ( 'NONE',  ( 0.000000000000000000, 1.000000000000000000, 0.000000000000000000 ) ) ;
#823 = ORIENTED_EDGE ( 'NONE', *, *, #1961, .F. ) ;
#824 = CARTESIAN_POINT ( 'NONE',  ( 255.4487652200348009, 38.91195154103347420, 6.894228957556692627 ) ) ;
#825 = CARTESIAN_POINT ( 'NONE',  ( 250.3415351871043981, -25.02624146041832631, 5.473401853714370269 ) ) ;
#826 = ORIENTED_EDGE ( 'NONE', *, *, #1394, .F. ) ;
#827 = AXIS2_PLACEMENT_3D ( 'NONE', #54, #2383, #222 ) ;
#828 = CARTESIAN_POINT ( 'NONE',  ( 255.4487652200348009, -32.04160486937614394, -1.500522893852509010E-14 ) ) ;
#829 = CARTESIAN_POINT ( 'NONE',  ( 242.7017225509154628, 36.62510101399640661, 11.24399370946320786 ) ) ;
#830 = CARTESIAN_POINT ( 'NONE',  ( 255.4487652200348009, 39.55759741374836835, -2.447440711848530243E-14 ) ) ;
#831 = DIRECTION ( 'NONE',  ( 1.000000000000000000, 1.226999531788473599E-16, 0.000000000000000000 ) ) ;
#832 = EDGE_CURVE ( 'NONE', #1894, #1585, #2154, .T. ) ;
#833 = ADVANCED_FACE ( 'NONE', ( #1518 ), #375, .F. ) ;
#834 = AXIS2_PLACEMENT_3D ( 'NONE', #2103, #1149, #732 ) ;
#835 = CARTESIAN_POINT ( 'NONE',  ( 255.4487652200348009, -3.343708208657008907, 26.50000000000003197 ) ) ;
#836 = ORIENTED_EDGE ( 'NONE', *, *, #1079, .F. ) ;
#837 = DIRECTION ( 'NONE',  ( 1.000000000000000000, 0.000000000000000000, 0.000000000000000000 ) ) ;
#838 = EDGE_CURVE ( 'NONE', #680, #226, #2538, .T. ) ;
#839 = CARTESIAN_POINT ( 'NONE',  ( 220.3412002568324226, 37.35316236200663553, -9.324138683375338132E-15 ) ) ;
#840 = EDGE_LOOP ( 'NONE', ( #515, #1508, #2107, #442 ) ) ;
#841 = CYLINDRICAL_SURFACE ( 'NONE', #1920, 1.599999999999997202 ) ;
#842 = B_SPLINE_CURVE_WITH_KNOTS ( 'NONE', 3,
 ( #830, #860, #1639, #76 ),
 .UNSPECIFIED., .F., .F.,
 ( 4, 4 ),
 ( 0.5000002384442443493, 1.000000000000000000 ),
 .UNSPECIFIED. ) ;
#843 = LINE ( 'NONE', #74, #711 ) ;
#844 = CARTESIAN_POINT ( 'NONE',  ( 251.8369527184784431, 36.93782455156074462, 11.35097792717263587 ) ) ;
#845 = ORIENTED_EDGE ( 'NONE', *, *, #134, .F. ) ;
#846 = CARTESIAN_POINT ( 'NONE',  ( 255.4487652200348009, 29.55658902320493908, -5.000000000000056843 ) ) ;
#847 = VECTOR ( 'NONE', #512, 1000.000000000000000 ) ;
#848 = CARTESIAN_POINT ( 'NONE',  ( 254.7997883634742209, 38.23681113294116329, -9.635939279543489278 ) ) ;
#849 = EDGE_LOOP ( 'NONE', ( #428, #374, #1848 ) ) ;
#850 = FACE_OUTER_BOUND ( 'NONE', #1128, .T. ) ;
#851 = CARTESIAN_POINT ( 'NONE',  ( 242.7017225509154628, 36.62510101399639240, -11.24399370946324694 ) ) ;
#852 = CARTESIAN_POINT ( 'NONE',  ( 242.7017225509154628, -29.08693986007184051, 11.30858696358897575 ) ) ;
#853 = EDGE_CURVE ( 'NONE', #1454, #540, #1747, .T. ) ;
#854 = EDGE_LOOP ( 'NONE', ( #826, #2181, #1917, #657, #2119, #705, #864, #2004, #1950, #1440 ) ) ;
#855 = B_SPLINE_CURVE_WITH_KNOTS ( 'NONE', 4,
 ( #300, #2397, #1424, #1630, #79, #2203, #1057, #437, #639, #56, #448, #287, #1875, #105, #1462, #1860, #678, #1230, #1435, #2437, #2063, #1618, #2242 ),
 .UNSPECIFIED., .F., .F.,
 ( 5, 1, 1, 1, 1, 1, 1, 1, 1, 1, 1, 1, 1, 1, 1, 1, 1, 1, 1, 5 ),
 ( 0.4200582518210012051, 0.4220900811240494432, 0.4320217849040678404, 0.4419534886840863486, 0.4518851923283230265, 0.4618168959725598155, 0.4816803032610331714, 0.5015437100684431160, 0.5214071168758531716, 0.5412705253307310560, 0.5611339337856089404, 0.6008607472116037629, 0.6405875605995875466, 0.6604509692705758939, 0.6803143779415642411, 0.7200411898038450165, 0.8392216328775308209, 0.8789484479343793177, 0.8988118599918705209, 0.9176023040213597826 ),
 .UNSPECIFIED. ) ;
#856 = CARTESIAN_POINT ( 'NONE',  ( 255.3876272446602513, 38.87400303064897145, -6.975834704184127766 ) ) ;
#857 = LINE ( 'NONE', #2431, #263 ) ;
#858 = FACE_OUTER_BOUND ( 'NONE', #1103, .T. ) ;
#859 = AXIS2_PLACEMENT_3D ( 'NONE', #353, #905, #1137 ) ;
#860 = CARTESIAN_POINT ( 'NONE',  ( 255.4487652200348009, 39.55799627220451953, 1.672133192989534889 ) ) ;
#861 = CARTESIAN_POINT ( 'NONE',  ( 255.4487652200348009, 29.55658902320493908, -13.00000000000005684 ) ) ;
#862 =( BOUNDED_SURFACE ( )  B_SPLINE_SURFACE ( 2, 3, ( 
 ( #1378, #219, #1025, #2342 ),
 ( #1969, #407, #2147, #1001 ),
 ( #1013, #974, #1768, #1210 ) ),
 .UNSPECIFIED., .F., .F., .T. ) 
 B_SPLINE_SURFACE_WITH_KNOTS ( ( 3, 3 ),
 ( 4, 4 ),
 ( 0.000000000000000000, 1.000000000000000000 ),
 ( 0.02629398711818020304, 0.03588507710136662476 ),
 .UNSPECIFIED. ) 
 GEOMETRIC_REPRESENTATION_ITEM ( )  RATIONAL_B_SPLINE_SURFACE ( (
 ( 1.000000000000000000, 1.000000000000000000, 1.000000000000000000, 1.000000000000000000),
 ( 0.7071067811865475727, 0.7071067811865475727, 0.7071067811865474617, 0.7071067811865474617),
 ( 1.000000000000000000, 1.000000000000000000, 1.000000000000000000, 1.000000000000000000) ) ) 
 REPRESENTATION_ITEM ( '' )  SURFACE ( )  );
#863 = CARTESIAN_POINT ( 'NONE',  ( 253.7293845661358205, 38.24750308352490435, -7.748188374613978802 ) ) ;
#864 = ORIENTED_EDGE ( 'NONE', *, *, #1730, .T. ) ;
#865 = CARTESIAN_POINT ( 'NONE',  ( 252.0128840485839135, -30.75904794728134206, 6.250989021590409145 ) ) ;
#866 = CARTESIAN_POINT ( 'NONE',  ( 242.7017225509154628, 38.49520929579590245, -1.105886215935214523E-14 ) ) ;
#867 = CARTESIAN_POINT ( 'NONE',  ( 80.74876521989999389, 19.29431604008698997, -2.156097490530264095E-16 ) ) ;
#868 = ORIENTED_EDGE ( 'NONE', *, *, #1010, .T. ) ;
#869 = PRODUCT_DEFINITION ( 'UNKNOWN', '', #1713, #1169 ) ;
#870 = EDGE_CURVE ( 'NONE', #61, #1646, #1554, .T. ) ;
#871 = CARTESIAN_POINT ( 'NONE',  ( 254.4487652200348009, -3.343708208657008907, 6.000000000000029310 ) ) ;
#872 = AXIS2_PLACEMENT_3D ( 'NONE', #2179, #1372, #1231 ) ;
#873 = CARTESIAN_POINT ( 'NONE',  ( 218.7487652200348407, 32.62822315042629384, 5.000000000000009770 ) ) ;
#874 = DIRECTION ( 'NONE',  ( -1.000000000000000000, -0.000000000000000000, -0.000000000000000000 ) ) ;
#875 = ORIENTED_EDGE ( 'NONE', *, *, #1568, .F. ) ;
#876 = CARTESIAN_POINT ( 'NONE',  ( 252.0131597966287416, -30.78004935983661738, -6.114810568685434156 ) ) ;
#877 = CARTESIAN_POINT ( 'NONE',  ( 253.1854761078431864, 38.24688590480637629, -7.050947084548514709 ) ) ;
#878 = ORIENTED_EDGE ( 'NONE', *, *, #306, .F. ) ;
#879 = DIRECTION ( 'NONE',  ( -1.000000000000000000, 0.000000000000000000, 0.000000000000000000 ) ) ;
#880 = VECTOR ( 'NONE', #126, 1000.000000000000000 ) ;
#881 = CARTESIAN_POINT ( 'NONE',  ( 242.7017225509154912, 37.86615710296608484, -7.616286195515096225 ) ) ;
#882 = CARTESIAN_POINT ( 'NONE',  ( 255.4487652200348009, 37.57089500288809347, -11.82832305655141703 ) ) ;
#883 = VERTEX_POINT ( 'NONE', #563 ) ;
#884 = CARTESIAN_POINT ( 'NONE',  ( 249.9284011258283158, -30.86133905648538445, -5.180095419993876682 ) ) ;
#885 = CARTESIAN_POINT ( 'NONE',  ( 255.2389516182915656, -23.38880879960099790, -11.02926432781411847 ) ) ;
#886 = CARTESIAN_POINT ( 'NONE',  ( 252.0130656375070259, 38.83135117853893092, 3.871222431445065837 ) ) ;
#887 = EDGE_CURVE ( 'NONE', #883, #30, #2309, .T. ) ;
#888 = ORIENTED_EDGE ( 'NONE', *, *, #853, .F. ) ;
#889 = FACE_BOUND ( 'NONE', #849, .T. ) ;
#890 = DIRECTION ( 'NONE',  ( -7.186848259333761210E-32, 0.000000000000000000, 1.000000000000000000 ) ) ;
#891 = ORIENTED_EDGE ( 'NONE', *, *, #1363, .F. ) ;
#892 = CARTESIAN_POINT ( 'NONE',  ( 251.9955168289368999, 37.76171159398102617, -9.503161214840138982 ) ) ;
#893 = CARTESIAN_POINT ( 'NONE',  ( 242.7017225509154912, 38.49520929579590245, -3.834120762668374205 ) ) ;
#894 = CARTESIAN_POINT ( 'NONE',  ( 80.74876521989997968, 19.29431604008698997, 1.714821685811063645 ) ) ;
#895 = VERTEX_POINT ( 'NONE', #542 ) ;
#896 = CARTESIAN_POINT ( 'NONE',  ( 255.4487652200348009, -2.571949481575085628, 28.60807205587623514 ) ) ;
#897 = LINE ( 'NONE', #2470, #2198 ) ;
#898 = CARTESIAN_POINT ( 'NONE',  ( 109.1644862542000283, 24.60367456357137428, 2.300842266607703301 ) ) ;
#899 = CARTESIAN_POINT ( 'NONE',  ( 253.4695249115221998, 38.25307238847482694, 7.389109298907594159 ) ) ;
#900 = DIRECTION ( 'NONE',  ( -0.000000000000000000, -0.000000000000000000, 1.000000000000000000 ) ) ;
#901 = EDGE_CURVE ( 'NONE', #540, #362, #1357, .T. ) ;
#902 = CARTESIAN_POINT ( 'NONE',  ( 234.1487652200348748, -5.712230606017273615, 2.000000000000009770 ) ) ;
#903 = VERTEX_POINT ( 'NONE', #1951 ) ;
#904 = CARTESIAN_POINT ( 'NONE',  ( 251.9779672753530519, 38.39694670782579777, -5.495880854418920158 ) ) ;
#905 = DIRECTION ( 'NONE',  ( 7.186848259333761210E-32, -5.857254280169296935E-16, -1.000000000000000000 ) ) ;
#906 = CARTESIAN_POINT ( 'NONE',  ( 248.9009708365210827, -29.30786280482786665, -11.38465124098526182 ) ) ;
#907 = ORIENTED_EDGE ( 'NONE', *, *, #2428, .F. ) ;
#908 = DIRECTION ( 'NONE',  ( 1.226999531788473599E-16, -1.000000000000000000, -1.366692665372836214E-15 ) ) ;
#909 = VECTOR ( 'NONE', #2384, 1000.000000000000000 ) ;
#910 = CARTESIAN_POINT ( 'NONE',  ( 178.1754108449108003, 33.55942750536548402, -5.000000000000073719 ) ) ;
#911 = CARTESIAN_POINT ( 'NONE',  ( 204.8768788227471305, 35.69817259316310754, 7.132179457071078588 ) ) ;
#912 = CARTESIAN_POINT ( 'NONE',  ( 253.5631556577128549, 38.25563466575348315, 7.485705724484767565 ) ) ;
#913 = CARTESIAN_POINT ( 'NONE',  ( 255.4813125676603818, -30.96354233436890979, -9.703774305285875812 ) ) ;
#914 = CARTESIAN_POINT ( 'NONE',  ( 251.8153884026819753, 32.44556073130862472, -5.964032064561894941 ) ) ;
#915 = VERTEX_POINT ( 'NONE', #1565 ) ;
#916 = DIRECTION ( 'NONE',  ( 0.000000000000000000, -5.857254280169296935E-16, -1.000000000000000000 ) ) ;
#917 = CARTESIAN_POINT ( 'NONE',  ( 82.34711255121362683, 19.61040066188874320, -1.749709533906059544 ) ) ;
#918 = CARTESIAN_POINT ( 'NONE',  ( 213.4665277745166350, -30.01287487081623695, -3.732439540496675701 ) ) ;
#919 = ORIENTED_EDGE ( 'NONE', *, *, #2038, .T. ) ;
#920 = EDGE_CURVE ( 'NONE', #757, #1997, #1711, .T. ) ;
#921 = CIRCLE ( 'NONE', #1254, 35.79999999999999716 ) ;
#922 = CYLINDRICAL_SURFACE ( 'NONE', #1318, 29.29999999999999716 ) ;
#923 = CARTESIAN_POINT ( 'NONE',  ( 233.2386360788005106, 37.45007476155608828, 7.523375815245587184 ) ) ;
#924 = FILL_AREA_STYLE_COLOUR ( '', #2210 ) ;
#925 = PLANE ( 'NONE',  #660 ) ;
#926 = VECTOR ( 'NONE', #1608, 1000.000000000000000 ) ;
#927 = CARTESIAN_POINT ( 'NONE',  ( 254.5635246373740301, 31.61138586165229825, -9.095594121376505470 ) ) ;
#928 = ORIENTED_EDGE ( 'NONE', *, *, #2258, .F. ) ;
#929 = CARTESIAN_POINT ( 'NONE',  ( 252.0131597966287416, -30.78004935983661738, -6.114810568685434156 ) ) ;
#930 = CARTESIAN_POINT ( 'NONE',  ( 248.4487652200347725, -32.15067103712305396, -5.000000000000020428 ) ) ;
#931 = CARTESIAN_POINT ( 'NONE',  ( 194.5761133272972074, -28.53846453325522603, 3.569484092308012446 ) ) ;
#932 = ORIENTED_EDGE ( 'NONE', *, *, #1587, .T. ) ;
#933 = CARTESIAN_POINT ( 'NONE',  ( 252.0130177023954730, 38.35993050317340192, -5.743489391825949753 ) ) ;
#934 = EDGE_CURVE ( 'NONE', #345, #244, #1845, .T. ) ;
#935 = CARTESIAN_POINT ( 'NONE',  ( 127.8679960434366336, 26.35217734584053062, 7.729577395340285761 ) ) ;
#936 = CARTESIAN_POINT ( 'NONE',  ( 255.4487652200348009, 37.48691561451369836, 12.00000000000005507 ) ) ;
#937 = CARTESIAN_POINT ( 'NONE',  ( 255.4813125676670325, -31.40890717391761555, 6.896768293502379521 ) ) ;
#938 = DIRECTION ( 'NONE',  ( 1.000000000000000000, 1.226999531788473599E-16, -0.000000000000000000 ) ) ;
#939 = ORIENTED_EDGE ( 'NONE', *, *, #1867, .T. ) ;
#940 = DIRECTION ( 'NONE',  ( -1.000000000000000000, 0.000000000000000000, 0.000000000000000000 ) ) ;
#941 = CARTESIAN_POINT ( 'NONE',  ( 127.8679960434366194, 27.63776564083133280, -2.635730145702930738 ) ) ;
#942 = CARTESIAN_POINT ( 'NONE',  ( 92.31179417100393891, -14.34930237922259977, 2.001263075860403973 ) ) ;
#943 = VERTEX_POINT ( 'NONE', #1986 ) ;
#944 =( BOUNDED_SURFACE ( )  B_SPLINE_SURFACE ( 4, 3, ( 
 ( #469, #886, #2035, #1278 ),
 ( #101, #1627, #2060, #844 ),
 ( #269, #1081, #1871, #2214 ),
 ( #1638, #1054, #1676, #1883 ),
 ( #1457, #2432, #1843, #2458 ),
 ( #687, #2238, #1483, #829 ),
 ( #2265, #496, #2406, #1237 ),
 ( #2483, #127, #923, #1536 ),
 ( #1719, #713, #2097, #1692 ),
 ( #2315, #1921, #547, #1706 ),
 ( #2497, #1909, #1341, #2121 ),
 ( #358, #1130, #911, #700 ),
 ( #2085, #1512, #2471, #738 ),
 ( #2290, #1499, #164, #1525 ),
 ( #1143, #1897, #725, #1933 ),
 ( #1315, #2278, #2302, #947 ),
 ( #322, #334, #535, #153 ),
 ( #113, #511, #523, #935 ),
 ( #1119, #898, #139, #1328 ),
 ( #1305, #2110, #347, #1729 ),
 ( #2508, #1106, #2234, #453 ),
 ( #2412, #2221, #83, #1285 ),
 ( #867, #894, #2044, #1658 ) ),
 .UNSPECIFIED., .F., .F., .F. ) 
 B_SPLINE_SURFACE_WITH_KNOTS ( ( 5, 1, 1, 1, 1, 1, 1, 1, 1, 1, 1, 1, 1, 1, 1, 1, 1, 1, 1, 5 ),
 ( 4, 4 ),
 ( 0.4200582518209835525, 0.4220900811240494432, 0.4320217849040678404, 0.4419534886840863486, 0.4518851923283230265, 0.4618168959725598155, 0.4816803032610331714, 0.5015437100684431160, 0.5214071168758531716, 0.5412705253307310560, 0.5611339337856089404, 0.6008607472116037629, 0.6405875605995875466, 0.6604509692705758939, 0.6803143779415642411, 0.7200411898038450165, 0.8392216328775308209, 0.8789484479343793177, 0.8988118599918705209, 0.9176023040213597826 ),
 ( 0.000000000000000000, 1.000000000000000000 ),
 .UNSPECIFIED. ) 
 GEOMETRIC_REPRESENTATION_ITEM ( )  RATIONAL_B_SPLINE_SURFACE ( (
 ( 1.000000000000000000, 0.9909661461670667970, 0.9909661461670667970, 1.000000000000000000),
 ( 1.000000000000000000, 0.9909661461670667970, 0.9909661461670667970, 1.000000000000000000),
 ( 1.000000000000000000, 0.9909661461670667970, 0.9909661461670667970, 1.000000000000000000),
 ( 1.000000000000000000, 0.9909661461670667970, 0.9909661461670667970, 1.000000000000000000),
 ( 1.000000000000000000, 0.9909661461670667970, 0.9909661461670667970, 1.000000000000000000),
 ( 1.000000000000000000, 0.9909661461670667970, 0.9909661461670667970, 1.000000000000000000),
 ( 1.000000000000000000, 0.9909661461670667970, 0.9909661461670667970, 1.000000000000000000),
 ( 1.000000000000000000, 0.9909661461670667970, 0.9909661461670667970, 1.000000000000000000),
 ( 1.000000000000000000, 0.9909661461670667970, 0.9909661461670667970, 1.000000000000000000),
 ( 1.000000000000000000, 0.9909661461670667970, 0.9909661461670667970, 1.000000000000000000),
 ( 1.000000000000000000, 0.9909661461670667970, 0.9909661461670667970, 1.000000000000000000),
 ( 1.000000000000000000, 0.9909661461670667970, 0.9909661461670667970, 1.000000000000000000),
 ( 1.000000000000000000, 0.9909661461670667970, 0.9909661461670667970, 1.000000000000000000),
 ( 1.000000000000000000, 0.9909661461670667970, 0.9909661461670667970, 1.000000000000000000),
 ( 1.000000000000000000, 0.9909661461670667970, 0.9909661461670667970, 1.000000000000000000),
 ( 1.000000000000000000, 0.9909661461670667970, 0.9909661461670667970, 1.000000000000000000),
 ( 1.000000000000000000, 0.9909661461670667970, 0.9909661461670667970, 1.000000000000000000),
 ( 1.000000000000000000, 0.9909661461670667970, 0.9909661461670667970, 1.000000000000000000),
 ( 1.000000000000000000, 0.9909661461670667970, 0.9909661461670667970, 1.000000000000000000),
 ( 1.000000000000000000, 0.9909661461670667970, 0.9909661461670667970, 1.000000000000000000),
 ( 1.000000000000000000, 0.9909661461670667970, 0.9909661461670667970, 1.000000000000000000),
 ( 1.000000000000000000, 0.9909661461670667970, 0.9909661461670667970, 1.000000000000000000),
 ( 1.000000000000000000, 0.9909661461670667970, 0.9909661461670667970, 1.000000000000000000) ) ) 
 REPRESENTATION_ITEM ( '' )  SURFACE ( )  );
#945 = DIRECTION ( 'NONE',  ( 1.000000000000000000, 1.226999531788473599E-16, -0.000000000000000000 ) ) ;
#946 = ADVANCED_FACE ( 'NONE', ( #2176 ), #1786, .T. ) ;
#947 = CARTESIAN_POINT ( 'NONE',  ( 163.7338019912481570, 30.78088997959583750, 9.244661166368240757 ) ) ;
#948 = ADVANCED_FACE ( 'NONE', ( #991 ), #2164, .T. ) ;
#949 = CARTESIAN_POINT ( 'NONE',  ( 252.6236137057298379, 38.24952791386196793, 6.650741640703532020 ) ) ;
#950 = CARTESIAN_POINT ( 'NONE',  ( 255.4813125676670325, -32.20160493143801261, 1.900623169559065628 ) ) ;
#951 = CARTESIAN_POINT ( 'NONE',  ( 249.4633221437485417, 32.60083698300795163, 5.166684862533283074 ) ) ;
#952 = ORIENTED_EDGE ( 'NONE', *, *, #554, .T. ) ;
#954 = DIRECTION ( 'NONE',  ( 0.000000000000000000, 1.000000000000000000, 0.000000000000000000 ) ) ;
#953 = AXIS2_PLACEMENT_3D ( 'NONE', #1461, #472, #1268 ) ;
#955 = CARTESIAN_POINT ( 'NONE',  ( 247.4487652200347725, -25.11223060601727397, 4.999999999999976019 ) ) ;
#956 = CARTESIAN_POINT ( 'NONE',  ( 233.2386360788005106, -28.68626748148218297, 11.17063454319329097 ) ) ;
#957 = VERTEX_POINT ( 'NONE', #1809 ) ;
#958 = CARTESIAN_POINT ( 'NONE',  ( 253.7914224369039005, -24.47641023822485451, -7.830243982459314189 ) ) ;
#959 = CARTESIAN_POINT ( 'NONE',  ( 254.4487652200348009, -19.10315041623879750, 27.55009931178972948 ) ) ;
#960 = AXIS2_PLACEMENT_3D ( 'NONE', #1099, #476, #2091 ) ;
#961 = CARTESIAN_POINT ( 'NONE',  ( 177.6021717918130491, -25.91055916696982564, 4.999999999999976019 ) ) ;
#962 = CARTESIAN_POINT ( 'NONE',  ( 255.4813125676670325, -31.61275260825589228, -5.611989368438853099 ) ) ;
#963 = CARTESIAN_POINT ( 'NONE',  ( 251.5824052033672160, 32.43712380741077794, 6.001117099075041317 ) ) ;
#964 = ADVANCED_FACE ( 'NONE', ( #19 ), #399, .F. ) ;
#965 = ORIENTED_EDGE ( 'NONE', *, *, #2177, .T. ) ;
#966 = DIRECTION ( 'NONE',  ( -0.000000000000000000, 1.000000000000000000, -2.098726502488182543E-16 ) ) ;
#967 = DIRECTION ( 'NONE',  ( 7.186848259333761210E-32, -5.857254280169296935E-16, -1.000000000000000000 ) ) ;
#968 = DIRECTION ( 'NONE',  ( -1.000000000000000000, 0.000000000000000000, -0.000000000000000000 ) ) ;
#969 = ORIENTED_EDGE ( 'NONE', *, *, #2258, .T. ) ;
#970 = CARTESIAN_POINT ( 'NONE',  ( 253.6823015684002200, -24.51564440858585314, -7.687128267497034706 ) ) ;
#971 = FACE_OUTER_BOUND ( 'NONE', #1925, .T. ) ;
#972 = VECTOR ( 'NONE', #1472, 1000.000000000000000 ) ;
#973 =( NAMED_UNIT ( * ) SI_UNIT ( $, .STERADIAN. ) SOLID_ANGLE_UNIT ( ) );
#974 = CARTESIAN_POINT ( 'NONE',  ( 255.4487652200348009, 33.24901338478017720, 12.00000000000004974 ) ) ;
#975 = CARTESIAN_POINT ( 'NONE',  ( 250.8364384077305544, 32.50688379272973805, 5.656456213334566385 ) ) ;
#976 = ORIENTED_EDGE ( 'NONE', *, *, #1649, .F. ) ;
#977 = DIRECTION ( 'NONE',  ( 1.000000000000000000, 1.226999531788473599E-16, 0.000000000000000000 ) ) ;
#978 = B_SPLINE_CURVE_WITH_KNOTS ( 'NONE', 3,
 ( #500, #1502, #2100, #1134 ),
 .UNSPECIFIED., .F., .F.,
 ( 4, 4 ),
 ( 0.000000000000000000, 1.000000000000000000 ),
 .UNSPECIFIED. ) ;
#979 = ADVANCED_FACE ( 'NONE', ( #1004 ), #1592, .T. ) ;
#980 = CARTESIAN_POINT ( 'NONE',  ( 255.4487652200348009, -22.53599084597570368, 11.99999999999997691 ) ) ;
#981 = CARTESIAN_POINT ( 'NONE',  ( 252.0128840485839135, -30.75904794728134206, 6.250989021590409145 ) ) ;
#982 = EDGE_LOOP ( 'NONE', ( #2017, #157 ) ) ;
#983 = CARTESIAN_POINT ( 'NONE',  ( 254.4487652200348009, -3.343708208657008907, 6.000000000000029310 ) ) ;
#984 = CIRCLE ( 'NONE', #1401, 15.53631976788249425 ) ;
#985 = CARTESIAN_POINT ( 'NONE',  ( 252.0130656375133071, 36.94314640412949302, -11.35279855838664886 ) ) ;
#986 = DIRECTION ( 'NONE',  ( 0.000000000000000000, -1.000000000000000000, 1.088831859434453114E-16 ) ) ;
#987 = CARTESIAN_POINT ( 'NONE',  ( 255.4253990675114494, 38.96449002752848401, 6.502825505494625347 ) ) ;
#988 = FACE_OUTER_BOUND ( 'NONE', #1077, .T. ) ;
#989 = AXIS2_PLACEMENT_3D ( 'NONE', #1999, #2372, #1397 ) ;
#990 = ORIENTED_EDGE ( 'NONE', *, *, #1663, .F. ) ;
#991 = FACE_OUTER_BOUND ( 'NONE', #552, .T. ) ;
#992 = FACE_OUTER_BOUND ( 'NONE', #1873, .T. ) ;
#993 = CARTESIAN_POINT ( 'NONE',  ( 255.4487652200348009, -19.27567659244249754, 26.50000000000003197 ) ) ;
#994 = AXIS2_PLACEMENT_3D ( 'NONE', #435, #1434, #1199 ) ;
#995 = ORIENTED_EDGE ( 'NONE', *, *, #2144, .F. ) ;
#996 = CARTESIAN_POINT ( 'NONE',  ( 255.4813125676670325, 39.12874515266494768, -5.611989368438708325 ) ) ;
#997 = CARTESIAN_POINT ( 'NONE',  ( 251.8369527184831611, 36.93782455156087252, -11.35097792717272647 ) ) ;
#998 = ADVANCED_FACE ( 'NONE', ( #1174 ), #2202, .F. ) ;
#999 = ORIENTED_EDGE ( 'NONE', *, *, #2196, .F. ) ;
#1000 = DIRECTION ( 'NONE',  ( 1.226999531788473599E-16, -1.000000000000000000, 0.000000000000000000 ) ) ;
#1001 = CARTESIAN_POINT ( 'NONE',  ( 255.4487652200348009, 39.64307337357113425, 5.000000000000062172 ) ) ;
#1002 = CARTESIAN_POINT ( 'NONE',  ( 253.1096500370380511, 32.19628925223010185, 7.053648407811858867 ) ) ;
#1003 = ORIENTED_EDGE ( 'NONE', *, *, #1867, .F. ) ;
#1004 = FACE_OUTER_BOUND ( 'NONE', #1098, .T. ) ;
#1005 = CARTESIAN_POINT ( 'NONE',  ( 80.74876521989999389, 18.46776282133422953, 5.000000000000034639 ) ) ;
#1006 = LINE ( 'NONE', #2541, #926 ) ;
#1007 = ORIENTED_EDGE ( 'NONE', *, *, #2496, .T. ) ;
#1008 = CARTESIAN_POINT ( 'NONE',  ( 255.4813125676670325, 38.92489971837647289, 6.896768293415457940 ) ) ;
#1009 = VERTEX_POINT ( 'NONE', #602 ) ;
#1010 = EDGE_CURVE ( 'NONE', #226, #1165, #1620, .T. ) ;
#1011 = B_SPLINE_CURVE_WITH_KNOTS ( 'NONE', 3,
 ( #1425, #628, #1595, #225 ),
 .UNSPECIFIED., .F., .F.,
 ( 4, 4 ),
 ( 0.000000000000000000, 1.000000000000000000 ),
 .UNSPECIFIED. ) ;
#1012 = CARTESIAN_POINT ( 'NONE',  ( 259.4487652200347725, 36.65799627220452095, -1.350896971193214591E-14 ) ) ;
#1013 = CARTESIAN_POINT ( 'NONE',  ( 255.4487652200348009, 30.05198339038470579, 12.00000000000004974 ) ) ;
#1014 = ORIENTED_EDGE ( 'NONE', *, *, #2116, .T. ) ;
#1015 = CARTESIAN_POINT ( 'NONE',  ( 259.4487652200347725, 22.35799627220447761, -1.000000000000051292 ) ) ;
#1016 = DIRECTION ( 'NONE',  ( 1.000000000000000000, 1.226999531788473599E-16, 0.000000000000000000 ) ) ;
#1017 = CARTESIAN_POINT ( 'NONE',  ( 255.4487652200348009, 32.62822315042629384, 5.000000000000054179 ) ) ;
#1018 = ORIENTED_EDGE ( 'NONE', *, *, #306, .T. ) ;
#1019 = CARTESIAN_POINT ( 'NONE',  ( 255.4487652200348009, 38.68307442799805784, -8.336775327000433222 ) ) ;
#1020 = CARTESIAN_POINT ( 'NONE',  ( 250.2842334452536477, -25.02989032468311947, 5.454170063238169774 ) ) ;
#1021 = VERTEX_POINT ( 'NONE', #1799 ) ;
#1022 = EDGE_CURVE ( 'NONE', #895, #1148, #380, .T. ) ;
#1023 = EDGE_CURVE ( 'NONE', #1710, #915, #1229, .T. ) ;
#1024 = CARTESIAN_POINT ( 'NONE',  ( 248.4487652200347725, -25.11223060601727042, -5.000000000000023981 ) ) ;
#1025 = CARTESIAN_POINT ( 'NONE',  ( 247.4487652200347725, 36.44604337917569126, 5.000000000000058620 ) ) ;
#1026 = EDGE_CURVE ( 'NONE', #1193, #1710, #1214, .T. ) ;
#1027 = ORIENTED_EDGE ( 'NONE', *, *, #1568, .T. ) ;
#1028 = DIRECTION ( 'NONE',  ( 1.000000000000000000, 1.226999531788473599E-16, -0.000000000000000000 ) ) ;
#1029 = CARTESIAN_POINT ( 'NONE',  ( 245.1987652200347725, -14.84200372779552879, -1.000000000000029532 ) ) ;
#1030 = VECTOR ( 'NONE', #2307, 1000.000000000000000 ) ;
#1031 = ORIENTED_EDGE ( 'NONE', *, *, #1633, .T. ) ;
#1032 = CARTESIAN_POINT ( 'NONE',  ( 255.4487652200348009, 39.70435743341788282, -1.899923374943301990 ) ) ;
#1033 = CARTESIAN_POINT ( 'NONE',  ( 233.2386360788005106, 38.07145320409016875, -9.324138683375338132E-15 ) ) ;
#1034 = ORIENTED_EDGE ( 'NONE', *, *, #1793, .F. ) ;
#1035 = AXIS2_PLACEMENT_3D ( 'NONE', #1038, #88, #1857 ) ;
#1036 = B_SPLINE_CURVE_WITH_KNOTS ( 'NONE', 3,
 ( #740, #141, #1934, #1743 ),
 .UNSPECIFIED., .F., .F.,
 ( 4, 4 ),
 ( 0.000000000000000000, 1.000000000000000000 ),
 .UNSPECIFIED. ) ;
#1037 = CARTESIAN_POINT ( 'NONE',  ( 248.4487652200347725, -27.02017091750820654, -5.000000000000023093 ) ) ;
#1038 = CARTESIAN_POINT ( 'NONE',  ( 255.4487652200348009, 3.757996272204518817, -1.350896971193214591E-14 ) ) ;
#1039 = CARTESIAN_POINT ( 'NONE',  ( 249.4699033214866404, 38.35462388302243397, 5.225981296631918127 ) ) ;
#1040 = CYLINDRICAL_SURFACE ( 'NONE', #51, 1.600000000000000755 ) ;
#1041 =( BOUNDED_SURFACE ( )  B_SPLINE_SURFACE ( 2, 3, ( 
 ( #537, #325, #937, #1354, #950, #181, #962, #155, #2099, #913 ),
 ( #1755, #1708, #550, #1145, #1121, #1343, #1132, #1923, #768, #2282 ),
 ( #1539, #1109, #1911, #1935, #2486, #337, #1733, #513, #1307, #741 ),
 ( #2112, #715, #1744, #1514, #2523, #2293, #526, #1319, #142, #193 ),
 ( #1420, #1171, #1601, #2186, #16, #1982, #395, #611, #2, #2161 ),
 ( #817, #2200, #1181, #384, #1817, #1796, #1226, #433, #1562, #40 ),
 ( #50, #1589, #572, #28, #1614, #2391, #779, #2367, #805, #1996 ) ),
 .UNSPECIFIED., .F., .F., .T. ) 
 B_SPLINE_SURFACE_WITH_KNOTS ( ( 3, 2, 2, 3 ),
 ( 4, 3, 3, 4 ),
 ( -0.01000000000000000021, 0.000000000000000000, 1.000000000000000000, 1.010099999999999998 ),
 ( 2.875301205918030067, 2.984242386299749583, 3.298942920879841534, 3.414595471990002906 ),
 .UNSPECIFIED. ) 
 GEOMETRIC_REPRESENTATION_ITEM ( )  RATIONAL_B_SPLINE_SURFACE ( (
 ( 1.000000000000000000, 1.000000000000000000, 1.000000000000000000, 1.000000000000000000, 1.000000000000000000, 1.000000000000000000, 1.000000000000000000, 1.000000000000000000, 1.000000000000000000, 1.000000000000000000),
 ( 1.000000000000000000, 1.000000000000000000, 1.000000000000000000, 1.000000000000000000, 1.000000000000000000, 1.000000000000000000, 1.000000000000000000, 1.000000000000000000, 1.000000000000000000, 1.000000000000000000),
 ( 1.000000000000000000, 1.000000000000000000, 1.000000000000000000, 1.000000000000000000, 1.000000000000000000, 1.000000000000000000, 1.000000000000000000, 1.000000000000000000, 1.000000000000000000, 1.000000000000000000),
 ( 0.9844642711164589555, 0.9844642711164589555, 0.9844642711164589555, 0.9844642711164589555, 0.9844642711164589555, 0.9844642711164589555, 0.9844642711164589555, 0.9844642711164589555, 0.9844642711164589555, 0.9844642711164589555),
 ( 1.000000000000000000, 1.000000000000000000, 1.000000000000000000, 1.000000000000000000, 1.000000000000000000, 1.000000000000000000, 1.000000000000000000, 1.000000000000000000, 1.000000000000000000, 1.000000000000000000),
 ( 1.000000000000000000, 1.000000000000000000, 1.000000000000000000, 1.000000000000000000, 1.000000000000000000, 1.000000000000000000, 1.000000000000000000, 1.000000000000000000, 1.000000000000000000, 1.000000000000000000),
 ( 1.000000000000000000, 1.000000000000000000, 1.000000000000000000, 1.000000000000000000, 1.000000000000000000, 1.000000000000000000, 1.000000000000000000, 1.000000000000000000, 1.000000000000000000, 1.000000000000000000) ) ) 
 REPRESENTATION_ITEM ( '' )  SURFACE ( )  );
#1042 = VECTOR ( 'NONE', #940, 1000.000000000000000 ) ;
#1043 = EDGE_CURVE ( 'NONE', #2451, #2045, #1629, .T. ) ;
#1044 = FACE_OUTER_BOUND ( 'NONE', #1135, .T. ) ;
#1045 = B_SPLINE_CURVE_WITH_KNOTS ( 'NONE', 3,
 ( #2545, #1206, #2156, #1375, #429, #1219, #1584, #404, #1020, #825, #1571, #1778, #608, #2197, #2402, #2351, #1804, #2376, #2002, #36, #228, #216, #777, #814, #2388, #1980, #1402, #2183, #23 ),
 .UNSPECIFIED., .F., .F.,
 ( 4, 2, 2, 1, 2, 2, 2, 2, 1, 1, 2, 2, 2, 2, 2, 4 ),
 ( 0.000000000000000000, 0.1249999999999907574, 0.1874999999999895361, 0.2187499999999889255, 0.2343749999999852895, 0.2499999999999816258, 0.3749999999999150124, 0.4374999999998817057, 0.4687499999998651634, 0.4843749999998568367, 0.4921874999998580580, 0.4999999999998593347, 0.6249999999998990807, 0.6874999999999147349, 0.7499999999999305000, 1.000000000000000000 ),
 .UNSPECIFIED. ) ;
#1046 = ORIENTED_EDGE ( 'NONE', *, *, #2352, .T. ) ;
#1047 = DIRECTION ( 'NONE',  ( 0.000000000000000000, -5.857254280169296935E-16, -1.000000000000000000 ) ) ;
#1048 = CARTESIAN_POINT ( 'NONE',  ( 174.0044880013145701, 33.46149719480279572, -7.589415207398531038E-15 ) ) ;
#1049 = LINE ( 'NONE', #279, #1983 ) ;
#1050 = ORIENTED_EDGE ( 'NONE', *, *, #508, .T. ) ;
#1051 = AXIS2_PLACEMENT_3D ( 'NONE', #401, #798, #822 ) ;
#1052 = PLANE ( 'NONE',  #592 ) ;
#1053 = CYLINDRICAL_SURFACE ( 'NONE', #506, 1.599999999999997202 ) ;
#1054 = CARTESIAN_POINT ( 'NONE',  ( 248.9009708365228448, 38.72886015031077278, 3.859909981622164921 ) ) ;
#1055 = ORIENTED_EDGE ( 'NONE', *, *, #1975, .F. ) ;
#1056 = CARTESIAN_POINT ( 'NONE',  ( 245.1987652200347725, 22.35799627220447761, -1.000000000000051292 ) ) ;
#1057 = CARTESIAN_POINT ( 'NONE',  ( 238.4004815134872501, 38.31279125987684608, 0.000000000000000000 ) ) ;
#1058 = ORIENTED_EDGE ( 'NONE', *, *, #2130, .F. ) ;
#1059 = EDGE_CURVE ( 'NONE', #2337, #1981, #625, .T. ) ;
#1060 = CARTESIAN_POINT ( 'NONE',  ( 251.9779672753551552, 37.79806270457369521, 9.270473836840059434 ) ) ;
#1061 = ADVANCED_FACE ( 'NONE', ( #245 ), #2009, .F. ) ;
#1062 = CARTESIAN_POINT ( 'NONE',  ( 127.8679960434366194, 27.20532964559466649, -5.235744090086854818 ) ) ;
#1063 = CARTESIAN_POINT ( 'NONE',  ( 252.0130656374999205, -29.40477073103350136, -11.41801686260023452 ) ) ;
#1064 = EDGE_LOOP ( 'NONE', ( #1815, #667, #1282, #1198 ) ) ;
#1065 = CARTESIAN_POINT ( 'NONE',  ( 254.7997883634742209, 38.23681113294116329, -9.635939279543489278 ) ) ;
#1066 = LINE ( 'NONE', #87, #1992 ) ;
#1067 = CARTESIAN_POINT ( 'NONE',  ( 255.4204444978113600, -31.43337869681973729, -6.585377501259276123 ) ) ;
#1068 = AXIS2_PLACEMENT_3D ( 'NONE', #764, #521, #1560 ) ;
#1069 =( LENGTH_UNIT ( ) NAMED_UNIT ( * ) SI_UNIT ( .MILLI., .METRE. ) );
#1070 = CARTESIAN_POINT ( 'NONE',  ( 255.4487652200348009, -25.11223060601727397, 4.999999999999976019 ) ) ;
#1071 = DIRECTION ( 'NONE',  ( 1.000000000000000000, 1.226999531788473599E-16, -0.000000000000000000 ) ) ;
#1072 = LINE ( 'NONE', #1822, #129 ) ;
#1073 = EDGE_LOOP ( 'NONE', ( #2543, #297, #387, #1173 ) ) ;
#1074 = CARTESIAN_POINT ( 'NONE',  ( 251.9779672753139721, 38.18502053338215063, -6.831590351581711573 ) ) ;
#1075 = CARTESIAN_POINT ( 'NONE',  ( 163.7338019912481570, 32.31846798402899879, -7.589415207398531038E-15 ) ) ;
#1076 = CARTESIAN_POINT ( 'NONE',  ( 247.4487652200347725, -27.00811291622592947, 4.999999999999973355 ) ) ;
#1077 = EDGE_LOOP ( 'NONE', ( #1902, #2056, #505, #1222 ) ) ;
#1078 = CARTESIAN_POINT ( 'NONE',  ( 252.0130660540936844, -30.95712179909747519, -4.999998336065507587 ) ) ;
#1079 = EDGE_CURVE ( 'NONE', #1165, #226, #255, .T. ) ;
#1080 = CARTESIAN_POINT ( 'NONE',  ( 80.74876521989999389, -10.95177027692523630, -5.000000000000031974 ) ) ;
#1081 = CARTESIAN_POINT ( 'NONE',  ( 250.7998860354521184, 38.79237769092689092, 3.866920731767966135 ) ) ;
#1082 = B_SPLINE_CURVE_WITH_KNOTS ( 'NONE', 3,
 ( #2151, #1200, #389, #1410 ),
 .UNSPECIFIED., .F., .F.,
 ( 4, 4 ),
 ( 0.000000000000000000, 0.5000002384441512016 ),
 .UNSPECIFIED. ) ;
#1083 = ORIENTED_EDGE ( 'NONE', *, *, #1251, .F. ) ;
#1084 = DIRECTION ( 'NONE',  ( 1.000000000000000000, 1.226999531788473599E-16, 0.000000000000000000 ) ) ;
#1085 = DIRECTION ( 'NONE',  ( 0.000000000000000000, 1.000000000000000000, -5.829043938094109521E-16 ) ) ;
#1086 = ORIENTED_EDGE ( 'NONE', *, *, #615, .F. ) ;
#1087 = LINE ( 'NONE', #1655, #98 ) ;
#1088 = CARTESIAN_POINT ( 'NONE',  ( 184.2848023891560274, 34.51521278756575839, -7.589415207398531038E-15 ) ) ;
#1089 = CARTESIAN_POINT ( 'NONE',  ( 248.9009708365210827, -31.87179898279065426, -3.937892394494193482 ) ) ;
#1090 = ORIENTED_EDGE ( 'NONE', *, *, #2212, .T. ) ;
#1091 = DIRECTION ( 'NONE',  ( 0.000000000000000000, -1.000000000000000000, 1.088831859434453114E-16 ) ) ;
#1092 = CARTESIAN_POINT ( 'NONE',  ( 80.74876521989999389, 3.757996272204497057, 0.000000000000000000 ) ) ;
#1093 = CYLINDRICAL_SURFACE ( 'NONE', #1035, 35.79999999999999716 ) ;
#1094 = EDGE_CURVE ( 'NONE', #1680, #1646, #2357, .T. ) ;
#1095 = DIRECTION ( 'NONE',  ( -1.000000000000000000, -1.226999531788473599E-16, -0.000000000000000000 ) ) ;
#1096 = DIRECTION ( 'NONE',  ( 0.000000000000000000, 0.000000000000000000, -1.000000000000000000 ) ) ;
#1097 = LINE ( 'NONE', #1540, #1030 ) ;
#1098 = EDGE_LOOP ( 'NONE', ( #710, #1213, #1812, #1937 ) ) ;
#1099 = CARTESIAN_POINT ( 'NONE',  ( 218.7487652200348407, 6.928223150426294552, 1.000000000000009548 ) ) ;
#1100 = STYLED_ITEM ( 'NONE', ( #1500 ), #204 ) ;
#1101 = FACE_OUTER_BOUND ( 'NONE', #1309, .T. ) ;
#1102 = CARTESIAN_POINT ( 'NONE',  ( 255.4487652200348009, 37.11425505522751678, -13.00000000000006395 ) ) ;
#1103 = EDGE_LOOP ( 'NONE', ( #2348, #2377, #1112, #1184, #13, #2455, #1494, #2269, #2253, #836 ) ) ;
#1104 = FACE_OUTER_BOUND ( 'NONE', #2442, .T. ) ;
#1105 = CARTESIAN_POINT ( 'NONE',  ( 250.4525574683246703, -25.07279895277322268, -5.246329864971139401 ) ) ;
#1106 = CARTESIAN_POINT ( 'NONE',  ( 85.63641212201913788, 20.25385931186112387, 1.820731298608422088 ) ) ;
#1107 = B_SPLINE_CURVE_WITH_KNOTS ( 'NONE', 3,
 ( #2354, #584, #206, #987, #1805, #1782, #792, #1265 ),
 .UNSPECIFIED., .F., .F.,
 ( 4, 2, 2, 4 ),
 ( 0.000000000000000000, 0.001133850399801046051, 0.002267700799602092102, 0.004535401599204185938 ),
 .UNSPECIFIED. ) ;
#1108 = CARTESIAN_POINT ( 'NONE',  ( 253.0423355521704138, 38.24699690327036450, 6.992112836255056862 ) ) ;
#1109 = CARTESIAN_POINT ( 'NONE',  ( 255.4487652200348009, -31.19218861652285923, 8.178534837210026609 ) ) ;
#1110 = CARTESIAN_POINT ( 'NONE',  ( 254.2237261194779592, 31.81700713669699354, -8.449052341878285688 ) ) ;
#1111 = EDGE_CURVE ( 'NONE', #1727, #345, #2306, .T. ) ;
#1112 = ORIENTED_EDGE ( 'NONE', *, *, #1332, .T. ) ;
#1113 = CARTESIAN_POINT ( 'NONE',  ( 254.5626702357365332, -30.77948804385992077, 8.778296081727587463 ) ) ;
#1114 = CARTESIAN_POINT ( 'NONE',  ( 80.74876521989997968, 19.29431604008698997, -1.714821685811071417 ) ) ;
#1115 = CARTESIAN_POINT ( 'NONE',  ( 92.31179417100396734, -13.04629298033861140, -5.785755393414991232 ) ) ;
#1116 = VERTEX_POINT ( 'NONE', #1447 ) ;
#1117 = DIRECTION ( 'NONE',  ( 1.000000000000000000, 1.226999531788473599E-16, 0.000000000000000000 ) ) ;
#1118 = AXIS2_PLACEMENT_3D ( 'NONE', #186, #1016, #1976 ) ;
#1119 = CARTESIAN_POINT ( 'NONE',  ( 109.1644862542000283, 24.60367456357137428, -2.892919000375536901E-16 ) ) ;
#1120 = LINE ( 'NONE', #335, #1227 ) ;
#1121 = CARTESIAN_POINT ( 'NONE',  ( 255.4650388938509025, -32.19498491022583408, 1.900273272304851435 ) ) ;
#1122 = CARTESIAN_POINT ( 'NONE',  ( 249.4605003097543090, 32.61782969988389169, -5.061167005281294706 ) ) ;
#1123 = ORIENTED_EDGE ( 'NONE', *, *, #1142, .F. ) ;
#1124 = DIRECTION ( 'NONE',  ( 7.186848259333761210E-32, -5.857254280169296935E-16, -1.000000000000000000 ) ) ;
#1125 = ADVANCED_FACE ( 'NONE', ( #689 ), #1040, .F. ) ;
#1126 = DIRECTION ( 'NONE',  ( -1.335996181722447270E-32, 1.088831859434453237E-16, 1.000000000000000000 ) ) ;
#1127 = CARTESIAN_POINT ( 'NONE',  ( 174.0044880013145701, -24.32743447450443242, -9.669878325533044716 ) ) ;
#1128 = EDGE_LOOP ( 'NONE', ( #1123, #606, #613, #103, #2102 ) ) ;
#1129 = FACE_OUTER_BOUND ( 'NONE', #1257, .T. ) ;
#1130 = CARTESIAN_POINT ( 'NONE',  ( 204.8768788227471305, 36.28724094116824261, 3.590416199897489946 ) ) ;
#1131 = PLANE ( 'NONE',  #2003 ) ;
#1132 = CARTESIAN_POINT ( 'NONE',  ( 255.4650388938509025, -31.60624099244148510, -5.610956223258768638 ) ) ;
#1133 = VECTOR ( 'NONE', #1091, 1000.000000000000000 ) ;
#1134 = CARTESIAN_POINT ( 'NONE',  ( 255.4487652200348009, -29.59826251081848980, -13.00000000000001243 ) ) ;
#1135 = EDGE_LOOP ( 'NONE', ( #545, #1631, #1243, #2231, #1003 ) ) ;
#1136 = LINE ( 'NONE', #758, #307 ) ;
#1137 = DIRECTION ( 'NONE',  ( 0.000000000000000000, 1.000000000000000000, -5.857254280169296935E-16 ) ) ;
#1138 = CARTESIAN_POINT ( 'NONE',  ( 146.6330521319372906, -21.30475217659962084, -8.629161866487555343 ) ) ;
#1139 = ADVANCED_FACE ( 'NONE', ( #104, #2062, #889, #1832, #286 ), #1666, .T. ) ;
#1140 = ORIENTED_EDGE ( 'NONE', *, *, #1510, .F. ) ;
#1141 = LINE ( 'NONE', #959, #78 ) ;
#1142 = EDGE_CURVE ( 'NONE', #1735, #391, #1888, .T. ) ;
#1143 = CARTESIAN_POINT ( 'NONE',  ( 174.0044880013145701, 33.46149719480279572, -4.122188829530400321E-16 ) ) ;
#1144 = CARTESIAN_POINT ( 'NONE',  ( 80.74876521989999389, 18.46776282133422953, 5.000000000000034639 ) ) ;
#1145 = CARTESIAN_POINT ( 'NONE',  ( 255.4650388938509025, -31.60624099244150642, 5.610956223258646069 ) ) ;
#1146 = B_SPLINE_CURVE_WITH_KNOTS ( 'NONE', 3,
 ( #2380, #194, #169, #2188, #1183, #794, #1797, #561, #422, #220, #599, #1355, #2136, #1970, #1002, #183, #373, #2355, #1563, #963, #1158, #17, #975, #1949, #207, #1603, #951, #586, #573 ),
 .UNSPECIFIED., .F., .F.,
 ( 4, 2, 2, 2, 2, 2, 1, 1, 2, 2, 2, 2, 1, 2, 2, 4 ),
 ( 0.000000000000000000, 0.1250000000000274780, 0.1875000000000413836, 0.2500000000000552891, 0.3750000000000879852, 0.4375000000001043610, 0.4687500000001078027, 0.4843750000001045830, 0.4921875000001080247, 0.5000000000001114664, 0.6250000000001133538, 0.6875000000001142419, 0.7187500000001146860, 0.7343750000001086908, 0.7500000000001026956, 1.000000000000000000 ),
 .UNSPECIFIED. ) ;
#1147 = FACE_OUTER_BOUND ( 'NONE', #8, .T. ) ;
#1148 = VERTEX_POINT ( 'NONE', #1681 ) ;
#1149 = DIRECTION ( 'NONE',  ( 1.000000000000000000, 1.226999531788473599E-16, 0.000000000000000000 ) ) ;
#1150 = PLANE ( 'NONE',  #859 ) ;
#1151 = CARTESIAN_POINT ( 'NONE',  ( 85.63641212201912367, -13.04868670554631471, 1.857515840354983627 ) ) ;
#1152 = ORIENTED_EDGE ( 'NONE', *, *, #1885, .T. ) ;
#1153 = CARTESIAN_POINT ( 'NONE',  ( 251.4900189487914588, -24.96334815512456018, -5.794359699697885446 ) ) ;
#1154 = DIRECTION ( 'NONE',  ( 0.000000000000000000, 1.000000000000000000, 0.000000000000000000 ) ) ;
#1155 = EDGE_CURVE ( 'NONE', #1758, #221, #2108, .T. ) ;
#1156 = CARTESIAN_POINT ( 'NONE',  ( 171.1757343242448428, -25.22012812005215210, -5.000000000000031974 ) ) ;
#1157 = LINE ( 'NONE', #2304, #2145 ) ;
#1158 = CARTESIAN_POINT ( 'NONE',  ( 251.3586521417719553, 32.46057379048578895, 5.887559339678699821 ) ) ;
#1159 = ORIENTED_EDGE ( 'NONE', *, *, #1663, .T. ) ;
#1161 = CARTESIAN_POINT ( 'NONE',  ( 172.8987652200347895, -14.84200372779550392, -2.949029909160572061E-14 ) ) ;
#1160 = AXIS2_PLACEMENT_3D ( 'NONE', #197, #977, #1579 ) ;
#1162 = CARTESIAN_POINT ( 'NONE',  ( 255.4487652200348009, -25.73302084037116444, 11.99999999999997691 ) ) ;
#1163 = B_SPLINE_CURVE_WITH_KNOTS ( 'NONE', 3,
 ( #1561, #383, #583, #1377 ),
 .UNSPECIFIED., .F., .F.,
 ( 4, 4 ),
 ( 0.000000000000000000, 1.000000000000000000 ),
 .UNSPECIFIED. ) ;
#1164 = CARTESIAN_POINT ( 'NONE',  ( 184.2848023891559990, -27.57875682819455676, 3.463414841961535817 ) ) ;
#1165 = VERTEX_POINT ( 'NONE', #116 ) ;
#1166 = CARTESIAN_POINT ( 'NONE',  ( 241.4098409641345029, 38.10081762351007484, -5.000000000000070166 ) ) ;
#1167 = CARTESIAN_POINT ( 'NONE',  ( 251.3259063243744720, -30.79923367356824215, 5.866200211498585837 ) ) ;
#1168 = VECTOR ( 'NONE', #1842, 1000.000000000000000 ) ;
#1169 = PRODUCT_DEFINITION_CONTEXT ( 'detailed design', #1212, 'design' ) ;
#1170 = ADVANCED_FACE ( 'NONE', ( #677 ), #651, .F. ) ;
#1171 = CARTESIAN_POINT ( 'NONE',  ( 252.0130663827525552, -30.48279253998176230, 8.012532266912536727 ) ) ;
#1172 = CARTESIAN_POINT ( 'NONE',  ( 254.9506998731084195, 31.28610762596697370, -10.03493769956851445 ) ) ;
#1173 = ORIENTED_EDGE ( 'NONE', *, *, #776, .T. ) ;
#1174 = FACE_OUTER_BOUND ( 'NONE', #575, .T. ) ;
#1175 = LINE ( 'NONE', #1773, #10 ) ;
#1176 = CARTESIAN_POINT ( 'NONE',  ( 252.0130052182385043, -30.89696475009305843, 5.417738441015969464 ) ) ;
#1177 = ORIENTED_EDGE ( 'NONE', *, *, #920, .F. ) ;
#1178 = CARTESIAN_POINT ( 'NONE',  ( 251.5715856718578323, -24.95423078274862050, -5.839494323146589672 ) ) ;
#1179 = FACE_OUTER_BOUND ( 'NONE', #1073, .T. ) ;
#1180 = CARTESIAN_POINT ( 'NONE',  ( 234.1487652200348748, -25.11223060601727397, 5.000000000000009770 ) ) ;
#1181 = CARTESIAN_POINT ( 'NONE',  ( 251.9953413335157961, -30.68187103818580397, 6.754185373852616969 ) ) ;
#1182 = B_SPLINE_CURVE_WITH_KNOTS ( 'NONE', 3,
 ( #1550, #2281, #949, #1108, #1342, #167, #899, #912, #1922, #2329, #536, #1330, #128 ),
 .UNSPECIFIED., .F., .F.,
 ( 4, 2, 2, 1, 2, 2, 4 ),
 ( 0.000000000000000000, 0.2500000000000094924, 0.3750000000000142109, 0.4375000000000025535, 0.4687499999999966693, 0.4999999999999907296, 1.000000000000000000 ),
 .UNSPECIFIED. ) ;
#1183 = CARTESIAN_POINT ( 'NONE',  ( 255.1715802212709434, 31.24300462207012075, 10.15482873478544334 ) ) ;
#1184 = ORIENTED_EDGE ( 'NONE', *, *, #2428, .T. ) ;
#1185 = CARTESIAN_POINT ( 'NONE',  ( 254.4487652200348009, -19.27567659244249754, 6.000000000000031086 ) ) ;
#1186 = EDGE_CURVE ( 'NONE', #803, #265, #2229, .T. ) ;
#1187 = LINE ( 'NONE', #2358, #2473 ) ;
#1188 = FACE_OUTER_BOUND ( 'NONE', #466, .T. ) ;
#1189 = VERTEX_POINT ( 'NONE', #2254 ) ;
#1190 = CARTESIAN_POINT ( 'NONE',  ( 253.7957165220180968, 38.25432598148307051, 6.765258514785549515 ) ) ;
#1191 = AXIS2_PLACEMENT_3D ( 'NONE', #1623, #417, #394 ) ;
#1192 = PLANE ( 'NONE',  #1191 ) ;
#1193 = VERTEX_POINT ( 'NONE', #1056 ) ;
#1194 = B_SPLINE_CURVE_WITH_KNOTS ( 'NONE', 3,
 ( #674, #1870, #1469, #100, #885, #1675, #2457, #686, #1225, #1498, #1764, #580, #1290, #1304, #2338, #1967, #958, #1752, #510, #970, #749, #321, #1559, #2132, #367, #202, #1178, #1153, #763, #309, #1105, #568, #2072 ),
 .UNSPECIFIED., .F., .F.,
 ( 4, 2, 1, 1, 1, 2, 2, 2, 2, 1, 1, 2, 2, 2, 2, 1, 1, 2, 2, 4 ),
 ( 0.000000000000000000, 0.1249999999999950873, 0.1874999999999924505, 0.2187499999999911182, 0.2343749999999903133, 0.2421874999999880096, 0.2499999999999857059, 0.3749999999999698019, 0.4374999999999618638, 0.4687499999999578670, 0.4843749999999558686, 0.4921874999999549805, 0.4999999999999540368, 0.6249999999998939737, 0.6874999999998639977, 0.7187499999998547828, 0.7343749999998501199, 0.7421874999998538946, 0.7499999999998577804, 1.000000000000000000 ),
 .UNSPECIFIED. ) ;
#1195 = DIRECTION ( 'NONE',  ( 0.000000000000000000, 1.000000000000000000, 0.000000000000000000 ) ) ;
#1196 = CARTESIAN_POINT ( 'NONE',  ( 252.0129568993425551, 38.29806298840648537, -6.114673382406481394 ) ) ;
#1197 = DIRECTION ( 'NONE',  ( 0.000000000000000000, 5.829043938094109521E-16, 1.000000000000000000 ) ) ;
#1198 = ORIENTED_EDGE ( 'NONE', *, *, #1541, .T. ) ;
#1199 = DIRECTION ( 'NONE',  ( 0.000000000000000000, 0.000000000000000000, 1.000000000000000000 ) ) ;
#1200 = CARTESIAN_POINT ( 'NONE',  ( 255.4487652200348009, -31.92466012480502258, 3.344258841900740187 ) ) ;
#1201 = DIRECTION ( 'NONE',  ( -0.000000000000000000, -0.000000000000000000, 1.000000000000000000 ) ) ;
#1202 = VECTOR ( 'NONE', #675, 1000.000000000000000 ) ;
#1203 = ORIENTED_EDGE ( 'NONE', *, *, #215, .F. ) ;
#1204 = CARTESIAN_POINT ( 'NONE',  ( 252.0130663827532373, 38.39805384773079311, -5.496056515313099133 ) ) ;
#1205 = ADVANCED_FACE ( 'NONE', ( #1694 ), #692, .T. ) ;
#1206 = CARTESIAN_POINT ( 'NONE',  ( 247.9598851956068017, -25.11223060601727752, 4.999999999999976019 ) ) ;
#1207 = ORIENTED_EDGE ( 'NONE', *, *, #1974, .F. ) ;
#1208 = CARTESIAN_POINT ( 'NONE',  ( 255.4487652200348009, -22.97194948157508421, 11.99999999999997691 ) ) ;
#1209 = VECTOR ( 'NONE', #879, 1000.000000000000000 ) ;
#1210 = CARTESIAN_POINT ( 'NONE',  ( 255.4487652200348009, 39.64307337357112715, 12.00000000000006217 ) ) ;
#1211 = CARTESIAN_POINT ( 'NONE',  ( 255.0004033891095219, 31.23168326365222924, -10.18270686780144096 ) ) ;
#1212 = APPLICATION_CONTEXT ( 'automotive_design' ) ;
#1213 = ORIENTED_EDGE ( 'NONE', *, *, #458, .F. ) ;
#1214 = LINE ( 'NONE', #1015, #299 ) ;
#1215 = CARTESIAN_POINT ( 'NONE',  ( 156.7311877982203043, 31.03351036255812545, 5.000000000000054179 ) ) ;
#1216 = CARTESIAN_POINT ( 'NONE',  ( 219.4487652200347725, 36.65799627220451384, -1.350896971193214591E-14 ) ) ;
#1217 = ORIENTED_EDGE ( 'NONE', *, *, #759, .F. ) ;
#1218 = CARTESIAN_POINT ( 'NONE',  ( 255.4813125676670325, 39.71759747584188460, -1.900623169449650707 ) ) ;
#1219 = CARTESIAN_POINT ( 'NONE',  ( 249.8061363316986956, -25.05695851972720334, 5.309366061173188989 ) ) ;
#1220 = EDGE_CURVE ( 'NONE', #1735, #439, #2050, .T. ) ;
#1221 = EDGE_CURVE ( 'NONE', #1368, #1824, #703, .T. ) ;
#1222 = ORIENTED_EDGE ( 'NONE', *, *, #853, .T. ) ;
#1223 = ADVANCED_FACE ( 'NONE', ( #2025 ), #258, .F. ) ;
#1224 = ADVANCED_FACE ( 'NONE', ( #2499 ), #925, .F. ) ;
#1225 = CARTESIAN_POINT ( 'NONE',  ( 255.0379267511960677, -23.67213588841240224, -10.29945320719358826 ) ) ;
#1226 = CARTESIAN_POINT ( 'NONE',  ( 251.9953413335161372, -30.88150219766971105, -5.495967806561679936 ) ) ;
#1227 = VECTOR ( 'NONE', #1731, 1000.000000000000000 ) ;
#1228 = ORIENTED_EDGE ( 'NONE', *, *, #759, .T. ) ;
#1229 = LINE ( 'NONE', #809, #2436 ) ;
#1230 = CARTESIAN_POINT ( 'NONE',  ( 127.8679960434366336, 27.63776564083132925, 0.000000000000000000 ) ) ;
#1231 = DIRECTION ( 'NONE',  ( 0.000000000000000000, 1.000000000000000000, 0.000000000000000000 ) ) ;
#1232 = VERTEX_POINT ( 'NONE', #1721 ) ;
#1233 = CARTESIAN_POINT ( 'NONE',  ( 255.4650388938509025, 39.12223353685051563, 5.610956223258853015 ) ) ;
#1234 = CARTESIAN_POINT ( 'NONE',  ( 238.4004815134872501, 38.31279125987683898, -1.105886215935214523E-14 ) ) ;
#1235 = EDGE_LOOP ( 'NONE', ( #1569, #2167, #907, #2266, #132, #1270 ) ) ;
#1236 = CARTESIAN_POINT ( 'NONE',  ( 255.4487652200348009, -27.63793187392812811, 11.99999999999997335 ) ) ;
#1237 = CARTESIAN_POINT ( 'NONE',  ( 238.4004815134872501, 36.45250361278083062, 11.18494731311087165 ) ) ;
#1238 = EDGE_CURVE ( 'NONE', #757, #1454, #1157, .T. ) ;
#1239 = CARTESIAN_POINT ( 'NONE',  ( 247.8506006078421819, 38.33059961269088944, 5.000000000000061284 ) ) ;
#1240 = DIRECTION ( 'NONE',  ( 0.000000000000000000, 1.000000000000000000, 0.000000000000000000 ) ) ;
#1241 = CARTESIAN_POINT ( 'NONE',  ( 252.0130656374876992, -31.43558569780524081, 1.678092915001797358 ) ) ;
#1242 = VECTOR ( 'NONE', #2051, 1000.000000000000000 ) ;
#1243 = ORIENTED_EDGE ( 'NONE', *, *, #1155, .T. ) ;
#1244 = DIRECTION ( 'NONE',  ( -0.000000000000000000, -0.000000000000000000, 1.000000000000000000 ) ) ;
#1245 = CARTESIAN_POINT ( 'NONE',  ( 250.7998860354552448, 38.79237769092699040, -3.866920731768000330 ) ) ;
#1246 = CARTESIAN_POINT ( 'NONE',  ( 247.4487652200347441, -28.90399522643455654, 4.999999999999970690 ) ) ;
#1247 = EDGE_LOOP ( 'NONE', ( #684, #1827, #2374, #2531, #37, #1386, #2312, #2333, #1463, #201, #1152, #939, #567, #976 ) ) ;
#1248 = CARTESIAN_POINT ( 'NONE',  ( 255.4487652200348009, 39.20711406974115931, -5.000004737634848873 ) ) ;
#1249 = LINE ( 'NONE', #2033, #2034 ) ;
#1250 = CARTESIAN_POINT ( 'NONE',  ( 252.0130656375008016, 38.83135117853872487, 1.673791590172639010 ) ) ;
#1251 = EDGE_CURVE ( 'NONE', #1735, #2288, #765, .T. ) ;
#1252 = CARTESIAN_POINT ( 'NONE',  ( 249.6146395104811120, 38.35428052069203630, 5.261235968558688469 ) ) ;
#1253 = CARTESIAN_POINT ( 'NONE',  ( 248.4487652200347725, 32.92661387598069211, -5.000000000000058620 ) ) ;
#1254 = AXIS2_PLACEMENT_3D ( 'NONE', #720, #2345, #363 ) ;
#1255 = CARTESIAN_POINT ( 'NONE',  ( 254.6558751646140308, 38.24550240638748022, -9.281073280674227988 ) ) ;
#1256 = AXIS2_PLACEMENT_3D ( 'NONE', #1393, #1197, #271 ) ;
#1257 = EDGE_LOOP ( 'NONE', ( #2505, #618, #434, #1880 ) ) ;
#1258 = CARTESIAN_POINT ( 'NONE',  ( 253.2004344394049440, -30.72739378310341962, 7.087528514529583212 ) ) ;
#1259 = CARTESIAN_POINT ( 'NONE',  ( 194.5761133272972074, 33.75061894744465008, -10.26061964812782357 ) ) ;
#1260 = CARTESIAN_POINT ( 'NONE',  ( 246.1451821891216980, -29.21431607373901329, 11.35244288657042944 ) ) ;
#1261 = ORIENTED_EDGE ( 'NONE', *, *, #369, .T. ) ;
#1262 = VECTOR ( 'NONE', #2193, 1000.000000000000000 ) ;
#1263 = CARTESIAN_POINT ( 'NONE',  ( 254.4487652200348009, -20.47194948157508421, 5.000000000000036415 ) ) ;
#1264 = CARTESIAN_POINT ( 'NONE',  ( 255.4487652200348009, -25.30494067775160616, 11.99999999999997335 ) ) ;
#1265 = CARTESIAN_POINT ( 'NONE',  ( 254.8797228177259626, 38.29993401470898817, 9.407153501083366010 ) ) ;
#1266 = B_SPLINE_CURVE_WITH_KNOTS ( 'NONE', 3,
 ( #1102, #882, #656, #643 ),
 .UNSPECIFIED., .F., .F.,
 ( 4, 4 ),
 ( 0.000000000000000000, 1.000000000000000000 ),
 .UNSPECIFIED. ) ;
#1267 = CARTESIAN_POINT ( 'NONE',  ( 250.5986290381700883, 38.34774782167348661, 5.524737989173005737 ) ) ;
#1268 = DIRECTION ( 'NONE',  ( -1.226999531788473599E-16, 1.000000000000000000, 0.000000000000000000 ) ) ;
#1269 = CARTESIAN_POINT ( 'NONE',  ( 234.1487652200348748, -25.11223060601727397, 2.000000000000009770 ) ) ;
#1270 = ORIENTED_EDGE ( 'NONE', *, *, #385, .F. ) ;
#1271 = CARTESIAN_POINT ( 'NONE',  ( 254.8797228178664227, -30.78394147021603899, 9.407153501391400496 ) ) ;
#1272 = EDGE_CURVE ( 'NONE', #2069, #1628, #2016, .T. ) ;
#1273 = CARTESIAN_POINT ( 'NONE',  ( 174.0044880013145985, 33.46149719480280282, -3.278524662699000114 ) ) ;
#1274 = DIRECTION ( 'NONE',  ( 1.000000000000000000, 1.226999531788473599E-16, 0.000000000000000000 ) ) ;
#1275 = ORIENTED_EDGE ( 'NONE', *, *, #338, .T. ) ;
#1276 = CARTESIAN_POINT ( 'NONE',  ( 250.2356944552370805, -30.85909478884148172, -5.264542139608506588 ) ) ;
#1277 = DIRECTION ( 'NONE',  ( 7.186848259333761210E-32, -5.857254280169296935E-16, -1.000000000000000000 ) ) ;
#1278 = CARTESIAN_POINT ( 'NONE',  ( 252.0130656375070259, 36.94314640412930828, 11.35279855838654228 ) ) ;
#1279 = CARTESIAN_POINT ( 'NONE',  ( 259.4487652200347725, -25.11223060601727042, -5.000000000000023981 ) ) ;
#1280 = DIRECTION ( 'NONE',  ( 0.000000000000000000, 1.000000000000000000, 0.000000000000000000 ) ) ;
#1281 = DIRECTION ( 'NONE',  ( 1.000000000000000000, 1.226999531788473599E-16, 0.000000000000000000 ) ) ;
#1282 = ORIENTED_EDGE ( 'NONE', *, *, #755, .T. ) ;
#1283 = CARTESIAN_POINT ( 'NONE',  ( 252.0130663827532373, 38.39805384773075758, 5.496056515313329172 ) ) ;
#1284 = CARTESIAN_POINT ( 'NONE',  ( 250.7998860354552733, 38.79237769092699040, -1.105886215935214523E-14 ) ) ;
#1285 = CARTESIAN_POINT ( 'NONE',  ( 82.34711255121361262, 18.75697258994037853, 5.131221526505997055 ) ) ;
#1286 = ADVANCED_FACE ( 'NONE', ( #1551 ), #2535, .T. ) ;
#1287 = ORIENTED_EDGE ( 'NONE', *, *, #1332, .F. ) ;
#1288 = CARTESIAN_POINT ( 'NONE',  ( 219.4487652200347725, 35.05799627220451953, -1.350896971193214591E-14 ) ) ;
#1289 = VECTOR ( 'NONE', #318, 1000.000000000000000 ) ;
#1290 = CARTESIAN_POINT ( 'NONE',  ( 254.3381907608313099, -24.23181207184819996, -8.666703438723546427 ) ) ;
#1291 = CARTESIAN_POINT ( 'NONE',  ( 255.4487457666288037, -31.63483981514597687, -5.399031998811098632 ) ) ;
#1292 = ORIENTED_EDGE ( 'NONE', *, *, #1852, .T. ) ;
#1293 = CARTESIAN_POINT ( 'NONE',  ( 252.0130064656841000, -30.90349384874112815, -5.372477599181953778 ) ) ;
#1294 = DIRECTION ( 'NONE',  ( 1.000000000000000000, 1.226999531788473599E-16, 0.000000000000000000 ) ) ;
#1295 = ORIENTED_EDGE ( 'NONE', *, *, #38, .T. ) ;
#1296 = CARTESIAN_POINT ( 'NONE',  ( 252.0130663827552269, 37.79915070277991873, 9.270770142340207798 ) ) ;
#1297 = VECTOR ( 'NONE', #553, 1000.000000000000000 ) ;
#1298 = DIRECTION ( 'NONE',  ( 0.000000000000000000, -1.000000000000000000, 1.088831859434453237E-16 ) ) ;
#1299 = CARTESIAN_POINT ( 'NONE',  ( 259.4487652200347725, -2.571949481575085183, 4.999999999999976019 ) ) ;
#1300 = ORIENTED_EDGE ( 'NONE', *, *, #2159, .F. ) ;
#1301 = ADVANCED_FACE ( 'NONE', ( #729 ), #1041, .T. ) ;
#1302 = EDGE_CURVE ( 'NONE', #351, #2360, #1448, .T. ) ;
#1303 = CARTESIAN_POINT ( 'NONE',  ( 218.7487652200348407, 6.928223150426294552, 1.000000000000009548 ) ) ;
#1304 = CARTESIAN_POINT ( 'NONE',  ( 254.2158577281771841, -24.29573405778549855, -8.457138305333620210 ) ) ;
#1305 = CARTESIAN_POINT ( 'NONE',  ( 92.31179417100396734, 21.53042162035454865, -2.466419478118493817E-16 ) ) ;
#1306 = ADVANCED_FACE ( 'NONE', ( #2172 ), #862, .T. ) ;
#1307 = CARTESIAN_POINT ( 'NONE',  ( 255.4487652200348009, -31.16708188344977515, -8.336775327283534764 ) ) ;
#1308 = CARTESIAN_POINT ( 'NONE',  ( 253.5797445112517039, 32.06643428288704456, -7.557977135939017543 ) ) ;
#1309 = EDGE_LOOP ( 'NONE', ( #479, #723, #786, #815, #1866, #1217, #1763, #1018, #2228, #2501, #24, #1546 ) ) ;
#1310 = CARTESIAN_POINT ( 'NONE',  ( 255.2590844193120461, -30.55724279284966016, 10.23956381538500970 ) ) ;
#1311 = CARTESIAN_POINT ( 'NONE',  ( 80.74876521989999389, 19.29431604008698997, -3.252606517456513302E-15 ) ) ;
#1312 = CARTESIAN_POINT ( 'NONE',  ( 184.2848023891559990, -27.57875682819454966, -3.463414841961613533 ) ) ;
#1313 = ORIENTED_EDGE ( 'NONE', *, *, #1363, .T. ) ;
#1314 = CARTESIAN_POINT ( 'NONE',  ( 248.2597939100508029, -30.82960630895133036, 4.999999999999968026 ) ) ;
#1315 = CARTESIAN_POINT ( 'NONE',  ( 163.7338019912481570, 32.31846798402899879, -3.963561661077876029E-16 ) ) ;
#1316 = EDGE_CURVE ( 'NONE', #1480, #106, #1107, .T. ) ;
#1317 = CARTESIAN_POINT ( 'NONE',  ( 218.7487652200348407, 6.928223150426294552, 1.000000000000009548 ) ) ;
#1318 = AXIS2_PLACEMENT_3D ( 'NONE', #2109, #1728, #1154 ) ;
#1319 = CARTESIAN_POINT ( 'NONE',  ( 253.7957165221310731, -30.72601490656412437, -6.842898656356481979 ) ) ;
#1320 = PLANE ( 'NONE',  #658 ) ;
#1321 = VERTEX_POINT ( 'NONE', #2073 ) ;
#1322 = CARTESIAN_POINT ( 'NONE',  ( 254.4487652200348009, -3.343708208657008907, 26.50000000000003197 ) ) ;
#1323 = CARTESIAN_POINT ( 'NONE',  ( 255.4487652200348009, -25.41062133157160119, -13.00000000000002487 ) ) ;
#1324 = CARTESIAN_POINT ( 'NONE',  ( 233.2386360788004822, -31.20200498014052926, -3.863865117883778844 ) ) ;
#1325 = B_SPLINE_CURVE_WITH_KNOTS ( 'NONE', 3,
 ( #848, #1255, #1641, #2422, #652, #92, #2255, #2039, #863, #1653, #877, #1667, #2450 ),
 .UNSPECIFIED., .F., .F.,
 ( 4, 2, 2, 1, 2, 2, 4 ),
 ( 0.000000000000000000, 0.2499999999999868439, 0.3749999999999711342, 0.4374999999999632516, 0.4687499999999696909, 0.4999999999999765743, 1.000000000000000000 ),
 .UNSPECIFIED. ) ;
#1326 = ORIENTED_EDGE ( 'NONE', *, *, #1023, .T. ) ;
#1327 = PLANE ( 'NONE',  #1835 ) ;
#1328 = CARTESIAN_POINT ( 'NONE',  ( 109.1644862542000283, 23.48142921861701993, 6.747480732505525047 ) ) ;
#1329 = VECTOR ( 'NONE', #273, 1000.000000000000000 ) ;
#1330 = CARTESIAN_POINT ( 'NONE',  ( 254.5886958819662027, 38.30221505746832378, 8.768570623902306238 ) ) ;
#1331 = DIRECTION ( 'NONE',  ( -0.000000000000000000, -1.000000000000000000, 5.829043938094109521E-16 ) ) ;
#1332 = EDGE_CURVE ( 'NONE', #2082, #244, #188, .T. ) ;
#1333 = ADVANCED_FACE ( 'NONE', ( #1444 ), #1470, .F. ) ;
#1334 = CARTESIAN_POINT ( 'NONE',  ( 251.3158315540281365, 32.49787746720313208, -5.701706294895681815 ) ) ;
#1335 = ORIENTED_EDGE ( 'NONE', *, *, #1079, .T. ) ;
#1336 = CARTESIAN_POINT ( 'NONE',  ( 253.0256877916007170, -30.73657874874919216, -6.942772682904188919 ) ) ;
#1337 = CARTESIAN_POINT ( 'NONE',  ( 255.4487652200348009, -19.27567659244249754, 6.000000000000031086 ) ) ;
#1338 = CARTESIAN_POINT ( 'NONE',  ( 109.1644862542000283, -15.95213337028970813, 6.786242915136116771 ) ) ;
#1339 = ORIENTED_EDGE ( 'NONE', *, *, #1495, .T. ) ;
#1340 = VECTOR ( 'NONE', #1277, 1000.000000000000000 ) ;
#1341 = CARTESIAN_POINT ( 'NONE',  ( 213.4665277745166065, 36.30407179982226751, 7.267475575394461096 ) ) ;
#1342 = CARTESIAN_POINT ( 'NONE',  ( 253.1774625334286100, 38.24789279549903398, 7.110539544265424894 ) ) ;
#1343 = CARTESIAN_POINT ( 'NONE',  ( 255.4650388938539720, -32.19498491033314735, -1.900273272307372086 ) ) ;
#1344 = CARTESIAN_POINT ( 'NONE',  ( 251.2577644552629295, 32.50371033054047132, -5.672226110820528078 ) ) ;
#1345 = ORIENTED_EDGE ( 'NONE', *, *, #382, .T. ) ;
#1346 = CYLINDRICAL_SURFACE ( 'NONE', #834, 35.79999999999999716 ) ;
#1347 = CARTESIAN_POINT ( 'NONE',  ( 255.4487652200348009, -25.41062133157156921, -5.000000000000025757 ) ) ;
#1348 = CARTESIAN_POINT ( 'NONE',  ( 109.1644862542000283, -17.48046246480971533, -2.347326571278617102 ) ) ;
#1349 = EDGE_LOOP ( 'NONE', ( #812, #1339, #664, #170 ) ) ;
#1350 = CARTESIAN_POINT ( 'NONE',  ( 192.1969085379675732, 34.91681969223174065, -5.000000000000046185 ) ) ;
#1351 = ADVANCED_FACE ( 'NONE', ( #858 ), #1093, .T. ) ;
#1352 = CARTESIAN_POINT ( 'NONE',  ( 250.2161097553500326, -30.83299551252719795, 5.429576771219561060 ) ) ;
#1353 = DIRECTION ( 'NONE',  ( 0.000000000000000000, 1.000000000000000000, 0.000000000000000000 ) ) ;
#1354 = CARTESIAN_POINT ( 'NONE',  ( 255.4813125676670325, -31.61275260825591005, 5.611989368438730530 ) ) ;
#1355 = CARTESIAN_POINT ( 'NONE',  ( 253.4787653396462588, 32.10892611011617248, 7.397521851658960479 ) ) ;
#1356 = ORIENTED_EDGE ( 'NONE', *, *, #179, .F. ) ;
#1357 = LINE ( 'NONE', #1161, #223 ) ;
#1358 = CARTESIAN_POINT ( 'NONE',  ( 248.4487652200347725, -25.11223060601727042, -5.000000000000023981 ) ) ;
#1359 = CARTESIAN_POINT ( 'NONE',  ( 227.2188989402287973, -30.88180980758750493, 3.828476361767464198 ) ) ;
#1360 = ORIENTED_EDGE ( 'NONE', *, *, #754, .F. ) ;
#1361 = CARTESIAN_POINT ( 'NONE',  ( 259.4487652200347725, -2.571949481575085183, 4.999999999999976019 ) ) ;
#1362 = CARTESIAN_POINT ( 'NONE',  ( 249.0527255522494556, -30.84296057244525358, 5.105452232893167519 ) ) ;
#1363 = EDGE_CURVE ( 'NONE', #1689, #943, #648, .T. ) ;
#1364 = AXIS2_PLACEMENT_3D ( 'NONE', #259, #1281, #1833 ) ;
#1365 = CARTESIAN_POINT ( 'NONE',  ( 220.2961903288477288, -29.54624210456443834, -5.000000000000031086 ) ) ;
#1366 = CARTESIAN_POINT ( 'NONE',  ( 250.9059625566947318, 38.36003002269204387, -5.506750213295732443 ) ) ;
#1367 = CARTESIAN_POINT ( 'NONE',  ( 255.0107430579436993, 31.21993128480776392, -10.21435298951214676 ) ) ;
#1368 = VERTEX_POINT ( 'NONE', #635 ) ;
#1370 = CARTESIAN_POINT ( 'NONE',  ( 243.1987652200347725, 22.35799627220449892, -5.117434254131580929E-14 ) ) ;
#1369 = AXIS2_PLACEMENT_3D ( 'NONE', #1830, #254, #445 ) ;
#1371 = DIRECTION ( 'NONE',  ( -1.000000000000000000, -1.226999531788473599E-16, 0.000000000000000000 ) ) ;
#1372 = DIRECTION ( 'NONE',  ( 1.000000000000000000, 1.226999531788473599E-16, -0.000000000000000000 ) ) ;
#1373 = ORIENTED_EDGE ( 'NONE', *, *, #1441, .T. ) ;
#1374 = CARTESIAN_POINT ( 'NONE',  ( 157.1864032911789764, 31.09061924681212119, -5.000000000000073719 ) ) ;
#1375 = CARTESIAN_POINT ( 'NONE',  ( 249.2001124559751020, -25.08318573693303577, 5.165072710727358185 ) ) ;
#1376 = VECTOR ( 'NONE', #837, 1000.000000000000000 ) ;
#1377 = CARTESIAN_POINT ( 'NONE',  ( 248.4487652200347725, 32.62822315042630095, -5.000000000000057732 ) ) ;
#1378 = CARTESIAN_POINT ( 'NONE',  ( 247.4487652200347725, 30.05198339038471644, 5.000000000000050626 ) ) ;
#1379 = EDGE_CURVE ( 'NONE', #175, #93, #2446, .T. ) ;
#1380 = PLANE ( 'NONE',  #781 ) ;
#1381 = ORIENTED_EDGE ( 'NONE', *, *, #1974, .T. ) ;
#1382 = CARTESIAN_POINT ( 'NONE',  ( 254.1339061812790021, -30.73186138053898020, -8.263907935864608589 ) ) ;
#1383 = VECTOR ( 'NONE', #2046, 1000.000000000000000 ) ;
#1384 = DIRECTION ( 'NONE',  ( 1.000000000000000000, 0.000000000000000000, 0.000000000000000000 ) ) ;
#1385 = CARTESIAN_POINT ( 'NONE',  ( 255.4253989331735681, -31.44849711124996006, 6.502827503757623973 ) ) ;
#1386 = ORIENTED_EDGE ( 'NONE', *, *, #1316, .T. ) ;
#1387 = CARTESIAN_POINT ( 'NONE',  ( 253.7957165220180968, 38.02973047598319312, -8.180819148014284892 ) ) ;
#1388 = CARTESIAN_POINT ( 'NONE',  ( 252.0130656375132787, 38.83135117853912988, -3.871222431445108025 ) ) ;
#1389 = ORIENTED_EDGE ( 'NONE', *, *, #1186, .F. ) ;
#1390 = CARTESIAN_POINT ( 'NONE',  ( 87.64652299094066734, -12.39250000278117980, -5.000000000000030198 ) ) ;
#1391 = CARTESIAN_POINT ( 'NONE',  ( 249.7070668092262054, 38.38278006613235505, -5.096901468050949013 ) ) ;
#1392 =( BOUNDED_SURFACE ( )  B_SPLINE_SURFACE ( 4, 3, ( 
 ( #985, #788, #1388, #2169 ),
 ( #997, #1791, #2233, #1863 ),
 ( #2466, #2015, #1245, #1284 ),
 ( #682, #2440, #1826, #262 ),
 ( #70, #2453, #1492, #2271 ),
 ( #851, #881, #893, #866 ),
 ( #2030, #1687, #695, #1234 ),
 ( #477, #249, #1478, #1033 ),
 ( #59, #670, #1644, #95 ),
 ( #82, #1850, #1656, #839 ),
 ( #2259, #1465, #1634, #2411 ),
 ( #2066, #2246, #655, #490 ),
 ( #1259, #642, #1878, #290 ),
 ( #1838, #1438, #303, #1088 ),
 ( #2220, #452, #1273, #1048 ),
 ( #2425, #2054, #1453, #1075 ),
 ( #464, #1671, #108, #2043 ),
 ( #278, #1062, #941, #2324 ),
 ( #317, #2310, #707, #2477 ),
 ( #1544, #135, #1519, #2127 ),
 ( #122, #330, #1725, #2516 ),
 ( #746, #721, #917, #1892 ),
 ( #1506, #343, #1114, #1311 ) ),
 .UNSPECIFIED., .F., .F., .T. ) 
 B_SPLINE_SURFACE_WITH_KNOTS ( ( 5, 1, 1, 1, 1, 1, 1, 1, 1, 1, 1, 1, 1, 1, 1, 1, 1, 1, 1, 5 ),
 ( 4, 4 ),
 ( 0.4200582518209655114, 0.4220900811240494432, 0.4320217849040678404, 0.4419534886840863486, 0.4518851923283230265, 0.4618168959725598155, 0.4816803032610331714, 0.5015437100684431160, 0.5214071168758531716, 0.5412705253307310560, 0.5611339337856089404, 0.6008607472116037629, 0.6405875605995875466, 0.6604509692705758939, 0.6803143779415642411, 0.7200411898038450165, 0.8392216328775308209, 0.8789484479343793177, 0.8988118599918705209, 0.9176023040213597826 ),
 ( 0.000000000000000000, 1.000000000000000000 ),
 .UNSPECIFIED. ) 
 GEOMETRIC_REPRESENTATION_ITEM ( )  RATIONAL_B_SPLINE_SURFACE ( (
 ( 1.000000000000000000, 0.9909661461670667970, 0.9909661461670667970, 1.000000000000000000),
 ( 1.000000000000000000, 0.9909661461670667970, 0.9909661461670667970, 1.000000000000000000),
 ( 1.000000000000000000, 0.9909661461670667970, 0.9909661461670667970, 1.000000000000000000),
 ( 1.000000000000000000, 0.9909661461670667970, 0.9909661461670667970, 1.000000000000000000),
 ( 1.000000000000000000, 0.9909661461670667970, 0.9909661461670667970, 1.000000000000000000),
 ( 1.000000000000000000, 0.9909661461670667970, 0.9909661461670667970, 1.000000000000000000),
 ( 1.000000000000000000, 0.9909661461670667970, 0.9909661461670667970, 1.000000000000000000),
 ( 1.000000000000000000, 0.9909661461670667970, 0.9909661461670667970, 1.000000000000000000),
 ( 1.000000000000000000, 0.9909661461670667970, 0.9909661461670667970, 1.000000000000000000),
 ( 1.000000000000000000, 0.9909661461670667970, 0.9909661461670667970, 1.000000000000000000),
 ( 1.000000000000000000, 0.9909661461670667970, 0.9909661461670667970, 1.000000000000000000),
 ( 1.000000000000000000, 0.9909661461670667970, 0.9909661461670667970, 1.000000000000000000),
 ( 1.000000000000000000, 0.9909661461670667970, 0.9909661461670667970, 1.000000000000000000),
 ( 1.000000000000000000, 0.9909661461670667970, 0.9909661461670667970, 1.000000000000000000),
 ( 1.000000000000000000, 0.9909661461670667970, 0.9909661461670667970, 1.000000000000000000),
 ( 1.000000000000000000, 0.9909661461670667970, 0.9909661461670667970, 1.000000000000000000),
 ( 1.000000000000000000, 0.9909661461670667970, 0.9909661461670667970, 1.000000000000000000),
 ( 1.000000000000000000, 0.9909661461670667970, 0.9909661461670667970, 1.000000000000000000),
 ( 1.000000000000000000, 0.9909661461670667970, 0.9909661461670667970, 1.000000000000000000),
 ( 1.000000000000000000, 0.9909661461670667970, 0.9909661461670667970, 1.000000000000000000),
 ( 1.000000000000000000, 0.9909661461670667970, 0.9909661461670667970, 1.000000000000000000),
 ( 1.000000000000000000, 0.9909661461670667970, 0.9909661461670667970, 1.000000000000000000),
 ( 1.000000000000000000, 0.9909661461670667970, 0.9909661461670667970, 1.000000000000000000) ) ) 
 REPRESENTATION_ITEM ( '' )  SURFACE ( )  );
#1393 = CARTESIAN_POINT ( 'NONE',  ( -3.593424129666880277E-31, 1.410517103757170519E-17, -3.816391647148975608E-14 ) ) ;
#1394 = EDGE_CURVE ( 'NONE', #633, #2069, #2279, .T. ) ;
#1395 = ORIENTED_EDGE ( 'NONE', *, *, #1541, .F. ) ;
#1396 = CARTESIAN_POINT ( 'NONE',  ( 259.4487652200347725, 3.757996272204519261, -1.350896971193214591E-14 ) ) ;
#1397 = DIRECTION ( 'NONE',  ( 0.000000000000000000, 5.857254280169296935E-16, 1.000000000000000000 ) ) ;
#1398 = CARTESIAN_POINT ( 'NONE',  ( 218.7487652200348407, -5.712230606017273615, 2.000000000000009770 ) ) ;
#1399 = VERTEX_POINT ( 'NONE', #2251 ) ;
#1400 = CARTESIAN_POINT ( 'NONE',  ( 255.4487652200348009, 38.46675068147902010, -9.700201451461378355 ) ) ;
#1401 = AXIS2_PLACEMENT_3D ( 'NONE', #240, #1814, #2363 ) ;
#1402 = CARTESIAN_POINT ( 'NONE',  ( 255.2359651753495200, -23.74868414872989675, 10.13528154827960570 ) ) ;
#1403 = CARTESIAN_POINT ( 'NONE',  ( 192.2069767383860608, -27.32985378114408093, -5.000000000000032863 ) ) ;
#1404 = CARTESIAN_POINT ( 'NONE',  ( 251.4725368292385781, 38.33514253508996461, -5.776028844406125629 ) ) ;
#1405 = CARTESIAN_POINT ( 'NONE',  ( 255.3057375752704843, 30.87741457459788919, -11.13238253379657827 ) ) ;
#1406 = VERTEX_POINT ( 'NONE', #2020 ) ;
#1407 = DIRECTION ( 'NONE',  ( 0.000000000000000000, 1.000000000000000000, 0.000000000000000000 ) ) ;
#1408 = ADVANCED_FACE ( 'NONE', ( #662 ), #944, .T. ) ;
#1409 = EDGE_CURVE ( 'NONE', #2078, #2052, #638, .T. ) ;
#1410 = CARTESIAN_POINT ( 'NONE',  ( 255.4487652200348009, -32.04160486937614394, -1.500522893852509010E-14 ) ) ;
#1411 = LINE ( 'NONE', #2385, #2244 ) ;
#1412 = AXIS2_PLACEMENT_3D ( 'NONE', #1652, #313, #2449 ) ;
#1413 = ORIENTED_EDGE ( 'NONE', *, *, #356, .F. ) ;
#1414 = CARTESIAN_POINT ( 'NONE',  ( 243.1987652200347725, -14.84200372779550747, -5.000000000000029310 ) ) ;
#1415 = EDGE_CURVE ( 'NONE', #439, #1978, #1493, .T. ) ;
#1416 = CARTESIAN_POINT ( 'NONE',  ( 255.4487652200348009, 32.38217692958597382, -13.00000000000005862 ) ) ;
#1417 = ORIENTED_EDGE ( 'NONE', *, *, #458, .T. ) ;
#1418 =( NAMED_UNIT ( * ) PLANE_ANGLE_UNIT ( ) SI_UNIT ( $, .RADIAN. ) );
#1419 = VECTOR ( 'NONE', #1759, 1000.000000000000000 ) ;
#1420 = CARTESIAN_POINT ( 'NONE',  ( 252.0130663827522142, -30.28315815831177105, 9.270770142712240869 ) ) ;
#1421 = APPLICATION_PROTOCOL_DEFINITION ( 'draft international standard', 'automotive_design', 1998, #1212 ) ;
#1422 = VERTEX_POINT ( 'NONE', #2441 ) ;
#1423 = DIRECTION ( 'NONE',  ( -1.226999531788473599E-16, 1.000000000000000000, 0.000000000000000000 ) ) ;
#1424 = CARTESIAN_POINT ( 'NONE',  ( 250.7998860354490489, 38.79237769092679144, 0.000000000000000000 ) ) ;
#1425 = CARTESIAN_POINT ( 'NONE',  ( 255.4487652200348009, -29.59826251081848980, -13.00000000000001243 ) ) ;
#1426 = ORIENTED_EDGE ( 'NONE', *, *, #1948, .T. ) ;
#1427 = CARTESIAN_POINT ( 'NONE',  ( 255.4487652200348009, 39.11572192103613332, -5.609923078078540293 ) ) ;
#1428 = CARTESIAN_POINT ( 'NONE',  ( 243.1987652200347725, 22.35799627220449537, -5.000000000000051514 ) ) ;
#1429 = EDGE_CURVE ( 'NONE', #2218, #1659, #1266, .T. ) ;
#1430 = ORIENTED_EDGE ( 'NONE', *, *, #1142, .T. ) ;
#1431 = LINE ( 'NONE', #2405, #1340 ) ;
#1432 = CARTESIAN_POINT ( 'NONE',  ( 252.0130660101493447, 38.83096042776858781, -7.854713747918907728E-16 ) ) ;
#1433 = ORIENTED_EDGE ( 'NONE', *, *, #1379, .F. ) ;
#1434 = DIRECTION ( 'NONE',  ( -1.000000000000000000, 0.000000000000000000, 0.000000000000000000 ) ) ;
#1435 = CARTESIAN_POINT ( 'NONE',  ( 109.1644862542000283, 24.60367456357137428, 0.000000000000000000 ) ) ;
#1436 = ORIENTED_EDGE ( 'NONE', *, *, #473, .T. ) ;
#1437 = CARTESIAN_POINT ( 'NONE',  ( 252.0132163870867430, 38.27301303057123505, 6.251191035090012171 ) ) ;
#1438 = CARTESIAN_POINT ( 'NONE',  ( 184.2848023891560274, 33.95823389345616761, -6.743654518263242359 ) ) ;
#1439 = DIRECTION ( 'NONE',  ( 0.000000000000000000, 1.000000000000000000, 0.000000000000000000 ) ) ;
#1440 = ORIENTED_EDGE ( 'NONE', *, *, #1272, .F. ) ;
#1441 = EDGE_CURVE ( 'NONE', #454, #2382, #71, .T. ) ;
#1442 = CARTESIAN_POINT ( 'NONE',  ( 255.4487457663501289, 39.15083193400278816, -5.399034769752557139 ) ) ;
#1443 = DIRECTION ( 'NONE',  ( 1.000000000000000000, 0.000000000000000000, 0.000000000000000000 ) ) ;
#1444 = FACE_OUTER_BOUND ( 'NONE', #144, .T. ) ;
#1445 = B_SPLINE_CURVE_WITH_KNOTS ( 'NONE', 3,
 ( #131, #2320, #1122, #1889, #1486, #2283, #2474, #117, #1344, #1334, #2124, #914, #1924, #527, #1682, #2268, #339, #514, #1308, #2089, #143, #326, #1110, #927, #1709, #2488, #717, #1172, #780, #1211, #1367, #1405, #2173, #807 ),
 .UNSPECIFIED., .F., .F.,
 ( 4, 2, 2, 1, 1, 2, 2, 2, 2, 1, 1, 2, 2, 2, 2, 1, 1, 2, 2, 4 ),
 ( 0.000000000000000000, 0.1249999999999095723, 0.1874999999998543943, 0.2187499999998331612, 0.2343749999998164801, 0.2421874999998140654, 0.2499999999998116229, 0.3749999999998456235, 0.4374999999998626099, 0.4687499999998710476, 0.4843749999998753775, 0.4921874999998818723, 0.4999999999998883116, 0.6249999999999326095, 0.6874999999999543698, 0.7187499999999630296, 0.7343749999999694689, 0.7421874999999729106, 0.7499999999999766853, 1.000000000000000000 ),
 .UNSPECIFIED. ) ;
#1446 = ORIENTED_EDGE ( 'NONE', *, *, #256, .F. ) ;
#1447 = CARTESIAN_POINT ( 'NONE',  ( 259.4487652200347725, -2.571949481575085183, 28.60807205587623514 ) ) ;
#1448 = B_SPLINE_CURVE_WITH_KNOTS ( 'NONE', 3,
 ( #1196, #242, #1404, #598, #1366, #2379, #623, #2007, #1576, #1391, #421, #233 ),
 .UNSPECIFIED., .F., .F.,
 ( 4, 2, 2, 2, 2, 4 ),
 ( 0.000000000000000000, 0.2500000000000877631, 0.3750000000001316725, 0.4375000000001328937, 0.5000000000001341149, 1.000000000000000000 ),
 .UNSPECIFIED. ) ;
#1449 = CARTESIAN_POINT ( 'NONE',  ( 80.74876521996739598, 3.757996272204490396, 5.000000000000015099 ) ) ;
#1450 = VECTOR ( 'NONE', #1085, 1000.000000000000000 ) ;
#1451 = ORIENTED_EDGE ( 'NONE', *, *, #2339, .F. ) ;
#1452 = CARTESIAN_POINT ( 'NONE',  ( 253.8106803692616893, -30.74779248734434489, 7.755629625660637849 ) ) ;
#1453 = CARTESIAN_POINT ( 'NONE',  ( 163.7338019912481570, 32.31846798402899879, -3.152362784761701953 ) ) ;
#1454 = VERTEX_POINT ( 'NONE', #2454 ) ;
#1455 = CARTESIAN_POINT ( 'NONE',  ( 255.2368090296934895, 38.63015957289228908, -8.136155642994149062 ) ) ;
#1456 = CARTESIAN_POINT ( 'NONE',  ( 172.8987652200347895, 22.35799627220449892, -5.117434254131580929E-14 ) ) ;
#1457 = CARTESIAN_POINT ( 'NONE',  ( 246.1451821891216980, 38.62992396384931482, -4.839452129540955321E-16 ) ) ;
#1458 = CARTESIAN_POINT ( 'NONE',  ( 0.000000000000000000, 0.000000000000000000, 0.000000000000000000 ) ) ;
#1459 = EDGE_CURVE ( 'NONE', #1585, #1894, #541, .T. ) ;
#1460 = ORIENTED_EDGE ( 'NONE', *, *, #739, .T. ) ;
#1461 = CARTESIAN_POINT ( 'NONE',  ( 255.4487652200348009, 3.757996272204518817, -1.350896971193214591E-14 ) ) ;
#1462 = CARTESIAN_POINT ( 'NONE',  ( 174.0044880013145701, 33.46149719480279572, 0.000000000000000000 ) ) ;
#1463 = ORIENTED_EDGE ( 'NONE', *, *, #1932, .F. ) ;
#1464 = CARTESIAN_POINT ( 'NONE',  ( 218.7487652200348407, 32.62822315042629384, 1.000000000000009548 ) ) ;
#1465 = CARTESIAN_POINT ( 'NONE',  ( 213.4665277745166065, 36.30407179982226040, -7.267475575394489518 ) ) ;
#1466 = CARTESIAN_POINT ( 'NONE',  ( 251.8369527184730998, -31.97049053467748081, 3.948800026962783871 ) ) ;
#1467 = ORIENTED_EDGE ( 'NONE', *, *, #1415, .F. ) ;
#1468 = CARTESIAN_POINT ( 'NONE',  ( 254.8797228178664227, -30.78394147021603899, 9.407153501391400496 ) ) ;
#1469 = CARTESIAN_POINT ( 'NONE',  ( 255.4130522665466572, -22.94903133510434046, -12.06131970931640751 ) ) ;
#1470 = CYLINDRICAL_SURFACE ( 'NONE', #1369, 29.29999999999999716 ) ;
#1471 = DIRECTION ( 'NONE',  ( 0.000000000000000000, 0.000000000000000000, 1.000000000000000000 ) ) ;
#1472 = DIRECTION ( 'NONE',  ( -0.000000000000000000, -1.000000000000000000, -0.000000000000000000 ) ) ;
#1473 = CARTESIAN_POINT ( 'NONE',  ( 255.4487652200348009, 3.757996272204518817, -1.350896971193214591E-14 ) ) ;
#1474 = ADVANCED_FACE ( 'NONE', ( #96 ), #1645, .F. ) ;
#1475 = LINE ( 'NONE', #1269, #2433 ) ;
#1476 = EDGE_LOOP ( 'NONE', ( #196, #790, #1007, #1746 ) ) ;
#1477 = LINE ( 'NONE', #2257, #2524 ) ;
#1478 = CARTESIAN_POINT ( 'NONE',  ( 233.2386360788005106, 38.07145320409016875, -3.787348673369994589 ) ) ;
#1479 = CARTESIAN_POINT ( 'NONE',  ( 251.8369527184731282, -29.39945246801364220, -11.41618577242508081 ) ) ;
#1480 = VERTEX_POINT ( 'NONE', #1672 ) ;
#1481 = CARTESIAN_POINT ( 'NONE',  ( 250.0051081595622975, -30.86104190942799264, -5.199612977846379991 ) ) ;
#1482 = LINE ( 'NONE', #1882, #1505 ) ;
#1483 = CARTESIAN_POINT ( 'NONE',  ( 242.7017225509154912, 37.86615710296609194, 7.616286195515066915 ) ) ;
#1484 = VERTEX_POINT ( 'NONE', #1865 ) ;
#1485 = CARTESIAN_POINT ( 'NONE',  ( 219.4487652200347725, -27.54200372779548189, -1.350896971193214591E-14 ) ) ;
#1486 = CARTESIAN_POINT ( 'NONE',  ( 250.4324354134309658, 32.57100179956452024, -5.320655340533125610 ) ) ;
#1487 = B_SPLINE_CURVE_WITH_KNOTS ( 'NONE', 3,
 ( #2525, #1984, #29, #2343 ),
 .UNSPECIFIED., .F., .F.,
 ( 4, 4 ),
 ( 0.000000000000000000, 1.000000000000000000 ),
 .UNSPECIFIED. ) ;
#1488 = VERTEX_POINT ( 'NONE', #1299 ) ;
#1489 = EDGE_CURVE ( 'NONE', #1116, #1680, #1049, .T. ) ;
#1490 = CARTESIAN_POINT ( 'NONE',  ( 251.9779672753544730, 37.99769070565771756, 8.012276176033090280 ) ) ;
#1491 = ADVANCED_FACE ( 'NONE', ( #2055 ), #2542, .T. ) ;
#1492 = CARTESIAN_POINT ( 'NONE',  ( 246.1451821891216980, 38.62992396384930771, -3.848989897548848127 ) ) ;
#1493 = LINE ( 'NONE', #696, #1289 ) ;
#1494 = ORIENTED_EDGE ( 'NONE', *, *, #1730, .F. ) ;
#1495 = EDGE_CURVE ( 'NONE', #1605, #2464, #1011, .T. ) ;
#1496 = CARTESIAN_POINT ( 'NONE',  ( 255.4204443510085127, 38.94937086473273524, -6.585379497505139845 ) ) ;
#1497 = VECTOR ( 'NONE', #1874, 1000.000000000000000 ) ;
#1498 = CARTESIAN_POINT ( 'NONE',  ( 255.0297674529413712, -23.68183981274325234, -10.27357799789052706 ) ) ;
#1499 = CARTESIAN_POINT ( 'NONE',  ( 184.2848023891560274, 34.51521278756577260, 3.394828547798114826 ) ) ;
#1500 = PRESENTATION_STYLE_ASSIGNMENT (( #2522 ) ) ;
#1501 = CARTESIAN_POINT ( 'NONE',  ( 218.7487652200348407, -25.11223060601727397, 2.000000000000009770 ) ) ;
#1502 = CARTESIAN_POINT ( 'NONE',  ( 255.2324396012451473, -30.42266266703352073, -10.70278523178648911 ) ) ;
#1503 = EDGE_LOOP ( 'NONE', ( #2489, #418, #2184, #2125, #2299, #1292, #624, #293 ) ) ;
#1504 = CARTESIAN_POINT ( 'NONE',  ( 251.9955168290143774, 38.18557071651253665, -6.831699528190719128 ) ) ;
#1505 = VECTOR ( 'NONE', #112, 1000.000000000000000 ) ;
#1506 = CARTESIAN_POINT ( 'NONE',  ( 80.74876521989999389, 18.45790466054222634, -5.028908957654182110 ) ) ;
#1507 = CARTESIAN_POINT ( 'NONE',  ( 204.8768788227471589, -29.38417406120921171, -3.662953984409547115 ) ) ;
#1508 = ORIENTED_EDGE ( 'NONE', *, *, #1948, .F. ) ;
#1509 = CARTESIAN_POINT ( 'NONE',  ( 259.4487652200347725, -31.78200372779548744, 4.999999999999966249 ) ) ;
#1510 = EDGE_CURVE ( 'NONE', #1612, #2137, #1864, .T. ) ;
#1511 = VECTOR ( 'NONE', #1201, 1000.000000000000000 ) ;
#1512 = CARTESIAN_POINT ( 'NONE',  ( 194.5761133272972359, 35.45717182146566415, 3.498797299897076662 ) ) ;
#1513 = CARTESIAN_POINT ( 'NONE',  ( 255.4487652200348009, -25.11223060601727042, -5.000000000000023981 ) ) ;
#1514 = CARTESIAN_POINT ( 'NONE',  ( 253.7957165220180968, -30.93829188158990107, 5.504978164342624325 ) ) ;
#1515 = B_SPLINE_CURVE_WITH_KNOTS ( 'NONE', 3,
 ( #546, #333, #1167, #2133, #2328, #1352, #559, #1362, #1314, #2533 ),
 .UNSPECIFIED., .F., .F.,
 ( 4, 2, 2, 2, 4 ),
 ( 0.000000000000000000, 0.2500000000000210942, 0.3750000000000315303, 0.5000000000000419664, 1.000000000000000000 ),
 .UNSPECIFIED. ) ;
#1516 = DIRECTION ( 'NONE',  ( 0.000000000000000000, -1.000000000000000000, 0.000000000000000000 ) ) ;
#1517 = EDGE_LOOP ( 'NONE', ( #1635, #1460, #1621, #1876, #2326, #2370 ) ) ;
#1518 = FACE_OUTER_BOUND ( 'NONE', #1553, .T. ) ;
#1519 = CARTESIAN_POINT ( 'NONE',  ( 92.31179417100396734, 21.53042162035454865, -1.961631895570843165 ) ) ;
#1520 = CARTESIAN_POINT ( 'NONE',  ( 184.2848023891560274, -25.32374990494436418, -10.01291201702571243 ) ) ;
#1521 = VERTEX_POINT ( 'NONE', #993 ) ;
#1522 = DIRECTION ( 'NONE',  ( -1.226999531788473599E-16, 1.000000000000000000, 0.000000000000000000 ) ) ;
#1523 = PRODUCT_RELATED_PRODUCT_CATEGORY ( 'part', '', ( #2487 ) ) ;
#1524 = EDGE_CURVE ( 'NONE', #2464, #1422, #91, .T. ) ;
#1525 = CARTESIAN_POINT ( 'NONE',  ( 184.2848023891560274, 32.85937110298923614, 9.955719498407962220 ) ) ;
#1526 = EDGE_CURVE ( 'NONE', #2480, #1484, #1411, .T. ) ;
#1527 = SURFACE_SIDE_STYLE ('',( #728 ) ) ;
#1528 = VECTOR ( 'NONE', #1931, 1000.000000000000000 ) ;
#1529 = DIRECTION ( 'NONE',  ( 0.000000000000000000, 0.000000000000000000, -1.000000000000000000 ) ) ;
#1530 = ORIENTED_EDGE ( 'NONE', *, *, #2274, .F. ) ;
#1531 = CARTESIAN_POINT ( 'NONE',  ( 219.4487652200347725, -27.54200372779548189, -1.350896971193214591E-14 ) ) ;
#1532 = FACE_OUTER_BOUND ( 'NONE', #1235, .T. ) ;
#1533 = CARTESIAN_POINT ( 'NONE',  ( 127.8679960434366336, -20.57172278496037876, -2.688980246720843681 ) ) ;
#1534 = ORIENTED_EDGE ( 'NONE', *, *, #1441, .F. ) ;
#1535 = CARTESIAN_POINT ( 'NONE',  ( 254.4487652200348009, -20.47194948157508776, 26.35431138863046741 ) ) ;
#1536 = CARTESIAN_POINT ( 'NONE',  ( 233.2386360788005106, 36.22415820256228614, 11.10682925628010231 ) ) ;
#1537 = AXIS2_PLACEMENT_3D ( 'NONE', #1396, #831, #614 ) ;
#1538 = LINE ( 'NONE', #1317, #2414 ) ;
#1539 = CARTESIAN_POINT ( 'NONE',  ( 255.4487652200348009, -30.98841823647074278, 9.462840716775758665 ) ) ;
#1540 = CARTESIAN_POINT ( 'NONE',  ( 255.4487652200348009, -20.47194948157508421, 5.000000000000036415 ) ) ;
#1541 = EDGE_CURVE ( 'NONE', #1148, #895, #716, .T. ) ;
#1542 = ORIENTED_EDGE ( 'NONE', *, *, #2323, .F. ) ;
#1543 = LINE ( 'NONE', #2502, #1829 ) ;
#1544 = CARTESIAN_POINT ( 'NONE',  ( 92.31179417100396734, 20.57362753878367556, -5.752707872125203181 ) ) ;
#1545 = CARTESIAN_POINT ( 'NONE',  ( 220.3412002568324226, -30.47017988922545584, 3.782982013195900883 ) ) ;
#1546 = ORIENTED_EDGE ( 'NONE', *, *, #473, .F. ) ;
#1547 = VECTOR ( 'NONE', #2185, 1000.000000000000000 ) ;
#1548 = CARTESIAN_POINT ( 'NONE',  ( 255.4487652200348009, 39.55759741374836835, -2.447440711848530243E-14 ) ) ;
#1549 = LINE ( 'NONE', #1753, #2174 ) ;
#1550 = CARTESIAN_POINT ( 'NONE',  ( 252.0132163870867430, 38.27301303057123505, 6.251191035090012171 ) ) ;
#1551 = FACE_OUTER_BOUND ( 'NONE', #2409, .T. ) ;
#1552 = FACE_BOUND ( 'NONE', #770, .T. ) ;
#1553 = EDGE_LOOP ( 'NONE', ( #315, #2189, #888, #1345 ) ) ;
#1554 = LINE ( 'NONE', #2334, #2484 ) ;
#1555 = EDGE_CURVE ( 'NONE', #803, #1399, #237, .T. ) ;
#1556 = CARTESIAN_POINT ( 'NONE',  ( 245.1987652200347725, -14.84200372779553057, -5.000000000000029310 ) ) ;
#1557 = CARTESIAN_POINT ( 'NONE',  ( 233.2386360788004822, -31.20200498014054347, 3.863865117883696687 ) ) ;
#1558 = EDGE_LOOP ( 'NONE', ( #1203, #2438, #280, #1417 ) ) ;
#1559 = CARTESIAN_POINT ( 'NONE',  ( 252.4217726296605235, -24.83366948576188804, -6.405766783945741061 ) ) ;
#1560 = DIRECTION ( 'NONE',  ( 0.000000000000000000, 1.000000000000000000, 0.000000000000000000 ) ) ;
#1561 = CARTESIAN_POINT ( 'NONE',  ( 248.4487652200347725, 38.35204408489909156, -5.000000000000068390 ) ) ;
#1562 = CARTESIAN_POINT ( 'NONE',  ( 251.9953413335903747, -30.45764314282251206, -8.167429066646418434 ) ) ;
#1563 = CARTESIAN_POINT ( 'NONE',  ( 252.2322137076367596, 32.35840193197272185, 6.369446331232148317 ) ) ;
#1564 = ORIENTED_EDGE ( 'NONE', *, *, #1819, .T. ) ;
#1565 = CARTESIAN_POINT ( 'NONE',  ( 259.4487652200347725, 22.35799627220447405, -5.000000000000051514 ) ) ;
#1566 = CARTESIAN_POINT ( 'NONE',  ( 255.4487652200348009, -32.12708082916212504, 11.99999999999996625 ) ) ;
#1567 = LINE ( 'NONE', #1216, #2492 ) ;
#1568 = EDGE_CURVE ( 'NONE', #175, #943, #2373, .T. ) ;
#1569 = ORIENTED_EDGE ( 'NONE', *, *, #487, .F. ) ;
#1570 = CARTESIAN_POINT ( 'NONE',  ( 150.1957433664456971, 30.19527690686092924, -5.000000000000056843 ) ) ;
#1571 = CARTESIAN_POINT ( 'NONE',  ( 250.8926218432019368, -24.98966273741508104, 5.664994465288730296 ) ) ;
#1572 = B_SPLINE_CURVE_WITH_KNOTS ( 'NONE', 3,
 ( #2077, #551, #1722, #156 ),
 .UNSPECIFIED., .F., .F.,
 ( 4, 4 ),
 ( 0.5000002384441512016, 1.000000000000000000 ),
 .UNSPECIFIED. ) ;
#1573 = EDGE_CURVE ( 'NONE', #2045, #2064, #1006, .T. ) ;
#1574 = AXIS2_PLACEMENT_3D ( 'NONE', #1901, #1516, #1936 ) ;
#1575 = CARTESIAN_POINT ( 'NONE',  ( 178.1829062964816046, -25.97126330615160938, -5.000000000000031086 ) ) ;
#1576 = CARTESIAN_POINT ( 'NONE',  ( 250.3956762376446932, 38.37278689948423960, -5.315117054557809695 ) ) ;
#1577 = CARTESIAN_POINT ( 'NONE',  ( 255.4487652200348009, -22.50014532235620024, -13.00000000000002665 ) ) ;
#1578 = ORIENTED_EDGE ( 'NONE', *, *, #69, .T. ) ;
#1579 = DIRECTION ( 'NONE',  ( 0.000000000000000000, 1.000000000000000000, 0.000000000000000000 ) ) ;
#1580 = CARTESIAN_POINT ( 'NONE',  ( 191.5325855337708845, 34.85568273564216923, 5.000000000000057732 ) ) ;
#1581 = CARTESIAN_POINT ( 'NONE',  ( 254.4487652200348009, -20.47194948157508421, 5.000000000000036415 ) ) ;
#1582 = ORIENTED_EDGE ( 'NONE', *, *, #755, .F. ) ;
#1583 = CARTESIAN_POINT ( 'NONE',  ( 255.4650388938509025, 38.51080981541390003, 9.464583429940519821 ) ) ;
#1584 = CARTESIAN_POINT ( 'NONE',  ( 249.9863583970389982, -25.04768438264295227, 5.359585239210983509 ) ) ;
#1585 = VERTEX_POINT ( 'NONE', #33 ) ;
#1586 = VECTOR ( 'NONE', #771, 1000.000000000000000 ) ;
#1587 = EDGE_CURVE ( 'NONE', #2036, #590, #1965, .T. ) ;
#1588 = CARTESIAN_POINT ( 'NONE',  ( 247.4487652200347725, -30.79987753664314454, 4.999999999999962697 ) ) ;
#1589 = CARTESIAN_POINT ( 'NONE',  ( 251.9776162842783833, -30.48168721742199594, 8.012273615374796876 ) ) ;
#1590 = PLANE ( 'NONE',  #1256 ) ;
#1591 = ORIENTED_EDGE ( 'NONE', *, *, #1526, .F. ) ;
#1592 = PLANE ( 'NONE',  #1704 ) ;
#1593 = CIRCLE ( 'NONE', #26, 1.599999999999997202 ) ;
#1594 = PLANE ( 'NONE',  #989 ) ;
#1595 = CARTESIAN_POINT ( 'NONE',  ( 255.4487652200348009, -24.86618438517697527, -13.00000000000002487 ) ) ;
#1596 = ORIENTED_EDGE ( 'NONE', *, *, #55, .F. ) ;
#1597 = CARTESIAN_POINT ( 'NONE',  ( 252.0130663826381578, 37.76225500346720310, -9.503313083772981784 ) ) ;
#1598 = CARTESIAN_POINT ( 'NONE',  ( 255.4487652200348009, -3.343708208657008907, 6.000000000000029310 ) ) ;
#1599 = ADVANCED_FACE ( 'NONE', ( #1188 ), #2347, .F. ) ;
#1600 = CARTESIAN_POINT ( 'NONE',  ( 136.2346049977575149, -20.81910943611537590, -5.000000000000019540 ) ) ;
#1601 = CARTESIAN_POINT ( 'NONE',  ( 252.0130663827528963, -30.68242692165175356, 6.754294391112831697 ) ) ;
#1602 = B_SPLINE_CURVE_WITH_KNOTS ( 'NONE', 3,
 ( #2079, #463, #1310, #121 ),
 .UNSPECIFIED., .F., .F.,
 ( 4, 4 ),
 ( 0.000000000000000000, 1.000000000000000000 ),
 .UNSPECIFIED. ) ;
#1603 = CARTESIAN_POINT ( 'NONE',  ( 250.4729799427547903, 32.53348794547793688, 5.519196013562776670 ) ) ;
#1604 = EDGE_CURVE ( 'NONE', #391, #1406, #44, .T. ) ;
#1605 = VERTEX_POINT ( 'NONE', #2152 ) ;
#1606 = CARTESIAN_POINT ( 'NONE',  ( 259.4487652200347725, -2.571949481575085183, 4.999999999999976019 ) ) ;
#1607 = CARTESIAN_POINT ( 'NONE',  ( 233.4570399763264277, 37.73271584442090898, 5.000000000000060396 ) ) ;
#1608 = DIRECTION ( 'NONE',  ( 7.186848259333761210E-32, -5.857254280169296935E-16, -1.000000000000000000 ) ) ;
#1609 = ORIENTED_EDGE ( 'NONE', *, *, #615, .T. ) ;
#1610 = CARTESIAN_POINT ( 'NONE',  ( 253.7957165220180968, 39.03190832518382081, -1.864381480388050738 ) ) ;
#1611 = CARTESIAN_POINT ( 'NONE',  ( 255.4487652200348009, 34.74821599240673464, -13.00000000000005862 ) ) ;
#1612 = VERTEX_POINT ( 'NONE', #2398 ) ;
#1613 = CARTESIAN_POINT ( 'NONE',  ( 233.4542291330657520, -30.28689891824228297, 4.999999999999964473 ) ) ;
#1614 = CARTESIAN_POINT ( 'NONE',  ( 251.9776162842800034, -31.45761224838843617, 1.861299882139341388 ) ) ;
#1615 = ORIENTED_EDGE ( 'NONE', *, *, #1900, .F. ) ;
#1616 = CARTESIAN_POINT ( 'NONE',  ( 255.4487652200348009, -3.343708208657008907, 6.000000000000029310 ) ) ;
#1617 = EDGE_CURVE ( 'NONE', #2075, #1232, #252, .T. ) ;
#1618 = CARTESIAN_POINT ( 'NONE',  ( 82.34711255121361262, 19.61040066188874675, 0.000000000000000000 ) ) ;
#1619 = CARTESIAN_POINT ( 'NONE',  ( 255.2641204785394109, -31.15018106958289223, 7.976387768472469553 ) ) ;
#1620 = CIRCLE ( 'NONE', #1537, 35.79999999999999716 ) ;
#1621 = ORIENTED_EDGE ( 'NONE', *, *, #493, .T. ) ;
#1622 = CARTESIAN_POINT ( 'NONE',  ( 255.4650388938509025, 39.12223353685054406, -5.610956223258624753 ) ) ;
#1623 = CARTESIAN_POINT ( 'NONE',  ( 172.8987652200347895, -14.84200372779550392, -2.949029909160572061E-14 ) ) ;
#1624 = ORIENTED_EDGE ( 'NONE', *, *, #198, .F. ) ;
#1625 = CARTESIAN_POINT ( 'NONE',  ( 255.4487652200348009, -29.97092307010468559, 11.99999999999997868 ) ) ;
#1626 = VECTOR ( 'NONE', #49, 1000.000000000000000 ) ;
#1627 = CARTESIAN_POINT ( 'NONE',  ( 251.8369527184784431, 38.82572651741325132, 3.870601609331608906 ) ) ;
#1628 = VERTEX_POINT ( 'NONE', #427 ) ;
#1629 = LINE ( 'NONE', #820, #419 ) ;
#1630 = CARTESIAN_POINT ( 'NONE',  ( 248.9009708365213385, 38.72886015031071594, 0.000000000000000000 ) ) ;
#1631 = ORIENTED_EDGE ( 'NONE', *, *, #55, .T. ) ;
#1632 = CARTESIAN_POINT ( 'NONE',  ( 255.4813125676670325, 38.51720884979959436, 9.466326143368497981 ) ) ;
#1633 = EDGE_CURVE ( 'NONE', #1824, #230, #1567, .T. ) ;
#1634 = CARTESIAN_POINT ( 'NONE',  ( 213.4665277745166065, 36.90431466487255108, -3.658525727698287877 ) ) ;
#1635 = ORIENTED_EDGE ( 'NONE', *, *, #1489, .F. ) ;
#1636 = DIRECTION ( 'NONE',  ( 0.000000000000000000, 1.000000000000000000, 0.000000000000000000 ) ) ;
#1637 = DIRECTION ( 'NONE',  ( -0.000000000000000000, -1.000000000000000000, 5.829043938094109521E-16 ) ) ;
#1638 = CARTESIAN_POINT ( 'NONE',  ( 248.9009708365228448, 38.72886015031077278, -4.853182283563220111E-16 ) ) ;
#1639 = CARTESIAN_POINT ( 'NONE',  ( 255.4487652200348009, 39.44065289341723002, 3.344255652267428491 ) ) ;
#1640 = CARTESIAN_POINT ( 'NONE',  ( 255.4487652200348009, 32.92661387598064238, -13.00000000000005684 ) ) ;
#1641 = CARTESIAN_POINT ( 'NONE',  ( 254.4903712242523284, 38.24852309571017628, -8.939548374308746048 ) ) ;
#1642 = ORIENTED_EDGE ( 'NONE', *, *, #1302, .F. ) ;
#1643 = CARTESIAN_POINT ( 'NONE',  ( 254.1585909464863562, -30.76217515905113586, 8.183441219806784517 ) ) ;
#1644 = CARTESIAN_POINT ( 'NONE',  ( 227.2188989402288541, 37.75717966662971037, -3.752660723754807304 ) ) ;
#1645 = PLANE ( 'NONE',  #499 ) ;
#1646 = VERTEX_POINT ( 'NONE', #1811 ) ;
#1647 = CIRCLE ( 'NONE', #1971, 35.79999999999999716 ) ;
#1648 = CARTESIAN_POINT ( 'NONE',  ( 243.1987652200347725, 22.35799627220449537, -5.000000000000051514 ) ) ;
#1649 = EDGE_CURVE ( 'NONE', #957, #1775, #1884, .T. ) ;
#1650 = CARTESIAN_POINT ( 'NONE',  ( 252.0131597966287416, -30.78004935983661738, -6.114810568685434156 ) ) ;
#1651 = CARTESIAN_POINT ( 'NONE',  ( 249.7576749752854255, 38.35365179627290644, 5.297727565648113313 ) ) ;
#1652 = CARTESIAN_POINT ( 'NONE',  ( 259.4487652200347725, 3.757996272204519261, 0.000000000000000000 ) ) ;
#1653 = CARTESIAN_POINT ( 'NONE',  ( 253.7018801720922170, 38.24744531801536596, -7.712279644251883504 ) ) ;
#1654 = EDGE_LOOP ( 'NONE', ( #1300, #2114 ) ) ;
#1655 = CARTESIAN_POINT ( 'NONE',  ( 255.4487652200348009, -32.04200372779547479, -9.124734170984622562E-15 ) ) ;
#1656 = CARTESIAN_POINT ( 'NONE',  ( 220.3412002568324510, 37.35316236200664264, -3.708067303577990526 ) ) ;
#1657 =( BOUNDED_SURFACE ( )  B_SPLINE_SURFACE ( 2, 3, ( 
 ( #1905, #2092, #2286, #930 ),
 ( #531, #1347, #543, #518 ),
 ( #2491, #1323, #2105, #172 ) ),
 .UNSPECIFIED., .F., .F., .F. ) 
 B_SPLINE_SURFACE_WITH_KNOTS ( ( 3, 3 ),
 ( 4, 4 ),
 ( 0.000000000000000000, 1.000000000000000000 ),
 ( -0.009741407248999616603, 0.0003686673093275631696 ),
 .UNSPECIFIED. ) 
 GEOMETRIC_REPRESENTATION_ITEM ( )  RATIONAL_B_SPLINE_SURFACE ( (
 ( 1.000000000000000000, 1.000000000000000000, 1.000000000000000000, 1.000000000000000000),
 ( 0.7071067811865475727, 0.7071067811865475727, 0.7071067811865475727, 0.7071067811865475727),
 ( 1.000000000000000000, 1.000000000000000000, 1.000000000000000000, 1.000000000000000000) ) ) 
 REPRESENTATION_ITEM ( '' )  SURFACE ( )  );
#1658 = CARTESIAN_POINT ( 'NONE',  ( 80.74876521989999389, 18.45790466054222989, 5.028908957654162570 ) ) ;
#1659 = VERTEX_POINT ( 'NONE', #2249 ) ;
#1660 = CYLINDRICAL_SURFACE ( 'NONE', #2157, 29.29999999999999716 ) ;
#1661 = DIRECTION ( 'NONE',  ( 0.000000000000000000, 1.000000000000000000, -5.829043938094109521E-16 ) ) ;
#1662 = CARTESIAN_POINT ( 'NONE',  ( 255.4487701778554936, -31.69110979449320098, -5.000000000000016875 ) ) ;
#1663 = EDGE_CURVE ( 'NONE', #2036, #501, #467, .T. ) ;
#1664 = VECTOR ( 'NONE', #241, 1000.000000000000000 ) ;
#1665 = CARTESIAN_POINT ( 'NONE',  ( 249.7109936841092974, 38.35390391339893768, 5.285550215257090123 ) ) ;
#1666 = PLANE ( 'NONE',  #1412 ) ;
#1667 = CARTESIAN_POINT ( 'NONE',  ( 252.6294942924065481, 38.25369560617416198, -6.531540678521297494 ) ) ;
#1668 = EDGE_LOOP ( 'NONE', ( #1907, #1389, #2131, #731 ) ) ;
#1669 = CARTESIAN_POINT ( 'NONE',  ( 251.9955168290537983, 38.19786908641111012, 6.754186453107537069 ) ) ;
#1670 = B_SPLINE_CURVE_WITH_KNOTS ( 'NONE', 3,
 ( #2540, #577, #1607, #616, #1964, #1580, #426, #1215, #6, #2165, #2178, #1800, #43, #211, #412, #1005 ),
 .UNSPECIFIED., .F., .F.,
 ( 4, 2, 2, 2, 2, 2, 2, 4 ),
 ( 0.03830211099097766136, 0.05930718908177690096, 0.08031226717257614056, 0.1223224233541745504, 0.1433275014449738038, 0.1643325795357730434, 0.1853376576265722830, 0.2063427357173715226 ),
 .UNSPECIFIED. ) ;
#1671 = CARTESIAN_POINT ( 'NONE',  ( 146.6330521319372622, 29.78466447792179395, -5.811704558156039369 ) ) ;
#1672 = CARTESIAN_POINT ( 'NONE',  ( 255.4487701778607232, 39.20710233888921437, 5.000000000000063949 ) ) ;
#1673 = ORIENTED_EDGE ( 'NONE', *, *, #1510, .T. ) ;
#1674 = CARTESIAN_POINT ( 'NONE',  ( 247.4487652200347725, 32.62822315042629384, 5.000000000000009770 ) ) ;
#1675 = CARTESIAN_POINT ( 'NONE',  ( 255.1373929068096515, -23.54430879271444610, -10.63482140843151491 ) ) ;
#1676 = CARTESIAN_POINT ( 'NONE',  ( 248.9009708365228448, 38.09557680104681054, 7.667515169370950012 ) ) ;
#1677 =( GEOMETRIC_REPRESENTATION_CONTEXT ( 3 ) GLOBAL_UNCERTAINTY_ASSIGNED_CONTEXT ( ( #165 ) ) GLOBAL_UNIT_ASSIGNED_CONTEXT ( ( #571, #1418, #973 ) ) REPRESENTATION_CONTEXT ( 'NONE', 'WORKASPACE' ) );
#1678 = EDGE_CURVE ( 'NONE', #2235, #1997, #480, .T. ) ;
#1679 = EDGE_CURVE ( 'NONE', #1009, #345, #159, .T. ) ;
#1680 = VERTEX_POINT ( 'NONE', #896 ) ;
#1681 = CARTESIAN_POINT ( 'NONE',  ( 259.4487652200347725, -25.94200372779547692, -1.350896971193214591E-14 ) ) ;
#1682 = CARTESIAN_POINT ( 'NONE',  ( 252.9814465935084513, 32.23559614301465359, -6.895780003260548519 ) ) ;
#1683 = EDGE_CURVE ( 'NONE', #1808, #803, #85, .T. ) ;
#1684 = EDGE_CURVE ( 'NONE', #1789, #903, #2058, .T. ) ;
#1685 = ORIENTED_EDGE ( 'NONE', *, *, #1852, .F. ) ;
#1686 = CARTESIAN_POINT ( 'NONE',  ( 251.9779672752748922, 37.97309435893850349, -8.167299848744503876 ) ) ;
#1687 = CARTESIAN_POINT ( 'NONE',  ( 238.4004815134872501, 37.68704245426548027, -7.576290241670450065 ) ) ;
#1688 = CARTESIAN_POINT ( 'NONE',  ( 242.7017225509154343, -31.63374560965884186, 3.911582151596817880 ) ) ;
#1689 = VERTEX_POINT ( 'NONE', #645 ) ;
#1690 = CARTESIAN_POINT ( 'NONE',  ( 249.0777990806381865, -30.85491569753892094, -5.023989536279691137 ) ) ;
#1691 = CARTESIAN_POINT ( 'NONE',  ( 234.3732866615168859, 37.77847746744689061, -5.000000000000079936 ) ) ;
#1692 = CARTESIAN_POINT ( 'NONE',  ( 227.2188989402288257, 35.92680385619398464, 11.00510291237748817 ) ) ;
#1693 = CARTESIAN_POINT ( 'NONE',  ( 218.7487652200348407, -25.11223060601727397, 2.000000000000009770 ) ) ;
#1694 = FACE_OUTER_BOUND ( 'NONE', #312, .T. ) ;
#1695 = CARTESIAN_POINT ( 'NONE',  ( 255.4487652200348009, 39.20711406974115931, -5.000004737634848873 ) ) ;
#1696 = ORIENTED_EDGE ( 'NONE', *, *, #1604, .T. ) ;
#1697 = CARTESIAN_POINT ( 'NONE',  ( 243.1987652200347725, -14.84200372779550747, -5.000000000000029310 ) ) ;
#1698 = ADVANCED_FACE ( 'NONE', ( #2430 ), #1660, .F. ) ;
#1699 = AXIS2_PLACEMENT_3D ( 'NONE', #1734, #1294, #538 ) ;
#1700 = CARTESIAN_POINT ( 'NONE',  ( 254.4487652200348009, -20.47194948157508776, 4.999999999999982236 ) ) ;
#1701 = CARTESIAN_POINT ( 'NONE',  ( 204.8768788227471589, -29.38417406120922237, 3.662953984409463626 ) ) ;
#1702 = EDGE_LOOP ( 'NONE', ( #1716, #2275, #587, #21 ) ) ;
#1703 = LINE ( 'NONE', #1535, #1528 ) ;
#1704 = AXIS2_PLACEMENT_3D ( 'NONE', #1185, #637, #2371 ) ;
#1705 = CARTESIAN_POINT ( 'NONE',  ( 94.56289985456798775, 21.25721014132736997, -5.000000000000056843 ) ) ;
#1706 = CARTESIAN_POINT ( 'NONE',  ( 220.3412002568324226, 35.54453717695507464, 10.87432765333149476 ) ) ;
#1707 = DIRECTION ( 'NONE',  ( 0.000000000000000000, 0.000000000000000000, 1.000000000000000000 ) ) ;
#1708 = CARTESIAN_POINT ( 'NONE',  ( 255.4650388938509025, -31.19862517805108482, 8.180041027888027116 ) ) ;
#1709 = CARTESIAN_POINT ( 'NONE',  ( 254.6676097087733410, 31.53822373228656062, -9.317008947989467771 ) ) ;
#1710 = VERTEX_POINT ( 'NONE', #2223 ) ;
#1711 = LINE ( 'NONE', #1370, #2313 ) ;
#1712 = VECTOR ( 'NONE', #1767, 1000.000000000000000 ) ;
#1713 = PRODUCT_DEFINITION_FORMATION_WITH_SPECIFIED_SOURCE ( 'ANY', '', #2487, .NOT_KNOWN. ) ;
#1714 = CARTESIAN_POINT ( 'NONE',  ( 82.34711255121361262, -11.23086335129461411, 5.160698801627403576 ) ) ;
#1715 = ADVANCED_FACE ( 'NONE', ( #1104 ), #1052, .F. ) ;
#1716 = ORIENTED_EDGE ( 'NONE', *, *, #1221, .F. ) ;
#1717 = CARTESIAN_POINT ( 'NONE',  ( 255.4487652200348009, 3.757996272204518817, -1.350896971193214591E-14 ) ) ;
#1718 = VECTOR ( 'NONE', #2032, 1000.000000000000000 ) ;
#1719 = CARTESIAN_POINT ( 'NONE',  ( 227.2188989402288257, 37.75717966662971037, -4.718334527868017090E-16 ) ) ;
#1720 = CARTESIAN_POINT ( 'NONE',  ( 234.1487652200348748, -5.712230606017273615, 2.000000000000009770 ) ) ;
#1721 = CARTESIAN_POINT ( 'NONE',  ( 252.0128840485839135, -30.75904794728134206, 6.250989021590409145 ) ) ;
#1722 = CARTESIAN_POINT ( 'NONE',  ( 255.4487652200348009, -31.92466034900818528, -3.344255652267391188 ) ) ;
#1723 = ORIENTED_EDGE ( 'NONE', *, *, #430, .F. ) ;
#1724 = LINE ( 'NONE', #2322, #1297 ) ;
#1725 = CARTESIAN_POINT ( 'NONE',  ( 85.63641212201913788, 20.25385931186112387, -1.820731298608432303 ) ) ;
#1726 = CARTESIAN_POINT ( 'NONE',  ( 220.3412002568324226, -30.47017988922544163, -3.782982013195987481 ) ) ;
#1727 = VERTEX_POINT ( 'NONE', #1078 ) ;
#1728 = DIRECTION ( 'NONE',  ( 1.000000000000000000, 1.226999531788473599E-16, 0.000000000000000000 ) ) ;
#1729 = CARTESIAN_POINT ( 'NONE',  ( 92.31179417100396734, 20.57362753878367911, 5.752707872125181865 ) ) ;
#1730 = EDGE_CURVE ( 'NONE', #2399, #1659, #2463, .T. ) ;
#1731 = DIRECTION ( 'NONE',  ( 1.000000000000000000, 1.226999531788473599E-16, -0.000000000000000000 ) ) ;
#1732 = AXIS2_PLACEMENT_3D ( 'NONE', #1740, #2521, #750 ) ;
#1733 = CARTESIAN_POINT ( 'NONE',  ( 255.4487652200348009, -31.59972937662707793, -5.609923078078684178 ) ) ;
#1734 = CARTESIAN_POINT ( 'NONE',  ( 255.4487652200348009, 3.757996272204518817, -1.350896971193214591E-14 ) ) ;
#1735 = VERTEX_POINT ( 'NONE', #1674 ) ;
#1736 = FACE_OUTER_BOUND ( 'NONE', #2364, .T. ) ;
#1737 = LINE ( 'NONE', #1337, #205 ) ;
#1738 = CARTESIAN_POINT ( 'NONE',  ( 163.7338019912481570, -23.24667070109247291, -9.297768875555597390 ) ) ;
#1739 = ORIENTED_EDGE ( 'NONE', *, *, #2177, .F. ) ;
#1740 = CARTESIAN_POINT ( 'NONE',  ( 259.4487652200347725, 35.05799627220452663, -1.350896971193214591E-14 ) ) ;
#1741 = VECTOR ( 'NONE', #1859, 1000.000000000000000 ) ;
#1742 = ADVANCED_FACE ( 'NONE', ( #320 ), #685, .F. ) ;
#1743 = CARTESIAN_POINT ( 'NONE',  ( 252.0132163870867430, 38.27301303057123505, 6.251191035090012171 ) ) ;
#1744 = CARTESIAN_POINT ( 'NONE',  ( 253.7957165220180968, -30.73833343704348664, 6.765258514907649179 ) ) ;
#1745 = CARTESIAN_POINT ( 'NONE',  ( -2.874739303733504484E-31, -5.716202569793580746E-16, -1.000000000000038192 ) ) ;
#1746 = ORIENTED_EDGE ( 'NONE', *, *, #1683, .T. ) ;
#1747 = LINE ( 'NONE', #2528, #1042 ) ;
#1748 = FACE_OUTER_BOUND ( 'NONE', #1558, .T. ) ;
#1749 = CARTESIAN_POINT ( 'NONE',  ( 213.4665277745166065, -27.58270771253681275, 10.79067637958543813 ) ) ;
#1750 = ORIENTED_EDGE ( 'NONE', *, *, #1604, .F. ) ;
#1751 = VECTOR ( 'NONE', #1195, 1000.000000000000000 ) ;
#1752 = CARTESIAN_POINT ( 'NONE',  ( 253.7365165716095703, -24.49636521604803363, -7.757685261947425914 ) ) ;
#1753 = CARTESIAN_POINT ( 'NONE',  ( 254.4487652200348009, -3.343708208657008907, 6.000000000000029310 ) ) ;
#1754 = CARTESIAN_POINT ( 'NONE',  ( 135.9047389884885604, -20.76978695292041976, 4.999999999999978684 ) ) ;
#1755 = CARTESIAN_POINT ( 'NONE',  ( 255.4650388938509025, -30.99481727085587579, 9.464583430202718972 ) ) ;
#1756 = EDGE_CURVE ( 'NONE', #1824, #1368, #1593, .T. ) ;
#1757 = DIRECTION ( 'NONE',  ( -0.000000000000000000, 1.000000000000000000, -0.000000000000000000 ) ) ;
#1758 = VERTEX_POINT ( 'NONE', #2070 ) ;
#1759 = DIRECTION ( 'NONE',  ( -1.000000000000000000, -0.000000000000000000, -0.000000000000000000 ) ) ;
#1760 = ADVANCED_FACE ( 'NONE', ( #308 ), #841, .F. ) ;
#1761 = LINE ( 'NONE', #2346, #909 ) ;
#1762 = CARTESIAN_POINT ( 'NONE',  ( 80.74876521989999389, -10.93199714091605657, 5.057798478821692534 ) ) ;
#1763 = ORIENTED_EDGE ( 'NONE', *, *, #524, .F. ) ;
#1764 = CARTESIAN_POINT ( 'NONE',  ( 254.8672869819386051, -23.87065713898413222, -9.767593258072700735 ) ) ;
#1765 = VECTOR ( 'NONE', #1858, 1000.000000000000000 ) ;
#1766 = DIRECTION ( 'NONE',  ( -0.000000000000000000, 1.000000000000000000, -0.000000000000000000 ) ) ;
#1767 = DIRECTION ( 'NONE',  ( 1.000000000000000000, 1.226999531788473599E-16, -0.000000000000000000 ) ) ;
#1768 = CARTESIAN_POINT ( 'NONE',  ( 255.4487652200348009, 36.44604337917565573, 12.00000000000006217 ) ) ;
#1769 = CARTESIAN_POINT ( 'NONE',  ( 255.4487652200348009, -3.343708208657008907, 26.50000000000003197 ) ) ;
#1770 = VECTOR ( 'NONE', #1943, 1000.000000000000000 ) ;
#1771 = ORIENTED_EDGE ( 'NONE', *, *, #149, .F. ) ;
#1772 = DIRECTION ( 'NONE',  ( -1.226999531788473599E-16, 1.000000000000000000, 0.000000000000000000 ) ) ;
#1773 = CARTESIAN_POINT ( 'NONE',  ( 259.4487652200347725, -14.84200372779552879, -1.000000000000029532 ) ) ;
#1774 = CARTESIAN_POINT ( 'NONE',  ( 255.4487512141184880, -31.63781095487642503, 5.377966916256640140 ) ) ;
#1775 = VERTEX_POINT ( 'NONE', #2416 ) ;
#1776 = LINE ( 'NONE', #1361, #1872 ) ;
#1777 = ADVANCED_FACE ( 'NONE', ( #152 ), #712, .F. ) ;
#1778 = CARTESIAN_POINT ( 'NONE',  ( 251.3540473663207138, -24.94852555809378103, 5.872656787081304230 ) ) ;
#1779 = VERTEX_POINT ( 'NONE', #2340 ) ;
#1780 = VECTOR ( 'NONE', #274, 1000.000000000000000 ) ;
#1781 = CARTESIAN_POINT ( 'NONE',  ( 80.74876521989999389, -10.95177027692525051, 4.999999999999994671 ) ) ;
#1782 = CARTESIAN_POINT ( 'NONE',  ( 255.2641206833755518, 38.66617384951154435, 7.976386785801545365 ) ) ;
#1783 = AXIS2_PLACEMENT_3D ( 'NONE', #665, #1084, #1240 ) ;
#1784 = CARTESIAN_POINT ( 'NONE',  ( 259.4487652200347725, -14.84200372779552879, -1.000000000000029532 ) ) ;
#1785 = ORIENTED_EDGE ( 'NONE', *, *, #2511, .T. ) ;
#1786 = PLANE ( 'NONE',  #341 ) ;
#1787 = DIRECTION ( 'NONE',  ( 0.000000000000000000, 1.000000000000000000, 0.000000000000000000 ) ) ;
#1788 = CARTESIAN_POINT ( 'NONE',  ( 80.74876521989997968, -12.07106343519225788, -1.749466517773864194 ) ) ;
#1789 = VERTEX_POINT ( 'NONE', #125 ) ;
#1790 = CARTESIAN_POINT ( 'NONE',  ( 255.4487652200348009, 38.70818116103084350, 8.178534837034616700 ) ) ;
#1791 = CARTESIAN_POINT ( 'NONE',  ( 251.8369527184831611, 38.19068902625567574, -7.688753544886959723 ) ) ;
#1792 = ADVANCED_FACE ( 'NONE', ( #1129 ), #1327, .F. ) ;
#1793 = EDGE_CURVE ( 'NONE', #1406, #1488, #737, .T. ) ;
#1794 = ORIENTED_EDGE ( 'NONE', *, *, #382, .F. ) ;
#1795 = CARTESIAN_POINT ( 'NONE',  ( 170.6369113693499173, -25.16006639223883212, 4.999999999999967137 ) ) ;
#1796 = CARTESIAN_POINT ( 'NONE',  ( 251.9953413334152117, -31.45818066202961560, -1.861329925301804078 ) ) ;
#1797 = CARTESIAN_POINT ( 'NONE',  ( 254.9201737230457070, 31.48064385026879464, 9.486678397161528054 ) ) ;
#1798 = ORIENTED_EDGE ( 'NONE', *, *, #430, .T. ) ;
#1799 = CARTESIAN_POINT ( 'NONE',  ( 245.1987652200347725, 22.35799627220447405, -5.000000000000051514 ) ) ;
#1800 = CARTESIAN_POINT ( 'NONE',  ( 115.1556477432545478, 24.95191497533340552, 5.000000000000043521 ) ) ;
#1801 = DIRECTION ( 'NONE',  ( 0.000000000000000000, 0.000000000000000000, -1.000000000000000000 ) ) ;
#1802 = ORIENTED_EDGE ( 'NONE', *, *, #1043, .F. ) ;
#1803 = CARTESIAN_POINT ( 'NONE',  ( 253.7957165220180968, 38.45428442599894225, -5.504978164342601232 ) ) ;
#1804 = CARTESIAN_POINT ( 'NONE',  ( 252.8346295229676457, -24.73647582739872774, 6.823329042374027154 ) ) ;
#1805 = CARTESIAN_POINT ( 'NONE',  ( 255.3967625598024824, 38.89394844421457265, 6.873555626282484177 ) ) ;
#1806 = EDGE_CURVE ( 'NONE', #1789, #1981, #1549, .T. ) ;
#1807 =( NAMED_UNIT ( * ) PLANE_ANGLE_UNIT ( ) SI_UNIT ( $, .RADIAN. ) );
#1808 = VERTEX_POINT ( 'NONE', #2289 ) ;
#1809 = CARTESIAN_POINT ( 'NONE',  ( 255.4487652200348009, -31.69112152533240589, 5.000004737632827378 ) ) ;
#1810 = CARTESIAN_POINT ( 'NONE',  ( 254.4487652200348009, -2.571949481575085183, 5.000000000000006217 ) ) ;
#1811 = CARTESIAN_POINT ( 'NONE',  ( 255.4487652200348009, -2.571949481575085628, 27.55009931178972948 ) ) ;
#1812 = ORIENTED_EDGE ( 'NONE', *, *, #118, .T. ) ;
#1813 = CARTESIAN_POINT ( 'NONE',  ( 255.4813125676670325, 38.91234172810658976, -6.975917680580288049 ) ) ;
#1814 = DIRECTION ( 'NONE',  ( 1.000000000000000000, 1.226999531788473599E-16, -0.000000000000000000 ) ) ;
#1815 = ORIENTED_EDGE ( 'NONE', *, *, #2005, .F. ) ;
#1816 = CARTESIAN_POINT ( 'NONE',  ( 248.4487652200347725, -28.92811122899914977, -5.000000000000022204 ) ) ;
#1817 = CARTESIAN_POINT ( 'NONE',  ( 251.9953413335170751, -31.45818066203284147, 1.861329925301750121 ) ) ;
#1818 = DIRECTION ( 'NONE',  ( 1.000000000000000000, 0.000000000000000000, 0.000000000000000000 ) ) ;
#1819 = EDGE_CURVE ( 'NONE', #1628, #351, #516, .T. ) ;
#1820 = ORIENTED_EDGE ( 'NONE', *, *, #1394, .T. ) ;
#1821 = DIRECTION ( 'NONE',  ( -1.000000000000000000, -1.226999531788473599E-16, 0.000000000000000000 ) ) ;
#1822 = CARTESIAN_POINT ( 'NONE',  ( 253.4487652200348009, 32.62822315042629384, 1.000000000000009548 ) ) ;
#1823 = AXIS2_PLACEMENT_3D ( 'NONE', #1501, #2460, #2267 ) ;
#1824 = VERTEX_POINT ( 'NONE', #357 ) ;
#1825 = CARTESIAN_POINT ( 'NONE',  ( 259.4487652200347725, -14.84200372779552879, -1.000000000000029532 ) ) ;
#1826 = CARTESIAN_POINT ( 'NONE',  ( 248.9009708365244080, 38.72886015031080831, -3.859909981622192898 ) ) ;
#1827 = ORIENTED_EDGE ( 'NONE', *, *, #679, .T. ) ;
#1828 = LINE ( 'NONE', #634, #1664 ) ;
#1829 = VECTOR ( 'NONE', #171, 1000.000000000000000 ) ;
#1830 = CARTESIAN_POINT ( 'NONE',  ( 255.4487652200348009, 3.757996272204518817, -1.350896971193214591E-14 ) ) ;
#1831 = CARTESIAN_POINT ( 'NONE',  ( 248.8375979874824964, 38.35074579816603801, 5.103631909573718595 ) ) ;
#1832 = FACE_BOUND ( 'NONE', #423, .T. ) ;
#1833 = DIRECTION ( 'NONE',  ( -1.226999531788473599E-16, 1.000000000000000000, 0.000000000000000000 ) ) ;
#1834 = ORIENTED_EDGE ( 'NONE', *, *, #25, .T. ) ;
#1835 = AXIS2_PLACEMENT_3D ( 'NONE', #368, #569, #381 ) ;
#1836 = CARTESIAN_POINT ( 'NONE',  ( 255.4650388938509025, 38.91842562970497710, 6.895498625486075284 ) ) ;
#1837 = EDGE_CURVE ( 'NONE', #883, #2064, #2300, .T. ) ;
#1838 = CARTESIAN_POINT ( 'NONE',  ( 184.2848023891560274, 32.85937110298922192, -9.955719498407997747 ) ) ;
#1839 = CARTESIAN_POINT ( 'NONE',  ( 246.1451821891216980, -29.21431607373898487, -11.35244288657051293 ) ) ;
#1840 = ORIENTED_EDGE ( 'NONE', *, *, #570, .F. ) ;
#1841 = CARTESIAN_POINT ( 'NONE',  ( 252.0131597966287416, -30.78004935983661738, -6.114810568685434156 ) ) ;
#1842 = DIRECTION ( 'NONE',  ( 1.226999531788473599E-16, -1.000000000000000000, 5.857254280169296935E-16 ) ) ;
#1843 = CARTESIAN_POINT ( 'NONE',  ( 246.1451821891216980, 37.99843223859968333, 7.645822976889316003 ) ) ;
#1844 = EDGE_LOOP ( 'NONE', ( #2518, #275, #1050, #247 ) ) ;
#1845 = B_SPLINE_CURVE_WITH_KNOTS ( 'NONE', 3,
 ( #929, #1914, #145, #1336, #352, #1973, #235, #210, #588, #2408, #1382, #424, #1963 ),
 .UNSPECIFIED., .F., .F.,
 ( 4, 2, 2, 1, 2, 2, 4 ),
 ( 0.000000000000000000, 0.2499999999999505951, 0.3749999999999393263, 0.4374999999999336642, 0.4687499999999308331, 0.4999999999999280575, 1.000000000000000000 ),
 .UNSPECIFIED. ) ;
#1846 = CARTESIAN_POINT ( 'NONE',  ( 255.4487652200348009, 39.66666358153207739, -13.00000000000006217 ) ) ;
#1847 = CARTESIAN_POINT ( 'NONE',  ( 255.4487652200348009, -20.47194948157508421, 26.35431138863045675 ) ) ;
#1848 = ORIENTED_EDGE ( 'NONE', *, *, #1793, .T. ) ;
#1849 = PLANE ( 'NONE',  #2361 ) ;
#1850 = CARTESIAN_POINT ( 'NONE',  ( 220.3412002568324510, 36.74479136566564108, -7.365887400121171602 ) ) ;
#1851 = CARTESIAN_POINT ( 'NONE',  ( 253.4487652200348009, 6.928223150426294552, 1.000000000000009548 ) ) ;
#1852 = EDGE_CURVE ( 'NONE', #1232, #2078, #1515, .T. ) ;
#1853 = VERTEX_POINT ( 'NONE', #2143 ) ;
#1854 = CIRCLE ( 'NONE', #1068, 35.79999999999999716 ) ;
#1855 = CARTESIAN_POINT ( 'NONE',  ( 250.1581710748762646, -30.85992809060604003, -5.241652251383533745 ) ) ;
#1856 = DIRECTION ( 'NONE',  ( 0.000000000000000000, 0.000000000000000000, -1.000000000000000000 ) ) ;
#1857 = DIRECTION ( 'NONE',  ( 0.000000000000000000, 1.000000000000000000, 0.000000000000000000 ) ) ;
#1858 = DIRECTION ( 'NONE',  ( -1.000000000000000000, -1.226999531788473599E-16, -0.000000000000000000 ) ) ;
#1859 = DIRECTION ( 'NONE',  ( -1.000000000000000000, -0.000000000000000000, -0.000000000000000000 ) ) ;
#1860 = CARTESIAN_POINT ( 'NONE',  ( 163.7338019912481570, 32.31846798402899879, 0.000000000000000000 ) ) ;
#1861 = EDGE_LOOP ( 'NONE', ( #990, #2475, #340, #1034, #1750, #1615, #18, #1467, #332, #2321, #1090, #1989, #462, #53, #184, #1596 ) ) ;
#1862 = CARTESIAN_POINT ( 'NONE',  ( 252.0130659979155041, 38.47311434169377975, 4.999998336065476501 ) ) ;
#1863 = CARTESIAN_POINT ( 'NONE',  ( 251.8369527184831611, 38.82572651741340053, -1.105886215935214523E-14 ) ) ;
#1864 = CIRCLE ( 'NONE', #872, 15.53631976788249425 ) ;
#1865 = CARTESIAN_POINT ( 'NONE',  ( 259.4487652200347725, 32.62822315042630095, -5.000000000000057732 ) ) ;
#1866 = ORIENTED_EDGE ( 'NONE', *, *, #277, .F. ) ;
#1867 = EDGE_CURVE ( 'NONE', #2295, #1853, #1854, .T. ) ;
#1868 = ADVANCED_FACE ( 'NONE', ( #2095 ), #922, .F. ) ;
#1869 = CARTESIAN_POINT ( 'NONE',  ( 255.4530848368356999, 39.08775418698887449, -5.797264399743416341 ) ) ;
#1870 = CARTESIAN_POINT ( 'NONE',  ( 255.4487652200348009, -22.73382971999375712, -12.52799092295335903 ) ) ;
#1871 = CARTESIAN_POINT ( 'NONE',  ( 250.7998860354521184, 38.15794410982997675, 7.681441668524439770 ) ) ;
#1872 = VECTOR ( 'NONE', #2327, 1000.000000000000000 ) ;
#1873 = EDGE_LOOP ( 'NONE', ( #1207, #2222, #1685, #378, #409, #2090 ) ) ;
#1874 = DIRECTION ( 'NONE',  ( 1.000000000000000000, 1.226999531788473599E-16, 0.000000000000000000 ) ) ;
#1875 = CARTESIAN_POINT ( 'NONE',  ( 194.5761133272972074, 35.45717182146566415, 0.000000000000000000 ) ) ;
#1876 = ORIENTED_EDGE ( 'NONE', *, *, #416, .F. ) ;
#1877 = DIRECTION ( 'NONE',  ( 1.000000000000000000, 1.226999531788473599E-16, 0.000000000000000000 ) ) ;
#1878 = CARTESIAN_POINT ( 'NONE',  ( 194.5761133272972359, 35.45717182146565705, -3.498797299897097091 ) ) ;
#1879 = CARTESIAN_POINT ( 'NONE',  ( 246.1451821891217264, -31.77099861139532067, 3.926751690119039129 ) ) ;
#1880 = ORIENTED_EDGE ( 'NONE', *, *, #356, .T. ) ;
#1881 = CARTESIAN_POINT ( 'NONE',  ( 219.4487652200347725, 35.05799627220451953, -1.350896971193214591E-14 ) ) ;
#1882 = CARTESIAN_POINT ( 'NONE',  ( 172.8987652200347895, -14.84200372779550747, -5.000000000000029310 ) ) ;
#1883 = CARTESIAN_POINT ( 'NONE',  ( 248.9009708365228448, 36.84617307015513887, 11.31962351708742887 ) ) ;
#1884 = B_SPLINE_CURVE_WITH_KNOTS ( 'NONE', 3,
 ( #2359, #1774, #212, #1385, #589, #1619, #2166, #1468 ),
 .UNSPECIFIED., .F., .F.,
 ( 4, 2, 2, 4 ),
 ( 0.000000000000000000, 0.001133849643862465655, 0.002267699287724931310, 0.004535398575449842672 ),
 .UNSPECIFIED. ) ;
#1885 = EDGE_CURVE ( 'NONE', #590, #2295, #1703, .T. ) ;
#1886 = CARTESIAN_POINT ( 'NONE',  ( 255.4487652200348009, 30.48794202598408631, 12.00000000000005507 ) ) ;
#1887 = CIRCLE ( 'NONE', #766, 29.30000000000000426 ) ;
#1888 = LINE ( 'NONE', #2241, #1497 ) ;
#1889 = CARTESIAN_POINT ( 'NONE',  ( 250.1917477905526539, 32.58490312486802054, -5.244357972149600755 ) ) ;
#1890 = EDGE_LOOP ( 'NONE', ( #2211, #520, #1031, #162 ) ) ;
#1891 = DIRECTION ( 'NONE',  ( 0.000000000000000000, -0.000000000000000000, 1.000000000000000000 ) ) ;
#1892 = CARTESIAN_POINT ( 'NONE',  ( 82.34711255121361262, 19.61040066188874675, -3.252606517456513302E-15 ) ) ;
#1893 = CARTESIAN_POINT ( 'NONE',  ( 250.7998860354485657, -29.36792028737253446, 11.40532917019274350 ) ) ;
#1894 = VERTEX_POINT ( 'NONE', #2482 ) ;
#1895 = DIRECTION ( 'NONE',  ( 0.000000000000000000, 1.000000000000000000, 0.000000000000000000 ) ) ;
#1896 = CARTESIAN_POINT ( 'NONE',  ( 255.4487652200348009, 39.44065266921396073, -3.344258841902111534 ) ) ;
#1897 = CARTESIAN_POINT ( 'NONE',  ( 174.0044880013145985, 33.46149719480280282, 3.278524662698981906 ) ) ;
#1898 = CARTESIAN_POINT ( 'NONE',  ( 254.8797228177259626, 38.29993401470898817, 9.407153501083366010 ) ) ;
#1899 = CARTESIAN_POINT ( 'NONE',  ( 247.4487652200347441, 36.41998777084350536, 5.000000000000059508 ) ) ;
#1900 = EDGE_CURVE ( 'NONE', #265, #391, #2495, .T. ) ;
#1901 = CARTESIAN_POINT ( 'NONE',  ( 218.7487652200348407, 6.928223150426294552, 1.000000000000009548 ) ) ;
#1902 = ORIENTED_EDGE ( 'NONE', *, *, #901, .T. ) ;
#1903 = CARTESIAN_POINT ( 'NONE',  ( 243.1987652200347725, -14.84200372779550392, -2.949029909160572061E-14 ) ) ;
#1904 = CIRCLE ( 'NONE', #336, 35.79999999999999716 ) ;
#1905 = CARTESIAN_POINT ( 'NONE',  ( 248.4487652200347725, -22.04059647879587303, -5.000000000000024869 ) ) ;
#1906 = CARTESIAN_POINT ( 'NONE',  ( 85.63641212201912367, -13.04868670554631294, -1.857515840355025816 ) ) ;
#1907 = ORIENTED_EDGE ( 'NONE', *, *, #596, .T. ) ;
#1908 = DIRECTION ( 'NONE',  ( 1.000000000000000000, 1.226999531788473599E-16, -0.000000000000000000 ) ) ;
#1909 = CARTESIAN_POINT ( 'NONE',  ( 213.4665277745166065, 36.90431466487255818, 3.658525727698267893 ) ) ;
#1910 = LINE ( 'NONE', #2341, #372 ) ;
#1911 = CARTESIAN_POINT ( 'NONE',  ( 255.4487652200348009, -31.39595899657497569, 6.894228957644294553 ) ) ;
#1912 = CARTESIAN_POINT ( 'NONE',  ( 245.1987652200347725, -14.84200372779552879, -1.000000000000029532 ) ) ;
#1913 = ORIENTED_EDGE ( 'NONE', *, *, #1302, .T. ) ;
#1914 = CARTESIAN_POINT ( 'NONE',  ( 252.3201211244228261, -30.76089313906751244, -6.322383058310918180 ) ) ;
#1915 = CARTESIAN_POINT ( 'NONE',  ( 247.4487652200347725, -30.79987753664314454, 4.999999999999962697 ) ) ;
#1916 = CARTESIAN_POINT ( 'NONE',  ( 204.8768788227471305, -26.99924849748088107, -10.58979003148623477 ) ) ;
#1917 = ORIENTED_EDGE ( 'NONE', *, *, #86, .T. ) ;
#1918 = EDGE_CURVE ( 'NONE', #2028, #1680, #2096, .T. ) ;
#1919 = DIRECTION ( 'NONE',  ( 0.000000000000000000, 1.000000000000000000, 0.000000000000000000 ) ) ;
#1920 = AXIS2_PLACEMENT_3D ( 'NONE', #1881, #111, #1636 ) ;
#1921 = CARTESIAN_POINT ( 'NONE',  ( 220.3412002568324510, 37.35316236200664974, 3.708067303577969653 ) ) ;
#1922 = CARTESIAN_POINT ( 'NONE',  ( 253.6250005064447066, 38.25744593036270658, 7.550677135945629281 ) ) ;
#1923 = CARTESIAN_POINT ( 'NONE',  ( 255.4650388938497940, -31.38987740683266026, -6.974633441701151071 ) ) ;
#1924 = CARTESIAN_POINT ( 'NONE',  ( 252.2267661216526164, 32.38741631515691211, -6.241412830350445695 ) ) ;
#1925 = EDGE_LOOP ( 'NONE', ( #80, #2194, #1564, #1913, #2248, #1673 ) ) ;
#1926 = DIRECTION ( 'NONE',  ( 0.000000000000000000, -0.000000000000000000, 1.000000000000000000 ) ) ;
#1927 = CARTESIAN_POINT ( 'NONE',  ( 259.4487652200347725, 3.757996272204519261, -1.350896971193214591E-14 ) ) ;
#1928 = MECHANICAL_DESIGN_GEOMETRIC_PRESENTATION_REPRESENTATION (  '', ( #1100 ), #1677 ) ;
#1929 = CARTESIAN_POINT ( 'NONE',  ( 227.2188989402288257, -28.38911369833489573, 11.06832381301719259 ) ) ;
#1930 = EDGE_LOOP ( 'NONE', ( #1140, #1228, #1055, #2170, #808 ) ) ;
#1931 = DIRECTION ( 'NONE',  ( 1.000000000000000000, 1.226999531788473599E-16, -0.000000000000000000 ) ) ;
#1932 = EDGE_CURVE ( 'NONE', #2008, #61, #1141, .T. ) ;
#1933 = CARTESIAN_POINT ( 'NONE',  ( 174.0044880013145701, 31.86238321188007561, 9.614645173057114746 ) ) ;
#1934 = CARTESIAN_POINT ( 'NONE',  ( 252.0128880324873251, 38.34425255739353133, 5.835114166521063517 ) ) ;
#1935 = CARTESIAN_POINT ( 'NONE',  ( 255.4487652200348009, -31.59972937662709924, 5.609923078078561609 ) ) ;
#1936 = DIRECTION ( 'NONE',  ( 0.000000000000000000, -0.000000000000000000, -1.000000000000000000 ) ) ;
#1937 = ORIENTED_EDGE ( 'NONE', *, *, #292, .T. ) ;
#1938 = DIRECTION ( 'NONE',  ( 1.000000000000000000, 1.226999531788473599E-16, 0.000000000000000000 ) ) ;
#1939 = CARTESIAN_POINT ( 'NONE',  ( 255.4487701778554936, -31.69110979449320098, -5.000000000000016875 ) ) ;
#1940 = CARTESIAN_POINT ( 'NONE',  ( 85.63641212201912367, -11.83927019866460739, -5.370174676843579853 ) ) ;
#1941 = ORIENTED_EDGE ( 'NONE', *, *, #114, .F. ) ;
#1942 = DIRECTION ( 'NONE',  ( -0.000000000000000000, -0.000000000000000000, -1.000000000000000000 ) ) ;
#1943 = DIRECTION ( 'NONE',  ( 0.000000000000000000, 1.000000000000000000, 0.000000000000000000 ) ) ;
#1944 = EDGE_CURVE ( 'NONE', #688, #230, #733, .T. ) ;
#1945 = AXIS2_PLACEMENT_3D ( 'NONE', #783, #1028, #796 ) ;
#1946 = CARTESIAN_POINT ( 'NONE',  ( 253.4487652200348009, 6.928223150426294552, 5.000000000000009770 ) ) ;
#1947 = DIRECTION ( 'NONE',  ( 1.226999531788473599E-16, -1.000000000000000000, 0.000000000000000000 ) ) ;
#1948 = EDGE_CURVE ( 'NONE', #1779, #743, #178, .T. ) ;
#1949 = CARTESIAN_POINT ( 'NONE',  ( 250.6565576037436642, 32.52040317406369496, 5.586991831357152272 ) ) ;
#1950 = ORIENTED_EDGE ( 'NONE', *, *, #1819, .F. ) ;
#1951 = CARTESIAN_POINT ( 'NONE',  ( 254.4487652200348009, -19.27567659244249754, 6.000000000000031086 ) ) ;
#1952 = CARTESIAN_POINT ( 'NONE',  ( 80.74876521989999389, 19.29431604008699352, 0.000000000000000000 ) ) ;
#1953 = CARTESIAN_POINT ( 'NONE',  ( 174.0044880013145701, -26.50518681408218313, 3.344761249840839668 ) ) ;
#1954 = ORIENTED_EDGE ( 'NONE', *, *, #1059, .F. ) ;
#1955 = AXIS2_PLACEMENT_3D ( 'NONE', #388, #745, #1926 ) ;
#1956 = CARTESIAN_POINT ( 'NONE',  ( 129.2699462601518690, 27.21795808845225295, -5.000000000000046185 ) ) ;
#1957 = AXIS2_PLACEMENT_3D ( 'NONE', #1458, #1471, #1818 ) ;
#1958 = LINE ( 'NONE', #11, #2421 ) ;
#1959 = PLANE ( 'NONE',  #2403 ) ;
#1960 = PLANE ( 'NONE',  #574 ) ;
#1961 = EDGE_CURVE ( 'NONE', #1422, #2218, #2305, .T. ) ;
#1962 = VERTEX_POINT ( 'NONE', #802 ) ;
#1963 = CARTESIAN_POINT ( 'NONE',  ( 254.7997883636646748, -30.72081858840078894, -9.635939280013293029 ) ) ;
#1964 = CARTESIAN_POINT ( 'NONE',  ( 212.4812339775457986, 36.47037042278604702, 5.000000000000058620 ) ) ;
#1965 = LINE ( 'NONE', #1581, #1262 ) ;
#1966 = ORIENTED_EDGE ( 'NONE', *, *, #1524, .F. ) ;
#1967 = CARTESIAN_POINT ( 'NONE',  ( 253.9165257965744331, -24.42857780340319351, -8.001583877190153515 ) ) ;
#1968 = CARTESIAN_POINT ( 'NONE',  ( 234.1487652200348748, -25.11223060601727397, 5.000000000000009770 ) ) ;
#1969 = CARTESIAN_POINT ( 'NONE',  ( 255.4487652200348009, 30.05198339038471644, 5.000000000000050626 ) ) ;
#1970 = CARTESIAN_POINT ( 'NONE',  ( 253.1813433784313929, 32.18063610433465271, 7.116659894177415069 ) ) ;
#1971 = AXIS2_PLACEMENT_3D ( 'NONE', #2529, #503, #734 ) ;
#1972 = ORIENTED_EDGE ( 'NONE', *, *, #2447, .T. ) ;
#1973 = CARTESIAN_POINT ( 'NONE',  ( 253.3538090318207026, -30.73232677289965054, -7.291221525079783383 ) ) ;
#1974 = EDGE_CURVE ( 'NONE', #2052, #221, #1045, .T. ) ;
#1975 = EDGE_CURVE ( 'NONE', #1962, #355, #984, .T. ) ;
#1976 = DIRECTION ( 'NONE',  ( 0.000000000000000000, 1.000000000000000000, 0.000000000000000000 ) ) ;
#1977 = CARTESIAN_POINT ( 'NONE',  ( 80.74876521989999389, -10.93199714091604591, -5.057798478821729837 ) ) ;
#1978 = VERTEX_POINT ( 'NONE', #47 ) ;
#1979 = CARTESIAN_POINT ( 'NONE',  ( 253.7957165220180968, 38.05436753696723429, 8.025538865228268648 ) ) ;
#1980 = CARTESIAN_POINT ( 'NONE',  ( 254.7039650636367298, -24.11319762842488146, 9.041004537310191935 ) ) ;
#1981 = VERTEX_POINT ( 'NONE', #1598 ) ;
#1982 = CARTESIAN_POINT ( 'NONE',  ( 252.0130663826502655, -31.45874907567389300, -1.861359968464209702 ) ) ;
#1983 = VECTOR ( 'NONE', #2426, 1000.000000000000000 ) ;
#1984 = CARTESIAN_POINT ( 'NONE',  ( 255.2590844192652071, 38.07323533732586895, 10.23956381516761560 ) ) ;
#1985 = EDGE_LOOP ( 'NONE', ( #868, #1335 ) ) ;
#1986 = CARTESIAN_POINT ( 'NONE',  ( 218.7487652200348407, -5.712230606017273615, 5.000000000000009770 ) ) ;
#1987 = LINE ( 'NONE', #199, #2021 ) ;
#1988 = CARTESIAN_POINT ( 'NONE',  ( 82.34711255121361262, -11.23086335129460167, -5.160698801627440879 ) ) ;
#1989 = ORIENTED_EDGE ( 'NONE', *, *, #2318, .T. ) ;
#1990 = CARTESIAN_POINT ( 'NONE',  ( 255.4650388938509025, 38.71461772255944567, 8.180041027713297552 ) ) ;
#1991 = LINE ( 'NONE', #593, #329 ) ;
#1992 = VECTOR ( 'NONE', #1661, 1000.000000000000000 ) ;
#1993 = ADVANCED_FACE ( 'NONE', ( #1179 ), #1192, .F. ) ;
#1994 = VERTEX_POINT ( 'NONE', #1968 ) ;
#1995 = CARTESIAN_POINT ( 'NONE',  ( 259.4487652200347725, 39.55799627220451953, -1.350896971193214591E-14 ) ) ;
#1996 = CARTESIAN_POINT ( 'NONE',  ( 251.9776162843882048, -30.24516477181765239, -9.503006309066654111 ) ) ;
#1997 = VERTEX_POINT ( 'NONE', #1428 ) ;
#1998 = DIRECTION ( 'NONE',  ( 1.000000000000000000, 1.226999531788473599E-16, 0.000000000000000000 ) ) ;
#1999 = CARTESIAN_POINT ( 'NONE',  ( 243.1987652200347725, 22.35799627220449892, -5.117434254131580929E-14 ) ) ;
#2000 = EDGE_LOOP ( 'NONE', ( #238, #1356, #1058, #402 ) ) ;
#2001 = CARTESIAN_POINT ( 'NONE',  ( 255.4813125676670325, 39.71759747576057009, 1.900623169448090177 ) ) ;
#2002 = CARTESIAN_POINT ( 'NONE',  ( 252.9536162212767749, -24.71295586143312306, 6.920642248304063493 ) ) ;
#2003 = AXIS2_PLACEMENT_3D ( 'NONE', #348, #2122, #359 ) ;
#2004 = ORIENTED_EDGE ( 'NONE', *, *, #2339, .T. ) ;
#2005 = EDGE_CURVE ( 'NONE', #1585, #895, #1991, .T. ) ;
#2006 = CARTESIAN_POINT ( 'NONE',  ( 254.4487652200348009, -2.571949481575085628, 4.999999999999976019 ) ) ;
#2007 = CARTESIAN_POINT ( 'NONE',  ( 250.4678826202553239, 38.37147829639479824, -5.339495497884834130 ) ) ;
#2008 = VERTEX_POINT ( 'NONE', #581 ) ;
#2009 = PLANE ( 'NONE',  #2027 ) ;
#2010 = DIRECTION ( 'NONE',  ( -0.000000000000000000, -0.000000000000000000, 1.000000000000000000 ) ) ;
#2011 = CARTESIAN_POINT ( 'NONE',  ( 0.000000000000000000, 0.000000000000000000, 2.000000000000009770 ) ) ;
#2012 = VERTEX_POINT ( 'NONE', #2207 ) ;
#2013 = LINE ( 'NONE', #630, #425 ) ;
#2014 = B_SPLINE_CURVE_WITH_KNOTS ( 'NONE', 3,
 ( #936, #2292, #560, #1886 ),
 .UNSPECIFIED., .F., .F.,
 ( 4, 4 ),
 ( 0.000000000000000000, 1.000000000000000000 ),
 .UNSPECIFIED. ) ;
#2015 = CARTESIAN_POINT ( 'NONE',  ( 250.7998860354552448, 38.15794410983008333, -7.681441668524492172 ) ) ;
#2016 =( BOUNDED_CURVE ( )  B_SPLINE_CURVE ( 3, ( #2135, #130, #2317, #360 ),
 .UNSPECIFIED., .F., .F. ) 
 B_SPLINE_CURVE_WITH_KNOTS ( ( 4, 4 ),
 ( 0.5000000000000659472, 1.000000000000000000 ),
 .UNSPECIFIED. ) 
 CURVE ( )  GEOMETRIC_REPRESENTATION_ITEM ( )  RATIONAL_B_SPLINE_CURVE ( ( 1.000000000000000000, 0.9982955541461074889, 0.9982955541461074889, 1.000000000000000000 ) ) 
 REPRESENTATION_ITEM ( '' )  );
#2017 = ORIENTED_EDGE ( 'NONE', *, *, #832, .T. ) ;
#2018 = EDGE_CURVE ( 'NONE', #1399, #2012, #1958, .T. ) ;
#2019 = DIRECTION ( 'NONE',  ( -1.000000000000000000, 0.000000000000000000, -0.000000000000000000 ) ) ;
#2020 = CARTESIAN_POINT ( 'NONE',  ( 259.4487652200347725, 32.62822315042630095, 5.000000000000052403 ) ) ;
#2021 = VECTOR ( 'NONE', #1384, 1000.000000000000000 ) ;
#2022 = APPLICATION_PROTOCOL_DEFINITION ( 'draft international standard', 'automotive_design', 1998, #208 ) ;
#2023 = ADVANCED_FACE ( 'NONE', ( #971 ), #1392, .T. ) ;
#2024 = CARTESIAN_POINT ( 'NONE',  ( 248.2480158914245578, 38.34121967188124103, 5.025881307179970392 ) ) ;
#2025 = FACE_OUTER_BOUND ( 'NONE', #719, .T. ) ;
#2026 = CARTESIAN_POINT ( 'NONE',  ( 252.0130660540936844, -30.95712179909747519, -4.999998336065507587 ) ) ;
#2027 = AXIS2_PLACEMENT_3D ( 'NONE', #2395, #1423, #1821 ) ;
#2028 = VERTEX_POINT ( 'NONE', #2503 ) ;
#2029 = CARTESIAN_POINT ( 'NONE',  ( 255.4650388938509025, 38.90586995131184267, -6.974633441559887181 ) ) ;
#2030 = CARTESIAN_POINT ( 'NONE',  ( 238.4004815134872501, 36.45250361278081641, -11.18494731311091073 ) ) ;
#2031 = CARTESIAN_POINT ( 'NONE',  ( 247.4487652200347725, -30.79987753664314454, 4.999999999999962697 ) ) ;
#2032 = DIRECTION ( 'NONE',  ( 1.000000000000000000, 1.226999531788473599E-16, -0.000000000000000000 ) ) ;
#2033 = CARTESIAN_POINT ( 'NONE',  ( 218.7487652200348407, -25.11223060601727397, 2.000000000000009770 ) ) ;
#2034 = VECTOR ( 'NONE', #1443, 1000.000000000000000 ) ;
#2035 = CARTESIAN_POINT ( 'NONE',  ( 252.0130656375070259, 38.19621183104020901, 7.689986776489464049 ) ) ;
#2036 = VERTEX_POINT ( 'NONE', #1700 ) ;
#2037 = CARTESIAN_POINT ( 'NONE',  ( 255.4487652200348009, 32.92661387598069211, -5.000000000000056843 ) ) ;
#2038 = EDGE_CURVE ( 'NONE', #1189, #1521, #1737, .T. ) ;
#2039 = CARTESIAN_POINT ( 'NONE',  ( 253.7862035004729364, 38.24765861231016117, -7.823691995029200541 ) ) ;
#2040 = ORIENTED_EDGE ( 'NONE', *, *, #2239, .T. ) ;
#2041 = VECTOR ( 'NONE', #908, 1000.000000000000000 ) ;
#2042 = CARTESIAN_POINT ( 'NONE',  ( 251.9779672753510908, 38.97361604851323591, 1.861300477056819114 ) ) ;
#2043 = CARTESIAN_POINT ( 'NONE',  ( 146.6330521319372906, 30.26467079629516732, -7.589415207398531038E-15 ) ) ;
#2044 = CARTESIAN_POINT ( 'NONE',  ( 80.74876521989997968, 19.01297061344454775, 3.406406198933385365 ) ) ;
#2045 = VERTEX_POINT ( 'NONE', #2080 ) ;
#2046 = DIRECTION ( 'NONE',  ( 1.000000000000000000, 0.000000000000000000, 0.000000000000000000 ) ) ;
#2047 = DIRECTION ( 'NONE',  ( -0.000000000000000000, -0.000000000000000000, 1.000000000000000000 ) ) ;
#2048 = CARTESIAN_POINT ( 'NONE',  ( 218.7487652200348407, -5.712230606017273615, 5.000000000000009770 ) ) ;
#2049 = ORIENTED_EDGE ( 'NONE', *, *, #1918, .T. ) ;
#2050 = LINE ( 'NONE', #484, #1741 ) ;
#2051 = DIRECTION ( 'NONE',  ( 1.226999531788473599E-16, -1.000000000000000000, -1.366692665372836214E-15 ) ) ;
#2052 = VERTEX_POINT ( 'NONE', #955 ) ;
#2053 = CARTESIAN_POINT ( 'NONE',  ( 253.9891460699682568, -30.75489903345166454, 7.967659635085071912 ) ) ;
#2054 = CARTESIAN_POINT ( 'NONE',  ( 163.7338019912481570, 31.80126968874907689, -6.262008592584523470 ) ) ;
#2055 = FACE_OUTER_BOUND ( 'NONE', #1503, .T. ) ;
#2056 = ORIENTED_EDGE ( 'NONE', *, *, #570, .T. ) ;
#2057 = EDGE_CURVE ( 'NONE', #1605, #2218, #1647, .T. ) ;
#2058 = LINE ( 'NONE', #871, #1133 ) ;
#2059 = LINE ( 'NONE', #2006, #1626 ) ;
#2060 = CARTESIAN_POINT ( 'NONE',  ( 251.8369527184784431, 38.19068902625552653, 7.688753544886891333 ) ) ;
#2061 = CARTESIAN_POINT ( 'NONE',  ( 249.0330342061405702, 38.35284837789632206, 5.136035929169379344 ) ) ;
#2062 = FACE_BOUND ( 'NONE', #1654, .T. ) ;
#2063 = CARTESIAN_POINT ( 'NONE',  ( 85.63641212201912367, 20.25385931186112742, 0.000000000000000000 ) ) ;
#2064 = VERTEX_POINT ( 'NONE', #1556 ) ;
#2065 = CARTESIAN_POINT ( 'NONE',  ( 251.9955168290531446, 38.39750027777825636, 5.495968684866239684 ) ) ;
#2066 = CARTESIAN_POINT ( 'NONE',  ( 204.8768788227471305, 34.53600056921331429, -10.52930245679231902 ) ) ;
#2067 = AXIS2_PLACEMENT_3D ( 'NONE', #1473, #498, #1096 ) ;
#2068 = CARTESIAN_POINT ( 'NONE',  ( 250.7998860354485657, -29.36792028737250604, -11.40532917019282699 ) ) ;
#2069 = VERTEX_POINT ( 'NONE', #146 ) ;
#2070 = CARTESIAN_POINT ( 'NONE',  ( 255.4487652200348009, -25.11223060601727397, 4.999999999999976019 ) ) ;
#2071 = ADVANCED_FACE ( 'NONE', ( #1748 ), #760, .T. ) ;
#2072 = CARTESIAN_POINT ( 'NONE',  ( 248.4487652200347725, -25.11223060601727042, -5.000000000000023981 ) ) ;
#2073 = CARTESIAN_POINT ( 'NONE',  ( 255.4487652200348009, 37.48691561451369836, 12.00000000000005507 ) ) ;
#2074 = AXIS2_PLACEMENT_3D ( 'NONE', #1092, #190, #2155 ) ;
#2075 = VERTEX_POINT ( 'NONE', #555 ) ;
#2076 = CARTESIAN_POINT ( 'NONE',  ( 252.0129465486302252, -30.84273009305930557, -5.743925355468111782 ) ) ;
#2077 = CARTESIAN_POINT ( 'NONE',  ( 255.4487652200348009, -32.04160486937614394, -1.500522893852509010E-14 ) ) ;
#2078 = VERTEX_POINT ( 'NONE', #1915 ) ;
#2079 = CARTESIAN_POINT ( 'NONE',  ( 255.4487652200348009, -29.97092307010468559, 11.99999999999997868 ) ) ;
#2080 = CARTESIAN_POINT ( 'NONE',  ( 245.1987652200347725, -14.84200372779552879, -1.000000000000029532 ) ) ;
#2081 = CARTESIAN_POINT ( 'NONE',  ( 252.0130656374999205, -29.40477073103353334, 11.41801686260015103 ) ) ;
#2082 = VERTEX_POINT ( 'NONE', #1939 ) ;
#2083 = CARTESIAN_POINT ( 'NONE',  ( 248.7646800217586360, -30.84732686536246860, -5.000000000000007105 ) ) ;
#2084 = CARTESIAN_POINT ( 'NONE',  ( 259.4487652200347725, -14.84200372779552879, -1.000000000000029532 ) ) ;
#2085 = CARTESIAN_POINT ( 'NONE',  ( 194.5761133272972074, 35.45717182146566415, -4.399144319553065569E-16 ) ) ;
#2086 = ADVANCED_FACE ( 'NONE', ( #1532 ), #1657, .T. ) ;
#2087 = CARTESIAN_POINT ( 'NONE',  ( 218.7487652200348407, -5.712230606017273615, 2.000000000000009770 ) ) ;
#2088 = CARTESIAN_POINT ( 'NONE',  ( 247.4487652200347725, 38.31587008105217507, 5.000000000000063061 ) ) ;
#2089 = CARTESIAN_POINT ( 'NONE',  ( 253.6202936412620375, 32.05292647192757727, -7.608390498971006721 ) ) ;
#2090 = ORIENTED_EDGE ( 'NONE', *, *, #311, .F. ) ;
#2091 = DIRECTION ( 'NONE',  ( 0.000000000000000000, 0.000000000000000000, 1.000000000000000000 ) ) ;
#2092 = CARTESIAN_POINT ( 'NONE',  ( 248.4487652200347725, -25.41062133157161540, -5.000000000000023093 ) ) ;
#2093 = CARTESIAN_POINT ( 'NONE',  ( 109.1644862542000283, -15.95213337028969214, -6.786242915136164733 ) ) ;
#2094 = ORIENTED_EDGE ( 'NONE', *, *, #2526, .F. ) ;
#2095 = FACE_OUTER_BOUND ( 'NONE', #799, .T. ) ;
#2096 = CIRCLE ( 'NONE', #406, 29.29999999999999716 ) ;
#2097 = CARTESIAN_POINT ( 'NONE',  ( 227.2188989402288541, 37.14149236741659621, 7.454469964815092276 ) ) ;
#2098 = PLANE ( 'NONE',  #522 ) ;
#2099 = CARTESIAN_POINT ( 'NONE',  ( 255.4813125676625987, -31.17994575899790277, -8.339845993003535796 ) ) ;
#2100 = CARTESIAN_POINT ( 'NONE',  ( 255.4487652200348009, -30.05490245840926633, -11.82832305673048445 ) ) ;
#2101 = ADVANCED_FACE ( 'NONE', ( #2117, #1101 ), #1150, .T. ) ;
#2102 = ORIENTED_EDGE ( 'NONE', *, *, #2323, .T. ) ;
#2103 = CARTESIAN_POINT ( 'NONE',  ( 255.4487652200348009, 3.757996272204518817, -1.350896971193214591E-14 ) ) ;
#2104 = VECTOR ( 'NONE', #938, 1000.000000000000000 ) ;
#2105 = CARTESIAN_POINT ( 'NONE',  ( 255.4487652200348009, -28.78064618434732225, -13.00000000000001954 ) ) ;
#2106 = CARTESIAN_POINT ( 'NONE',  ( 194.5761133272972074, -26.21439660957928197, -10.31956372347553241 ) ) ;
#2107 = ORIENTED_EDGE ( 'NONE', *, *, #118, .F. ) ;
#2108 = CIRCLE ( 'NONE', #2067, 29.30000000000000071 ) ;
#2109 = CARTESIAN_POINT ( 'NONE',  ( 255.4487652200348009, 3.757996272204518817, -1.350896971193214591E-14 ) ) ;
#2110 = CARTESIAN_POINT ( 'NONE',  ( 92.31179417100396734, 21.53042162035454865, 1.961631895570833395 ) ) ;
#2111 = DIRECTION ( 'NONE',  ( -1.226999531788473599E-16, 1.000000000000000000, 0.000000000000000000 ) ) ;
#2112 = CARTESIAN_POINT ( 'NONE',  ( 253.7957165220180968, -30.33841654795065423, 9.285819216037696222 ) ) ;
#2113 = PLANE ( 'NONE',  #1699 ) ;
#2114 = ORIENTED_EDGE ( 'NONE', *, *, #1944, .F. ) ;
#2115 = DIRECTION ( 'NONE',  ( 0.000000000000000000, 1.000000000000000000, -5.829043938094109521E-16 ) ) ;
#2116 = EDGE_CURVE ( 'NONE', #1406, #1116, #2301, .T. ) ;
#2117 = FACE_BOUND ( 'NONE', #97, .T. ) ;
#2118 = CARTESIAN_POINT ( 'NONE',  ( 109.1644862542000283, -17.48046246480972243, 2.347326571278565588 ) ) ;
#2119 = ORIENTED_EDGE ( 'NONE', *, *, #12, .F. ) ;
#2120 = CARTESIAN_POINT ( 'NONE',  ( 259.4487652200347725, -14.84200372779553057, -5.000000000000029310 ) ) ;
#2121 = CARTESIAN_POINT ( 'NONE',  ( 213.4665277745166065, 35.11985358864305340, 10.72904136684515031 ) ) ;
#2122 = DIRECTION ( 'NONE',  ( -1.000000000000000000, -1.226999531788473599E-16, 0.000000000000000000 ) ) ;
#2123 = DIRECTION ( 'NONE',  ( 0.000000000000000000, 1.000000000000000000, -2.098726502488182543E-16 ) ) ;
#2124 = CARTESIAN_POINT ( 'NONE',  ( 251.3461530645126345, 32.49476259491370200, -5.717384034080441602 ) ) ;
#2125 = ORIENTED_EDGE ( 'NONE', *, *, #2274, .T. ) ;
#2126 = CARTESIAN_POINT ( 'NONE',  ( 218.7487652200348407, -5.712230606017273615, 2.000000000000009770 ) ) ;
#2127 = CARTESIAN_POINT ( 'NONE',  ( 92.31179417100396734, 21.53042162035454865, -4.119968255444916849E-15 ) ) ;
#2128 = CARTESIAN_POINT ( 'NONE',  ( 85.63641212201912367, -11.83927019866461983, 5.370174676843540773 ) ) ;
#2129 = EDGE_CURVE ( 'NONE', #590, #2008, #1904, .T. ) ;
#2130 = EDGE_CURVE ( 'NONE', #2008, #272, #1187, .T. ) ;
#2131 = ORIENTED_EDGE ( 'NONE', *, *, #1683, .F. ) ;
#2132 = CARTESIAN_POINT ( 'NONE',  ( 252.2240706295932284, -24.86667498618764682, -6.256058465595336848 ) ) ;
#2133 = CARTESIAN_POINT ( 'NONE',  ( 250.7796575943712583, -30.81959071362611624, 5.632605722256959879 ) ) ;
#2134 = CARTESIAN_POINT ( 'NONE',  ( 254.4487652200348009, -19.27567659244249754, 6.000000000000031086 ) ) ;
#2135 = CARTESIAN_POINT ( 'NONE',  ( 252.0130660101493447, 38.83096042776858781, -7.854713747918907728E-16 ) ) ;
#2136 = CARTESIAN_POINT ( 'NONE',  ( 253.3449180699319356, 32.14304042284852869, 7.265878905217335593 ) ) ;
#2137 = VERTEX_POINT ( 'NONE', #1952 ) ;
#2138 = LINE ( 'NONE', #2126, #1419 ) ;
#2139 = CARTESIAN_POINT ( 'NONE',  ( 247.4487652200347725, -22.53599084597569302, 4.999999999999977796 ) ) ;
#2140 = CARTESIAN_POINT ( 'NONE',  ( 184.2848023891560274, -25.32374990494438904, 10.01291201702563960 ) ) ;
#2141 = ORIENTED_EDGE ( 'NONE', *, *, #2196, .T. ) ;
#2142 = CARTESIAN_POINT ( 'NONE',  ( 255.4487652200348009, 39.55799627220451953, -1.672134787832482594 ) ) ;
#2143 = CARTESIAN_POINT ( 'NONE',  ( 255.4487652200348009, -29.97092307010468559, 11.99999999999997868 ) ) ;
#2144 = EDGE_CURVE ( 'NONE', #957, #398, #1082, .T. ) ;
#2145 = VECTOR ( 'NONE', #1331, 1000.000000000000000 ) ;
#2146 = CARTESIAN_POINT ( 'NONE',  ( 248.4487652200347441, -30.83605154049006458, -5.000000000000023093 ) ) ;
#2147 = CARTESIAN_POINT ( 'NONE',  ( 255.4487652200348009, 36.44604337917562020, 5.000000000000062172 ) ) ;
#2148 = LINE ( 'NONE', #2162, #251 ) ;
#2149 = ORIENTED_EDGE ( 'NONE', *, *, #1155, .F. ) ;
#2150 = PLANE ( 'NONE',  #1955 ) ;
#2151 = CARTESIAN_POINT ( 'NONE',  ( 255.4487652200348009, -31.69112152533240589, 5.000004737632827378 ) ) ;
#2152 = CARTESIAN_POINT ( 'NONE',  ( 255.4487652200348009, -29.59826251081848980, -13.00000000000001243 ) ) ;
#2153 = VERTEX_POINT ( 'NONE', #1358 ) ;
#2154 = CIRCLE ( 'NONE', #140, 1.600000000000000755 ) ;
#2155 = DIRECTION ( 'NONE',  ( 0.000000000000000000, 1.000000000000000000, 0.000000000000000000 ) ) ;
#2156 = CARTESIAN_POINT ( 'NONE',  ( 248.4616120015383274, -25.10516856815673847, 5.041303260401496011 ) ) ;
#2157 = AXIS2_PLACEMENT_3D ( 'NONE', #2444, #2469, #494 ) ;
#2158 = ADVANCED_FACE ( 'NONE', ( #992 ), #2263, .T. ) ;
#2159 = EDGE_CURVE ( 'NONE', #230, #688, #2227, .T. ) ;
#2160 = CARTESIAN_POINT ( 'NONE',  ( 80.74876521996739598, 3.757996272204497057, 0.000000000000000000 ) ) ;
#2161 = CARTESIAN_POINT ( 'NONE',  ( 252.0130663828668105, -30.24626245898017984, -9.503313084310917702 ) ) ;
#2162 = CARTESIAN_POINT ( 'NONE',  ( 218.7487652200348407, 6.928223150426294552, 1.000000000000009548 ) ) ;
#2163 = EDGE_LOOP ( 'NONE', ( #795, #2423, #2419, #1582 ) ) ;
#2164 = PLANE ( 'NONE',  #827 ) ;
#2165 = CARTESIAN_POINT ( 'NONE',  ( 135.9069308864117431, 28.21033563340208516, 5.000000000000047073 ) ) ;
#2166 = CARTESIAN_POINT ( 'NONE',  ( 255.1161274712017644, -30.97667524967305752, 8.699458212919674693 ) ) ;
#2167 = ORIENTED_EDGE ( 'NONE', *, *, #1495, .F. ) ;
#2168 = CARTESIAN_POINT ( 'NONE',  ( 253.7957165220180968, 38.24200745099106769, -6.842898656178443062 ) ) ;
#2169 = CARTESIAN_POINT ( 'NONE',  ( 252.0130656375133071, 38.83135117853912277, -9.324138683375338132E-15 ) ) ;
#2170 = ORIENTED_EDGE ( 'NONE', *, *, #2318, .F. ) ;
#2171 = CARTESIAN_POINT ( 'NONE',  ( 115.1624823378649722, -17.43707929587758798, 4.999999999999985789 ) ) ;
#2172 = FACE_OUTER_BOUND ( 'NONE', #2344, .T. ) ;
#2173 = CARTESIAN_POINT ( 'NONE',  ( 255.4487652200348577, 30.48380092876952929, -12.05538746918045234 ) ) ;
#2174 = VECTOR ( 'NONE', #1908, 1000.000000000000000 ) ;
#2175 = ORIENTED_EDGE ( 'NONE', *, *, #1806, .T. ) ;
#2176 = FACE_OUTER_BOUND ( 'NONE', #1517, .T. ) ;
#2177 = EDGE_CURVE ( 'NONE', #2308, #1994, #1987, .T. ) ;
#2178 = CARTESIAN_POINT ( 'NONE',  ( 128.9814843756064988, 27.17346239634978744, 5.000000000000045297 ) ) ;
#2179 = CARTESIAN_POINT ( 'NONE',  ( 80.74876521989999389, 3.757996272204497057, 0.000000000000000000 ) ) ;
#2180 = PRODUCT_DEFINITION_SHAPE ( 'NONE', 'NONE',  #869 ) ;
#2181 = ORIENTED_EDGE ( 'NONE', *, *, #198, .T. ) ;
#2182 = CARTESIAN_POINT ( 'NONE',  ( 255.4487652200348009, 39.70435743333727174, 1.899923374941757670 ) ) ;
#2183 = CARTESIAN_POINT ( 'NONE',  ( 255.4487652200348009, -23.39739887118315309, 11.05231340789978134 ) ) ;
#2184 = ORIENTED_EDGE ( 'NONE', *, *, #1111, .F. ) ;
#2185 = DIRECTION ( 'NONE',  ( 1.000000000000000000, 1.226999531788473599E-16, -0.000000000000000000 ) ) ;
#2186 = CARTESIAN_POINT ( 'NONE',  ( 252.0130663827532373, -30.88206130332174482, 5.496056515313126667 ) ) ;
#2187 = VECTOR ( 'NONE', #2273, 1000.000000000000000 ) ;
#2188 = CARTESIAN_POINT ( 'NONE',  ( 255.2375766495480036, 31.15869951871906807, 10.38032519585640756 ) ) ;
#2189 = ORIENTED_EDGE ( 'NONE', *, *, #776, .F. ) ;
#2190 = DIRECTION ( 'NONE',  ( 7.186848259333761210E-32, -5.857254280169296935E-16, -1.000000000000000000 ) ) ;
#2191 = ADVANCED_BREP_SHAPE_REPRESENTATION ( '26.07.10 Avionics Bay Plate (Top Half)', ( #204, #1957 ), #509 ) ;
#2192 = CARTESIAN_POINT ( 'NONE',  ( 247.4487652200347725, -25.73302084037118220, 4.999999999999973355 ) ) ;
#2193 = DIRECTION ( 'NONE',  ( 0.000000000000000000, 0.000000000000000000, 1.000000000000000000 ) ) ;
#2194 = ORIENTED_EDGE ( 'NONE', *, *, #1272, .T. ) ;
#2195 = FACE_OUTER_BOUND ( 'NONE', #483, .T. ) ;
#2196 = EDGE_CURVE ( 'NONE', #2451, #883, #1175, .T. ) ;
#2197 = CARTESIAN_POINT ( 'NONE',  ( 252.2129325273806444, -24.84136615417422433, 6.370812078800882183 ) ) ;
#2198 = VECTOR ( 'NONE', #699, 1000.000000000000000 ) ;
#2199 = CARTESIAN_POINT ( 'NONE',  ( 219.4487652200347725, 35.05799627220451953, -1.350896971193214591E-14 ) ) ;
#2200 = CARTESIAN_POINT ( 'NONE',  ( 251.9953413335154835, -30.48223987870187912, 8.012402941143665913 ) ) ;
#2201 = VERTEX_POINT ( 'NONE', #1810 ) ;
#2202 = PLANE ( 'NONE',  #994 ) ;
#2203 = CARTESIAN_POINT ( 'NONE',  ( 242.7017225509154628, 38.49520929579590955, 0.000000000000000000 ) ) ;
#2204 = CARTESIAN_POINT ( 'NONE',  ( 82.34711255121361262, -12.39310381707427133, -1.785059210952625541 ) ) ;
#2205 = ORIENTED_EDGE ( 'NONE', *, *, #920, .T. ) ;
#2206 = CARTESIAN_POINT ( 'NONE',  ( 255.4813125676670325, 38.72105428408804073, 8.181547218391978404 ) ) ;
#2207 = CARTESIAN_POINT ( 'NONE',  ( 218.7487652200348407, 32.62822315042629384, 1.000000000000009548 ) ) ;
#2208 = EDGE_CURVE ( 'NONE', #1021, #915, #1761, .T. ) ;
#2209 = ADVANCED_FACE ( 'NONE', ( #224 ), #1594, .F. ) ;
#2210 = COLOUR_RGB ( '',0.7921568627450980005, 0.8196078431372548767, 0.9333333333333333481 ) ;
#2211 = ORIENTED_EDGE ( 'NONE', *, *, #243, .F. ) ;
#2212 = EDGE_CURVE ( 'NONE', #2288, #151, #1670, .T. ) ;
#2213 = CARTESIAN_POINT ( 'NONE',  ( 253.4487652200348009, 32.62822315042629384, 5.000000000000054179 ) ) ;
#2214 = CARTESIAN_POINT ( 'NONE',  ( 250.7998860354521184, 36.90627108835115422, 11.34018333651344790 ) ) ;
#2215 = ORIENTED_EDGE ( 'NONE', *, *, #582, .T. ) ;
#2216 = DIRECTION ( 'NONE',  ( -0.000000000000000000, -0.000000000000000000, -1.000000000000000000 ) ) ;
#2217 = CARTESIAN_POINT ( 'NONE',  ( 252.0130656374876992, -31.43558569780517686, -1.678092915003164709 ) ) ;
#2218 = VERTEX_POINT ( 'NONE', #821 ) ;
#2219 = CARTESIAN_POINT ( 'NONE',  ( 255.4650388938509025, 39.71097745462988371, -1.900273272196476348 ) ) ;
#2220 = CARTESIAN_POINT ( 'NONE',  ( 174.0044880013145701, 31.86238321188006850, -9.614645173057150274 ) ) ;
#2221 = CARTESIAN_POINT ( 'NONE',  ( 82.34711255121362683, 19.61040066188874320, 1.749709533906050885 ) ) ;
#2222 = ORIENTED_EDGE ( 'NONE', *, *, #1409, .F. ) ;
#2223 = CARTESIAN_POINT ( 'NONE',  ( 259.4487652200347725, 22.35799627220447761, -1.000000000000051292 ) ) ;
#2224 = CARTESIAN_POINT ( 'NONE',  ( 259.4487652200347725, -31.78200372779548744, -5.000000000000020428 ) ) ;
#2225 = CARTESIAN_POINT ( 'NONE',  ( 218.7487652200348407, -25.11223060601727397, 2.000000000000009770 ) ) ;
#2226 = EDGE_CURVE ( 'NONE', #2201, #2036, #2335, .T. ) ;
#2227 = CIRCLE ( 'NONE', #1118, 1.599999999999997202 ) ;
#2228 = ORIENTED_EDGE ( 'NONE', *, *, #1526, .T. ) ;
#2229 = LINE ( 'NONE', #298, #217 ) ;
#2230 = CARTESIAN_POINT ( 'NONE',  ( 172.8987652200347895, 22.35799627220449892, -5.000000000000052403 ) ) ;
#2231 = ORIENTED_EDGE ( 'NONE', *, *, #311, .T. ) ;
#2232 = CARTESIAN_POINT ( 'NONE',  ( 253.7164574212504817, -30.74441687059212924, 7.649711167981955384 ) ) ;
#2233 = CARTESIAN_POINT ( 'NONE',  ( 251.8369527184831611, 38.82572651741340763, -3.870601609331647541 ) ) ;
#2234 = CARTESIAN_POINT ( 'NONE',  ( 85.63641212201913788, 19.95513762654143619, 3.616790266585832470 ) ) ;
#2235 = VERTEX_POINT ( 'NONE', #2230 ) ;
#2236 = CARTESIAN_POINT ( 'NONE',  ( 250.9108052573757561, -30.84947844809323314, -5.477438916097453259 ) ) ;
#2237 = CARTESIAN_POINT ( 'NONE',  ( 234.1487652200348748, -25.11223060601727397, 2.000000000000009770 ) ) ;
#2238 = CARTESIAN_POINT ( 'NONE',  ( 242.7017225509154912, 38.49520929579590955, 3.834120762668352000 ) ) ;
#2239 = EDGE_CURVE ( 'NONE', #2069, #2137, #855, .T. ) ;
#2240 = LINE ( 'NONE', #1070, #1765 ) ;
#2241 = CARTESIAN_POINT ( 'NONE',  ( 255.4487652200348009, 32.62822315042629384, 5.000000000000054179 ) ) ;
#2242 = CARTESIAN_POINT ( 'NONE',  ( 80.74876521989999389, 19.29431604008699352, 0.000000000000000000 ) ) ;
#2243 = ORIENTED_EDGE ( 'NONE', *, *, #1649, .T. ) ;
#2244 = VECTOR ( 'NONE', #605, 1000.000000000000000 ) ;
#2245 = PLANE ( 'NONE',  #960 ) ;
#2246 = CARTESIAN_POINT ( 'NONE',  ( 204.8768788227471305, 35.69817259316310754, -7.132179457071107009 ) ) ;
#2247 = CARTESIAN_POINT ( 'NONE',  ( 250.7998860354485657, -31.93651333972330519, -3.945044784008524541 ) ) ;
#2248 = ORIENTED_EDGE ( 'NONE', *, *, #524, .T. ) ;
#2249 = CARTESIAN_POINT ( 'NONE',  ( 254.7997883634742209, 38.23681113294116329, -9.635939279543489278 ) ) ;
#2250 = CARTESIAN_POINT ( 'NONE',  ( 252.0129568993425551, 38.29806298840648537, -6.114673382406481394 ) ) ;
#2251 = CARTESIAN_POINT ( 'NONE',  ( 253.4487652200348009, 32.62822315042629384, 1.000000000000009548 ) ) ;
#2252 =( NAMED_UNIT ( * ) SI_UNIT ( $, .STERADIAN. ) SOLID_ANGLE_UNIT ( ) );
#2253 = ORIENTED_EDGE ( 'NONE', *, *, #838, .T. ) ;
#2254 = CARTESIAN_POINT ( 'NONE',  ( 255.4487652200348009, -19.27567659244249754, 6.000000000000031086 ) ) ;
#2255 = CARTESIAN_POINT ( 'NONE',  ( 253.8703699070563573, 38.24794792678292765, -7.937639248255969449 ) ) ;
#2256 = ORIENTED_EDGE ( 'NONE', *, *, #1111, .T. ) ;
#2257 = CARTESIAN_POINT ( 'NONE',  ( 259.4487652200347725, -2.571949481575085183, 20.79999999999997939 ) ) ;
#2258 = EDGE_CURVE ( 'NONE', #454, #1994, #1475, .T. ) ;
#2259 = CARTESIAN_POINT ( 'NONE',  ( 213.4665277745166065, 35.11985358864303919, -10.72904136684518761 ) ) ;
#2260 = CARTESIAN_POINT ( 'NONE',  ( 250.7998860354485657, -31.93651333972331585, 3.945044784008435279 ) ) ;
#2261 = ORIENTED_EDGE ( 'NONE', *, *, #1059, .T. ) ;
#2262 = DIRECTION ( 'NONE',  ( 1.000000000000000000, -0.000000000000000000, 0.000000000000000000 ) ) ;
#2263 =( BOUNDED_SURFACE ( )  B_SPLINE_SURFACE ( 2, 3, ( 
 ( #810, #32, #2192, #2139 ),
 ( #603, #236, #20, #797 ),
 ( #1566, #784, #1162, #980 ) ),
 .UNSPECIFIED., .F., .F., .F. ) 
 B_SPLINE_SURFACE_WITH_KNOTS ( ( 3, 3 ),
 ( 4, 4 ),
 ( 0.000000000000000000, 1.000000000000000000 ),
 ( -0.03588507710136662476, -0.02629398711818020304 ),
 .UNSPECIFIED. ) 
 GEOMETRIC_REPRESENTATION_ITEM ( )  RATIONAL_B_SPLINE_SURFACE ( (
 ( 1.000000000000000000, 1.000000000000000000, 1.000000000000000000, 1.000000000000000000),
 ( 0.7071067811865474617, 0.7071067811865474617, 0.7071067811865475727, 0.7071067811865475727),
 ( 1.000000000000000000, 1.000000000000000000, 1.000000000000000000, 1.000000000000000000) ) ) 
 REPRESENTATION_ITEM ( '' )  SURFACE ( )  );
#2264 = CARTESIAN_POINT ( 'NONE',  ( 220.3049342300658111, 36.99108164577362601, -5.000000000000079936 ) ) ;
#2265 = CARTESIAN_POINT ( 'NONE',  ( 238.4004815134872501, 38.31279125987684608, -4.795441125814471742E-16 ) ) ;
#2266 = ORIENTED_EDGE ( 'NONE', *, *, #934, .F. ) ;
#2267 = DIRECTION ( 'NONE',  ( 0.000000000000000000, -0.000000000000000000, -1.000000000000000000 ) ) ;
#2268 = CARTESIAN_POINT ( 'NONE',  ( 253.2445965720125400, 32.16734075118147729, -7.169938307869521132 ) ) ;
#2269 = ORIENTED_EDGE ( 'NONE', *, *, #489, .T. ) ;
#2270 = LINE ( 'NONE', #1697, #1209 ) ;
#2271 = CARTESIAN_POINT ( 'NONE',  ( 246.1451821891216980, 38.62992396384930771, -1.105886215935214523E-14 ) ) ;
#2272 = VECTOR ( 'NONE', #2216, 1000.000000000000000 ) ;
#2273 = DIRECTION ( 'NONE',  ( 0.000000000000000000, 1.000000000000000000, 0.000000000000000000 ) ) ;
#2274 = EDGE_CURVE ( 'NONE', #1727, #2075, #600, .T. ) ;
#2275 = ORIENTED_EDGE ( 'NONE', *, *, #243, .T. ) ;
#2276 = CARTESIAN_POINT ( 'NONE',  ( 234.1487652200348748, -25.11223060601727397, 2.000000000000009770 ) ) ;
#2277 = CARTESIAN_POINT ( 'NONE',  ( 115.3611779345804109, 24.98672963156208482, -5.000000000000045297 ) ) ;
#2278 = CARTESIAN_POINT ( 'NONE',  ( 163.7338019912481570, 32.31846798402899879, 3.152362784761683745 ) ) ;
#2279 =( BOUNDED_CURVE ( )  B_SPLINE_CURVE ( 3, ( #482, #63, #1250, #1432 ),
 .UNSPECIFIED., .F., .F. ) 
 B_SPLINE_CURVE_WITH_KNOTS ( ( 4, 4 ),
 ( 0.000000000000000000, 0.5000000000000659472 ),
 .UNSPECIFIED. ) 
 CURVE ( )  GEOMETRIC_REPRESENTATION_ITEM ( )  RATIONAL_B_SPLINE_CURVE ( ( 1.000000000000000000, 0.9982955541461066007, 0.9982955541461066007, 1.000000000000000000 ) ) 
 REPRESENTATION_ITEM ( '' )  );
#2280 = AXIS2_PLACEMENT_3D ( 'NONE', #481, #1856, #2019 ) ;
#2281 = CARTESIAN_POINT ( 'NONE',  ( 252.3266029492388043, 38.25816591015832557, 6.441711481181125798 ) ) ;
#2282 = CARTESIAN_POINT ( 'NONE',  ( 255.4650388938475771, -30.95715023561501766, -9.701987878585917713 ) ) ;
#2283 = CARTESIAN_POINT ( 'NONE',  ( 250.7888745416664733, 32.54521668023240721, -5.457848144894422049 ) ) ;
#2284 = ORIENTED_EDGE ( 'NONE', *, *, #2130, .T. ) ;
#2285 = CARTESIAN_POINT ( 'NONE',  ( 251.9955168290511835, 38.97417883429946528, 1.861330222762118014 ) ) ;
#2286 = CARTESIAN_POINT ( 'NONE',  ( 248.4487652200347725, -28.78064618434730448, -5.000000000000022204 ) ) ;
#2287 = CARTESIAN_POINT ( 'NONE',  ( 127.8679960434366336, -18.82094519996739379, 7.773981418491045403 ) ) ;
#2288 = VERTEX_POINT ( 'NONE', #627 ) ;
#2289 = CARTESIAN_POINT ( 'NONE',  ( 218.7487652200348407, 6.928223150426294552, 1.000000000000009548 ) ) ;
#2290 = CARTESIAN_POINT ( 'NONE',  ( 184.2848023891560274, 34.51521278756576550, -4.268421243591899080E-16 ) ) ;
#2291 = EDGE_CURVE ( 'NONE', #2045, #1193, #461, .T. ) ;
#2292 = CARTESIAN_POINT ( 'NONE',  ( 255.4487652200348009, 35.15392441833716930, 12.00000000000005507 ) ) ;
#2293 = CARTESIAN_POINT ( 'NONE',  ( 253.7957165217107445, -31.51591578074645028, -1.864381480389525558 ) ) ;
#2294 = CARTESIAN_POINT ( 'NONE',  ( 254.4487652200348009, -3.343708208657008907, 26.50000000000003197 ) ) ;
#2295 = VERTEX_POINT ( 'NONE', #1847 ) ;
#2296 = DIRECTION ( 'NONE',  ( 1.226999531788473599E-16, -1.000000000000000000, 5.857254280169296935E-16 ) ) ;
#2297 = CARTESIAN_POINT ( 'NONE',  ( 254.4487652200348009, -3.343708208657008907, 6.000000000000029310 ) ) ;
#2298 = CARTESIAN_POINT ( 'NONE',  ( 238.4004815134872501, -28.91445887447668994, -11.24920136401557436 ) ) ;
#2299 = ORIENTED_EDGE ( 'NONE', *, *, #1617, .T. ) ;
#2300 = LINE ( 'NONE', #2120, #649 ) ;
#2301 = CIRCLE ( 'NONE', #2350, 29.30000000000000426 ) ;
#2302 = CARTESIAN_POINT ( 'NONE',  ( 163.7338019912481570, 31.80126968874907689, 6.262008592584498601 ) ) ;
#2303 = ADVANCED_FACE ( 'NONE', ( #1044 ), #666, .F. ) ;
#2304 = CARTESIAN_POINT ( 'NONE',  ( 243.1987652200347725, -14.84200372779550392, -2.949029909160572061E-14 ) ) ;
#2305 = B_SPLINE_CURVE_WITH_KNOTS ( 'NONE', 3,
 ( #441, #1416, #1611, #620 ),
 .UNSPECIFIED., .F., .F.,
 ( 4, 4 ),
 ( 0.000000000000000000, 1.000000000000000000 ),
 .UNSPECIFIED. ) ;
#2306 = B_SPLINE_CURVE_WITH_KNOTS ( 'NONE', 3,
 ( #90, #1293, #2076, #876 ),
 .UNSPECIFIED., .F., .F.,
 ( 4, 4 ),
 ( 0.000000000000000000, 1.000000000000000000 ),
 .UNSPECIFIED. ) ;
#2307 = DIRECTION ( 'NONE',  ( 0.000000000000000000, 0.000000000000000000, 1.000000000000000000 ) ) ;
#2308 = VERTEX_POINT ( 'NONE', #485 ) ;
#2309 = LINE ( 'NONE', #342, #2443 ) ;
#2310 = CARTESIAN_POINT ( 'NONE',  ( 109.1644862542000283, 24.22618257446725210, -4.570506324121676123 ) ) ;
#2311 = CARTESIAN_POINT ( 'NONE',  ( 127.8679960434366336, -20.57172278496038587, 2.688980246720779732 ) ) ;
#2312 = ORIENTED_EDGE ( 'NONE', *, *, #2481, .T. ) ;
#2313 = VECTOR ( 'NONE', #1124, 1000.000000000000000 ) ;
#2314 = CARTESIAN_POINT ( 'NONE',  ( 252.0130660056481133, 38.47311410243842289, -5.000000000000063061 ) ) ;
#2315 = CARTESIAN_POINT ( 'NONE',  ( 220.3412002568324226, 37.35316236200664264, -4.662265863625576403E-16 ) ) ;
#2316 = DIRECTION ( 'NONE',  ( 1.000000000000000000, 1.226999531788473599E-16, 0.000000000000000000 ) ) ;
#2317 = CARTESIAN_POINT ( 'NONE',  ( 252.0130656375008016, 38.71173887642346045, -3.343303849640180569 ) ) ;
#2318 = EDGE_CURVE ( 'NONE', #151, #1962, #474, .T. ) ;
#2319 = VECTOR ( 'NONE', #2047, 1000.000000000000000 ) ;
#2320 = CARTESIAN_POINT ( 'NONE',  ( 248.9607558396702700, 32.62822315042629384, -5.000000000000058620 ) ) ;
#2321 = ORIENTED_EDGE ( 'NONE', *, *, #1251, .T. ) ;
#2322 = CARTESIAN_POINT ( 'NONE',  ( 80.74876521996739598, 3.757996272204494392, -5.000000000000040856 ) ) ;
#2323 = EDGE_CURVE ( 'NONE', #1399, #391, #1072, .T. ) ;
#2324 = CARTESIAN_POINT ( 'NONE',  ( 127.8679960434366336, 27.63776564083132925, -4.987329993433320396E-15 ) ) ;
#2325 = CARTESIAN_POINT ( 'NONE',  ( 242.7017225509154343, -31.63374560965883475, -3.911582151596903589 ) ) ;
#2326 = ORIENTED_EDGE ( 'NONE', *, *, #179, .T. ) ;
#2327 = DIRECTION ( 'NONE',  ( -1.000000000000000000, -1.226999531788473599E-16, 0.000000000000000000 ) ) ;
#2328 = CARTESIAN_POINT ( 'NONE',  ( 250.5941107845206943, -30.82494239230688393, 5.560849159943563436 ) ) ;
#2329 = CARTESIAN_POINT ( 'NONE',  ( 253.6542943574502260, 38.25835886002960962, 7.581989172295447332 ) ) ;
#2330 = CARTESIAN_POINT ( 'NONE',  ( 247.4487652200347725, 32.62822315042629384, 5.000000000000009770 ) ) ;
#2331 = DIRECTION ( 'NONE',  ( 0.000000000000000000, 1.000000000000000000, 1.366692665372836214E-15 ) ) ;
#2332 = VECTOR ( 'NONE', #1707, 1000.000000000000000 ) ;
#2333 = ORIENTED_EDGE ( 'NONE', *, *, #789, .T. ) ;
#2334 = CARTESIAN_POINT ( 'NONE',  ( 255.4487652200348009, -2.571949481575085628, 27.55009931178972593 ) ) ;
#2335 = LINE ( 'NONE', #564, #1780 ) ;
#2336 = CARTESIAN_POINT ( 'NONE',  ( 227.2188989402287973, -30.88180980758749428, -3.828476361767547242 ) ) ;
#2337 = VERTEX_POINT ( 'NONE', #835 ) ;
#2338 = CARTESIAN_POINT ( 'NONE',  ( 254.0185966888355438, -24.38534262412116149, -8.151915063492621627 ) ) ;
#2339 = EDGE_CURVE ( 'NONE', #1659, #351, #1325, .T. ) ;
#2340 = CARTESIAN_POINT ( 'NONE',  ( 254.4487652200348009, -19.27567659244249754, 26.50000000000003197 ) ) ;
#2341 = CARTESIAN_POINT ( 'NONE',  ( 255.4487652200348009, -3.343708208657008907, 6.000000000000029310 ) ) ;
#2342 = CARTESIAN_POINT ( 'NONE',  ( 247.4487652200347725, 39.64307337357113425, 5.000000000000062172 ) ) ;
#2343 = CARTESIAN_POINT ( 'NONE',  ( 255.4487652200348009, 37.48691561451369836, 12.00000000000005507 ) ) ;
#2344 = EDGE_LOOP ( 'NONE', ( #57, #1083, #2459, #653, #327, #636 ) ) ;
#2345 = DIRECTION ( 'NONE',  ( 1.000000000000000000, 1.226999531788473599E-16, 0.000000000000000000 ) ) ;
#2346 = CARTESIAN_POINT ( 'NONE',  ( 259.4487652200347725, 22.35799627220447405, -5.000000000000051514 ) ) ;
#2347 = PLANE ( 'NONE',  #801 ) ;
#2348 = ORIENTED_EDGE ( 'NONE', *, *, #679, .F. ) ;
#2349 = CARTESIAN_POINT ( 'NONE',  ( 108.4194343827110174, 23.79655181601255620, -5.000000000000060396 ) ) ;
#2350 = AXIS2_PLACEMENT_3D ( 'NONE', #1927, #160, #1787 ) ;
#2351 = CARTESIAN_POINT ( 'NONE',  ( 252.6654051104960104, -24.76810453437093784, 6.690440628724203975 ) ) ;
#2352 = EDGE_CURVE ( 'NONE', #743, #2337, #2462, .T. ) ;
#2353 = CARTESIAN_POINT ( 'NONE',  ( 199.2248931236489113, -27.93744096815205680, -5.000000000000033751 ) ) ;
#2354 = CARTESIAN_POINT ( 'NONE',  ( 255.4487701778607232, 39.20710233888921437, 5.000000000000063949 ) ) ;
#2355 = CARTESIAN_POINT ( 'NONE',  ( 252.6368184697945196, 32.29481004565568725, 6.651899330513659336 ) ) ;
#2356 = ORIENTED_EDGE ( 'NONE', *, *, #2429, .T. ) ;
#2357 = LINE ( 'NONE', #2420, #1329 ) ;
#2358 = CARTESIAN_POINT ( 'NONE',  ( 254.4487652200348009, -2.571949481575085628, 27.55009931178972593 ) ) ;
#2359 = CARTESIAN_POINT ( 'NONE',  ( 255.4487652200348009, -31.69112152533240589, 5.000004737632827378 ) ) ;
#2360 = VERTEX_POINT ( 'NONE', #704 ) ;
#2361 = AXIS2_PLACEMENT_3D ( 'NONE', #1464, #2424, #1891 ) ;
#2362 = CARTESIAN_POINT ( 'NONE',  ( 255.4487652200348009, 39.11572192103610490, 5.609923078078768555 ) ) ;
#2363 = DIRECTION ( 'NONE',  ( 0.000000000000000000, 1.000000000000000000, 0.000000000000000000 ) ) ;
#2364 = EDGE_LOOP ( 'NONE', ( #1313, #875, #1360, #1578 ) ) ;
#2365 = VECTOR ( 'NONE', #659, 1000.000000000000000 ) ;
#2366 = LINE ( 'NONE', #610, #1712 ) ;
#2367 = CARTESIAN_POINT ( 'NONE',  ( 251.9776162843154736, -30.66901698528434395, -6.831588168228964086 ) ) ;
#2368 = EDGE_CURVE ( 'NONE', #398, #2082, #1572, .T. ) ;
#2369 = DIRECTION ( 'NONE',  ( -0.000000000000000000, -1.000000000000000000, -0.000000000000000000 ) ) ;
#2370 = ORIENTED_EDGE ( 'NONE', *, *, #1094, .F. ) ;
#2371 = DIRECTION ( 'NONE',  ( -1.000000000000000000, -1.226999531788473599E-16, 0.000000000000000000 ) ) ;
#2372 = DIRECTION ( 'NONE',  ( 0.000000000000000000, 1.000000000000000000, -5.857254280169296935E-16 ) ) ;
#2373 = LINE ( 'NONE', #1398, #1511 ) ;
#2374 = ORIENTED_EDGE ( 'NONE', *, *, #1010, .F. ) ;
#2375 = CARTESIAN_POINT ( 'NONE',  ( 252.0130663826764987, 37.97418795155506643, -8.167560894286353346 ) ) ;
#2376 = CARTESIAN_POINT ( 'NONE',  ( 252.9061548042138554, -24.72243029004028614, 6.881548325593454862 ) ) ;
#2377 = ORIENTED_EDGE ( 'NONE', *, *, #2368, .T. ) ;
#2378 = CARTESIAN_POINT ( 'NONE',  ( 115.3680929139837446, -17.47190561463093772, -5.000000000000023981 ) ) ;
#2379 = CARTESIAN_POINT ( 'NONE',  ( 250.6881853175913477, 38.36642257997285554, -5.419783269206988940 ) ) ;
#2380 = CARTESIAN_POINT ( 'NONE',  ( 255.4487652200348009, 30.48794202598408631, 12.00000000000005507 ) ) ;
#2381 = ADVANCED_FACE ( 'NONE', ( #730 ), #2113, .F. ) ;
#2382 = VERTEX_POINT ( 'NONE', #902 ) ;
#2383 = DIRECTION ( 'NONE',  ( 1.000000000000000000, 1.226999531788473599E-16, 0.000000000000000000 ) ) ;
#2384 = DIRECTION ( 'NONE',  ( 1.000000000000000000, -0.000000000000000000, -0.000000000000000000 ) ) ;
#2385 = CARTESIAN_POINT ( 'NONE',  ( 255.4487652200348009, 32.62822315042630095, -5.000000000000057732 ) ) ;
#2386 = EDGE_LOOP ( 'NONE', ( #609, #2404, #1534, #969 ) ) ;
#2387 = CARTESIAN_POINT ( 'NONE',  ( 253.7957165220180968, 37.81745350097531144, -9.518739639850126721 ) ) ;
#2388 = CARTESIAN_POINT ( 'NONE',  ( 254.5880309125172971, -24.18002465740931939, 8.831921315404082762 ) ) ;
#2389 = ORIENTED_EDGE ( 'NONE', *, *, #1094, .T. ) ;
#2390 = LINE ( 'NONE', #1180, #1751 ) ;
#2391 = CARTESIAN_POINT ( 'NONE',  ( 251.9776162841801863, -31.45761224838533465, -1.861299882139398232 ) ) ;
#2392 = VECTOR ( 'NONE', #874, 1000.000000000000000 ) ;
#2393 = PRODUCT_CONTEXT ( 'NONE', #208, 'mechanical' ) ;
#2394 = ORIENTED_EDGE ( 'NONE', *, *, #2526, .T. ) ;
#2395 = CARTESIAN_POINT ( 'NONE',  ( 254.4487652200348009, -20.47194948157508421, 5.000000000000036415 ) ) ;
#2396 = ADVANCED_FACE ( 'NONE', ( #742 ), #1320, .F. ) ;
#2397 = CARTESIAN_POINT ( 'NONE',  ( 251.8369527184738388, 38.82572651741311631, 0.000000000000000000 ) ) ;
#2398 = CARTESIAN_POINT ( 'NONE',  ( 80.74876521989999389, 18.46776282133422242, -5.000000000000049738 ) ) ;
#2399 = VERTEX_POINT ( 'NONE', #1695 ) ;
#2400 = DIRECTION ( 'NONE',  ( -0.000000000000000000, -1.000000000000000000, -0.000000000000000000 ) ) ;
#2401 = ADVANCED_FACE ( 'NONE', ( #314 ), #361, .F. ) ;
#2402 = CARTESIAN_POINT ( 'NONE',  ( 252.5163577462680280, -24.79331608862000635, 6.581622665370455927 ) ) ;
#2403 = AXIS2_PLACEMENT_3D ( 'NONE', #2160, #218, #1000 ) ;
#2404 = ORIENTED_EDGE ( 'NONE', *, *, #69, .F. ) ;
#2405 = CARTESIAN_POINT ( 'NONE',  ( 245.1987652200347725, 22.35799627220447761, -1.000000000000051292 ) ) ;
#2406 = CARTESIAN_POINT ( 'NONE',  ( 238.4004815134872501, 37.68704245426548027, 7.576290241670418091 ) ) ;
#2407 = CARTESIAN_POINT ( 'NONE',  ( 247.4487652200347725, 38.31587008105217507, 5.000000000000063061 ) ) ;
#2408 = CARTESIAN_POINT ( 'NONE',  ( 253.6357984061267530, -30.73138533342983436, -7.627766951695263309 ) ) ;
#2409 = EDGE_LOOP ( 'NONE', ( #1954, #475, #952, #2175 ) ) ;
#2410 = CARTESIAN_POINT ( 'NONE',  ( 254.4487652200348009, -20.47194948157508776, 26.35431138863046741 ) ) ;
#2411 = CARTESIAN_POINT ( 'NONE',  ( 213.4665277745166065, 36.90431466487255108, -1.105886215935214523E-14 ) ) ;
#2412 = CARTESIAN_POINT ( 'NONE',  ( 82.34711255121361262, 19.61040066188874675, -2.199963043637044241E-16 ) ) ;
#2413 = ADVANCED_FACE ( 'NONE', ( #1147 ), #690, .F. ) ;
#2414 = VECTOR ( 'NONE', #2510, 1000.000000000000000 ) ;
#2415 = ORIENTED_EDGE ( 'NONE', *, *, #2368, .F. ) ;
#2416 = CARTESIAN_POINT ( 'NONE',  ( 254.8797228178664227, -30.78394147021603899, 9.407153501391400496 ) ) ;
#2417 = DIRECTION ( 'NONE',  ( 1.000000000000000000, 1.226999531788473599E-16, -0.000000000000000000 ) ) ;
#2418 = CARTESIAN_POINT ( 'NONE',  ( 255.3876274246245544, -31.35801083479547557, -6.975832964048212403 ) ) ;
#2419 = ORIENTED_EDGE ( 'NONE', *, *, #1022, .T. ) ;
#2420 = CARTESIAN_POINT ( 'NONE',  ( 255.4487652200348009, -2.571949481575085628, 4.999999999999976019 ) ) ;
#2421 = VECTOR ( 'NONE', #191, 1000.000000000000000 ) ;
#2422 = CARTESIAN_POINT ( 'NONE',  ( 254.2085941356575063, 38.24933382842986163, -8.448529731302043544 ) ) ;
#2423 = ORIENTED_EDGE ( 'NONE', *, *, #2005, .T. ) ;
#2424 = DIRECTION ( 'NONE',  ( -0.000000000000000000, 1.000000000000000000, 0.000000000000000000 ) ) ;
#2425 = CARTESIAN_POINT ( 'NONE',  ( 163.7338019912481570, 30.78088997959583040, -9.244661166368274507 ) ) ;
#2426 = DIRECTION ( 'NONE',  ( -1.000000000000000000, -1.226999531788473599E-16, -0.000000000000000000 ) ) ;
#2427 = EDGE_LOOP ( 'NONE', ( #1820, #2040, #2468, #446, #1834, #1624 ) ) ;
#2428 = EDGE_CURVE ( 'NONE', #244, #1605, #978, .T. ) ;
#2429 = EDGE_CURVE ( 'NONE', #501, #2295, #1097, .T. ) ;
#2430 = FACE_OUTER_BOUND ( 'NONE', #319, .T. ) ;
#2431 = CARTESIAN_POINT ( 'NONE',  ( 254.4487652200348009, -19.27567659244249754, 6.000000000000031086 ) ) ;
#2432 = CARTESIAN_POINT ( 'NONE',  ( 246.1451821891216980, 38.62992396384931482, 3.848989897548826367 ) ) ;
#2433 = VECTOR ( 'NONE', #2010, 1000.000000000000000 ) ;
#2434 = CARTESIAN_POINT ( 'NONE',  ( 252.0132163870867430, 38.27301303057123505, 6.251191035090012171 ) ) ;
#2435 = CARTESIAN_POINT ( 'NONE',  ( 248.4487652200347725, 29.55658902320494263, -5.000000000000056843 ) ) ;
#2436 = VECTOR ( 'NONE', #2190, 1000.000000000000000 ) ;
#2437 = CARTESIAN_POINT ( 'NONE',  ( 92.31179417100396734, 21.53042162035454865, 0.000000000000000000 ) ) ;
#2438 = ORIENTED_EDGE ( 'NONE', *, *, #1806, .F. ) ;
#2439 = CARTESIAN_POINT ( 'NONE',  ( 252.0130663827538910, 38.19841946608048033, 6.754294390988955676 ) ) ;
#2440 = CARTESIAN_POINT ( 'NONE',  ( 248.9009708365244080, 38.09557680104685318, -7.667515169370992645 ) ) ;
#2441 = CARTESIAN_POINT ( 'NONE',  ( 255.4487652200348009, 30.01613786676522722, -13.00000000000006040 ) ) ;
#2442 = EDGE_LOOP ( 'NONE', ( #1798, #1794, #644, #2205 ) ) ;
#2443 = VECTOR ( 'NONE', #2296, 1000.000000000000000 ) ;
#2444 = CARTESIAN_POINT ( 'NONE',  ( 255.4487652200348009, 3.757996272204518817, -1.350896971193214591E-14 ) ) ;
#2445 = DIRECTION ( 'NONE',  ( 0.000000000000000000, 1.000000000000000000, 0.000000000000000000 ) ) ;
#2446 = LINE ( 'NONE', #2225, #1202 ) ;
#2447 = EDGE_CURVE ( 'NONE', #2480, #1422, #1445, .T. ) ;
#2448 = LINE ( 'NONE', #676, #972 ) ;
#2449 = DIRECTION ( 'NONE',  ( -1.226999531788473599E-16, 1.000000000000000000, 0.000000000000000000 ) ) ;
#2450 = CARTESIAN_POINT ( 'NONE',  ( 252.0129568993425551, 38.29806298840648537, -6.114673382406481394 ) ) ;
#2451 = VERTEX_POINT ( 'NONE', #1784 ) ;
#2452 = CARTESIAN_POINT ( 'NONE',  ( 252.6395607914460584, -30.72210180907083554, 6.631922550799081328 ) ) ;
#2453 = CARTESIAN_POINT ( 'NONE',  ( 246.1451821891216980, 37.99843223859967623, -7.645822976889345313 ) ) ;
#2454 = CARTESIAN_POINT ( 'NONE',  ( 243.1987652200347725, -14.84200372779550392, -2.949029909160572061E-14 ) ) ;
#2455 = ORIENTED_EDGE ( 'NONE', *, *, #1429, .T. ) ;
#2456 = CARTESIAN_POINT ( 'NONE',  ( 251.4783580700097900, -30.82488653884271201, -5.753208346319843791 ) ) ;
#2457 = CARTESIAN_POINT ( 'NONE',  ( 255.0807543946370117, -23.61947627801355054, -10.43888116598172822 ) ) ;
#2458 = CARTESIAN_POINT ( 'NONE',  ( 246.1451821891216980, 36.75256319992824672, 11.28759913282103966 ) ) ;
#2459 = ORIENTED_EDGE ( 'NONE', *, *, #2511, .F. ) ;
#2460 = DIRECTION ( 'NONE',  ( 0.000000000000000000, -1.000000000000000000, 0.000000000000000000 ) ) ;
#2461 = ADVANCED_FACE ( 'NONE', ( #1552, #3 ), #1380, .F. ) ;
#2462 = LINE ( 'NONE', #2294, #2104 ) ;
#2463 = B_SPLINE_CURVE_WITH_KNOTS ( 'NONE', 3,
 ( #1248, #1442, #1869, #1496, #856, #1455, #99, #1065 ),
 .UNSPECIFIED., .F., .F.,
 ( 4, 2, 2, 4 ),
 ( 0.000000000000000000, 0.001195163595137843258, 0.002390327190275686516, 0.004780654380551398186 ),
 .UNSPECIFIED. ) ;
#2464 = VERTEX_POINT ( 'NONE', #1577 ) ;
#2465 = CARTESIAN_POINT ( 'NONE',  ( 251.9779672753537056, 38.19731870674173990, 6.754078515226118462 ) ) ;
#2466 = CARTESIAN_POINT ( 'NONE',  ( 250.7998860354552733, 36.90627108835124659, -11.34018333651352251 ) ) ;
#2467 = CARTESIAN_POINT ( 'NONE',  ( 247.4487652200347725, -25.11223060601727397, 4.999999999999976019 ) ) ;
#2468 = ORIENTED_EDGE ( 'NONE', *, *, #539, .T. ) ;
#2469 = DIRECTION ( 'NONE',  ( 1.000000000000000000, 1.226999531788473599E-16, 0.000000000000000000 ) ) ;
#2470 = CARTESIAN_POINT ( 'NONE',  ( 243.1987652200347725, 22.35799627220449892, -5.117434254131580929E-14 ) ) ;
#2471 = CARTESIAN_POINT ( 'NONE',  ( 194.5761133272972359, 34.88313509961875525, 6.950183164696660754 ) ) ;
#2472 = CARTESIAN_POINT ( 'NONE',  ( 219.4487652200347725, -27.54200372779548189, -1.350896971193214591E-14 ) ) ;
#2473 = VECTOR ( 'NONE', #400, 1000.000000000000000 ) ;
#2474 = CARTESIAN_POINT ( 'NONE',  ( 250.9659460292634776, 32.53108745251243761, -5.532130491025230690 ) ) ;
#2475 = ORIENTED_EDGE ( 'NONE', *, *, #2226, .F. ) ;
#2476 = CARTESIAN_POINT ( 'NONE',  ( 252.0130663827512763, 38.97474162008570175, 1.861359968467416914 ) ) ;
#2477 = CARTESIAN_POINT ( 'NONE',  ( 109.1644862542000283, 24.60367456357137783, -5.854691731421723944E-15 ) ) ;
#2478 = AXIS2_PLACEMENT_3D ( 'NONE', #31, #1998, #1407 ) ;
#2479 = CARTESIAN_POINT ( 'NONE',  ( 146.6330521319372906, -23.24812486555250146, -2.984782771611706131 ) ) ;
#2480 = VERTEX_POINT ( 'NONE', #769 ) ;
#2481 = EDGE_CURVE ( 'NONE', #106, #1321, #1487, .T. ) ;
#2482 = CARTESIAN_POINT ( 'NONE',  ( 219.4487652200347725, -25.94200372779548047, -1.350896971193214591E-14 ) ) ;
#2483 = CARTESIAN_POINT ( 'NONE',  ( 233.2386360788005106, 38.07145320409017586, -4.761948742532892769E-16 ) ) ;
#2484 = VECTOR ( 'NONE', #966, 1000.000000000000000 ) ;
#2485 = CARTESIAN_POINT ( 'NONE',  ( 259.4487652200347725, 3.757996272204519261, -1.350896971193214591E-14 ) ) ;
#2486 = CARTESIAN_POINT ( 'NONE',  ( 255.4487652200348009, -32.18836488901365556, 1.899923375050637242 ) ) ;
#2487 = PRODUCT ( '26.07.10 Avionics Bay Plate (Top Half)', '26.07.10 Avionics Bay Plate (Top Half)', '', ( #2393 ) ) ;
#2488 = CARTESIAN_POINT ( 'NONE',  ( 254.8099656640230819, 31.42086318921314714, -9.657650713272502685 ) ) ;
#2489 = ORIENTED_EDGE ( 'NONE', *, *, #277, .T. ) ;
#2490 = CARTESIAN_POINT ( 'NONE',  ( 243.1987652200347725, 22.35799627220449892, -5.117434254131580929E-14 ) ) ;
#2491 = CARTESIAN_POINT ( 'NONE',  ( 255.4487652200348009, -22.04059647879587658, -13.00000000000002487 ) ) ;
#2492 = VECTOR ( 'NONE', #7, 1000.000000000000000 ) ;
#2493 = CARTESIAN_POINT ( 'NONE',  ( 82.34711255121361262, -12.39310381707427489, 1.785059210952586017 ) ) ;
#2494 = ORIENTED_EDGE ( 'NONE', *, *, #1555, .F. ) ;
#2495 = LINE ( 'NONE', #724, #1770 ) ;
#2496 = EDGE_CURVE ( 'NONE', #2012, #1808, #2148, .T. ) ;
#2497 = CARTESIAN_POINT ( 'NONE',  ( 213.4665277745166065, 36.90431466487255818, -4.599975732637046471E-16 ) ) ;
#2498 = FILL_AREA_STYLE ('',( #924 ) ) ;
#2499 = FACE_OUTER_BOUND ( 'NONE', #2000, .T. ) ;
#2500 = DIRECTION ( 'NONE',  ( -1.000000000000000000, 0.000000000000000000, -0.000000000000000000 ) ) ;
#2501 = ORIENTED_EDGE ( 'NONE', *, *, #397, .T. ) ;
#2502 = CARTESIAN_POINT ( 'NONE',  ( 172.8987652200347895, -14.84200372779550392, -2.949029909160572061E-14 ) ) ;
#2503 = CARTESIAN_POINT ( 'NONE',  ( 255.4487652200348009, 30.48794202598408631, 12.00000000000005507 ) ) ;
#2504 = CARTESIAN_POINT ( 'NONE',  ( 213.4665277745166065, -27.58270771253678433, -10.79067637958551806 ) ) ;
#2505 = ORIENTED_EDGE ( 'NONE', *, *, #2208, .T. ) ;
#2506 = DIRECTION ( 'NONE',  ( 1.000000000000000000, 1.226999531788473599E-16, 0.000000000000000000 ) ) ;
#2507 = VECTOR ( 'NONE', #1766, 1000.000000000000000 ) ;
#2508 = CARTESIAN_POINT ( 'NONE',  ( 85.63641212201912367, 20.25385931186112742, -2.289260869711239033E-16 ) ) ;
#2509 = ADVANCED_FACE ( 'NONE', ( #396 ), #1960, .F. ) ;
#2510 = DIRECTION ( 'NONE',  ( -0.000000000000000000, -0.000000000000000000, 1.000000000000000000 ) ) ;
#2511 = EDGE_CURVE ( 'NONE', #2028, #1735, #1146, .T. ) ;
#2512 = CARTESIAN_POINT ( 'NONE',  ( 254.4487652200348009, -3.343708208657008907, 6.000000000000029310 ) ) ;
#2513 = DIRECTION ( 'NONE',  ( -1.000000000000000000, -4.189245428007166228E-47, -7.186848259333761210E-32 ) ) ;
#2514 = ORIENTED_EDGE ( 'NONE', *, *, #1221, .T. ) ;
#2515 = DIRECTION ( 'NONE',  ( -0.000000000000000000, -0.000000000000000000, -1.000000000000000000 ) ) ;
#2516 = CARTESIAN_POINT ( 'NONE',  ( 85.63641212201912367, 20.25385931186112742, -4.987329993433320396E-15 ) ) ;
#2517 = CARTESIAN_POINT ( 'NONE',  ( 163.7338019912481002, -25.34062030831032430, -3.216050502188820825 ) ) ;
#2518 = ORIENTED_EDGE ( 'NONE', *, *, #2291, .T. ) ;
#2519 = LINE ( 'NONE', #2084, #880 ) ;
#2520 = AXIS2_PLACEMENT_3D ( 'NONE', #578, #785, #413 ) ;
#2521 = DIRECTION ( 'NONE',  ( 1.000000000000000000, 1.226999531788473599E-16, 0.000000000000000000 ) ) ;
#2522 = SURFACE_STYLE_USAGE ( .BOTH. , #1527 ) ;
#2523 = CARTESIAN_POINT ( 'NONE',  ( 253.7957165220180968, -31.51591578076255828, 1.864381480389758483 ) ) ;
#2524 = VECTOR ( 'NONE', #2515, 1000.000000000000000 ) ;
#2525 = CARTESIAN_POINT ( 'NONE',  ( 254.8797228177259626, 38.29993401470898817, 9.407153501083366010 ) ) ;
#2526 = EDGE_CURVE ( 'NONE', #1521, #2337, #2536, .T. ) ;
#2527 = EDGE_LOOP ( 'NONE', ( #301, #845, #449, #1275 ) ) ;
#2528 = CARTESIAN_POINT ( 'NONE',  ( 243.1987652200347725, -14.84200372779550392, -2.949029909160572061E-14 ) ) ;
#2529 = CARTESIAN_POINT ( 'NONE',  ( 255.4487652200348009, 3.757996272204518817, -1.350896971193214591E-14 ) ) ;
#2530 = CARTESIAN_POINT ( 'NONE',  ( 213.4665277745166350, -30.01287487081625116, 3.732439540496589103 ) ) ;
#2531 = ORIENTED_EDGE ( 'NONE', *, *, #838, .F. ) ;
#2532 = CARTESIAN_POINT ( 'NONE',  ( 255.4487652200348009, 39.20711406974115931, -5.000004737634848873 ) ) ;
#2533 = CARTESIAN_POINT ( 'NONE',  ( 247.4487652200347725, -30.79987753664314454, 4.999999999999962697 ) ) ;
#2534 = CARTESIAN_POINT ( 'NONE',  ( 254.7997883636646748, -30.72081858840078894, -9.635939280013293029 ) ) ;
#2535 = PLANE ( 'NONE',  #744 ) ;
#2536 = LINE ( 'NONE', #1769, #266 ) ;
#2537 = ORIENTED_EDGE ( 'NONE', *, *, #508, .F. ) ;
#2538 = LINE ( 'NONE', #576, #1586 ) ;
#2539 = ADVANCED_FACE ( 'NONE', ( #988 ), #1590, .F. ) ;
#2540 = CARTESIAN_POINT ( 'NONE',  ( 247.4487652200347725, 38.31587008105217507, 5.000000000000063061 ) ) ;
#2541 = CARTESIAN_POINT ( 'NONE',  ( 245.1987652200347725, -14.84200372779552879, -1.000000000000029532 ) ) ;
#2542 =( BOUNDED_SURFACE ( )  B_SPLINE_SURFACE ( 4, 3, ( 
 ( #2081, #291, #683, #1063 ),
 ( #264, #1466, #465, #1479 ),
 ( #1893, #2260, #2247, #2068 ),
 ( #304, #123, #1089, #906 ),
 ( #1260, #1879, #109, #1839 ),
 ( #852, #1688, #2325, #148 ),
 ( #532, #747, #136, #2298 ),
 ( #956, #1557, #1324, #519 ),
 ( #1929, #1359, #2336, #722 ),
 ( #377, #1545, #1726, #708 ),
 ( #1749, #2530, #918, #2504 ),
 ( #761, #1701, #1507, #1916 ),
 ( #565, #931, #173, #2106 ),
 ( #2140, #1164, #1312, #1520 ),
 ( #344, #1953, #354, #1127 ),
 ( #365, #556, #2517, #1738 ),
 ( #735, #187, #2479, #1138 ),
 ( #2287, #2311, #1533, #544 ),
 ( #1338, #2118, #1348, #2093 ),
 ( #161, #942, #331, #1115 ),
 ( #2128, #1151, #1906, #1940 ),
 ( #1714, #2493, #2204, #1988 ),
 ( #1762, #438, #1788, #1977 ) ),
 .UNSPECIFIED., .F., .F., .F. ) 
 B_SPLINE_SURFACE_WITH_KNOTS ( ( 5, 1, 1, 1, 1, 1, 1, 1, 1, 1, 1, 1, 1, 1, 1, 1, 1, 1, 1, 5 ),
 ( 4, 4 ),
 ( 0.4200582518210041472, 0.4220900811240494432, 0.4320217849040678404, 0.4419534886840863486, 0.4518851923283230265, 0.4618168959725598155, 0.4816803032610331714, 0.5015437100684431160, 0.5214071168758531716, 0.5412705253307310560, 0.5611339337856089404, 0.6008607472116037629, 0.6405875605995875466, 0.6604509692705758939, 0.6803143779415642411, 0.7200411898038450165, 0.8392216328775308209, 0.8789484479343793177, 0.8988118599918705209, 0.9176023040213597826 ),
 ( 0.000000000000000000, 1.000000000000000000 ),
 .UNSPECIFIED. ) 
 GEOMETRIC_REPRESENTATION_ITEM ( )  RATIONAL_B_SPLINE_SURFACE ( (
 ( 1.000000000000000000, 0.9636839625940450960, 0.9636839625940450960, 1.000000000000000000),
 ( 1.000000000000000000, 0.9636839625940450960, 0.9636839625940450960, 1.000000000000000000),
 ( 1.000000000000000000, 0.9636839625940450960, 0.9636839625940450960, 1.000000000000000000),
 ( 1.000000000000000000, 0.9636839625940450960, 0.9636839625940450960, 1.000000000000000000),
 ( 1.000000000000000000, 0.9636839625940450960, 0.9636839625940450960, 1.000000000000000000),
 ( 1.000000000000000000, 0.9636839625940450960, 0.9636839625940450960, 1.000000000000000000),
 ( 1.000000000000000000, 0.9636839625940450960, 0.9636839625940450960, 1.000000000000000000),
 ( 1.000000000000000000, 0.9636839625940450960, 0.9636839625940450960, 1.000000000000000000),
 ( 1.000000000000000000, 0.9636839625940450960, 0.9636839625940450960, 1.000000000000000000),
 ( 1.000000000000000000, 0.9636839625940450960, 0.9636839625940450960, 1.000000000000000000),
 ( 1.000000000000000000, 0.9636839625940450960, 0.9636839625940450960, 1.000000000000000000),
 ( 1.000000000000000000, 0.9636839625940450960, 0.9636839625940450960, 1.000000000000000000),
 ( 1.000000000000000000, 0.9636839625940450960, 0.9636839625940450960, 1.000000000000000000),
 ( 1.000000000000000000, 0.9636839625940450960, 0.9636839625940450960, 1.000000000000000000),
 ( 1.000000000000000000, 0.9636839625940450960, 0.9636839625940450960, 1.000000000000000000),
 ( 1.000000000000000000, 0.9636839625940450960, 0.9636839625940450960, 1.000000000000000000),
 ( 1.000000000000000000, 0.9636839625940450960, 0.9636839625940450960, 1.000000000000000000),
 ( 1.000000000000000000, 0.9636839625940450960, 0.9636839625940450960, 1.000000000000000000),
 ( 1.000000000000000000, 0.9636839625940450960, 0.9636839625940450960, 1.000000000000000000),
 ( 1.000000000000000000, 0.9636839625940450960, 0.9636839625940450960, 1.000000000000000000),
 ( 1.000000000000000000, 0.9636839625940450960, 0.9636839625940450960, 1.000000000000000000),
 ( 1.000000000000000000, 0.9636839625940450960, 0.9636839625940450960, 1.000000000000000000),
 ( 1.000000000000000000, 0.9636839625940450960, 0.9636839625940450960, 1.000000000000000000) ) ) 
 REPRESENTATION_ITEM ( '' )  SURFACE ( )  );
#2543 = ORIENTED_EDGE ( 'NONE', *, *, #566, .T. ) ;
#2544 = CARTESIAN_POINT ( 'NONE',  ( 87.64798157659153333, 19.90879720093051475, -5.000000000000046185 ) ) ;
#2545 = CARTESIAN_POINT ( 'NONE',  ( 247.4487652200347725, -25.11223060601727397, 4.999999999999976019 ) ) ;
#2546 = B_SPLINE_CURVE_WITH_KNOTS ( 'NONE', 3,
 ( #1781, #816, #39, #15, #2171, #1754, #1, #1795, #961, #192, #791, #232, #1613, #1588 ),
 .UNSPECIFIED., .F., .F.,
 ( 4, 2, 2, 2, 2, 2, 4 ),
 ( 0.000000000000000000, 0.02101109555753128549, 0.04202219111506257099, 0.08404438223012505871, 0.1050554777876563095, 0.1260665733451875326, 0.1680887644602500341 ),
 .UNSPECIFIED. ) ;
ENDSEC;
END-ISO-10303-21;
