timestamp,type,raw,parsed
2026-08-12T19:24:47.975+00:00,DIAG,# Heltec V4 telemetry receiver booting,"{""msg"":""Heltec V4 telemetry receiver booting""}"
2026-08-12T19:24:48.020+00:00,DIAG,# Heltec V4 telemetry receiver ready,"{""msg"":""Heltec V4 telemetry receiver ready""}"
2026-08-12T19:42:03.331+00:00,BIN,"BIN,ver=1,type=1,seq=40731,ts=40,lat=0,lon=0,alt_mm=150,speed_cms=0,heading_cd=6557,pitch_cd=434,roll_cd=-643,yaw_cd=-584,bat_mv=0,status=0x02","{""ver"":1,""type"":1,""seq"":40731,""ts"":40,""lat"":0,""lon"":0,""alt_mm"":150,""speed_cms"":0,""heading_cd"":6557,""pitch_cd"":434,""roll_cd"":-643,""yaw_cd"":-584,""bat_mv"":0,""status"":2}"
2026-08-12T19:42:03.414+00:00,BIN,"BIN,ver=1,type=1,seq=40901,ts=40,lat=0,lon=0,alt_mm=150,speed_cms=0,heading_cd=6557,pitch_cd=436,roll_cd=-876,yaw_cd=-470,bat_mv=0,status=0x02","{""ver"":1,""type"":1,""seq"":40901,""ts"":40,""lat"":0,""lon"":0,""alt_mm"":150,""speed_cms"":0,""heading_cd"":6557,""pitch_cd"":436,""roll_cd"":-876,""yaw_cd"":-470,""bat_mv"":0,""status"":2}"
2026-08-12T19:42:03.499+00:00,BIN,"BIN,ver=1,type=1,seq=40901,ts=41,lat=0,lon=0,alt_mm=140,speed_cms=0,heading_cd=6557,pitch_cd=454,roll_cd=-731,yaw_cd=-526,bat_mv=0,status=0x02","{""ver"":1,""type"":1,""seq"":40901,""ts"":41,""lat"":0,""lon"":0,""alt_mm"":140,""speed_cms"":0,""heading_cd"":6557,""pitch_cd"":454,""roll_cd"":-731,""yaw_cd"":-526,""bat_mv"":0,""status"":2}"
2026-08-12T19:42:03.581+00:00,BIN,"BIN,ver=1,type=1,seq=41011,ts=41,lat=0,lon=0,alt_mm=140,speed_cms=0,heading_cd=6557,pitch_cd=436,roll_cd=-704,yaw_cd=-409,bat_mv=0,status=0x02","{""ver"":1,""type"":1,""seq"":41011,""ts"":41,""lat"":0,""lon"":0,""alt_mm"":140,""speed_cms"":0,""heading_cd"":6557,""pitch_cd"":436,""roll_cd"":-704,""yaw_cd"":-409,""bat_mv"":0,""status"":2}"
2026-08-12T19:42:03.666+00:00,BIN,"BIN,ver=1,type=1,seq=41166,ts=41,lat=0,lon=0,alt_mm=160,speed_cms=0,heading_cd=6557,pitch_cd=387,roll_cd=-817,yaw_cd=-146,bat_mv=0,status=0x02","{""ver"":1,""type"":1,""seq"":41166,""ts"":41,""lat"":0,""lon"":0,""alt_mm"":160,""speed_cms"":0,""heading_cd"":6557,""pitch_cd"":387,""roll_cd"":-817,""yaw_cd"":-146,""bat_mv"":0,""status"":2}"
2026-08-12T19:42:03.751+00:00,BIN,"BIN,ver=1,type=1,seq=41166,ts=41,lat=0,lon=0,alt_mm=160,speed_cms=0,heading_cd=6557,pitch_cd=392,roll_cd=-992,yaw_cd=355,bat_mv=0,status=0x02","{""ver"":1,""type"":1,""seq"":41166,""ts"":41,""lat"":0,""lon"":0,""alt_mm"":160,""speed_cms"":0,""heading_cd"":6557,""pitch_cd"":392,""roll_cd"":-992,""yaw_cd"":355,""bat_mv"":0,""status"":2}"
2026-08-12T19:42:03.834+00:00,BIN,"BIN,ver=1,type=1,seq=41291,ts=41,lat=0,lon=0,alt_mm=200,speed_cms=0,heading_cd=6557,pitch_cd=530,roll_cd=-834,yaw_cd=260,bat_mv=0,status=0x02","{""ver"":1,""type"":1,""seq"":41291,""ts"":41,""lat"":0,""lon"":0,""alt_mm"":200,""speed_cms"":0,""heading_cd"":6557,""pitch_cd"":530,""roll_cd"":-834,""yaw_cd"":260,""bat_mv"":0,""status"":2}"
2026-08-12T19:42:03.921+00:00,BIN,"BIN,ver=1,type=1,seq=41446,ts=41,lat=0,lon=0,alt_mm=200,speed_cms=0,heading_cd=6557,pitch_cd=483,roll_cd=-849,yaw_cd=283,bat_mv=0,status=0x02","{""ver"":1,""type"":1,""seq"":41446,""ts"":41,""lat"":0,""lon"":0,""alt_mm"":200,""speed_cms"":0,""heading_cd"":6557,""pitch_cd"":483,""roll_cd"":-849,""yaw_cd"":283,""bat_mv"":0,""status"":2}"
2026-08-12T19:42:04.002+00:00,BIN,"BIN,ver=1,type=1,seq=41446,ts=41,lat=0,lon=0,alt_mm=190,speed_cms=0,heading_cd=6557,pitch_cd=506,roll_cd=-625,yaw_cd=83,bat_mv=0,status=0x02","{""ver"":1,""type"":1,""seq"":41446,""ts"":41,""lat"":0,""lon"":0,""alt_mm"":190,""speed_cms"":0,""heading_cd"":6557,""pitch_cd"":506,""roll_cd"":-625,""yaw_cd"":83,""bat_mv"":0,""status"":2}"
2026-08-12T19:42:04.087+00:00,BIN,"BIN,ver=1,type=1,seq=41572,ts=41,lat=0,lon=0,alt_mm=190,speed_cms=0,heading_cd=6557,pitch_cd=542,roll_cd=-848,yaw_cd=175,bat_mv=0,status=0x02","{""ver"":1,""type"":1,""seq"":41572,""ts"":41,""lat"":0,""lon"":0,""alt_mm"":190,""speed_cms"":0,""heading_cd"":6557,""pitch_cd"":542,""roll_cd"":-848,""yaw_cd"":175,""bat_mv"":0,""status"":2}"
2026-08-12T19:42:04.171+00:00,BIN,"BIN,ver=1,type=1,seq=41572,ts=41,lat=0,lon=0,alt_mm=190,speed_cms=0,heading_cd=6557,pitch_cd=542,roll_cd=-848,yaw_cd=175,bat_mv=0,status=0x02","{""ver"":1,""type"":1,""seq"":41572,""ts"":41,""lat"":0,""lon"":0,""alt_mm"":190,""speed_cms"":0,""heading_cd"":6557,""pitch_cd"":542,""roll_cd"":-848,""yaw_cd"":175,""bat_mv"":0,""status"":2}"
2026-08-12T19:42:04.254+00:00,BIN,"BIN,ver=1,type=1,seq=41738,ts=41,lat=0,lon=0,alt_mm=220,speed_cms=0,heading_cd=6557,pitch_cd=467,roll_cd=-876,yaw_cd=12,bat_mv=0,status=0x02","{""ver"":1,""type"":1,""seq"":41738,""ts"":41,""lat"":0,""lon"":0,""alt_mm"":220,""speed_cms"":0,""heading_cd"":6557,""pitch_cd"":467,""roll_cd"":-876,""yaw_cd"":12,""bat_mv"":0,""status"":2}"
2026-08-12T19:42:04.338+00:00,BIN,"BIN,ver=1,type=1,seq=41738,ts=41,lat=0,lon=0,alt_mm=210,speed_cms=0,heading_cd=6557,pitch_cd=486,roll_cd=-881,yaw_cd=-11,bat_mv=0,status=0x02","{""ver"":1,""type"":1,""seq"":41738,""ts"":41,""lat"":0,""lon"":0,""alt_mm"":210,""speed_cms"":0,""heading_cd"":6557,""pitch_cd"":486,""roll_cd"":-881,""yaw_cd"":-11,""bat_mv"":0,""status"":2}"
2026-08-12T19:42:04.423+00:00,BIN,"BIN,ver=1,type=1,seq=41851,ts=41,lat=0,lon=0,alt_mm=210,speed_cms=0,heading_cd=6557,pitch_cd=479,roll_cd=-828,yaw_cd=102,bat_mv=0,status=0x02","{""ver"":1,""type"":1,""seq"":41851,""ts"":41,""lat"":0,""lon"":0,""alt_mm"":210,""speed_cms"":0,""heading_cd"":6557,""pitch_cd"":479,""roll_cd"":-828,""yaw_cd"":102,""bat_mv"":0,""status"":2}"
2026-08-12T19:42:04.507+00:00,BIN,"BIN,ver=1,type=1,seq=42007,ts=42,lat=0,lon=0,alt_mm=240,speed_cms=0,heading_cd=6557,pitch_cd=421,roll_cd=-827,yaw_cd=-54,bat_mv=0,status=0x02","{""ver"":1,""type"":1,""seq"":42007,""ts"":42,""lat"":0,""lon"":0,""alt_mm"":240,""speed_cms"":0,""heading_cd"":6557,""pitch_cd"":421,""roll_cd"":-827,""yaw_cd"":-54,""bat_mv"":0,""status"":2}"
2026-08-12T19:42:04.595+00:00,BIN,"BIN,ver=1,type=1,seq=42007,ts=42,lat=0,lon=0,alt_mm=240,speed_cms=0,heading_cd=6557,pitch_cd=455,roll_cd=-897,yaw_cd=-34,bat_mv=0,status=0x02","{""ver"":1,""type"":1,""seq"":42007,""ts"":42,""lat"":0,""lon"":0,""alt_mm"":240,""speed_cms"":0,""heading_cd"":6557,""pitch_cd"":455,""roll_cd"":-897,""yaw_cd"":-34,""bat_mv"":0,""status"":2}"
2026-08-12T19:42:04.677+00:00,BIN,"BIN,ver=1,type=1,seq=42131,ts=42,lat=0,lon=0,alt_mm=240,speed_cms=0,heading_cd=6557,pitch_cd=455,roll_cd=-897,yaw_cd=-34,bat_mv=0,status=0x02","{""ver"":1,""type"":1,""seq"":42131,""ts"":42,""lat"":0,""lon"":0,""alt_mm"":240,""speed_cms"":0,""heading_cd"":6557,""pitch_cd"":455,""roll_cd"":-897,""yaw_cd"":-34,""bat_mv"":0,""status"":2}"
2026-08-12T19:42:04.761+00:00,BIN,"BIN,ver=1,type=1,seq=42131,ts=42,lat=0,lon=0,alt_mm=240,speed_cms=0,heading_cd=6557,pitch_cd=468,roll_cd=-856,yaw_cd=-70,bat_mv=0,status=0x02","{""ver"":1,""type"":1,""seq"":42131,""ts"":42,""lat"":0,""lon"":0,""alt_mm"":240,""speed_cms"":0,""heading_cd"":6557,""pitch_cd"":468,""roll_cd"":-856,""yaw_cd"":-70,""bat_mv"":0,""status"":2}"
2026-08-12T19:42:05.097+00:00,BIN,"BIN,ver=1,type=1,seq=42583,ts=42,lat=0,lon=0,alt_mm=290,speed_cms=0,heading_cd=6557,pitch_cd=507,roll_cd=-725,yaw_cd=-406,bat_mv=0,status=0x02","{""ver"":1,""type"":1,""seq"":42583,""ts"":42,""lat"":0,""lon"":0,""alt_mm"":290,""speed_cms"":0,""heading_cd"":6557,""pitch_cd"":507,""roll_cd"":-725,""yaw_cd"":-406,""bat_mv"":0,""status"":2}"
2026-08-12T19:42:05.182+00:00,BIN,"BIN,ver=1,type=1,seq=42583,ts=42,lat=0,lon=0,alt_mm=290,speed_cms=0,heading_cd=6557,pitch_cd=471,roll_cd=-541,yaw_cd=-572,bat_mv=0,status=0x02","{""ver"":1,""type"":1,""seq"":42583,""ts"":42,""lat"":0,""lon"":0,""alt_mm"":290,""speed_cms"":0,""heading_cd"":6557,""pitch_cd"":471,""roll_cd"":-541,""yaw_cd"":-572,""bat_mv"":0,""status"":2}"
2026-08-12T19:42:05.266+00:00,BIN,"BIN,ver=1,type=1,seq=42691,ts=42,lat=0,lon=0,alt_mm=290,speed_cms=0,heading_cd=6557,pitch_cd=483,roll_cd=-616,yaw_cd=-465,bat_mv=0,status=0x02","{""ver"":1,""type"":1,""seq"":42691,""ts"":42,""lat"":0,""lon"":0,""alt_mm"":290,""speed_cms"":0,""heading_cd"":6557,""pitch_cd"":483,""roll_cd"":-616,""yaw_cd"":-465,""bat_mv"":0,""status"":2}"
2026-08-12T19:42:05.347+00:00,BIN,"BIN,ver=1,type=1,seq=42846,ts=42,lat=0,lon=0,alt_mm=340,speed_cms=0,heading_cd=6557,pitch_cd=534,roll_cd=-613,yaw_cd=-466,bat_mv=0,status=0x02","{""ver"":1,""type"":1,""seq"":42846,""ts"":42,""lat"":0,""lon"":0,""alt_mm"":340,""speed_cms"":0,""heading_cd"":6557,""pitch_cd"":534,""roll_cd"":-613,""yaw_cd"":-466,""bat_mv"":0,""status"":2}"
2026-08-12T19:42:05.430+00:00,BIN,"BIN,ver=1,type=1,seq=42846,ts=43,lat=0,lon=0,alt_mm=340,speed_cms=0,heading_cd=6557,pitch_cd=452,roll_cd=-801,yaw_cd=-281,bat_mv=0,status=0x02","{""ver"":1,""type"":1,""seq"":42846,""ts"":43,""lat"":0,""lon"":0,""alt_mm"":340,""speed_cms"":0,""heading_cd"":6557,""pitch_cd"":452,""roll_cd"":-801,""yaw_cd"":-281,""bat_mv"":0,""status"":2}"
2026-08-12T19:42:05.514+00:00,BIN,"BIN,ver=1,type=1,seq=42971,ts=43,lat=0,lon=0,alt_mm=320,speed_cms=0,heading_cd=6557,pitch_cd=452,roll_cd=-801,yaw_cd=-281,bat_mv=0,status=0x02","{""ver"":1,""type"":1,""seq"":42971,""ts"":43,""lat"":0,""lon"":0,""alt_mm"":320,""speed_cms"":0,""heading_cd"":6557,""pitch_cd"":452,""roll_cd"":-801,""yaw_cd"":-281,""bat_mv"":0,""status"":2}"
2026-08-12T19:42:05.599+00:00,BIN,"BIN,ver=1,type=1,seq=42971,ts=43,lat=0,lon=0,alt_mm=320,speed_cms=0,heading_cd=6557,pitch_cd=558,roll_cd=-824,yaw_cd=-137,bat_mv=0,status=0x02","{""ver"":1,""type"":1,""seq"":42971,""ts"":43,""lat"":0,""lon"":0,""alt_mm"":320,""speed_cms"":0,""heading_cd"":6557,""pitch_cd"":558,""roll_cd"":-824,""yaw_cd"":-137,""bat_mv"":0,""status"":2}"
2026-08-12T19:42:05.685+00:00,BIN,"BIN,ver=1,type=1,seq=43126,ts=43,lat=0,lon=0,alt_mm=330,speed_cms=0,heading_cd=6557,pitch_cd=501,roll_cd=-1041,yaw_cd=34,bat_mv=0,status=0x02","{""ver"":1,""type"":1,""seq"":43126,""ts"":43,""lat"":0,""lon"":0,""alt_mm"":330,""speed_cms"":0,""heading_cd"":6557,""pitch_cd"":501,""roll_cd"":-1041,""yaw_cd"":34,""bat_mv"":0,""status"":2}"
2026-08-12T19:42:05.769+00:00,BIN,"BIN,ver=1,type=1,seq=43126,ts=43,lat=0,lon=0,alt_mm=320,speed_cms=0,heading_cd=6557,pitch_cd=523,roll_cd=-1072,yaw_cd=419,bat_mv=0,status=0x02","{""ver"":1,""type"":1,""seq"":43126,""ts"":43,""lat"":0,""lon"":0,""alt_mm"":320,""speed_cms"":0,""heading_cd"":6557,""pitch_cd"":523,""roll_cd"":-1072,""yaw_cd"":419,""bat_mv"":0,""status"":2}"
2026-08-12T19:42:05.853+00:00,BIN,"BIN,ver=1,type=1,seq=43251,ts=43,lat=0,lon=0,alt_mm=350,speed_cms=0,heading_cd=6557,pitch_cd=654,roll_cd=-398,yaw_cd=497,bat_mv=0,status=0x02","{""ver"":1,""type"":1,""seq"":43251,""ts"":43,""lat"":0,""lon"":0,""alt_mm"":350,""speed_cms"":0,""heading_cd"":6557,""pitch_cd"":654,""roll_cd"":-398,""yaw_cd"":497,""bat_mv"":0,""status"":2}"
2026-08-12T19:42:05.935+00:00,BIN,"BIN,ver=1,type=1,seq=43531,ts=43,lat=0,lon=0,alt_mm=370,speed_cms=0,heading_cd=6557,pitch_cd=445,roll_cd=-196,yaw_cd=697,bat_mv=0,status=0x02","{""ver"":1,""type"":1,""seq"":43531,""ts"":43,""lat"":0,""lon"":0,""alt_mm"":370,""speed_cms"":0,""heading_cd"":6557,""pitch_cd"":445,""roll_cd"":-196,""yaw_cd"":697,""bat_mv"":0,""status"":2}"
2026-08-12T19:42:06.020+00:00,BIN,"BIN,ver=1,type=1,seq=43531,ts=43,lat=0,lon=0,alt_mm=370,speed_cms=0,heading_cd=6557,pitch_cd=443,roll_cd=16,yaw_cd=759,bat_mv=0,status=0x02","{""ver"":1,""type"":1,""seq"":43531,""ts"":43,""lat"":0,""lon"":0,""alt_mm"":370,""speed_cms"":0,""heading_cd"":6557,""pitch_cd"":443,""roll_cd"":16,""yaw_cd"":759,""bat_mv"":0,""status"":2}"
2026-08-12T19:42:06.101+00:00,BIN,"BIN,ver=1,type=1,seq=43531,ts=43,lat=0,lon=0,alt_mm=370,speed_cms=0,heading_cd=6557,pitch_cd=443,roll_cd=16,yaw_cd=759,bat_mv=0,status=0x02","{""ver"":1,""type"":1,""seq"":43531,""ts"":43,""lat"":0,""lon"":0,""alt_mm"":370,""speed_cms"":0,""heading_cd"":6557,""pitch_cd"":443,""roll_cd"":16,""yaw_cd"":759,""bat_mv"":0,""status"":2}"
2026-08-12T19:42:06.186+00:00,BIN,"BIN,ver=1,type=1,seq=43687,ts=43,lat=0,lon=0,alt_mm=350,speed_cms=0,heading_cd=6557,pitch_cd=340,roll_cd=-291,yaw_cd=887,bat_mv=0,status=0x02","{""ver"":1,""type"":1,""seq"":43687,""ts"":43,""lat"":0,""lon"":0,""alt_mm"":350,""speed_cms"":0,""heading_cd"":6557,""pitch_cd"":340,""roll_cd"":-291,""yaw_cd"":887,""bat_mv"":0,""status"":2}"
2026-08-12T19:42:06.270+00:00,BIN,"BIN,ver=1,type=1,seq=43687,ts=43,lat=0,lon=0,alt_mm=350,speed_cms=0,heading_cd=6557,pitch_cd=365,roll_cd=-220,yaw_cd=1022,bat_mv=0,status=0x02","{""ver"":1,""type"":1,""seq"":43687,""ts"":43,""lat"":0,""lon"":0,""alt_mm"":350,""speed_cms"":0,""heading_cd"":6557,""pitch_cd"":365,""roll_cd"":-220,""yaw_cd"":1022,""bat_mv"":0,""status"":2}"
2026-08-12T19:42:06.352+00:00,BIN,"BIN,ver=1,type=1,seq=43811,ts=43,lat=0,lon=0,alt_mm=350,speed_cms=0,heading_cd=6557,pitch_cd=365,roll_cd=-220,yaw_cd=1022,bat_mv=0,status=0x02","{""ver"":1,""type"":1,""seq"":43811,""ts"":43,""lat"":0,""lon"":0,""alt_mm"":350,""speed_cms"":0,""heading_cd"":6557,""pitch_cd"":365,""roll_cd"":-220,""yaw_cd"":1022,""bat_mv"":0,""status"":2}"
2026-08-12T19:42:06.440+00:00,BIN,"BIN,ver=1,type=1,seq=43811,ts=43,lat=0,lon=0,alt_mm=350,speed_cms=0,heading_cd=6557,pitch_cd=357,roll_cd=-359,yaw_cd=911,bat_mv=0,status=0x02","{""ver"":1,""type"":1,""seq"":43811,""ts"":43,""lat"":0,""lon"":0,""alt_mm"":350,""speed_cms"":0,""heading_cd"":6557,""pitch_cd"":357,""roll_cd"":-359,""yaw_cd"":911,""bat_mv"":0,""status"":2}"
2026-08-12T19:42:06.522+00:00,BIN,"BIN,ver=1,type=1,seq=43967,ts=44,lat=0,lon=0,alt_mm=360,speed_cms=0,heading_cd=6557,pitch_cd=266,roll_cd=-524,yaw_cd=836,bat_mv=0,status=0x02","{""ver"":1,""type"":1,""seq"":43967,""ts"":44,""lat"":0,""lon"":0,""alt_mm"":360,""speed_cms"":0,""heading_cd"":6557,""pitch_cd"":266,""roll_cd"":-524,""yaw_cd"":836,""bat_mv"":0,""status"":2}"
2026-08-12T19:42:06.608+00:00,BIN,"BIN,ver=1,type=1,seq=43967,ts=44,lat=0,lon=0,alt_mm=330,speed_cms=0,heading_cd=6557,pitch_cd=288,roll_cd=-583,yaw_cd=780,bat_mv=0,status=0x02","{""ver"":1,""type"":1,""seq"":43967,""ts"":44,""lat"":0,""lon"":0,""alt_mm"":330,""speed_cms"":0,""heading_cd"":6557,""pitch_cd"":288,""roll_cd"":-583,""yaw_cd"":780,""bat_mv"":0,""status"":2}"
2026-08-12T19:42:06.692+00:00,BIN,"BIN,ver=1,type=1,seq=44091,ts=44,lat=0,lon=0,alt_mm=330,speed_cms=0,heading_cd=6557,pitch_cd=329,roll_cd=-412,yaw_cd=850,bat_mv=0,status=0x02","{""ver"":1,""type"":1,""seq"":44091,""ts"":44,""lat"":0,""lon"":0,""alt_mm"":330,""speed_cms"":0,""heading_cd"":6557,""pitch_cd"":329,""roll_cd"":-412,""yaw_cd"":850,""bat_mv"":0,""status"":2}"
2026-08-12T19:42:06.776+00:00,BIN,"BIN,ver=1,type=1,seq=44261,ts=44,lat=0,lon=0,alt_mm=320,speed_cms=0,heading_cd=6557,pitch_cd=89,roll_cd=-298,yaw_cd=921,bat_mv=0,status=0x02","{""ver"":1,""type"":1,""seq"":44261,""ts"":44,""lat"":0,""lon"":0,""alt_mm"":320,""speed_cms"":0,""heading_cd"":6557,""pitch_cd"":89,""roll_cd"":-298,""yaw_cd"":921,""bat_mv"":0,""status"":2}"
2026-08-12T19:42:06.860+00:00,BIN,"BIN,ver=1,type=1,seq=44371,ts=44,lat=0,lon=0,alt_mm=360,speed_cms=0,heading_cd=6557,pitch_cd=73,roll_cd=-317,yaw_cd=922,bat_mv=0,status=0x02","{""ver"":1,""type"":1,""seq"":44371,""ts"":44,""lat"":0,""lon"":0,""alt_mm"":360,""speed_cms"":0,""heading_cd"":6557,""pitch_cd"":73,""roll_cd"":-317,""yaw_cd"":922,""bat_mv"":0,""status"":2}"
2026-08-12T19:42:06.943+00:00,BIN,"BIN,ver=1,type=1,seq=44526,ts=44,lat=0,lon=0,alt_mm=360,speed_cms=0,heading_cd=6557,pitch_cd=122,roll_cd=-299,yaw_cd=923,bat_mv=0,status=0x02","{""ver"":1,""type"":1,""seq"":44526,""ts"":44,""lat"":0,""lon"":0,""alt_mm"":360,""speed_cms"":0,""heading_cd"":6557,""pitch_cd"":122,""roll_cd"":-299,""yaw_cd"":923,""bat_mv"":0,""status"":2}"
2026-08-12T19:42:07.029+00:00,BIN,"BIN,ver=1,type=1,seq=44526,ts=44,lat=0,lon=0,alt_mm=360,speed_cms=0,heading_cd=6557,pitch_cd=121,roll_cd=-230,yaw_cd=961,bat_mv=0,status=0x02","{""ver"":1,""type"":1,""seq"":44526,""ts"":44,""lat"":0,""lon"":0,""alt_mm"":360,""speed_cms"":0,""heading_cd"":6557,""pitch_cd"":121,""roll_cd"":-230,""yaw_cd"":961,""bat_mv"":0,""status"":2}"
2026-08-12T19:42:07.113+00:00,BIN,"BIN,ver=1,type=1,seq=44526,ts=44,lat=0,lon=0,alt_mm=360,speed_cms=0,heading_cd=6557,pitch_cd=121,roll_cd=-230,yaw_cd=961,bat_mv=0,status=0x02","{""ver"":1,""type"":1,""seq"":44526,""ts"":44,""lat"":0,""lon"":0,""alt_mm"":360,""speed_cms"":0,""heading_cd"":6557,""pitch_cd"":121,""roll_cd"":-230,""yaw_cd"":961,""bat_mv"":0,""status"":2}"
2026-08-12T19:42:07.195+00:00,BIN,"BIN,ver=1,type=1,seq=44652,ts=44,lat=0,lon=0,alt_mm=320,speed_cms=0,heading_cd=6557,pitch_cd=121,roll_cd=-230,yaw_cd=961,bat_mv=0,status=0x02","{""ver"":1,""type"":1,""seq"":44652,""ts"":44,""lat"":0,""lon"":0,""alt_mm"":320,""speed_cms"":0,""heading_cd"":6557,""pitch_cd"":121,""roll_cd"":-230,""yaw_cd"":961,""bat_mv"":0,""status"":2}"
2026-08-12T19:42:07.279+00:00,BIN,"BIN,ver=1,type=1,seq=44652,ts=44,lat=0,lon=0,alt_mm=320,speed_cms=0,heading_cd=6557,pitch_cd=104,roll_cd=-266,yaw_cd=963,bat_mv=0,status=0x02","{""ver"":1,""type"":1,""seq"":44652,""ts"":44,""lat"":0,""lon"":0,""alt_mm"":320,""speed_cms"":0,""heading_cd"":6557,""pitch_cd"":104,""roll_cd"":-266,""yaw_cd"":963,""bat_mv"":0,""status"":2}"
2026-08-12T19:42:07.364+00:00,BIN,"BIN,ver=1,type=1,seq=44806,ts=44,lat=0,lon=0,alt_mm=320,speed_cms=0,heading_cd=6557,pitch_cd=75,roll_cd=-36,yaw_cd=1024,bat_mv=0,status=0x02","{""ver"":1,""type"":1,""seq"":44806,""ts"":44,""lat"":0,""lon"":0,""alt_mm"":320,""speed_cms"":0,""heading_cd"":6557,""pitch_cd"":75,""roll_cd"":-36,""yaw_cd"":1024,""bat_mv"":0,""status"":2}"
2026-08-12T19:42:07.447+00:00,BIN,"BIN,ver=1,type=1,seq=44806,ts=44,lat=0,lon=0,alt_mm=320,speed_cms=0,heading_cd=6557,pitch_cd=98,roll_cd=182,yaw_cd=1052,bat_mv=0,status=0x02","{""ver"":1,""type"":1,""seq"":44806,""ts"":44,""lat"":0,""lon"":0,""alt_mm"":320,""speed_cms"":0,""heading_cd"":6557,""pitch_cd"":98,""roll_cd"":182,""yaw_cd"":1052,""bat_mv"":0,""status"":2}"
2026-08-12T19:42:07.530+00:00,BIN,"BIN,ver=1,type=1,seq=44931,ts=45,lat=0,lon=0,alt_mm=320,speed_cms=0,heading_cd=6557,pitch_cd=176,roll_cd=33,yaw_cd=965,bat_mv=0,status=0x02","{""ver"":1,""type"":1,""seq"":44931,""ts"":45,""lat"":0,""lon"":0,""alt_mm"":320,""speed_cms"":0,""heading_cd"":6557,""pitch_cd"":176,""roll_cd"":33,""yaw_cd"":965,""bat_mv"":0,""status"":2}"
2026-08-12T19:42:07.615+00:00,BIN,"BIN,ver=1,type=1,seq=45098,ts=45,lat=0,lon=0,alt_mm=350,speed_cms=0,heading_cd=6557,pitch_cd=133,roll_cd=25,yaw_cd=1073,bat_mv=0,status=0x02","{""ver"":1,""type"":1,""seq"":45098,""ts"":45,""lat"":0,""lon"":0,""alt_mm"":350,""speed_cms"":0,""heading_cd"":6557,""pitch_cd"":133,""roll_cd"":25,""yaw_cd"":1073,""bat_mv"":0,""status"":2}"
2026-08-12T19:42:07.697+00:00,BIN,"BIN,ver=1,type=1,seq=45098,ts=45,lat=0,lon=0,alt_mm=340,speed_cms=0,heading_cd=6557,pitch_cd=242,roll_cd=-52,yaw_cd=932,bat_mv=0,status=0x02","{""ver"":1,""type"":1,""seq"":45098,""ts"":45,""lat"":0,""lon"":0,""alt_mm"":340,""speed_cms"":0,""heading_cd"":6557,""pitch_cd"":242,""roll_cd"":-52,""yaw_cd"":932,""bat_mv"":0,""status"":2}"
2026-08-12T19:42:07.782+00:00,BIN,"BIN,ver=1,type=1,seq=45211,ts=45,lat=0,lon=0,alt_mm=350,speed_cms=0,heading_cd=6557,pitch_cd=165,roll_cd=5,yaw_cd=922,bat_mv=0,status=0x02","{""ver"":1,""type"":1,""seq"":45211,""ts"":45,""lat"":0,""lon"":0,""alt_mm"":350,""speed_cms"":0,""heading_cd"":6557,""pitch_cd"":165,""roll_cd"":5,""yaw_cd"":922,""bat_mv"":0,""status"":2}"
2026-08-12T19:42:07.864+00:00,BIN,"BIN,ver=1,type=1,seq=45491,ts=45,lat=0,lon=0,alt_mm=350,speed_cms=0,heading_cd=6557,pitch_cd=257,roll_cd=29,yaw_cd=867,bat_mv=0,status=0x02","{""ver"":1,""type"":1,""seq"":45491,""ts"":45,""lat"":0,""lon"":0,""alt_mm"":350,""speed_cms"":0,""heading_cd"":6557,""pitch_cd"":257,""roll_cd"":29,""yaw_cd"":867,""bat_mv"":0,""status"":2}"
2026-08-12T19:42:07.949+00:00,BIN,"BIN,ver=1,type=1,seq=45491,ts=45,lat=0,lon=0,alt_mm=350,speed_cms=0,heading_cd=6557,pitch_cd=236,roll_cd=-39,yaw_cd=954,bat_mv=0,status=0x02","{""ver"":1,""type"":1,""seq"":45491,""ts"":45,""lat"":0,""lon"":0,""alt_mm"":350,""speed_cms"":0,""heading_cd"":6557,""pitch_cd"":236,""roll_cd"":-39,""yaw_cd"":954,""bat_mv"":0,""status"":2}"
2026-08-12T19:42:08.033+00:00,BIN,"BIN,ver=1,type=1,seq=45491,ts=45,lat=0,lon=0,alt_mm=350,speed_cms=0,heading_cd=6557,pitch_cd=236,roll_cd=-39,yaw_cd=954,bat_mv=0,status=0x02","{""ver"":1,""type"":1,""seq"":45491,""ts"":45,""lat"":0,""lon"":0,""alt_mm"":350,""speed_cms"":0,""heading_cd"":6557,""pitch_cd"":236,""roll_cd"":-39,""yaw_cd"":954,""bat_mv"":0,""status"":2}"
2026-08-12T19:42:08.116+00:00,BIN,"BIN,ver=1,type=1,seq=45491,ts=45,lat=0,lon=0,alt_mm=320,speed_cms=0,heading_cd=6557,pitch_cd=236,roll_cd=-39,yaw_cd=954,bat_mv=0,status=0x02","{""ver"":1,""type"":1,""seq"":45491,""ts"":45,""lat"":0,""lon"":0,""alt_mm"":320,""speed_cms"":0,""heading_cd"":6557,""pitch_cd"":236,""roll_cd"":-39,""yaw_cd"":954,""bat_mv"":0,""status"":2}"
2026-08-12T19:42:08.200+00:00,BIN,"BIN,ver=1,type=1,seq=45648,ts=45,lat=0,lon=0,alt_mm=320,speed_cms=0,heading_cd=6557,pitch_cd=270,roll_cd=-30,yaw_cd=984,bat_mv=0,status=0x02","{""ver"":1,""type"":1,""seq"":45648,""ts"":45,""lat"":0,""lon"":0,""alt_mm"":320,""speed_cms"":0,""heading_cd"":6557,""pitch_cd"":270,""roll_cd"":-30,""yaw_cd"":984,""bat_mv"":0,""status"":2}"
2026-08-12T19:42:08.282+00:00,BIN,"BIN,ver=1,type=1,seq=45648,ts=45,lat=0,lon=0,alt_mm=330,speed_cms=0,heading_cd=6557,pitch_cd=276,roll_cd=-84,yaw_cd=906,bat_mv=0,status=0x02","{""ver"":1,""type"":1,""seq"":45648,""ts"":45,""lat"":0,""lon"":0,""alt_mm"":330,""speed_cms"":0,""heading_cd"":6557,""pitch_cd"":276,""roll_cd"":-84,""yaw_cd"":906,""bat_mv"":0,""status"":2}"
2026-08-12T19:42:08.369+00:00,BIN,"BIN,ver=1,type=1,seq=45771,ts=45,lat=0,lon=0,alt_mm=330,speed_cms=0,heading_cd=6557,pitch_cd=279,roll_cd=-102,yaw_cd=866,bat_mv=0,status=0x02","{""ver"":1,""type"":1,""seq"":45771,""ts"":45,""lat"":0,""lon"":0,""alt_mm"":330,""speed_cms"":0,""heading_cd"":6557,""pitch_cd"":279,""roll_cd"":-102,""yaw_cd"":866,""bat_mv"":0,""status"":2}"
2026-08-12T19:42:08.451+00:00,BIN,"BIN,ver=1,type=1,seq=45927,ts=45,lat=0,lon=0,alt_mm=310,speed_cms=0,heading_cd=6557,pitch_cd=279,roll_cd=-139,yaw_cd=942,bat_mv=0,status=0x02","{""ver"":1,""type"":1,""seq"":45927,""ts"":45,""lat"":0,""lon"":0,""alt_mm"":310,""speed_cms"":0,""heading_cd"":6557,""pitch_cd"":279,""roll_cd"":-139,""yaw_cd"":942,""bat_mv"":0,""status"":2}"
2026-08-12T19:42:08.536+00:00,BIN,"BIN,ver=1,type=1,seq=45927,ts=46,lat=0,lon=0,alt_mm=320,speed_cms=0,heading_cd=6557,pitch_cd=271,roll_cd=-114,yaw_cd=927,bat_mv=0,status=0x02","{""ver"":1,""type"":1,""seq"":45927,""ts"":46,""lat"":0,""lon"":0,""alt_mm"":320,""speed_cms"":0,""heading_cd"":6557,""pitch_cd"":271,""roll_cd"":-114,""yaw_cd"":927,""bat_mv"":0,""status"":2}"
2026-08-12T19:42:08.618+00:00,BIN,"BIN,ver=1,type=1,seq=46051,ts=46,lat=0,lon=0,alt_mm=320,speed_cms=0,heading_cd=6557,pitch_cd=278,roll_cd=-134,yaw_cd=1021,bat_mv=0,status=0x02","{""ver"":1,""type"":1,""seq"":46051,""ts"":46,""lat"":0,""lon"":0,""alt_mm"":320,""speed_cms"":0,""heading_cd"":6557,""pitch_cd"":278,""roll_cd"":-134,""yaw_cd"":1021,""bat_mv"":0,""status"":2}"
2026-08-12T19:42:08.705+00:00,BIN,"BIN,ver=1,type=1,seq=46221,ts=46,lat=0,lon=0,alt_mm=310,speed_cms=0,heading_cd=6557,pitch_cd=306,roll_cd=-244,yaw_cd=878,bat_mv=0,status=0x02","{""ver"":1,""type"":1,""seq"":46221,""ts"":46,""lat"":0,""lon"":0,""alt_mm"":310,""speed_cms"":0,""heading_cd"":6557,""pitch_cd"":306,""roll_cd"":-244,""yaw_cd"":878,""bat_mv"":0,""status"":2}"
2026-08-12T19:42:08.788+00:00,BIN,"BIN,ver=1,type=1,seq=46221,ts=46,lat=0,lon=0,alt_mm=310,speed_cms=0,heading_cd=6557,pitch_cd=298,roll_cd=-168,yaw_cd=881,bat_mv=0,status=0x02","{""ver"":1,""type"":1,""seq"":46221,""ts"":46,""lat"":0,""lon"":0,""alt_mm"":310,""speed_cms"":0,""heading_cd"":6557,""pitch_cd"":298,""roll_cd"":-168,""yaw_cd"":881,""bat_mv"":0,""status"":2}"
2026-08-12T19:42:08.873+00:00,BIN,"BIN,ver=1,type=1,seq=46331,ts=46,lat=0,lon=0,alt_mm=320,speed_cms=0,heading_cd=6557,pitch_cd=303,roll_cd=-190,yaw_cd=914,bat_mv=0,status=0x02","{""ver"":1,""type"":1,""seq"":46331,""ts"":46,""lat"":0,""lon"":0,""alt_mm"":320,""speed_cms"":0,""heading_cd"":6557,""pitch_cd"":303,""roll_cd"":-190,""yaw_cd"":914,""bat_mv"":0,""status"":2}"
2026-08-12T19:42:08.954+00:00,BIN,"BIN,ver=1,type=1,seq=46486,ts=46,lat=0,lon=0,alt_mm=320,speed_cms=0,heading_cd=6557,pitch_cd=303,roll_cd=-190,yaw_cd=914,bat_mv=0,status=0x02","{""ver"":1,""type"":1,""seq"":46486,""ts"":46,""lat"":0,""lon"":0,""alt_mm"":320,""speed_cms"":0,""heading_cd"":6557,""pitch_cd"":303,""roll_cd"":-190,""yaw_cd"":914,""bat_mv"":0,""status"":2}"
2026-08-12T19:42:09.042+00:00,BIN,"BIN,ver=1,type=1,seq=46486,ts=46,lat=0,lon=0,alt_mm=320,speed_cms=0,heading_cd=6557,pitch_cd=321,roll_cd=-173,yaw_cd=920,bat_mv=0,status=0x02","{""ver"":1,""type"":1,""seq"":46486,""ts"":46,""lat"":0,""lon"":0,""alt_mm"":320,""speed_cms"":0,""heading_cd"":6557,""pitch_cd"":321,""roll_cd"":-173,""yaw_cd"":920,""bat_mv"":0,""status"":2}"
2026-08-12T19:42:09.123+00:00,BIN,"BIN,ver=1,type=1,seq=46612,ts=46,lat=0,lon=0,alt_mm=320,speed_cms=0,heading_cd=6557,pitch_cd=321,roll_cd=-173,yaw_cd=920,bat_mv=0,status=0x02","{""ver"":1,""type"":1,""seq"":46612,""ts"":46,""lat"":0,""lon"":0,""alt_mm"":320,""speed_cms"":0,""heading_cd"":6557,""pitch_cd"":321,""roll_cd"":-173,""yaw_cd"":920,""bat_mv"":0,""status"":2}"
2026-08-12T19:42:09.208+00:00,BIN,"BIN,ver=1,type=1,seq=46612,ts=46,lat=0,lon=0,alt_mm=320,speed_cms=0,heading_cd=6557,pitch_cd=416,roll_cd=-195,yaw_cd=742,bat_mv=0,status=0x02","{""ver"":1,""type"":1,""seq"":46612,""ts"":46,""lat"":0,""lon"":0,""alt_mm"":320,""speed_cms"":0,""heading_cd"":6557,""pitch_cd"":416,""roll_cd"":-195,""yaw_cd"":742,""bat_mv"":0,""status"":2}"
2026-08-12T19:42:09.292+00:00,BIN,"BIN,ver=1,type=1,seq=46612,ts=46,lat=0,lon=0,alt_mm=340,speed_cms=0,heading_cd=6557,pitch_cd=416,roll_cd=-195,yaw_cd=742,bat_mv=0,status=0x02","{""ver"":1,""type"":1,""seq"":46612,""ts"":46,""lat"":0,""lon"":0,""alt_mm"":340,""speed_cms"":0,""heading_cd"":6557,""pitch_cd"":416,""roll_cd"":-195,""yaw_cd"":742,""bat_mv"":0,""status"":2}"
2026-08-12T19:42:09.377+00:00,BIN,"BIN,ver=1,type=1,seq=46767,ts=46,lat=0,lon=0,alt_mm=340,speed_cms=0,heading_cd=6557,pitch_cd=278,roll_cd=-130,yaw_cd=1109,bat_mv=0,status=0x02","{""ver"":1,""type"":1,""seq"":46767,""ts"":46,""lat"":0,""lon"":0,""alt_mm"":340,""speed_cms"":0,""heading_cd"":6557,""pitch_cd"":278,""roll_cd"":-130,""yaw_cd"":1109,""bat_mv"":0,""status"":2}"
2026-08-12T19:42:09.460+00:00,BIN,"BIN,ver=1,type=1,seq=46767,ts=46,lat=0,lon=0,alt_mm=340,speed_cms=0,heading_cd=6557,pitch_cd=238,roll_cd=-350,yaw_cd=995,bat_mv=0,status=0x02","{""ver"":1,""type"":1,""seq"":46767,""ts"":46,""lat"":0,""lon"":0,""alt_mm"":340,""speed_cms"":0,""heading_cd"":6557,""pitch_cd"":238,""roll_cd"":-350,""yaw_cd"":995,""bat_mv"":0,""status"":2}"
2026-08-12T19:42:09.542+00:00,BIN,"BIN,ver=1,type=1,seq=46891,ts=47,lat=0,lon=0,alt_mm=350,speed_cms=0,heading_cd=6557,pitch_cd=304,roll_cd=-352,yaw_cd=837,bat_mv=0,status=0x02","{""ver"":1,""type"":1,""seq"":46891,""ts"":47,""lat"":0,""lon"":0,""alt_mm"":350,""speed_cms"":0,""heading_cd"":6557,""pitch_cd"":304,""roll_cd"":-352,""yaw_cd"":837,""bat_mv"":0,""status"":2}"
2026-08-12T19:42:09.626+00:00,BIN,"BIN,ver=1,type=1,seq=47115,ts=47,lat=0,lon=0,alt_mm=350,speed_cms=0,heading_cd=6557,pitch_cd=351,roll_cd=-436,yaw_cd=762,bat_mv=0,status=0x02","{""ver"":1,""type"":1,""seq"":47115,""ts"":47,""lat"":0,""lon"":0,""alt_mm"":350,""speed_cms"":0,""heading_cd"":6557,""pitch_cd"":351,""roll_cd"":-436,""yaw_cd"":762,""bat_mv"":0,""status"":2}"
2026-08-12T19:42:09.710+00:00,BIN,"BIN,ver=1,type=1,seq=47115,ts=47,lat=0,lon=0,alt_mm=350,speed_cms=0,heading_cd=6557,pitch_cd=358,roll_cd=-481,yaw_cd=794,bat_mv=0,status=0x02","{""ver"":1,""type"":1,""seq"":47115,""ts"":47,""lat"":0,""lon"":0,""alt_mm"":350,""speed_cms"":0,""heading_cd"":6557,""pitch_cd"":358,""roll_cd"":-481,""yaw_cd"":794,""bat_mv"":0,""status"":2}"
2026-08-12T19:42:09.795+00:00,BIN,"BIN,ver=1,type=1,seq=47231,ts=47,lat=0,lon=0,alt_mm=360,speed_cms=0,heading_cd=6557,pitch_cd=358,roll_cd=-481,yaw_cd=794,bat_mv=0,status=0x02","{""ver"":1,""type"":1,""seq"":47231,""ts"":47,""lat"":0,""lon"":0,""alt_mm"":360,""speed_cms"":0,""heading_cd"":6557,""pitch_cd"":358,""roll_cd"":-481,""yaw_cd"":794,""bat_mv"":0,""status"":2}"
2026-08-12T19:42:09.879+00:00,BIN,"BIN,ver=1,type=1,seq=47338,ts=47,lat=0,lon=0,alt_mm=350,speed_cms=0,heading_cd=6557,pitch_cd=453,roll_cd=-405,yaw_cd=760,bat_mv=0,status=0x02","{""ver"":1,""type"":1,""seq"":47338,""ts"":47,""lat"":0,""lon"":0,""alt_mm"":350,""speed_cms"":0,""heading_cd"":6557,""pitch_cd"":453,""roll_cd"":-405,""yaw_cd"":760,""bat_mv"":0,""status"":2}"
2026-08-12T19:42:09.965+00:00,BIN,"BIN,ver=1,type=1,seq=47471,ts=47,lat=0,lon=0,alt_mm=350,speed_cms=0,heading_cd=6557,pitch_cd=453,roll_cd=-405,yaw_cd=760,bat_mv=0,status=0x02","{""ver"":1,""type"":1,""seq"":47471,""ts"":47,""lat"":0,""lon"":0,""alt_mm"":350,""speed_cms"":0,""heading_cd"":6557,""pitch_cd"":453,""roll_cd"":-405,""yaw_cd"":760,""bat_mv"":0,""status"":2}"
2026-08-12T19:42:10.047+00:00,BIN,"BIN,ver=1,type=1,seq=47471,ts=47,lat=0,lon=0,alt_mm=370,speed_cms=0,heading_cd=6557,pitch_cd=453,roll_cd=-405,yaw_cd=760,bat_mv=0,status=0x02","{""ver"":1,""type"":1,""seq"":47471,""ts"":47,""lat"":0,""lon"":0,""alt_mm"":370,""speed_cms"":0,""heading_cd"":6557,""pitch_cd"":453,""roll_cd"":-405,""yaw_cd"":760,""bat_mv"":0,""status"":2}"
2026-08-12T19:42:10.132+00:00,BIN,"BIN,ver=1,type=1,seq=47637,ts=47,lat=0,lon=0,alt_mm=370,speed_cms=0,heading_cd=6557,pitch_cd=-762,roll_cd=-750,yaw_cd=-53,bat_mv=0,status=0x02","{""ver"":1,""type"":1,""seq"":47637,""ts"":47,""lat"":0,""lon"":0,""alt_mm"":370,""speed_cms"":0,""heading_cd"":6557,""pitch_cd"":-762,""roll_cd"":-750,""yaw_cd"":-53,""bat_mv"":0,""status"":2}"
2026-08-12T19:42:10.215+00:00,BIN,"BIN,ver=1,type=1,seq=47637,ts=47,lat=0,lon=0,alt_mm=380,speed_cms=0,heading_cd=6557,pitch_cd=599,roll_cd=-1761,yaw_cd=-1525,bat_mv=0,status=0x02","{""ver"":1,""type"":1,""seq"":47637,""ts"":47,""lat"":0,""lon"":0,""alt_mm"":380,""speed_cms"":0,""heading_cd"":6557,""pitch_cd"":599,""roll_cd"":-1761,""yaw_cd"":-1525,""bat_mv"":0,""status"":2}"
2026-08-12T19:42:10.298+00:00,BIN,"BIN,ver=1,type=1,seq=47751,ts=47,lat=0,lon=0,alt_mm=380,speed_cms=0,heading_cd=6557,pitch_cd=174,roll_cd=-661,yaw_cd=754,bat_mv=0,status=0x02","{""ver"":1,""type"":1,""seq"":47751,""ts"":47,""lat"":0,""lon"":0,""alt_mm"":380,""speed_cms"":0,""heading_cd"":6557,""pitch_cd"":174,""roll_cd"":-661,""yaw_cd"":754,""bat_mv"":0,""status"":2}"
2026-08-12T19:42:10.383+00:00,BIN,"BIN,ver=1,type=1,seq=47867,ts=47,lat=0,lon=0,alt_mm=360,speed_cms=0,heading_cd=6557,pitch_cd=236,roll_cd=-805,yaw_cd=546,bat_mv=0,status=0x02","{""ver"":1,""type"":1,""seq"":47867,""ts"":47,""lat"":0,""lon"":0,""alt_mm"":360,""speed_cms"":0,""heading_cd"":6557,""pitch_cd"":236,""roll_cd"":-805,""yaw_cd"":546,""bat_mv"":0,""status"":2}"
2026-08-12T19:42:10.465+00:00,BIN,"BIN,ver=1,type=1,seq=47867,ts=48,lat=0,lon=0,alt_mm=360,speed_cms=0,heading_cd=6557,pitch_cd=335,roll_cd=-783,yaw_cd=625,bat_mv=0,status=0x02","{""ver"":1,""type"":1,""seq"":47867,""ts"":48,""lat"":0,""lon"":0,""alt_mm"":360,""speed_cms"":0,""heading_cd"":6557,""pitch_cd"":335,""roll_cd"":-783,""yaw_cd"":625,""bat_mv"":0,""status"":2}"
2026-08-12T19:42:10.549+00:00,BIN,"BIN,ver=1,type=1,seq=47991,ts=48,lat=0,lon=0,alt_mm=380,speed_cms=0,heading_cd=6557,pitch_cd=329,roll_cd=-807,yaw_cd=331,bat_mv=0,status=0x02","{""ver"":1,""type"":1,""seq"":47991,""ts"":48,""lat"":0,""lon"":0,""alt_mm"":380,""speed_cms"":0,""heading_cd"":6557,""pitch_cd"":329,""roll_cd"":-807,""yaw_cd"":331,""bat_mv"":0,""status"":2}"
2026-08-12T19:42:10.636+00:00,BIN,"BIN,ver=1,type=1,seq=48158,ts=48,lat=0,lon=0,alt_mm=380,speed_cms=0,heading_cd=6557,pitch_cd=382,roll_cd=-945,yaw_cd=-79,bat_mv=0,status=0x02","{""ver"":1,""type"":1,""seq"":48158,""ts"":48,""lat"":0,""lon"":0,""alt_mm"":380,""speed_cms"":0,""heading_cd"":6557,""pitch_cd"":382,""roll_cd"":-945,""yaw_cd"":-79,""bat_mv"":0,""status"":2}"
2026-08-12T19:42:10.720+00:00,BIN,"BIN,ver=1,type=1,seq=48158,ts=48,lat=0,lon=0,alt_mm=380,speed_cms=0,heading_cd=6557,pitch_cd=305,roll_cd=-909,yaw_cd=-359,bat_mv=0,status=0x02","{""ver"":1,""type"":1,""seq"":48158,""ts"":48,""lat"":0,""lon"":0,""alt_mm"":380,""speed_cms"":0,""heading_cd"":6557,""pitch_cd"":305,""roll_cd"":-909,""yaw_cd"":-359,""bat_mv"":0,""status"":2}"
2026-08-12T19:42:10.805+00:00,BIN,"BIN,ver=1,type=1,seq=48271,ts=48,lat=0,lon=0,alt_mm=360,speed_cms=0,heading_cd=6557,pitch_cd=273,roll_cd=-747,yaw_cd=-532,bat_mv=0,status=0x02","{""ver"":1,""type"":1,""seq"":48271,""ts"":48,""lat"":0,""lon"":0,""alt_mm"":360,""speed_cms"":0,""heading_cd"":6557,""pitch_cd"":273,""roll_cd"":-747,""yaw_cd"":-532,""bat_mv"":0,""status"":2}"
2026-08-12T19:42:10.889+00:00,BIN,"BIN,ver=1,type=1,seq=48271,ts=48,lat=0,lon=0,alt_mm=380,speed_cms=0,heading_cd=6557,pitch_cd=172,roll_cd=-759,yaw_cd=-684,bat_mv=0,status=0x02","{""ver"":1,""type"":1,""seq"":48271,""ts"":48,""lat"":0,""lon"":0,""alt_mm"":380,""speed_cms"":0,""heading_cd"":6557,""pitch_cd"":172,""roll_cd"":-759,""yaw_cd"":-684,""bat_mv"":0,""status"":2}"
2026-08-12T19:42:10.969+00:00,BIN,"BIN,ver=1,type=1,seq=48552,ts=48,lat=0,lon=0,alt_mm=390,speed_cms=0,heading_cd=6557,pitch_cd=226,roll_cd=-547,yaw_cd=-772,bat_mv=0,status=0x02","{""ver"":1,""type"":1,""seq"":48552,""ts"":48,""lat"":0,""lon"":0,""alt_mm"":390,""speed_cms"":0,""heading_cd"":6557,""pitch_cd"":226,""roll_cd"":-547,""yaw_cd"":-772,""bat_mv"":0,""status"":2}"
2026-08-12T19:42:11.058+00:00,BIN,"BIN,ver=1,type=1,seq=48552,ts=48,lat=0,lon=0,alt_mm=390,speed_cms=0,heading_cd=6557,pitch_cd=160,roll_cd=-591,yaw_cd=-891,bat_mv=0,status=0x02","{""ver"":1,""type"":1,""seq"":48552,""ts"":48,""lat"":0,""lon"":0,""alt_mm"":390,""speed_cms"":0,""heading_cd"":6557,""pitch_cd"":160,""roll_cd"":-591,""yaw_cd"":-891,""bat_mv"":0,""status"":2}"
2026-08-12T19:42:11.139+00:00,BIN,"BIN,ver=1,type=1,seq=48552,ts=48,lat=0,lon=0,alt_mm=390,speed_cms=0,heading_cd=6557,pitch_cd=160,roll_cd=-591,yaw_cd=-891,bat_mv=0,status=0x02","{""ver"":1,""type"":1,""seq"":48552,""ts"":48,""lat"":0,""lon"":0,""alt_mm"":390,""speed_cms"":0,""heading_cd"":6557,""pitch_cd"":160,""roll_cd"":-591,""yaw_cd"":-891,""bat_mv"":0,""status"":2}"
2026-08-12T19:42:11.224+00:00,BIN,"BIN,ver=1,type=1,seq=48707,ts=48,lat=0,lon=0,alt_mm=380,speed_cms=0,heading_cd=6557,pitch_cd=149,roll_cd=-678,yaw_cd=-853,bat_mv=0,status=0x02","{""ver"":1,""type"":1,""seq"":48707,""ts"":48,""lat"":0,""lon"":0,""alt_mm"":380,""speed_cms"":0,""heading_cd"":6557,""pitch_cd"":149,""roll_cd"":-678,""yaw_cd"":-853,""bat_mv"":0,""status"":2}"
2026-08-12T19:42:11.306+00:00,BIN,"BIN,ver=1,type=1,seq=48707,ts=48,lat=0,lon=0,alt_mm=400,speed_cms=0,heading_cd=6557,pitch_cd=101,roll_cd=-527,yaw_cd=-760,bat_mv=0,status=0x02","{""ver"":1,""type"":1,""seq"":48707,""ts"":48,""lat"":0,""lon"":0,""alt_mm"":400,""speed_cms"":0,""heading_cd"":6557,""pitch_cd"":101,""roll_cd"":-527,""yaw_cd"":-760,""bat_mv"":0,""status"":2}"
2026-08-12T19:42:11.391+00:00,BIN,"BIN,ver=1,type=1,seq=48831,ts=48,lat=0,lon=0,alt_mm=400,speed_cms=0,heading_cd=6557,pitch_cd=84,roll_cd=-596,yaw_cd=-815,bat_mv=0,status=0x02","{""ver"":1,""type"":1,""seq"":48831,""ts"":48,""lat"":0,""lon"":0,""alt_mm"":400,""speed_cms"":0,""heading_cd"":6557,""pitch_cd"":84,""roll_cd"":-596,""yaw_cd"":-815,""bat_mv"":0,""status"":2}"
2026-08-12T19:42:11.476+00:00,BIN,"BIN,ver=1,type=1,seq=48831,ts=49,lat=0,lon=0,alt_mm=400,speed_cms=0,heading_cd=6557,pitch_cd=84,roll_cd=-596,yaw_cd=-815,bat_mv=0,status=0x02","{""ver"":1,""type"":1,""seq"":48831,""ts"":49,""lat"":0,""lon"":0,""alt_mm"":400,""speed_cms"":0,""heading_cd"":6557,""pitch_cd"":84,""roll_cd"":-596,""yaw_cd"":-815,""bat_mv"":0,""status"":2}"
2026-08-12T19:42:11.560+00:00,BIN,"BIN,ver=1,type=1,seq=48998,ts=49,lat=0,lon=0,alt_mm=400,speed_cms=0,heading_cd=6557,pitch_cd=97,roll_cd=-522,yaw_cd=-890,bat_mv=0,status=0x02","{""ver"":1,""type"":1,""seq"":48998,""ts"":49,""lat"":0,""lon"":0,""alt_mm"":400,""speed_cms"":0,""heading_cd"":6557,""pitch_cd"":97,""roll_cd"":-522,""yaw_cd"":-890,""bat_mv"":0,""status"":2}"
2026-08-12T19:42:11.645+00:00,BIN,"BIN,ver=1,type=1,seq=49111,ts=49,lat=0,lon=0,alt_mm=400,speed_cms=0,heading_cd=6557,pitch_cd=41,roll_cd=-610,yaw_cd=-801,bat_mv=0,status=0x02","{""ver"":1,""type"":1,""seq"":49111,""ts"":49,""lat"":0,""lon"":0,""alt_mm"":400,""speed_cms"":0,""heading_cd"":6557,""pitch_cd"":41,""roll_cd"":-610,""yaw_cd"":-801,""bat_mv"":0,""status"":2}"
2026-08-12T19:42:11.728+00:00,BIN,"BIN,ver=1,type=1,seq=49111,ts=49,lat=0,lon=0,alt_mm=400,speed_cms=0,heading_cd=6557,pitch_cd=112,roll_cd=-635,yaw_cd=-772,bat_mv=0,status=0x02","{""ver"":1,""type"":1,""seq"":49111,""ts"":49,""lat"":0,""lon"":0,""alt_mm"":400,""speed_cms"":0,""heading_cd"":6557,""pitch_cd"":112,""roll_cd"":-635,""yaw_cd"":-772,""bat_mv"":0,""status"":2}"
2026-08-12T19:42:11.809+00:00,BIN,"BIN,ver=1,type=1,seq=49269,ts=49,lat=0,lon=0,alt_mm=400,speed_cms=0,heading_cd=6557,pitch_cd=195,roll_cd=-493,yaw_cd=-954,bat_mv=0,status=0x02","{""ver"":1,""type"":1,""seq"":49269,""ts"":49,""lat"":0,""lon"":0,""alt_mm"":400,""speed_cms"":0,""heading_cd"":6557,""pitch_cd"":195,""roll_cd"":-493,""yaw_cd"":-954,""bat_mv"":0,""status"":2}"
2026-08-12T19:42:11.894+00:00,BIN,"BIN,ver=1,type=1,seq=49391,ts=49,lat=0,lon=0,alt_mm=400,speed_cms=0,heading_cd=6557,pitch_cd=370,roll_cd=-304,yaw_cd=-959,bat_mv=0,status=0x02","{""ver"":1,""type"":1,""seq"":49391,""ts"":49,""lat"":0,""lon"":0,""alt_mm"":400,""speed_cms"":0,""heading_cd"":6557,""pitch_cd"":370,""roll_cd"":-304,""yaw_cd"":-959,""bat_mv"":0,""status"":2}"
2026-08-12T19:42:11.977+00:00,BIN,"BIN,ver=1,type=1,seq=49547,ts=49,lat=0,lon=0,alt_mm=400,speed_cms=0,heading_cd=6557,pitch_cd=378,roll_cd=-173,yaw_cd=-907,bat_mv=0,status=0x02","{""ver"":1,""type"":1,""seq"":49547,""ts"":49,""lat"":0,""lon"":0,""alt_mm"":400,""speed_cms"":0,""heading_cd"":6557,""pitch_cd"":378,""roll_cd"":-173,""yaw_cd"":-907,""bat_mv"":0,""status"":2}"
2026-08-12T19:42:12.063+00:00,BIN,"BIN,ver=1,type=1,seq=49547,ts=49,lat=0,lon=0,alt_mm=400,speed_cms=0,heading_cd=6557,pitch_cd=378,roll_cd=-173,yaw_cd=-907,bat_mv=0,status=0x02","{""ver"":1,""type"":1,""seq"":49547,""ts"":49,""lat"":0,""lon"":0,""alt_mm"":400,""speed_cms"":0,""heading_cd"":6557,""pitch_cd"":378,""roll_cd"":-173,""yaw_cd"":-907,""bat_mv"":0,""status"":2}"
2026-08-12T19:42:12.146+00:00,BIN,"BIN,ver=1,type=1,seq=49547,ts=49,lat=0,lon=0,alt_mm=400,speed_cms=0,heading_cd=6557,pitch_cd=220,roll_cd=45,yaw_cd=-873,bat_mv=0,status=0x02","{""ver"":1,""type"":1,""seq"":49547,""ts"":49,""lat"":0,""lon"":0,""alt_mm"":400,""speed_cms"":0,""heading_cd"":6557,""pitch_cd"":220,""roll_cd"":45,""yaw_cd"":-873,""bat_mv"":0,""status"":2}"
2026-08-12T19:42:12.231+00:00,BIN,"BIN,ver=1,type=1,seq=49671,ts=49,lat=0,lon=0,alt_mm=380,speed_cms=0,heading_cd=6557,pitch_cd=295,roll_cd=-97,yaw_cd=-947,bat_mv=0,status=0x02","{""ver"":1,""type"":1,""seq"":49671,""ts"":49,""lat"":0,""lon"":0,""alt_mm"":380,""speed_cms"":0,""heading_cd"":6557,""pitch_cd"":295,""roll_cd"":-97,""yaw_cd"":-947,""bat_mv"":0,""status"":2}"
2026-08-12T19:42:12.314+00:00,BIN,"BIN,ver=1,type=1,seq=49869,ts=49,lat=0,lon=0,alt_mm=390,speed_cms=0,heading_cd=6557,pitch_cd=348,roll_cd=-200,yaw_cd=-925,bat_mv=0,status=0x02","{""ver"":1,""type"":1,""seq"":49869,""ts"":49,""lat"":0,""lon"":0,""alt_mm"":390,""speed_cms"":0,""heading_cd"":6557,""pitch_cd"":348,""roll_cd"":-200,""yaw_cd"":-925,""bat_mv"":0,""status"":2}"
2026-08-12T19:42:12.399+00:00,BIN,"BIN,ver=1,type=1,seq=49869,ts=50,lat=0,lon=0,alt_mm=390,speed_cms=0,heading_cd=6557,pitch_cd=357,roll_cd=-130,yaw_cd=-927,bat_mv=0,status=0x02","{""ver"":1,""type"":1,""seq"":49869,""ts"":50,""lat"":0,""lon"":0,""alt_mm"":390,""speed_cms"":0,""heading_cd"":6557,""pitch_cd"":357,""roll_cd"":-130,""yaw_cd"":-927,""bat_mv"":0,""status"":2}"
2026-08-12T19:42:12.483+00:00,BIN,"BIN,ver=1,type=1,seq=49991,ts=50,lat=0,lon=0,alt_mm=390,speed_cms=0,heading_cd=6557,pitch_cd=357,roll_cd=-130,yaw_cd=-927,bat_mv=0,status=0x02","{""ver"":1,""type"":1,""seq"":49991,""ts"":50,""lat"":0,""lon"":0,""alt_mm"":390,""speed_cms"":0,""heading_cd"":6557,""pitch_cd"":357,""roll_cd"":-130,""yaw_cd"":-927,""bat_mv"":0,""status"":2}"
2026-08-12T19:42:12.651+00:00,BIN,"BIN,ver=1,type=1,seq=50107,ts=50,lat=0,lon=0,alt_mm=390,speed_cms=0,heading_cd=6557,pitch_cd=359,roll_cd=-187,yaw_cd=-924,bat_mv=0,status=0x02","{""ver"":1,""type"":1,""seq"":50107,""ts"":50,""lat"":0,""lon"":0,""alt_mm"":390,""speed_cms"":0,""heading_cd"":6557,""pitch_cd"":359,""roll_cd"":-187,""yaw_cd"":-924,""bat_mv"":0,""status"":2}"
2026-08-12T19:42:12.735+00:00,BIN,"BIN,ver=1,type=1,seq=50107,ts=50,lat=0,lon=0,alt_mm=370,speed_cms=0,heading_cd=6557,pitch_cd=374,roll_cd=-207,yaw_cd=-899,bat_mv=0,status=0x02","{""ver"":1,""type"":1,""seq"":50107,""ts"":50,""lat"":0,""lon"":0,""alt_mm"":370,""speed_cms"":0,""heading_cd"":6557,""pitch_cd"":374,""roll_cd"":-207,""yaw_cd"":-899,""bat_mv"":0,""status"":2}"
2026-08-12T19:42:12.821+00:00,BIN,"BIN,ver=1,type=1,seq=50231,ts=50,lat=0,lon=0,alt_mm=370,speed_cms=0,heading_cd=6557,pitch_cd=398,roll_cd=-201,yaw_cd=-919,bat_mv=0,status=0x02","{""ver"":1,""type"":1,""seq"":50231,""ts"":50,""lat"":0,""lon"":0,""alt_mm"":370,""speed_cms"":0,""heading_cd"":6557,""pitch_cd"":398,""roll_cd"":-201,""yaw_cd"":-919,""bat_mv"":0,""status"":2}"
2026-08-12T19:42:12.902+00:00,BIN,"BIN,ver=1,type=1,seq=50511,ts=50,lat=0,lon=0,alt_mm=380,speed_cms=0,heading_cd=6557,pitch_cd=355,roll_cd=-214,yaw_cd=-931,bat_mv=0,status=0x02","{""ver"":1,""type"":1,""seq"":50511,""ts"":50,""lat"":0,""lon"":0,""alt_mm"":380,""speed_cms"":0,""heading_cd"":6557,""pitch_cd"":355,""roll_cd"":-214,""yaw_cd"":-931,""bat_mv"":0,""status"":2}"
2026-08-12T19:42:12.988+00:00,BIN,"BIN,ver=1,type=1,seq=50511,ts=50,lat=0,lon=0,alt_mm=380,speed_cms=0,heading_cd=6557,pitch_cd=355,roll_cd=-214,yaw_cd=-931,bat_mv=0,status=0x02","{""ver"":1,""type"":1,""seq"":50511,""ts"":50,""lat"":0,""lon"":0,""alt_mm"":380,""speed_cms"":0,""heading_cd"":6557,""pitch_cd"":355,""roll_cd"":-214,""yaw_cd"":-931,""bat_mv"":0,""status"":2}"
2026-08-12T19:42:13.069+00:00,BIN,"BIN,ver=1,type=1,seq=50511,ts=50,lat=0,lon=0,alt_mm=380,speed_cms=0,heading_cd=6557,pitch_cd=355,roll_cd=-214,yaw_cd=-931,bat_mv=0,status=0x02","{""ver"":1,""type"":1,""seq"":50511,""ts"":50,""lat"":0,""lon"":0,""alt_mm"":380,""speed_cms"":0,""heading_cd"":6557,""pitch_cd"":355,""roll_cd"":-214,""yaw_cd"":-931,""bat_mv"":0,""status"":2}"
2026-08-12T19:42:13.155+00:00,BIN,"BIN,ver=1,type=1,seq=50511,ts=50,lat=0,lon=0,alt_mm=380,speed_cms=0,heading_cd=6557,pitch_cd=355,roll_cd=-214,yaw_cd=-931,bat_mv=0,status=0x02","{""ver"":1,""type"":1,""seq"":50511,""ts"":50,""lat"":0,""lon"":0,""alt_mm"":380,""speed_cms"":0,""heading_cd"":6557,""pitch_cd"":355,""roll_cd"":-214,""yaw_cd"":-931,""bat_mv"":0,""status"":2}"
2026-08-12T19:42:13.240+00:00,BIN,"BIN,ver=1,type=1,seq=50669,ts=50,lat=0,lon=0,alt_mm=380,speed_cms=0,heading_cd=6557,pitch_cd=358,roll_cd=-167,yaw_cd=-903,bat_mv=0,status=0x02","{""ver"":1,""type"":1,""seq"":50669,""ts"":50,""lat"":0,""lon"":0,""alt_mm"":380,""speed_cms"":0,""heading_cd"":6557,""pitch_cd"":358,""roll_cd"":-167,""yaw_cd"":-903,""bat_mv"":0,""status"":2}"
2026-08-12T19:42:13.323+00:00,BIN,"BIN,ver=1,type=1,seq=50791,ts=50,lat=0,lon=0,alt_mm=380,speed_cms=0,heading_cd=6557,pitch_cd=335,roll_cd=-146,yaw_cd=-970,bat_mv=0,status=0x02","{""ver"":1,""type"":1,""seq"":50791,""ts"":50,""lat"":0,""lon"":0,""alt_mm"":380,""speed_cms"":0,""heading_cd"":6557,""pitch_cd"":335,""roll_cd"":-146,""yaw_cd"":-970,""bat_mv"":0,""status"":2}"
2026-08-12T19:42:13.408+00:00,BIN,"BIN,ver=1,type=1,seq=50791,ts=50,lat=0,lon=0,alt_mm=380,speed_cms=0,heading_cd=6557,pitch_cd=389,roll_cd=-170,yaw_cd=-937,bat_mv=0,status=0x02","{""ver"":1,""type"":1,""seq"":50791,""ts"":50,""lat"":0,""lon"":0,""alt_mm"":380,""speed_cms"":0,""heading_cd"":6557,""pitch_cd"":389,""roll_cd"":-170,""yaw_cd"":-937,""bat_mv"":0,""status"":2}"
2026-08-12T19:42:13.489+00:00,BIN,"BIN,ver=1,type=1,seq=50961,ts=51,lat=0,lon=0,alt_mm=380,speed_cms=0,heading_cd=6557,pitch_cd=289,roll_cd=-135,yaw_cd=-980,bat_mv=0,status=0x02","{""ver"":1,""type"":1,""seq"":50961,""ts"":51,""lat"":0,""lon"":0,""alt_mm"":380,""speed_cms"":0,""heading_cd"":6557,""pitch_cd"":289,""roll_cd"":-135,""yaw_cd"":-980,""bat_mv"":0,""status"":2}"
2026-08-12T19:42:13.573+00:00,BIN,"BIN,ver=1,type=1,seq=50961,ts=51,lat=0,lon=0,alt_mm=360,speed_cms=0,heading_cd=6557,pitch_cd=363,roll_cd=-179,yaw_cd=-900,bat_mv=0,status=0x02","{""ver"":1,""type"":1,""seq"":50961,""ts"":51,""lat"":0,""lon"":0,""alt_mm"":360,""speed_cms"":0,""heading_cd"":6557,""pitch_cd"":363,""roll_cd"":-179,""yaw_cd"":-900,""bat_mv"":0,""status"":2}"
2026-08-12T19:42:13.656+00:00,BIN,"BIN,ver=1,type=1,seq=51071,ts=51,lat=0,lon=0,alt_mm=360,speed_cms=0,heading_cd=6557,pitch_cd=366,roll_cd=-85,yaw_cd=-924,bat_mv=0,status=0x02","{""ver"":1,""type"":1,""seq"":51071,""ts"":51,""lat"":0,""lon"":0,""alt_mm"":360,""speed_cms"":0,""heading_cd"":6557,""pitch_cd"":366,""roll_cd"":-85,""yaw_cd"":-924,""bat_mv"":0,""status"":2}"
2026-08-12T19:42:13.827+00:00,BIN,"BIN,ver=1,type=1,seq=51226,ts=51,lat=0,lon=0,alt_mm=380,speed_cms=0,heading_cd=6557,pitch_cd=386,roll_cd=-157,yaw_cd=-930,bat_mv=0,status=0x02","{""ver"":1,""type"":1,""seq"":51226,""ts"":51,""lat"":0,""lon"":0,""alt_mm"":380,""speed_cms"":0,""heading_cd"":6557,""pitch_cd"":386,""roll_cd"":-157,""yaw_cd"":-930,""bat_mv"":0,""status"":2}"
2026-08-12T19:42:13.828+00:00,BIN,"BIN,ver=1,type=1,seq=51226,ts=51,lat=0,lon=0,alt_mm=380,speed_cms=0,heading_cd=6557,pitch_cd=351,roll_cd=-135,yaw_cd=-1040,bat_mv=0,status=0x02","{""ver"":1,""type"":1,""seq"":51226,""ts"":51,""lat"":0,""lon"":0,""alt_mm"":380,""speed_cms"":0,""heading_cd"":6557,""pitch_cd"":351,""roll_cd"":-135,""yaw_cd"":-1040,""bat_mv"":0,""status"":2}"
2026-08-12T19:42:13.907+00:00,BIN,"BIN,ver=1,type=1,seq=51507,ts=51,lat=0,lon=0,alt_mm=370,speed_cms=0,heading_cd=6557,pitch_cd=352,roll_cd=-163,yaw_cd=-934,bat_mv=0,status=0x02","{""ver"":1,""type"":1,""seq"":51507,""ts"":51,""lat"":0,""lon"":0,""alt_mm"":370,""speed_cms"":0,""heading_cd"":6557,""pitch_cd"":352,""roll_cd"":-163,""yaw_cd"":-934,""bat_mv"":0,""status"":2}"
2026-08-12T19:42:13.996+00:00,BIN,"BIN,ver=1,type=1,seq=51507,ts=51,lat=0,lon=0,alt_mm=370,speed_cms=0,heading_cd=6557,pitch_cd=352,roll_cd=-163,yaw_cd=-934,bat_mv=0,status=0x02","{""ver"":1,""type"":1,""seq"":51507,""ts"":51,""lat"":0,""lon"":0,""alt_mm"":370,""speed_cms"":0,""heading_cd"":6557,""pitch_cd"":352,""roll_cd"":-163,""yaw_cd"":-934,""bat_mv"":0,""status"":2}"
2026-08-12T19:42:14.080+00:00,BIN,"BIN,ver=1,type=1,seq=51507,ts=51,lat=0,lon=0,alt_mm=370,speed_cms=0,heading_cd=6557,pitch_cd=364,roll_cd=-158,yaw_cd=-937,bat_mv=0,status=0x02","{""ver"":1,""type"":1,""seq"":51507,""ts"":51,""lat"":0,""lon"":0,""alt_mm"":370,""speed_cms"":0,""heading_cd"":6557,""pitch_cd"":364,""roll_cd"":-158,""yaw_cd"":-937,""bat_mv"":0,""status"":2}"
2026-08-12T19:42:14.160+00:00,BIN,"BIN,ver=1,type=1,seq=51632,ts=51,lat=0,lon=0,alt_mm=360,speed_cms=0,heading_cd=6557,pitch_cd=364,roll_cd=-158,yaw_cd=-937,bat_mv=0,status=0x02","{""ver"":1,""type"":1,""seq"":51632,""ts"":51,""lat"":0,""lon"":0,""alt_mm"":360,""speed_cms"":0,""heading_cd"":6557,""pitch_cd"":364,""roll_cd"":-158,""yaw_cd"":-937,""bat_mv"":0,""status"":2}"
2026-08-12T19:42:14.243+00:00,BIN,"BIN,ver=1,type=1,seq=51632,ts=51,lat=0,lon=0,alt_mm=360,speed_cms=0,heading_cd=6557,pitch_cd=357,roll_cd=-119,yaw_cd=-894,bat_mv=0,status=0x02","{""ver"":1,""type"":1,""seq"":51632,""ts"":51,""lat"":0,""lon"":0,""alt_mm"":360,""speed_cms"":0,""heading_cd"":6557,""pitch_cd"":357,""roll_cd"":-119,""yaw_cd"":-894,""bat_mv"":0,""status"":2}"
2026-08-12T19:42:14.330+00:00,BIN,"BIN,ver=1,type=1,seq=51829,ts=51,lat=0,lon=0,alt_mm=390,speed_cms=0,heading_cd=6557,pitch_cd=389,roll_cd=-116,yaw_cd=-945,bat_mv=0,status=0x02","{""ver"":1,""type"":1,""seq"":51829,""ts"":51,""lat"":0,""lon"":0,""alt_mm"":390,""speed_cms"":0,""heading_cd"":6557,""pitch_cd"":389,""roll_cd"":-116,""yaw_cd"":-945,""bat_mv"":0,""status"":2}"
2026-08-12T19:42:14.413+00:00,BIN,"BIN,ver=1,type=1,seq=51829,ts=51,lat=0,lon=0,alt_mm=370,speed_cms=0,heading_cd=6557,pitch_cd=345,roll_cd=-151,yaw_cd=-949,bat_mv=0,status=0x02","{""ver"":1,""type"":1,""seq"":51829,""ts"":51,""lat"":0,""lon"":0,""alt_mm"":370,""speed_cms"":0,""heading_cd"":6557,""pitch_cd"":345,""roll_cd"":-151,""yaw_cd"":-949,""bat_mv"":0,""status"":2}"
2026-08-12T19:42:14.498+00:00,BIN,"BIN,ver=1,type=1,seq=51951,ts=52,lat=0,lon=0,alt_mm=370,speed_cms=0,heading_cd=6557,pitch_cd=370,roll_cd=-96,yaw_cd=-846,bat_mv=0,status=0x02","{""ver"":1,""type"":1,""seq"":51951,""ts"":52,""lat"":0,""lon"":0,""alt_mm"":370,""speed_cms"":0,""heading_cd"":6557,""pitch_cd"":370,""roll_cd"":-96,""yaw_cd"":-846,""bat_mv"":0,""status"":2}"
2026-08-12T19:42:14.579+00:00,BIN,"BIN,ver=1,type=1,seq=52067,ts=52,lat=0,lon=0,alt_mm=410,speed_cms=0,heading_cd=6557,pitch_cd=389,roll_cd=-231,yaw_cd=-938,bat_mv=0,status=0x02","{""ver"":1,""type"":1,""seq"":52067,""ts"":52,""lat"":0,""lon"":0,""alt_mm"":410,""speed_cms"":0,""heading_cd"":6557,""pitch_cd"":389,""roll_cd"":-231,""yaw_cd"":-938,""bat_mv"":0,""status"":2}"
2026-08-12T19:42:14.667+00:00,BIN,"BIN,ver=1,type=1,seq=52067,ts=52,lat=0,lon=0,alt_mm=410,speed_cms=0,heading_cd=6557,pitch_cd=473,roll_cd=-240,yaw_cd=-854,bat_mv=0,status=0x02","{""ver"":1,""type"":1,""seq"":52067,""ts"":52,""lat"":0,""lon"":0,""alt_mm"":410,""speed_cms"":0,""heading_cd"":6557,""pitch_cd"":473,""roll_cd"":-240,""yaw_cd"":-854,""bat_mv"":0,""status"":2}"
2026-08-12T19:42:14.749+00:00,BIN,"BIN,ver=1,type=1,seq=52191,ts=52,lat=0,lon=0,alt_mm=390,speed_cms=0,heading_cd=6557,pitch_cd=397,roll_cd=-198,yaw_cd=-933,bat_mv=0,status=0x02","{""ver"":1,""type"":1,""seq"":52191,""ts"":52,""lat"":0,""lon"":0,""alt_mm"":390,""speed_cms"":0,""heading_cd"":6557,""pitch_cd"":397,""roll_cd"":-198,""yaw_cd"":-933,""bat_mv"":0,""status"":2}"
2026-08-12T19:42:14.834+00:00,BIN,"BIN,ver=1,type=1,seq=52191,ts=52,lat=0,lon=0,alt_mm=410,speed_cms=0,heading_cd=6557,pitch_cd=397,roll_cd=-198,yaw_cd=-933,bat_mv=0,status=0x02","{""ver"":1,""type"":1,""seq"":52191,""ts"":52,""lat"":0,""lon"":0,""alt_mm"":410,""speed_cms"":0,""heading_cd"":6557,""pitch_cd"":397,""roll_cd"":-198,""yaw_cd"":-933,""bat_mv"":0,""status"":2}"
2026-08-12T19:42:14.917+00:00,BIN,"BIN,ver=1,type=1,seq=52471,ts=52,lat=0,lon=0,alt_mm=410,speed_cms=0,heading_cd=6557,pitch_cd=387,roll_cd=-224,yaw_cd=-893,bat_mv=0,status=0x02","{""ver"":1,""type"":1,""seq"":52471,""ts"":52,""lat"":0,""lon"":0,""alt_mm"":410,""speed_cms"":0,""heading_cd"":6557,""pitch_cd"":387,""roll_cd"":-224,""yaw_cd"":-893,""bat_mv"":0,""status"":2}"
2026-08-12T19:42:15.253+00:00,BIN,"BIN,ver=1,type=1,seq=52643,ts=52,lat=0,lon=0,alt_mm=420,speed_cms=0,heading_cd=6557,pitch_cd=377,roll_cd=-175,yaw_cd=-922,bat_mv=0,status=0x02","{""ver"":1,""type"":1,""seq"":52643,""ts"":52,""lat"":0,""lon"":0,""alt_mm"":420,""speed_cms"":0,""heading_cd"":6557,""pitch_cd"":377,""roll_cd"":-175,""yaw_cd"":-922,""bat_mv"":0,""status"":2}"
2026-08-12T19:42:15.337+00:00,BIN,"BIN,ver=1,type=1,seq=52751,ts=52,lat=0,lon=0,alt_mm=420,speed_cms=0,heading_cd=6557,pitch_cd=402,roll_cd=-198,yaw_cd=-892,bat_mv=0,status=0x02","{""ver"":1,""type"":1,""seq"":52751,""ts"":52,""lat"":0,""lon"":0,""alt_mm"":420,""speed_cms"":0,""heading_cd"":6557,""pitch_cd"":402,""roll_cd"":-198,""yaw_cd"":-892,""bat_mv"":0,""status"":2}"
2026-08-12T19:42:15.421+00:00,BIN,"BIN,ver=1,type=1,seq=52906,ts=52,lat=0,lon=0,alt_mm=400,speed_cms=0,heading_cd=6557,pitch_cd=406,roll_cd=-197,yaw_cd=-907,bat_mv=0,status=0x02","{""ver"":1,""type"":1,""seq"":52906,""ts"":52,""lat"":0,""lon"":0,""alt_mm"":400,""speed_cms"":0,""heading_cd"":6557,""pitch_cd"":406,""roll_cd"":-197,""yaw_cd"":-907,""bat_mv"":0,""status"":2}"
2026-08-12T19:42:15.504+00:00,BIN,"BIN,ver=1,type=1,seq=52906,ts=53,lat=0,lon=0,alt_mm=400,speed_cms=0,heading_cd=6557,pitch_cd=426,roll_cd=-242,yaw_cd=-895,bat_mv=0,status=0x02","{""ver"":1,""type"":1,""seq"":52906,""ts"":53,""lat"":0,""lon"":0,""alt_mm"":400,""speed_cms"":0,""heading_cd"":6557,""pitch_cd"":426,""roll_cd"":-242,""yaw_cd"":-895,""bat_mv"":0,""status"":2}"
2026-08-12T19:42:15.589+00:00,BIN,"BIN,ver=1,type=1,seq=53031,ts=53,lat=0,lon=0,alt_mm=410,speed_cms=0,heading_cd=6557,pitch_cd=356,roll_cd=-118,yaw_cd=-925,bat_mv=0,status=0x02","{""ver"":1,""type"":1,""seq"":53031,""ts"":53,""lat"":0,""lon"":0,""alt_mm"":410,""speed_cms"":0,""heading_cd"":6557,""pitch_cd"":356,""roll_cd"":-118,""yaw_cd"":-925,""bat_mv"":0,""status"":2}"
2026-08-12T19:42:15.671+00:00,BIN,"BIN,ver=1,type=1,seq=53031,ts=53,lat=0,lon=0,alt_mm=400,speed_cms=0,heading_cd=6557,pitch_cd=356,roll_cd=-118,yaw_cd=-925,bat_mv=0,status=0x02","{""ver"":1,""type"":1,""seq"":53031,""ts"":53,""lat"":0,""lon"":0,""alt_mm"":400,""speed_cms"":0,""heading_cd"":6557,""pitch_cd"":356,""roll_cd"":-118,""yaw_cd"":-925,""bat_mv"":0,""status"":2}"
2026-08-12T19:42:15.757+00:00,BIN,"BIN,ver=1,type=1,seq=53186,ts=53,lat=0,lon=0,alt_mm=400,speed_cms=0,heading_cd=6557,pitch_cd=426,roll_cd=-159,yaw_cd=-890,bat_mv=0,status=0x02","{""ver"":1,""type"":1,""seq"":53186,""ts"":53,""lat"":0,""lon"":0,""alt_mm"":400,""speed_cms"":0,""heading_cd"":6557,""pitch_cd"":426,""roll_cd"":-159,""yaw_cd"":-890,""bat_mv"":0,""status"":2}"
2026-08-12T19:42:15.841+00:00,BIN,"BIN,ver=1,type=1,seq=53311,ts=53,lat=0,lon=0,alt_mm=380,speed_cms=0,heading_cd=6557,pitch_cd=395,roll_cd=-202,yaw_cd=-923,bat_mv=0,status=0x02","{""ver"":1,""type"":1,""seq"":53311,""ts"":53,""lat"":0,""lon"":0,""alt_mm"":380,""speed_cms"":0,""heading_cd"":6557,""pitch_cd"":395,""roll_cd"":-202,""yaw_cd"":-923,""bat_mv"":0,""status"":2}"
2026-08-12T19:42:15.923+00:00,BIN,"BIN,ver=1,type=1,seq=53466,ts=53,lat=0,lon=0,alt_mm=380,speed_cms=0,heading_cd=6557,pitch_cd=449,roll_cd=-206,yaw_cd=-888,bat_mv=0,status=0x02","{""ver"":1,""type"":1,""seq"":53466,""ts"":53,""lat"":0,""lon"":0,""alt_mm"":380,""speed_cms"":0,""heading_cd"":6557,""pitch_cd"":449,""roll_cd"":-206,""yaw_cd"":-888,""bat_mv"":0,""status"":2}"
2026-08-12T19:42:16.008+00:00,BIN,"BIN,ver=1,type=1,seq=53466,ts=53,lat=0,lon=0,alt_mm=370,speed_cms=0,heading_cd=6557,pitch_cd=365,roll_cd=-220,yaw_cd=-939,bat_mv=0,status=0x02","{""ver"":1,""type"":1,""seq"":53466,""ts"":53,""lat"":0,""lon"":0,""alt_mm"":370,""speed_cms"":0,""heading_cd"":6557,""pitch_cd"":365,""roll_cd"":-220,""yaw_cd"":-939,""bat_mv"":0,""status"":2}"
2026-08-12T19:42:16.090+00:00,BIN,"BIN,ver=1,type=1,seq=53592,ts=53,lat=0,lon=0,alt_mm=370,speed_cms=0,heading_cd=6557,pitch_cd=365,roll_cd=-220,yaw_cd=-939,bat_mv=0,status=0x02","{""ver"":1,""type"":1,""seq"":53592,""ts"":53,""lat"":0,""lon"":0,""alt_mm"":370,""speed_cms"":0,""heading_cd"":6557,""pitch_cd"":365,""roll_cd"":-220,""yaw_cd"":-939,""bat_mv"":0,""status"":2}"
2026-08-12T19:42:16.175+00:00,BIN,"BIN,ver=1,type=1,seq=53592,ts=53,lat=0,lon=0,alt_mm=370,speed_cms=0,heading_cd=6557,pitch_cd=388,roll_cd=-330,yaw_cd=-900,bat_mv=0,status=0x02","{""ver"":1,""type"":1,""seq"":53592,""ts"":53,""lat"":0,""lon"":0,""alt_mm"":370,""speed_cms"":0,""heading_cd"":6557,""pitch_cd"":388,""roll_cd"":-330,""yaw_cd"":-900,""bat_mv"":0,""status"":2}"
2026-08-12T19:42:16.261+00:00,BIN,"BIN,ver=1,type=1,seq=53789,ts=53,lat=0,lon=0,alt_mm=330,speed_cms=0,heading_cd=6557,pitch_cd=454,roll_cd=-400,yaw_cd=-911,bat_mv=0,status=0x02","{""ver"":1,""type"":1,""seq"":53789,""ts"":53,""lat"":0,""lon"":0,""alt_mm"":330,""speed_cms"":0,""heading_cd"":6557,""pitch_cd"":454,""roll_cd"":-400,""yaw_cd"":-911,""bat_mv"":0,""status"":2}"
2026-08-12T19:42:16.344+00:00,BIN,"BIN,ver=1,type=1,seq=53789,ts=53,lat=0,lon=0,alt_mm=330,speed_cms=0,heading_cd=6557,pitch_cd=411,roll_cd=-288,yaw_cd=-900,bat_mv=0,status=0x02","{""ver"":1,""type"":1,""seq"":53789,""ts"":53,""lat"":0,""lon"":0,""alt_mm"":330,""speed_cms"":0,""heading_cd"":6557,""pitch_cd"":411,""roll_cd"":-288,""yaw_cd"":-900,""bat_mv"":0,""status"":2}"
2026-08-12T19:42:16.427+00:00,BIN,"BIN,ver=1,type=1,seq=53911,ts=54,lat=0,lon=0,alt_mm=350,speed_cms=0,heading_cd=6557,pitch_cd=482,roll_cd=-212,yaw_cd=-832,bat_mv=0,status=0x02","{""ver"":1,""type"":1,""seq"":53911,""ts"":54,""lat"":0,""lon"":0,""alt_mm"":350,""speed_cms"":0,""heading_cd"":6557,""pitch_cd"":482,""roll_cd"":-212,""yaw_cd"":-832,""bat_mv"":0,""status"":2}"
2026-08-12T19:42:16.511+00:00,BIN,"BIN,ver=1,type=1,seq=53911,ts=54,lat=0,lon=0,alt_mm=360,speed_cms=0,heading_cd=6557,pitch_cd=482,roll_cd=-212,yaw_cd=-832,bat_mv=0,status=0x02","{""ver"":1,""type"":1,""seq"":53911,""ts"":54,""lat"":0,""lon"":0,""alt_mm"":360,""speed_cms"":0,""heading_cd"":6557,""pitch_cd"":482,""roll_cd"":-212,""yaw_cd"":-832,""bat_mv"":0,""status"":2}"
2026-08-12T19:42:16.593+00:00,BIN,"BIN,ver=1,type=1,seq=54027,ts=54,lat=0,lon=0,alt_mm=360,speed_cms=0,heading_cd=6557,pitch_cd=454,roll_cd=-241,yaw_cd=-813,bat_mv=0,status=0x02","{""ver"":1,""type"":1,""seq"":54027,""ts"":54,""lat"":0,""lon"":0,""alt_mm"":360,""speed_cms"":0,""heading_cd"":6557,""pitch_cd"":454,""roll_cd"":-241,""yaw_cd"":-813,""bat_mv"":0,""status"":2}"
2026-08-12T19:42:16.676+00:00,BIN,"BIN,ver=1,type=1,seq=54151,ts=54,lat=0,lon=0,alt_mm=340,speed_cms=0,heading_cd=6557,pitch_cd=457,roll_cd=-172,yaw_cd=-844,bat_mv=0,status=0x02","{""ver"":1,""type"":1,""seq"":54151,""ts"":54,""lat"":0,""lon"":0,""alt_mm"":340,""speed_cms"":0,""heading_cd"":6557,""pitch_cd"":457,""roll_cd"":-172,""yaw_cd"":-844,""bat_mv"":0,""status"":2}"
2026-08-12T19:42:16.763+00:00,BIN,"BIN,ver=1,type=1,seq=54151,ts=54,lat=0,lon=0,alt_mm=340,speed_cms=0,heading_cd=6557,pitch_cd=387,roll_cd=-248,yaw_cd=-921,bat_mv=0,status=0x02","{""ver"":1,""type"":1,""seq"":54151,""ts"":54,""lat"":0,""lon"":0,""alt_mm"":340,""speed_cms"":0,""heading_cd"":6557,""pitch_cd"":387,""roll_cd"":-248,""yaw_cd"":-921,""bat_mv"":0,""status"":2}"
2026-08-12T19:42:16.847+00:00,BIN,"BIN,ver=1,type=1,seq=54309,ts=54,lat=0,lon=0,alt_mm=370,speed_cms=0,heading_cd=6557,pitch_cd=450,roll_cd=-333,yaw_cd=-902,bat_mv=0,status=0x02","{""ver"":1,""type"":1,""seq"":54309,""ts"":54,""lat"":0,""lon"":0,""alt_mm"":370,""speed_cms"":0,""heading_cd"":6557,""pitch_cd"":450,""roll_cd"":-333,""yaw_cd"":-902,""bat_mv"":0,""status"":2}"
2026-08-12T19:42:16.931+00:00,BIN,"BIN,ver=1,type=1,seq=54431,ts=54,lat=0,lon=0,alt_mm=370,speed_cms=0,heading_cd=6557,pitch_cd=386,roll_cd=-80,yaw_cd=-660,bat_mv=0,status=0x02","{""ver"":1,""type"":1,""seq"":54431,""ts"":54,""lat"":0,""lon"":0,""alt_mm"":370,""speed_cms"":0,""heading_cd"":6557,""pitch_cd"":386,""roll_cd"":-80,""yaw_cd"":-660,""bat_mv"":0,""status"":2}"
2026-08-12T19:42:17.013+00:00,BIN,"BIN,ver=1,type=1,seq=54431,ts=54,lat=0,lon=0,alt_mm=350,speed_cms=0,heading_cd=6557,pitch_cd=386,roll_cd=-80,yaw_cd=-660,bat_mv=0,status=0x02","{""ver"":1,""type"":1,""seq"":54431,""ts"":54,""lat"":0,""lon"":0,""alt_mm"":350,""speed_cms"":0,""heading_cd"":6557,""pitch_cd"":386,""roll_cd"":-80,""yaw_cd"":-660,""bat_mv"":0,""status"":2}"
2026-08-12T19:42:17.097+00:00,BIN,"BIN,ver=1,type=1,seq=54600,ts=54,lat=0,lon=0,alt_mm=350,speed_cms=0,heading_cd=6557,pitch_cd=408,roll_cd=-519,yaw_cd=-918,bat_mv=0,status=0x02","{""ver"":1,""type"":1,""seq"":54600,""ts"":54,""lat"":0,""lon"":0,""alt_mm"":350,""speed_cms"":0,""heading_cd"":6557,""pitch_cd"":408,""roll_cd"":-519,""yaw_cd"":-918,""bat_mv"":0,""status"":2}"
2026-08-12T19:42:17.183+00:00,BIN,"BIN,ver=1,type=1,seq=54600,ts=54,lat=0,lon=0,alt_mm=350,speed_cms=0,heading_cd=6557,pitch_cd=413,roll_cd=-530,yaw_cd=-728,bat_mv=0,status=0x02","{""ver"":1,""type"":1,""seq"":54600,""ts"":54,""lat"":0,""lon"":0,""alt_mm"":350,""speed_cms"":0,""heading_cd"":6557,""pitch_cd"":413,""roll_cd"":-530,""yaw_cd"":-728,""bat_mv"":0,""status"":2}"
2026-08-12T19:42:17.267+00:00,BIN,"BIN,ver=1,type=1,seq=54711,ts=54,lat=0,lon=0,alt_mm=370,speed_cms=0,heading_cd=6557,pitch_cd=496,roll_cd=-366,yaw_cd=-788,bat_mv=0,status=0x02","{""ver"":1,""type"":1,""seq"":54711,""ts"":54,""lat"":0,""lon"":0,""alt_mm"":370,""speed_cms"":0,""heading_cd"":6557,""pitch_cd"":496,""roll_cd"":-366,""yaw_cd"":-788,""bat_mv"":0,""status"":2}"
2026-08-12T19:42:17.347+00:00,BIN,"BIN,ver=1,type=1,seq=54711,ts=54,lat=0,lon=0,alt_mm=360,speed_cms=0,heading_cd=6557,pitch_cd=496,roll_cd=-366,yaw_cd=-788,bat_mv=0,status=0x02","{""ver"":1,""type"":1,""seq"":54711,""ts"":54,""lat"":0,""lon"":0,""alt_mm"":360,""speed_cms"":0,""heading_cd"":6557,""pitch_cd"":496,""roll_cd"":-366,""yaw_cd"":-788,""bat_mv"":0,""status"":2}"
2026-08-12T19:42:17.435+00:00,BIN,"BIN,ver=1,type=1,seq=54867,ts=54,lat=0,lon=0,alt_mm=360,speed_cms=0,heading_cd=6557,pitch_cd=435,roll_cd=-534,yaw_cd=-791,bat_mv=0,status=0x02","{""ver"":1,""type"":1,""seq"":54867,""ts"":54,""lat"":0,""lon"":0,""alt_mm"":360,""speed_cms"":0,""heading_cd"":6557,""pitch_cd"":435,""roll_cd"":-534,""yaw_cd"":-791,""bat_mv"":0,""status"":2}"
2026-08-12T19:42:17.518+00:00,BIN,"BIN,ver=1,type=1,seq=54991,ts=55,lat=0,lon=0,alt_mm=370,speed_cms=0,heading_cd=6557,pitch_cd=491,roll_cd=-531,yaw_cd=-1090,bat_mv=0,status=0x02","{""ver"":1,""type"":1,""seq"":54991,""ts"":55,""lat"":0,""lon"":0,""alt_mm"":370,""speed_cms"":0,""heading_cd"":6557,""pitch_cd"":491,""roll_cd"":-531,""yaw_cd"":-1090,""bat_mv"":0,""status"":2}"
2026-08-12T19:42:17.602+00:00,BIN,"BIN,ver=1,type=1,seq=54991,ts=55,lat=0,lon=0,alt_mm=370,speed_cms=0,heading_cd=6557,pitch_cd=503,roll_cd=-186,yaw_cd=-821,bat_mv=0,status=0x02","{""ver"":1,""type"":1,""seq"":54991,""ts"":55,""lat"":0,""lon"":0,""alt_mm"":370,""speed_cms"":0,""heading_cd"":6557,""pitch_cd"":503,""roll_cd"":-186,""yaw_cd"":-821,""bat_mv"":0,""status"":2}"
2026-08-12T19:42:17.685+00:00,BIN,"BIN,ver=1,type=1,seq=55146,ts=55,lat=0,lon=0,alt_mm=350,speed_cms=0,heading_cd=6557,pitch_cd=479,roll_cd=-467,yaw_cd=-853,bat_mv=0,status=0x02","{""ver"":1,""type"":1,""seq"":55146,""ts"":55,""lat"":0,""lon"":0,""alt_mm"":350,""speed_cms"":0,""heading_cd"":6557,""pitch_cd"":479,""roll_cd"":-467,""yaw_cd"":-853,""bat_mv"":0,""status"":2}"
2026-08-12T19:42:17.768+00:00,BIN,"BIN,ver=1,type=1,seq=55146,ts=55,lat=0,lon=0,alt_mm=360,speed_cms=0,heading_cd=6557,pitch_cd=535,roll_cd=-295,yaw_cd=-854,bat_mv=0,status=0x02","{""ver"":1,""type"":1,""seq"":55146,""ts"":55,""lat"":0,""lon"":0,""alt_mm"":360,""speed_cms"":0,""heading_cd"":6557,""pitch_cd"":535,""roll_cd"":-295,""yaw_cd"":-854,""bat_mv"":0,""status"":2}"
2026-08-12T19:42:17.851+00:00,BIN,"BIN,ver=1,type=1,seq=55438,ts=55,lat=0,lon=0,alt_mm=350,speed_cms=0,heading_cd=6557,pitch_cd=477,roll_cd=-364,yaw_cd=-727,bat_mv=0,status=0x02","{""ver"":1,""type"":1,""seq"":55438,""ts"":55,""lat"":0,""lon"":0,""alt_mm"":350,""speed_cms"":0,""heading_cd"":6557,""pitch_cd"":477,""roll_cd"":-364,""yaw_cd"":-727,""bat_mv"":0,""status"":2}"
2026-08-12T19:42:17.936+00:00,BIN,"BIN,ver=1,type=1,seq=55438,ts=55,lat=0,lon=0,alt_mm=340,speed_cms=0,heading_cd=6557,pitch_cd=469,roll_cd=-645,yaw_cd=-582,bat_mv=0,status=0x02","{""ver"":1,""type"":1,""seq"":55438,""ts"":55,""lat"":0,""lon"":0,""alt_mm"":340,""speed_cms"":0,""heading_cd"":6557,""pitch_cd"":469,""roll_cd"":-645,""yaw_cd"":-582,""bat_mv"":0,""status"":2}"
2026-08-12T19:42:18.022+00:00,BIN,"BIN,ver=1,type=1,seq=55552,ts=55,lat=0,lon=0,alt_mm=340,speed_cms=0,heading_cd=6557,pitch_cd=469,roll_cd=-645,yaw_cd=-582,bat_mv=0,status=0x02","{""ver"":1,""type"":1,""seq"":55552,""ts"":55,""lat"":0,""lon"":0,""alt_mm"":340,""speed_cms"":0,""heading_cd"":6557,""pitch_cd"":469,""roll_cd"":-645,""yaw_cd"":-582,""bat_mv"":0,""status"":2}"
2026-08-12T19:42:18.103+00:00,BIN,"BIN,ver=1,type=1,seq=55552,ts=55,lat=0,lon=0,alt_mm=340,speed_cms=0,heading_cd=6557,pitch_cd=481,roll_cd=-810,yaw_cd=-156,bat_mv=0,status=0x02","{""ver"":1,""type"":1,""seq"":55552,""ts"":55,""lat"":0,""lon"":0,""alt_mm"":340,""speed_cms"":0,""heading_cd"":6557,""pitch_cd"":481,""roll_cd"":-810,""yaw_cd"":-156,""bat_mv"":0,""status"":2}"
2026-08-12T19:42:18.188+00:00,BIN,"BIN,ver=1,type=1,seq=55738,ts=55,lat=0,lon=0,alt_mm=320,speed_cms=0,heading_cd=6557,pitch_cd=387,roll_cd=-976,yaw_cd=63,bat_mv=0,status=0x02","{""ver"":1,""type"":1,""seq"":55738,""ts"":55,""lat"":0,""lon"":0,""alt_mm"":320,""speed_cms"":0,""heading_cd"":6557,""pitch_cd"":387,""roll_cd"":-976,""yaw_cd"":63,""bat_mv"":0,""status"":2}"
2026-08-12T19:42:18.273+00:00,BIN,"BIN,ver=1,type=1,seq=55738,ts=55,lat=0,lon=0,alt_mm=320,speed_cms=0,heading_cd=6557,pitch_cd=399,roll_cd=-782,yaw_cd=138,bat_mv=0,status=0x02","{""ver"":1,""type"":1,""seq"":55738,""ts"":55,""lat"":0,""lon"":0,""alt_mm"":320,""speed_cms"":0,""heading_cd"":6557,""pitch_cd"":399,""roll_cd"":-782,""yaw_cd"":138,""bat_mv"":0,""status"":2}"
2026-08-12T19:42:18.356+00:00,BIN,"BIN,ver=1,type=1,seq=55851,ts=55,lat=0,lon=0,alt_mm=330,speed_cms=0,heading_cd=6557,pitch_cd=399,roll_cd=-782,yaw_cd=138,bat_mv=0,status=0x02","{""ver"":1,""type"":1,""seq"":55851,""ts"":55,""lat"":0,""lon"":0,""alt_mm"":330,""speed_cms"":0,""heading_cd"":6557,""pitch_cd"":399,""roll_cd"":-782,""yaw_cd"":138,""bat_mv"":0,""status"":2}"
2026-08-12T19:42:18.442+00:00,BIN,"BIN,ver=1,type=1,seq=55851,ts=56,lat=0,lon=0,alt_mm=350,speed_cms=0,heading_cd=6557,pitch_cd=350,roll_cd=-971,yaw_cd=238,bat_mv=0,status=0x02","{""ver"":1,""type"":1,""seq"":55851,""ts"":56,""lat"":0,""lon"":0,""alt_mm"":350,""speed_cms"":0,""heading_cd"":6557,""pitch_cd"":350,""roll_cd"":-971,""yaw_cd"":238,""bat_mv"":0,""status"":2}"
2026-08-12T19:42:18.525+00:00,BIN,"BIN,ver=1,type=1,seq=55970,ts=56,lat=0,lon=0,alt_mm=350,speed_cms=0,heading_cd=6557,pitch_cd=278,roll_cd=-821,yaw_cd=340,bat_mv=0,status=0x02","{""ver"":1,""type"":1,""seq"":55970,""ts"":56,""lat"":0,""lon"":0,""alt_mm"":350,""speed_cms"":0,""heading_cd"":6557,""pitch_cd"":278,""roll_cd"":-821,""yaw_cd"":340,""bat_mv"":0,""status"":2}"
2026-08-12T19:42:18.609+00:00,BIN,"BIN,ver=1,type=1,seq=56091,ts=56,lat=0,lon=0,alt_mm=340,speed_cms=0,heading_cd=6557,pitch_cd=427,roll_cd=-835,yaw_cd=286,bat_mv=0,status=0x02","{""ver"":1,""type"":1,""seq"":56091,""ts"":56,""lat"":0,""lon"":0,""alt_mm"":340,""speed_cms"":0,""heading_cd"":6557,""pitch_cd"":427,""roll_cd"":-835,""yaw_cd"":286,""bat_mv"":0,""status"":2}"
2026-08-12T19:42:18.692+00:00,BIN,"BIN,ver=1,type=1,seq=56091,ts=56,lat=0,lon=0,alt_mm=340,speed_cms=0,heading_cd=6557,pitch_cd=459,roll_cd=-830,yaw_cd=89,bat_mv=0,status=0x02","{""ver"":1,""type"":1,""seq"":56091,""ts"":56,""lat"":0,""lon"":0,""alt_mm"":340,""speed_cms"":0,""heading_cd"":6557,""pitch_cd"":459,""roll_cd"":-830,""yaw_cd"":89,""bat_mv"":0,""status"":2}"
2026-08-12T19:42:18.777+00:00,BIN,"BIN,ver=1,type=1,seq=56246,ts=56,lat=0,lon=0,alt_mm=310,speed_cms=0,heading_cd=6557,pitch_cd=438,roll_cd=-858,yaw_cd=35,bat_mv=0,status=0x02","{""ver"":1,""type"":1,""seq"":56246,""ts"":56,""lat"":0,""lon"":0,""alt_mm"":310,""speed_cms"":0,""heading_cd"":6557,""pitch_cd"":438,""roll_cd"":-858,""yaw_cd"":35,""bat_mv"":0,""status"":2}"
2026-08-12T19:42:18.858+00:00,BIN,"BIN,ver=1,type=1,seq=56371,ts=56,lat=0,lon=0,alt_mm=330,speed_cms=0,heading_cd=6557,pitch_cd=439,roll_cd=-822,yaw_cd=189,bat_mv=0,status=0x02","{""ver"":1,""type"":1,""seq"":56371,""ts"":56,""lat"":0,""lon"":0,""alt_mm"":330,""speed_cms"":0,""heading_cd"":6557,""pitch_cd"":439,""roll_cd"":-822,""yaw_cd"":189,""bat_mv"":0,""status"":2}"
2026-08-12T19:42:18.944+00:00,BIN,"BIN,ver=1,type=1,seq=56538,ts=56,lat=0,lon=0,alt_mm=330,speed_cms=0,heading_cd=6557,pitch_cd=350,roll_cd=-860,yaw_cd=251,bat_mv=0,status=0x02","{""ver"":1,""type"":1,""seq"":56538,""ts"":56,""lat"":0,""lon"":0,""alt_mm"":330,""speed_cms"":0,""heading_cd"":6557,""pitch_cd"":350,""roll_cd"":-860,""yaw_cd"":251,""bat_mv"":0,""status"":2}"
2026-08-12T19:42:19.025+00:00,BIN,"BIN,ver=1,type=1,seq=56538,ts=56,lat=0,lon=0,alt_mm=330,speed_cms=0,heading_cd=6557,pitch_cd=393,roll_cd=-879,yaw_cd=284,bat_mv=0,status=0x02","{""ver"":1,""type"":1,""seq"":56538,""ts"":56,""lat"":0,""lon"":0,""alt_mm"":330,""speed_cms"":0,""heading_cd"":6557,""pitch_cd"":393,""roll_cd"":-879,""yaw_cd"":284,""bat_mv"":0,""status"":2}"
2026-08-12T19:42:19.112+00:00,BIN,"BIN,ver=1,type=1,seq=56538,ts=56,lat=0,lon=0,alt_mm=330,speed_cms=0,heading_cd=6557,pitch_cd=393,roll_cd=-879,yaw_cd=284,bat_mv=0,status=0x02","{""ver"":1,""type"":1,""seq"":56538,""ts"":56,""lat"":0,""lon"":0,""alt_mm"":330,""speed_cms"":0,""heading_cd"":6557,""pitch_cd"":393,""roll_cd"":-879,""yaw_cd"":284,""bat_mv"":0,""status"":2}"
2026-08-12T19:42:19.196+00:00,BIN,"BIN,ver=1,type=1,seq=56652,ts=56,lat=0,lon=0,alt_mm=310,speed_cms=0,heading_cd=6557,pitch_cd=393,roll_cd=-879,yaw_cd=284,bat_mv=0,status=0x02","{""ver"":1,""type"":1,""seq"":56652,""ts"":56,""lat"":0,""lon"":0,""alt_mm"":310,""speed_cms"":0,""heading_cd"":6557,""pitch_cd"":393,""roll_cd"":-879,""yaw_cd"":284,""bat_mv"":0,""status"":2}"
2026-08-12T19:42:19.279+00:00,BIN,"BIN,ver=1,type=1,seq=56652,ts=56,lat=0,lon=0,alt_mm=330,speed_cms=0,heading_cd=6557,pitch_cd=412,roll_cd=-894,yaw_cd=215,bat_mv=0,status=0x02","{""ver"":1,""type"":1,""seq"":56652,""ts"":56,""lat"":0,""lon"":0,""alt_mm"":330,""speed_cms"":0,""heading_cd"":6557,""pitch_cd"":412,""roll_cd"":-894,""yaw_cd"":215,""bat_mv"":0,""status"":2}"
2026-08-12T19:42:19.364+00:00,BIN,"BIN,ver=1,type=1,seq=56807,ts=56,lat=0,lon=0,alt_mm=330,speed_cms=0,heading_cd=6557,pitch_cd=429,roll_cd=-873,yaw_cd=177,bat_mv=0,status=0x02","{""ver"":1,""type"":1,""seq"":56807,""ts"":56,""lat"":0,""lon"":0,""alt_mm"":330,""speed_cms"":0,""heading_cd"":6557,""pitch_cd"":429,""roll_cd"":-873,""yaw_cd"":177,""bat_mv"":0,""status"":2}"
2026-08-12T19:42:19.448+00:00,BIN,"BIN,ver=1,type=1,seq=56931,ts=57,lat=0,lon=0,alt_mm=300,speed_cms=0,heading_cd=6557,pitch_cd=458,roll_cd=-834,yaw_cd=224,bat_mv=0,status=0x02","{""ver"":1,""type"":1,""seq"":56931,""ts"":57,""lat"":0,""lon"":0,""alt_mm"":300,""speed_cms"":0,""heading_cd"":6557,""pitch_cd"":458,""roll_cd"":-834,""yaw_cd"":224,""bat_mv"":0,""status"":2}"
2026-08-12T19:42:19.534+00:00,BIN,"BIN,ver=1,type=1,seq=56931,ts=57,lat=0,lon=0,alt_mm=300,speed_cms=0,heading_cd=6557,pitch_cd=489,roll_cd=-835,yaw_cd=213,bat_mv=0,status=0x02","{""ver"":1,""type"":1,""seq"":56931,""ts"":57,""lat"":0,""lon"":0,""alt_mm"":300,""speed_cms"":0,""heading_cd"":6557,""pitch_cd"":489,""roll_cd"":-835,""yaw_cd"":213,""bat_mv"":0,""status"":2}"
2026-08-12T19:42:19.616+00:00,BIN,"BIN,ver=1,type=1,seq=57087,ts=57,lat=0,lon=0,alt_mm=340,speed_cms=0,heading_cd=6557,pitch_cd=522,roll_cd=-817,yaw_cd=178,bat_mv=0,status=0x02","{""ver"":1,""type"":1,""seq"":57087,""ts"":57,""lat"":0,""lon"":0,""alt_mm"":340,""speed_cms"":0,""heading_cd"":6557,""pitch_cd"":522,""roll_cd"":-817,""yaw_cd"":178,""bat_mv"":0,""status"":2}"
2026-08-12T19:42:19.700+00:00,BIN,"BIN,ver=1,type=1,seq=57087,ts=57,lat=0,lon=0,alt_mm=310,speed_cms=0,heading_cd=6557,pitch_cd=476,roll_cd=-766,yaw_cd=185,bat_mv=0,status=0x02","{""ver"":1,""type"":1,""seq"":57087,""ts"":57,""lat"":0,""lon"":0,""alt_mm"":310,""speed_cms"":0,""heading_cd"":6557,""pitch_cd"":476,""roll_cd"":-766,""yaw_cd"":185,""bat_mv"":0,""status"":2}"
2026-08-12T19:42:19.783+00:00,BIN,"BIN,ver=1,type=1,seq=57211,ts=57,lat=0,lon=0,alt_mm=290,speed_cms=0,heading_cd=6557,pitch_cd=464,roll_cd=-768,yaw_cd=116,bat_mv=0,status=0x02","{""ver"":1,""type"":1,""seq"":57211,""ts"":57,""lat"":0,""lon"":0,""alt_mm"":290,""speed_cms"":0,""heading_cd"":6557,""pitch_cd"":464,""roll_cd"":-768,""yaw_cd"":116,""bat_mv"":0,""status"":2}"
2026-08-12T19:42:19.868+00:00,BIN,"BIN,ver=1,type=1,seq=57491,ts=57,lat=0,lon=0,alt_mm=320,speed_cms=0,heading_cd=6557,pitch_cd=495,roll_cd=-858,yaw_cd=84,bat_mv=0,status=0x02","{""ver"":1,""type"":1,""seq"":57491,""ts"":57,""lat"":0,""lon"":0,""alt_mm"":320,""speed_cms"":0,""heading_cd"":6557,""pitch_cd"":495,""roll_cd"":-858,""yaw_cd"":84,""bat_mv"":0,""status"":2}"
2026-08-12T19:42:19.951+00:00,BIN,"BIN,ver=1,type=1,seq=57491,ts=57,lat=0,lon=0,alt_mm=320,speed_cms=0,heading_cd=6557,pitch_cd=498,roll_cd=-887,yaw_cd=120,bat_mv=0,status=0x02","{""ver"":1,""type"":1,""seq"":57491,""ts"":57,""lat"":0,""lon"":0,""alt_mm"":320,""speed_cms"":0,""heading_cd"":6557,""pitch_cd"":498,""roll_cd"":-887,""yaw_cd"":120,""bat_mv"":0,""status"":2}"
2026-08-12T19:42:20.033+00:00,BIN,"BIN,ver=1,type=1,seq=57491,ts=57,lat=0,lon=0,alt_mm=320,speed_cms=0,heading_cd=6557,pitch_cd=498,roll_cd=-887,yaw_cd=120,bat_mv=0,status=0x02","{""ver"":1,""type"":1,""seq"":57491,""ts"":57,""lat"":0,""lon"":0,""alt_mm"":320,""speed_cms"":0,""heading_cd"":6557,""pitch_cd"":498,""roll_cd"":-887,""yaw_cd"":120,""bat_mv"":0,""status"":2}"
2026-08-12T19:42:20.119+00:00,BIN,"BIN,ver=1,type=1,seq=57491,ts=57,lat=0,lon=0,alt_mm=320,speed_cms=0,heading_cd=6557,pitch_cd=498,roll_cd=-887,yaw_cd=120,bat_mv=0,status=0x02","{""ver"":1,""type"":1,""seq"":57491,""ts"":57,""lat"":0,""lon"":0,""alt_mm"":320,""speed_cms"":0,""heading_cd"":6557,""pitch_cd"":498,""roll_cd"":-887,""yaw_cd"":120,""bat_mv"":0,""status"":2}"
2026-08-12T19:42:20.203+00:00,BIN,"BIN,ver=1,type=1,seq=57651,ts=57,lat=0,lon=0,alt_mm=360,speed_cms=0,heading_cd=6557,pitch_cd=593,roll_cd=-715,yaw_cd=66,bat_mv=0,status=0x02","{""ver"":1,""type"":1,""seq"":57651,""ts"":57,""lat"":0,""lon"":0,""alt_mm"":360,""speed_cms"":0,""heading_cd"":6557,""pitch_cd"":593,""roll_cd"":-715,""yaw_cd"":66,""bat_mv"":0,""status"":2}"
2026-08-12T19:42:20.289+00:00,BIN,"BIN,ver=1,type=1,seq=57651,ts=57,lat=0,lon=0,alt_mm=330,speed_cms=0,heading_cd=6557,pitch_cd=495,roll_cd=-729,yaw_cd=109,bat_mv=0,status=0x02","{""ver"":1,""type"":1,""seq"":57651,""ts"":57,""lat"":0,""lon"":0,""alt_mm"":330,""speed_cms"":0,""heading_cd"":6557,""pitch_cd"":495,""roll_cd"":-729,""yaw_cd"":109,""bat_mv"":0,""status"":2}"
2026-08-12T19:42:20.372+00:00,BIN,"BIN,ver=1,type=1,seq=57771,ts=57,lat=0,lon=0,alt_mm=330,speed_cms=0,heading_cd=6557,pitch_cd=505,roll_cd=-812,yaw_cd=224,bat_mv=0,status=0x02","{""ver"":1,""type"":1,""seq"":57771,""ts"":57,""lat"":0,""lon"":0,""alt_mm"":330,""speed_cms"":0,""heading_cd"":6557,""pitch_cd"":505,""roll_cd"":-812,""yaw_cd"":224,""bat_mv"":0,""status"":2}"
2026-08-12T19:42:20.455+00:00,BIN,"BIN,ver=1,type=1,seq=57957,ts=58,lat=0,lon=0,alt_mm=320,speed_cms=0,heading_cd=6557,pitch_cd=544,roll_cd=-664,yaw_cd=387,bat_mv=0,status=0x02","{""ver"":1,""type"":1,""seq"":57957,""ts"":58,""lat"":0,""lon"":0,""alt_mm"":320,""speed_cms"":0,""heading_cd"":6557,""pitch_cd"":544,""roll_cd"":-664,""yaw_cd"":387,""bat_mv"":0,""status"":2}"
2026-08-12T19:42:20.539+00:00,BIN,"BIN,ver=1,type=1,seq=57957,ts=58,lat=0,lon=0,alt_mm=320,speed_cms=0,heading_cd=6557,pitch_cd=522,roll_cd=-630,yaw_cd=444,bat_mv=0,status=0x02","{""ver"":1,""type"":1,""seq"":57957,""ts"":58,""lat"":0,""lon"":0,""alt_mm"":320,""speed_cms"":0,""heading_cd"":6557,""pitch_cd"":522,""roll_cd"":-630,""yaw_cd"":444,""bat_mv"":0,""status"":2}"
2026-08-12T19:42:20.623+00:00,BIN,"BIN,ver=1,type=1,seq=58071,ts=58,lat=0,lon=0,alt_mm=320,speed_cms=0,heading_cd=6557,pitch_cd=523,roll_cd=-632,yaw_cd=476,bat_mv=0,status=0x02","{""ver"":1,""type"":1,""seq"":58071,""ts"":58,""lat"":0,""lon"":0,""alt_mm"":320,""speed_cms"":0,""heading_cd"":6557,""pitch_cd"":523,""roll_cd"":-632,""yaw_cd"":476,""bat_mv"":0,""status"":2}"
2026-08-12T19:42:20.704+00:00,BIN,"BIN,ver=1,type=1,seq=58198,ts=58,lat=0,lon=0,alt_mm=320,speed_cms=0,heading_cd=6557,pitch_cd=421,roll_cd=-857,yaw_cd=335,bat_mv=0,status=0x02","{""ver"":1,""type"":1,""seq"":58198,""ts"":58,""lat"":0,""lon"":0,""alt_mm"":320,""speed_cms"":0,""heading_cd"":6557,""pitch_cd"":421,""roll_cd"":-857,""yaw_cd"":335,""bat_mv"":0,""status"":2}"
2026-08-12T19:42:20.788+00:00,BIN,"BIN,ver=1,type=1,seq=58311,ts=58,lat=0,lon=0,alt_mm=310,speed_cms=0,heading_cd=6557,pitch_cd=535,roll_cd=-578,yaw_cd=531,bat_mv=0,status=0x02","{""ver"":1,""type"":1,""seq"":58311,""ts"":58,""lat"":0,""lon"":0,""alt_mm"":310,""speed_cms"":0,""heading_cd"":6557,""pitch_cd"":535,""roll_cd"":-578,""yaw_cd"":531,""bat_mv"":0,""status"":2}"
2026-08-12T19:42:20.872+00:00,BIN,"BIN,ver=1,type=1,seq=58467,ts=58,lat=0,lon=0,alt_mm=290,speed_cms=0,heading_cd=6557,pitch_cd=298,roll_cd=-588,yaw_cd=871,bat_mv=0,status=0x02","{""ver"":1,""type"":1,""seq"":58467,""ts"":58,""lat"":0,""lon"":0,""alt_mm"":290,""speed_cms"":0,""heading_cd"":6557,""pitch_cd"":298,""roll_cd"":-588,""yaw_cd"":871,""bat_mv"":0,""status"":2}"
2026-08-12T19:42:20.959+00:00,BIN,"BIN,ver=1,type=1,seq=58467,ts=58,lat=0,lon=0,alt_mm=250,speed_cms=0,heading_cd=6557,pitch_cd=405,roll_cd=-401,yaw_cd=799,bat_mv=0,status=0x02","{""ver"":1,""type"":1,""seq"":58467,""ts"":58,""lat"":0,""lon"":0,""alt_mm"":250,""speed_cms"":0,""heading_cd"":6557,""pitch_cd"":405,""roll_cd"":-401,""yaw_cd"":799,""bat_mv"":0,""status"":2}"
2026-08-12T19:42:21.043+00:00,BIN,"BIN,ver=1,type=1,seq=58592,ts=58,lat=0,lon=0,alt_mm=250,speed_cms=0,heading_cd=6557,pitch_cd=405,roll_cd=-401,yaw_cd=799,bat_mv=0,status=0x02","{""ver"":1,""type"":1,""seq"":58592,""ts"":58,""lat"":0,""lon"":0,""alt_mm"":250,""speed_cms"":0,""heading_cd"":6557,""pitch_cd"":405,""roll_cd"":-401,""yaw_cd"":799,""bat_mv"":0,""status"":2}"
2026-08-12T19:42:21.126+00:00,BIN,"BIN,ver=1,type=1,seq=58592,ts=58,lat=0,lon=0,alt_mm=250,speed_cms=0,heading_cd=6557,pitch_cd=420,roll_cd=-308,yaw_cd=865,bat_mv=0,status=0x02","{""ver"":1,""type"":1,""seq"":58592,""ts"":58,""lat"":0,""lon"":0,""alt_mm"":250,""speed_cms"":0,""heading_cd"":6557,""pitch_cd"":420,""roll_cd"":-308,""yaw_cd"":865,""bat_mv"":0,""status"":2}"
2026-08-12T19:42:21.294+00:00,BIN,"BIN,ver=1,type=1,seq=58592,ts=58,lat=0,lon=0,alt_mm=250,speed_cms=0,heading_cd=6557,pitch_cd=420,roll_cd=-308,yaw_cd=865,bat_mv=0,status=0x02","{""ver"":1,""type"":1,""seq"":58592,""ts"":58,""lat"":0,""lon"":0,""alt_mm"":250,""speed_cms"":0,""heading_cd"":6557,""pitch_cd"":420,""roll_cd"":-308,""yaw_cd"":865,""bat_mv"":0,""status"":2}"
2026-08-12T19:42:21.297+00:00,BIN,"BIN,ver=1,type=1,seq=58747,ts=58,lat=0,lon=0,alt_mm=280,speed_cms=0,heading_cd=6557,pitch_cd=248,roll_cd=-44,yaw_cd=914,bat_mv=0,status=0x02","{""ver"":1,""type"":1,""seq"":58747,""ts"":58,""lat"":0,""lon"":0,""alt_mm"":280,""speed_cms"":0,""heading_cd"":6557,""pitch_cd"":248,""roll_cd"":-44,""yaw_cd"":914,""bat_mv"":0,""status"":2}"
2026-08-12T19:42:21.377+00:00,BIN,"BIN,ver=1,type=1,seq=58747,ts=58,lat=0,lon=0,alt_mm=300,speed_cms=0,heading_cd=6557,pitch_cd=420,roll_cd=150,yaw_cd=854,bat_mv=0,status=0x02","{""ver"":1,""type"":1,""seq"":58747,""ts"":58,""lat"":0,""lon"":0,""alt_mm"":300,""speed_cms"":0,""heading_cd"":6557,""pitch_cd"":420,""roll_cd"":150,""yaw_cd"":854,""bat_mv"":0,""status"":2}"
2026-08-12T19:42:21.462+00:00,BIN,"BIN,ver=1,type=1,seq=58871,ts=58,lat=0,lon=0,alt_mm=300,speed_cms=0,heading_cd=6557,pitch_cd=284,roll_cd=56,yaw_cd=788,bat_mv=0,status=0x02","{""ver"":1,""type"":1,""seq"":58871,""ts"":58,""lat"":0,""lon"":0,""alt_mm"":300,""speed_cms"":0,""heading_cd"":6557,""pitch_cd"":284,""roll_cd"":56,""yaw_cd"":788,""bat_mv"":0,""status"":2}"
2026-08-12T19:42:21.546+00:00,BIN,"BIN,ver=1,type=1,seq=59038,ts=59,lat=0,lon=0,alt_mm=270,speed_cms=0,heading_cd=6557,pitch_cd=374,roll_cd=222,yaw_cd=861,bat_mv=0,status=0x02","{""ver"":1,""type"":1,""seq"":59038,""ts"":59,""lat"":0,""lon"":0,""alt_mm"":270,""speed_cms"":0,""heading_cd"":6557,""pitch_cd"":374,""roll_cd"":222,""yaw_cd"":861,""bat_mv"":0,""status"":2}"
2026-08-12T19:42:21.629+00:00,BIN,"BIN,ver=1,type=1,seq=59038,ts=59,lat=0,lon=0,alt_mm=340,speed_cms=0,heading_cd=6557,pitch_cd=395,roll_cd=58,yaw_cd=924,bat_mv=0,status=0x02","{""ver"":1,""type"":1,""seq"":59038,""ts"":59,""lat"":0,""lon"":0,""alt_mm"":340,""speed_cms"":0,""heading_cd"":6557,""pitch_cd"":395,""roll_cd"":58,""yaw_cd"":924,""bat_mv"":0,""status"":2}"
2026-08-12T19:42:21.714+00:00,BIN,"BIN,ver=1,type=1,seq=59151,ts=59,lat=0,lon=0,alt_mm=340,speed_cms=0,heading_cd=6557,pitch_cd=305,roll_cd=44,yaw_cd=971,bat_mv=0,status=0x02","{""ver"":1,""type"":1,""seq"":59151,""ts"":59,""lat"":0,""lon"":0,""alt_mm"":340,""speed_cms"":0,""heading_cd"":6557,""pitch_cd"":305,""roll_cd"":44,""yaw_cd"":971,""bat_mv"":0,""status"":2}"
2026-08-12T19:42:21.797+00:00,BIN,"BIN,ver=1,type=1,seq=59309,ts=59,lat=0,lon=0,alt_mm=320,speed_cms=0,heading_cd=6557,pitch_cd=323,roll_cd=49,yaw_cd=930,bat_mv=0,status=0x02","{""ver"":1,""type"":1,""seq"":59309,""ts"":59,""lat"":0,""lon"":0,""alt_mm"":320,""speed_cms"":0,""heading_cd"":6557,""pitch_cd"":323,""roll_cd"":49,""yaw_cd"":930,""bat_mv"":0,""status"":2}"
2026-08-12T19:42:21.881+00:00,BIN,"BIN,ver=1,type=1,seq=59431,ts=59,lat=0,lon=0,alt_mm=320,speed_cms=0,heading_cd=6557,pitch_cd=323,roll_cd=49,yaw_cd=930,bat_mv=0,status=0x02","{""ver"":1,""type"":1,""seq"":59431,""ts"":59,""lat"":0,""lon"":0,""alt_mm"":320,""speed_cms"":0,""heading_cd"":6557,""pitch_cd"":323,""roll_cd"":49,""yaw_cd"":930,""bat_mv"":0,""status"":2}"
2026-08-12T19:42:21.964+00:00,BIN,"BIN,ver=1,type=1,seq=59431,ts=59,lat=0,lon=0,alt_mm=360,speed_cms=0,heading_cd=6557,pitch_cd=287,roll_cd=54,yaw_cd=907,bat_mv=0,status=0x02","{""ver"":1,""type"":1,""seq"":59431,""ts"":59,""lat"":0,""lon"":0,""alt_mm"":360,""speed_cms"":0,""heading_cd"":6557,""pitch_cd"":287,""roll_cd"":54,""yaw_cd"":907,""bat_mv"":0,""status"":2}"
2026-08-12T19:42:22.049+00:00,BIN,"BIN,ver=1,type=1,seq=59431,ts=59,lat=0,lon=0,alt_mm=360,speed_cms=0,heading_cd=6557,pitch_cd=305,roll_cd=77,yaw_cd=921,bat_mv=0,status=0x02","{""ver"":1,""type"":1,""seq"":59431,""ts"":59,""lat"":0,""lon"":0,""alt_mm"":360,""speed_cms"":0,""heading_cd"":6557,""pitch_cd"":305,""roll_cd"":77,""yaw_cd"":921,""bat_mv"":0,""status"":2}"
2026-08-12T19:42:22.131+00:00,BIN,"BIN,ver=1,type=1,seq=59588,ts=59,lat=0,lon=0,alt_mm=360,speed_cms=0,heading_cd=6557,pitch_cd=305,roll_cd=77,yaw_cd=921,bat_mv=0,status=0x02","{""ver"":1,""type"":1,""seq"":59588,""ts"":59,""lat"":0,""lon"":0,""alt_mm"":360,""speed_cms"":0,""heading_cd"":6557,""pitch_cd"":305,""roll_cd"":77,""yaw_cd"":921,""bat_mv"":0,""status"":2}"
2026-08-12T19:42:22.216+00:00,BIN,"BIN,ver=1,type=1,seq=59588,ts=59,lat=0,lon=0,alt_mm=400,speed_cms=0,heading_cd=6557,pitch_cd=281,roll_cd=100,yaw_cd=940,bat_mv=0,status=0x02","{""ver"":1,""type"":1,""seq"":59588,""ts"":59,""lat"":0,""lon"":0,""alt_mm"":400,""speed_cms"":0,""heading_cd"":6557,""pitch_cd"":281,""roll_cd"":100,""yaw_cd"":940,""bat_mv"":0,""status"":2}"
2026-08-12T19:42:22.300+00:00,BIN,"BIN,ver=1,type=1,seq=59711,ts=59,lat=0,lon=0,alt_mm=400,speed_cms=0,heading_cd=6557,pitch_cd=292,roll_cd=101,yaw_cd=1031,bat_mv=0,status=0x02","{""ver"":1,""type"":1,""seq"":59711,""ts"":59,""lat"":0,""lon"":0,""alt_mm"":400,""speed_cms"":0,""heading_cd"":6557,""pitch_cd"":292,""roll_cd"":101,""yaw_cd"":1031,""bat_mv"":0,""status"":2}"
2026-08-12T19:42:22.383+00:00,BIN,"BIN,ver=1,type=1,seq=59897,ts=59,lat=0,lon=0,alt_mm=480,speed_cms=0,heading_cd=6557,pitch_cd=301,roll_cd=41,yaw_cd=1020,bat_mv=0,status=0x02","{""ver"":1,""type"":1,""seq"":59897,""ts"":59,""lat"":0,""lon"":0,""alt_mm"":480,""speed_cms"":0,""heading_cd"":6557,""pitch_cd"":301,""roll_cd"":41,""yaw_cd"":1020,""bat_mv"":0,""status"":2}"
2026-08-12T19:42:22.469+00:00,BIN,"BIN,ver=1,type=1,seq=59897,ts=60,lat=0,lon=0,alt_mm=570,speed_cms=0,heading_cd=6557,pitch_cd=269,roll_cd=76,yaw_cd=881,bat_mv=0,status=0x02","{""ver"":1,""type"":1,""seq"":59897,""ts"":60,""lat"":0,""lon"":0,""alt_mm"":570,""speed_cms"":0,""heading_cd"":6557,""pitch_cd"":269,""roll_cd"":76,""yaw_cd"":881,""bat_mv"":0,""status"":2}"
2026-08-12T19:42:22.551+00:00,BIN,"BIN,ver=1,type=1,seq=60011,ts=60,lat=0,lon=0,alt_mm=570,speed_cms=0,heading_cd=6557,pitch_cd=406,roll_cd=14,yaw_cd=884,bat_mv=0,status=0x02","{""ver"":1,""type"":1,""seq"":60011,""ts"":60,""lat"":0,""lon"":0,""alt_mm"":570,""speed_cms"":0,""heading_cd"":6557,""pitch_cd"":406,""roll_cd"":14,""yaw_cd"":884,""bat_mv"":0,""status"":2}"
2026-08-12T19:42:22.635+00:00,BIN,"BIN,ver=1,type=1,seq=60138,ts=60,lat=0,lon=0,alt_mm=610,speed_cms=0,heading_cd=6557,pitch_cd=349,roll_cd=-42,yaw_cd=964,bat_mv=0,status=0x02","{""ver"":1,""type"":1,""seq"":60138,""ts"":60,""lat"":0,""lon"":0,""alt_mm"":610,""speed_cms"":0,""heading_cd"":6557,""pitch_cd"":349,""roll_cd"":-42,""yaw_cd"":964,""bat_mv"":0,""status"":2}"
2026-08-12T19:42:22.722+00:00,BIN,"BIN,ver=1,type=1,seq=60138,ts=60,lat=0,lon=0,alt_mm=610,speed_cms=0,heading_cd=6557,pitch_cd=322,roll_cd=-34,yaw_cd=1044,bat_mv=0,status=0x02","{""ver"":1,""type"":1,""seq"":60138,""ts"":60,""lat"":0,""lon"":0,""alt_mm"":610,""speed_cms"":0,""heading_cd"":6557,""pitch_cd"":322,""roll_cd"":-34,""yaw_cd"":1044,""bat_mv"":0,""status"":2}"
2026-08-12T19:42:22.804+00:00,BIN,"BIN,ver=1,type=1,seq=60251,ts=60,lat=0,lon=0,alt_mm=670,speed_cms=0,heading_cd=6557,pitch_cd=388,roll_cd=-69,yaw_cd=804,bat_mv=0,status=0x02","{""ver"":1,""type"":1,""seq"":60251,""ts"":60,""lat"":0,""lon"":0,""alt_mm"":670,""speed_cms"":0,""heading_cd"":6557,""pitch_cd"":388,""roll_cd"":-69,""yaw_cd"":804,""bat_mv"":0,""status"":2}"
2026-08-12T19:42:22.889+00:00,BIN,"BIN,ver=1,type=1,seq=60407,ts=60,lat=0,lon=0,alt_mm=420,speed_cms=0,heading_cd=6557,pitch_cd=-819,roll_cd=1038,yaw_cd=356,bat_mv=0,status=0x02","{""ver"":1,""type"":1,""seq"":60407,""ts"":60,""lat"":0,""lon"":0,""alt_mm"":420,""speed_cms"":0,""heading_cd"":6557,""pitch_cd"":-819,""roll_cd"":1038,""yaw_cd"":356,""bat_mv"":0,""status"":2}"
2026-08-12T19:42:22.973+00:00,BIN,"BIN,ver=1,type=1,seq=60531,ts=60,lat=0,lon=0,alt_mm=420,speed_cms=0,heading_cd=6557,pitch_cd=326,roll_cd=350,yaw_cd=879,bat_mv=0,status=0x02","{""ver"":1,""type"":1,""seq"":60531,""ts"":60,""lat"":0,""lon"":0,""alt_mm"":420,""speed_cms"":0,""heading_cd"":6557,""pitch_cd"":326,""roll_cd"":350,""yaw_cd"":879,""bat_mv"":0,""status"":2}"
2026-08-12T19:42:23.055+00:00,BIN,"BIN,ver=1,type=1,seq=60531,ts=60,lat=0,lon=0,alt_mm=420,speed_cms=0,heading_cd=6557,pitch_cd=326,roll_cd=350,yaw_cd=879,bat_mv=0,status=0x02","{""ver"":1,""type"":1,""seq"":60531,""ts"":60,""lat"":0,""lon"":0,""alt_mm"":420,""speed_cms"":0,""heading_cd"":6557,""pitch_cd"":326,""roll_cd"":350,""yaw_cd"":879,""bat_mv"":0,""status"":2}"
2026-08-12T19:42:23.142+00:00,BIN,"BIN,ver=1,type=1,seq=60531,ts=60,lat=0,lon=0,alt_mm=700,speed_cms=0,heading_cd=6557,pitch_cd=326,roll_cd=350,yaw_cd=879,bat_mv=0,status=0x02","{""ver"":1,""type"":1,""seq"":60531,""ts"":60,""lat"":0,""lon"":0,""alt_mm"":700,""speed_cms"":0,""heading_cd"":6557,""pitch_cd"":326,""roll_cd"":350,""yaw_cd"":879,""bat_mv"":0,""status"":2}"
2026-08-12T19:42:23.221+00:00,BIN,"BIN,ver=1,type=1,seq=60531,ts=60,lat=0,lon=0,alt_mm=700,speed_cms=0,heading_cd=6557,pitch_cd=325,roll_cd=-211,yaw_cd=897,bat_mv=0,status=0x02","{""ver"":1,""type"":1,""seq"":60531,""ts"":60,""lat"":0,""lon"":0,""alt_mm"":700,""speed_cms"":0,""heading_cd"":6557,""pitch_cd"":325,""roll_cd"":-211,""yaw_cd"":897,""bat_mv"":0,""status"":2}"
2026-08-12T19:42:23.308+00:00,BIN,"BIN,ver=1,type=1,seq=60688,ts=60,lat=0,lon=0,alt_mm=700,speed_cms=0,heading_cd=6557,pitch_cd=281,roll_cd=-212,yaw_cd=781,bat_mv=0,status=0x02","{""ver"":1,""type"":1,""seq"":60688,""ts"":60,""lat"":0,""lon"":0,""alt_mm"":700,""speed_cms"":0,""heading_cd"":6557,""pitch_cd"":281,""roll_cd"":-212,""yaw_cd"":781,""bat_mv"":0,""status"":2}"
2026-08-12T19:42:23.394+00:00,BIN,"BIN,ver=1,type=1,seq=60811,ts=60,lat=0,lon=0,alt_mm=720,speed_cms=0,heading_cd=6557,pitch_cd=214,roll_cd=-168,yaw_cd=636,bat_mv=0,status=0x02","{""ver"":1,""type"":1,""seq"":60811,""ts"":60,""lat"":0,""lon"":0,""alt_mm"":720,""speed_cms"":0,""heading_cd"":6557,""pitch_cd"":214,""roll_cd"":-168,""yaw_cd"":636,""bat_mv"":0,""status"":2}"
2026-08-12T19:42:23.476+00:00,BIN,"BIN,ver=1,type=1,seq=60811,ts=61,lat=0,lon=0,alt_mm=760,speed_cms=0,heading_cd=6557,pitch_cd=103,roll_cd=-298,yaw_cd=959,bat_mv=0,status=0x02","{""ver"":1,""type"":1,""seq"":60811,""ts"":61,""lat"":0,""lon"":0,""alt_mm"":760,""speed_cms"":0,""heading_cd"":6557,""pitch_cd"":103,""roll_cd"":-298,""yaw_cd"":959,""bat_mv"":0,""status"":2}"
2026-08-12T19:42:23.562+00:00,BIN,"BIN,ver=1,type=1,seq=61038,ts=61,lat=0,lon=0,alt_mm=760,speed_cms=0,heading_cd=6557,pitch_cd=103,roll_cd=-298,yaw_cd=959,bat_mv=0,status=0x02","{""ver"":1,""type"":1,""seq"":61038,""ts"":61,""lat"":0,""lon"":0,""alt_mm"":760,""speed_cms"":0,""heading_cd"":6557,""pitch_cd"":103,""roll_cd"":-298,""yaw_cd"":959,""bat_mv"":0,""status"":2}"
2026-08-12T19:42:23.645+00:00,BIN,"BIN,ver=1,type=1,seq=61151,ts=61,lat=0,lon=0,alt_mm=760,speed_cms=0,heading_cd=6557,pitch_cd=221,roll_cd=-375,yaw_cd=961,bat_mv=0,status=0x02","{""ver"":1,""type"":1,""seq"":61151,""ts"":61,""lat"":0,""lon"":0,""alt_mm"":760,""speed_cms"":0,""heading_cd"":6557,""pitch_cd"":221,""roll_cd"":-375,""yaw_cd"":961,""bat_mv"":0,""status"":2}"
2026-08-12T19:42:23.728+00:00,BIN,"BIN,ver=1,type=1,seq=61151,ts=61,lat=0,lon=0,alt_mm=760,speed_cms=0,heading_cd=6557,pitch_cd=37,roll_cd=-622,yaw_cd=878,bat_mv=0,status=0x02","{""ver"":1,""type"":1,""seq"":61151,""ts"":61,""lat"":0,""lon"":0,""alt_mm"":760,""speed_cms"":0,""heading_cd"":6557,""pitch_cd"":37,""roll_cd"":-622,""yaw_cd"":878,""bat_mv"":0,""status"":2}"
2026-08-12T19:42:23.811+00:00,BIN,"BIN,ver=1,type=1,seq=61258,ts=61,lat=0,lon=0,alt_mm=730,speed_cms=0,heading_cd=6557,pitch_cd=116,roll_cd=-461,yaw_cd=797,bat_mv=0,status=0x02","{""ver"":1,""type"":1,""seq"":61258,""ts"":61,""lat"":0,""lon"":0,""alt_mm"":730,""speed_cms"":0,""heading_cd"":6557,""pitch_cd"":116,""roll_cd"":-461,""yaw_cd"":797,""bat_mv"":0,""status"":2}"
2026-08-12T19:42:23.893+00:00,BIN,"BIN,ver=1,type=1,seq=61391,ts=61,lat=0,lon=0,alt_mm=730,speed_cms=0,heading_cd=6557,pitch_cd=-102,roll_cd=-561,yaw_cd=776,bat_mv=0,status=0x02","{""ver"":1,""type"":1,""seq"":61391,""ts"":61,""lat"":0,""lon"":0,""alt_mm"":730,""speed_cms"":0,""heading_cd"":6557,""pitch_cd"":-102,""roll_cd"":-561,""yaw_cd"":776,""bat_mv"":0,""status"":2}"
2026-08-12T19:42:23.981+00:00,BIN,"BIN,ver=1,type=1,seq=61538,ts=61,lat=0,lon=0,alt_mm=730,speed_cms=0,heading_cd=6557,pitch_cd=-47,roll_cd=-550,yaw_cd=774,bat_mv=0,status=0x02","{""ver"":1,""type"":1,""seq"":61538,""ts"":61,""lat"":0,""lon"":0,""alt_mm"":730,""speed_cms"":0,""heading_cd"":6557,""pitch_cd"":-47,""roll_cd"":-550,""yaw_cd"":774,""bat_mv"":0,""status"":2}"
2026-08-12T19:42:24.062+00:00,BIN,"BIN,ver=1,type=1,seq=61538,ts=61,lat=0,lon=0,alt_mm=730,speed_cms=0,heading_cd=6557,pitch_cd=-47,roll_cd=-550,yaw_cd=774,bat_mv=0,status=0x02","{""ver"":1,""type"":1,""seq"":61538,""ts"":61,""lat"":0,""lon"":0,""alt_mm"":730,""speed_cms"":0,""heading_cd"":6557,""pitch_cd"":-47,""roll_cd"":-550,""yaw_cd"":774,""bat_mv"":0,""status"":2}"
2026-08-12T19:46:48.628+00:00,BIN,"BIN,ver=1,type=1,seq=49671,ts=49,lat=0,lon=0,alt_mm=320,speed_cms=0,heading_cd=59254,pitch_cd=-949,roll_cd=-138,yaw_cd=94,bat_mv=0,status=0x02","{""ver"":1,""type"":1,""seq"":49671,""ts"":49,""lat"":0,""lon"":0,""alt_mm"":320,""speed_cms"":0,""heading_cd"":59254,""pitch_cd"":-949,""roll_cd"":-138,""yaw_cd"":94,""bat_mv"":0,""status"":2}"
2026-08-12T19:46:48.711+00:00,BIN,"BIN,ver=1,type=1,seq=49827,ts=49,lat=0,lon=0,alt_mm=280,speed_cms=0,heading_cd=59254,pitch_cd=-951,roll_cd=-153,yaw_cd=96,bat_mv=0,status=0x02","{""ver"":1,""type"":1,""seq"":49827,""ts"":49,""lat"":0,""lon"":0,""alt_mm"":280,""speed_cms"":0,""heading_cd"":59254,""pitch_cd"":-951,""roll_cd"":-153,""yaw_cd"":96,""bat_mv"":0,""status"":2}"
2026-08-12T19:46:48.795+00:00,BIN,"BIN,ver=1,type=1,seq=49827,ts=49,lat=0,lon=0,alt_mm=290,speed_cms=0,heading_cd=59254,pitch_cd=-951,roll_cd=-153,yaw_cd=96,bat_mv=0,status=0x02","{""ver"":1,""type"":1,""seq"":49827,""ts"":49,""lat"":0,""lon"":0,""alt_mm"":290,""speed_cms"":0,""heading_cd"":59254,""pitch_cd"":-951,""roll_cd"":-153,""yaw_cd"":96,""bat_mv"":0,""status"":2}"
2026-08-12T19:46:48.878+00:00,BIN,"BIN,ver=1,type=1,seq=49951,ts=50,lat=0,lon=0,alt_mm=290,speed_cms=0,heading_cd=59254,pitch_cd=-937,roll_cd=-137,yaw_cd=85,bat_mv=0,status=0x02","{""ver"":1,""type"":1,""seq"":49951,""ts"":50,""lat"":0,""lon"":0,""alt_mm"":290,""speed_cms"":0,""heading_cd"":59254,""pitch_cd"":-937,""roll_cd"":-137,""yaw_cd"":85,""bat_mv"":0,""status"":2}"
2026-08-12T19:46:48.962+00:00,BIN,"BIN,ver=1,type=1,seq=49951,ts=50,lat=0,lon=0,alt_mm=290,speed_cms=0,heading_cd=59254,pitch_cd=-930,roll_cd=-101,yaw_cd=72,bat_mv=0,status=0x02","{""ver"":1,""type"":1,""seq"":49951,""ts"":50,""lat"":0,""lon"":0,""alt_mm"":290,""speed_cms"":0,""heading_cd"":59254,""pitch_cd"":-930,""roll_cd"":-101,""yaw_cd"":72,""bat_mv"":0,""status"":2}"
2026-08-12T19:46:49.049+00:00,BIN,"BIN,ver=1,type=1,seq=50107,ts=50,lat=0,lon=0,alt_mm=290,speed_cms=0,heading_cd=59254,pitch_cd=-951,roll_cd=-166,yaw_cd=129,bat_mv=0,status=0x02","{""ver"":1,""type"":1,""seq"":50107,""ts"":50,""lat"":0,""lon"":0,""alt_mm"":290,""speed_cms"":0,""heading_cd"":59254,""pitch_cd"":-951,""roll_cd"":-166,""yaw_cd"":129,""bat_mv"":0,""status"":2}"
2026-08-12T19:46:49.131+00:00,BIN,"BIN,ver=1,type=1,seq=50231,ts=50,lat=0,lon=0,alt_mm=280,speed_cms=0,heading_cd=59254,pitch_cd=-965,roll_cd=-198,yaw_cd=125,bat_mv=0,status=0x02","{""ver"":1,""type"":1,""seq"":50231,""ts"":50,""lat"":0,""lon"":0,""alt_mm"":280,""speed_cms"":0,""heading_cd"":59254,""pitch_cd"":-965,""roll_cd"":-198,""yaw_cd"":125,""bat_mv"":0,""status"":2}"
2026-08-12T19:46:49.216+00:00,BIN,"BIN,ver=1,type=1,seq=50231,ts=50,lat=0,lon=0,alt_mm=290,speed_cms=0,heading_cd=59254,pitch_cd=-933,roll_cd=-152,yaw_cd=118,bat_mv=0,status=0x02","{""ver"":1,""type"":1,""seq"":50231,""ts"":50,""lat"":0,""lon"":0,""alt_mm"":290,""speed_cms"":0,""heading_cd"":59254,""pitch_cd"":-933,""roll_cd"":-152,""yaw_cd"":118,""bat_mv"":0,""status"":2}"
2026-08-12T19:46:49.297+00:00,BIN,"BIN,ver=1,type=1,seq=50511,ts=50,lat=0,lon=0,alt_mm=270,speed_cms=0,heading_cd=59254,pitch_cd=-923,roll_cd=-132,yaw_cd=122,bat_mv=0,status=0x02","{""ver"":1,""type"":1,""seq"":50511,""ts"":50,""lat"":0,""lon"":0,""alt_mm"":270,""speed_cms"":0,""heading_cd"":59254,""pitch_cd"":-923,""roll_cd"":-132,""yaw_cd"":122,""bat_mv"":0,""status"":2}"
2026-08-12T19:46:49.381+00:00,BIN,"BIN,ver=1,type=1,seq=50511,ts=50,lat=0,lon=0,alt_mm=270,speed_cms=0,heading_cd=59254,pitch_cd=-923,roll_cd=-132,yaw_cd=122,bat_mv=0,status=0x02","{""ver"":1,""type"":1,""seq"":50511,""ts"":50,""lat"":0,""lon"":0,""alt_mm"":270,""speed_cms"":0,""heading_cd"":59254,""pitch_cd"":-923,""roll_cd"":-132,""yaw_cd"":122,""bat_mv"":0,""status"":2}"
2026-08-12T19:46:49.468+00:00,BIN,"BIN,ver=1,type=1,seq=50511,ts=50,lat=0,lon=0,alt_mm=270,speed_cms=0,heading_cd=59254,pitch_cd=-923,roll_cd=-132,yaw_cd=122,bat_mv=0,status=0x02","{""ver"":1,""type"":1,""seq"":50511,""ts"":50,""lat"":0,""lon"":0,""alt_mm"":270,""speed_cms"":0,""heading_cd"":59254,""pitch_cd"":-923,""roll_cd"":-132,""yaw_cd"":122,""bat_mv"":0,""status"":2}"
2026-08-12T19:46:49.550+00:00,BIN,"BIN,ver=1,type=1,seq=50668,ts=50,lat=0,lon=0,alt_mm=270,speed_cms=0,heading_cd=59254,pitch_cd=-940,roll_cd=-153,yaw_cd=125,bat_mv=0,status=0x02","{""ver"":1,""type"":1,""seq"":50668,""ts"":50,""lat"":0,""lon"":0,""alt_mm"":270,""speed_cms"":0,""heading_cd"":59254,""pitch_cd"":-940,""roll_cd"":-153,""yaw_cd"":125,""bat_mv"":0,""status"":2}"
2026-08-12T19:46:49.637+00:00,BIN,"BIN,ver=1,type=1,seq=50668,ts=50,lat=0,lon=0,alt_mm=270,speed_cms=0,heading_cd=59254,pitch_cd=-945,roll_cd=-139,yaw_cd=126,bat_mv=0,status=0x02","{""ver"":1,""type"":1,""seq"":50668,""ts"":50,""lat"":0,""lon"":0,""alt_mm"":270,""speed_cms"":0,""heading_cd"":59254,""pitch_cd"":-945,""roll_cd"":-139,""yaw_cd"":126,""bat_mv"":0,""status"":2}"
2026-08-12T19:46:49.721+00:00,BIN,"BIN,ver=1,type=1,seq=50791,ts=50,lat=0,lon=0,alt_mm=260,speed_cms=0,heading_cd=59254,pitch_cd=-945,roll_cd=-139,yaw_cd=126,bat_mv=0,status=0x02","{""ver"":1,""type"":1,""seq"":50791,""ts"":50,""lat"":0,""lon"":0,""alt_mm"":260,""speed_cms"":0,""heading_cd"":59254,""pitch_cd"":-945,""roll_cd"":-139,""yaw_cd"":126,""bat_mv"":0,""status"":2}"
2026-08-12T19:46:49.804+00:00,BIN,"BIN,ver=1,type=1,seq=50791,ts=50,lat=0,lon=0,alt_mm=260,speed_cms=0,heading_cd=59254,pitch_cd=-950,roll_cd=-157,yaw_cd=141,bat_mv=0,status=0x02","{""ver"":1,""type"":1,""seq"":50791,""ts"":50,""lat"":0,""lon"":0,""alt_mm"":260,""speed_cms"":0,""heading_cd"":59254,""pitch_cd"":-950,""roll_cd"":-157,""yaw_cd"":141,""bat_mv"":0,""status"":2}"
2026-08-12T19:46:49.885+00:00,BIN,"BIN,ver=1,type=1,seq=50946,ts=51,lat=0,lon=0,alt_mm=290,speed_cms=0,heading_cd=59254,pitch_cd=-938,roll_cd=-134,yaw_cd=143,bat_mv=0,status=0x02","{""ver"":1,""type"":1,""seq"":50946,""ts"":51,""lat"":0,""lon"":0,""alt_mm"":290,""speed_cms"":0,""heading_cd"":59254,""pitch_cd"":-938,""roll_cd"":-134,""yaw_cd"":143,""bat_mv"":0,""status"":2}"
2026-08-12T19:46:49.974+00:00,BIN,"BIN,ver=1,type=1,seq=50946,ts=51,lat=0,lon=0,alt_mm=290,speed_cms=0,heading_cd=59254,pitch_cd=-941,roll_cd=-131,yaw_cd=132,bat_mv=0,status=0x02","{""ver"":1,""type"":1,""seq"":50946,""ts"":51,""lat"":0,""lon"":0,""alt_mm"":290,""speed_cms"":0,""heading_cd"":59254,""pitch_cd"":-941,""roll_cd"":-131,""yaw_cd"":132,""bat_mv"":0,""status"":2}"
2026-08-12T19:46:50.054+00:00,BIN,"BIN,ver=1,type=1,seq=51071,ts=51,lat=0,lon=0,alt_mm=290,speed_cms=0,heading_cd=59254,pitch_cd=-943,roll_cd=-117,yaw_cd=139,bat_mv=0,status=0x02","{""ver"":1,""type"":1,""seq"":51071,""ts"":51,""lat"":0,""lon"":0,""alt_mm"":290,""speed_cms"":0,""heading_cd"":59254,""pitch_cd"":-943,""roll_cd"":-117,""yaw_cd"":139,""bat_mv"":0,""status"":2}"
2026-08-12T19:46:50.139+00:00,BIN,"BIN,ver=1,type=1,seq=51260,ts=51,lat=0,lon=0,alt_mm=270,speed_cms=0,heading_cd=59254,pitch_cd=-981,roll_cd=-33,yaw_cd=13,bat_mv=0,status=0x02","{""ver"":1,""type"":1,""seq"":51260,""ts"":51,""lat"":0,""lon"":0,""alt_mm"":270,""speed_cms"":0,""heading_cd"":59254,""pitch_cd"":-981,""roll_cd"":-33,""yaw_cd"":13,""bat_mv"":0,""status"":2}"
2026-08-12T19:46:50.222+00:00,BIN,"BIN,ver=1,type=1,seq=51371,ts=51,lat=0,lon=0,alt_mm=250,speed_cms=0,heading_cd=59254,pitch_cd=-940,roll_cd=-157,yaw_cd=122,bat_mv=0,status=0x02","{""ver"":1,""type"":1,""seq"":51371,""ts"":51,""lat"":0,""lon"":0,""alt_mm"":250,""speed_cms"":0,""heading_cd"":59254,""pitch_cd"":-940,""roll_cd"":-157,""yaw_cd"":122,""bat_mv"":0,""status"":2}"
2026-08-12T19:46:50.307+00:00,BIN,"BIN,ver=1,type=1,seq=51487,ts=51,lat=0,lon=0,alt_mm=280,speed_cms=0,heading_cd=59254,pitch_cd=-940,roll_cd=-175,yaw_cd=144,bat_mv=0,status=0x02","{""ver"":1,""type"":1,""seq"":51487,""ts"":51,""lat"":0,""lon"":0,""alt_mm"":280,""speed_cms"":0,""heading_cd"":59254,""pitch_cd"":-940,""roll_cd"":-175,""yaw_cd"":144,""bat_mv"":0,""status"":2}"
2026-08-12T19:46:50.392+00:00,BIN,"BIN,ver=1,type=1,seq=51487,ts=51,lat=0,lon=0,alt_mm=280,speed_cms=0,heading_cd=59254,pitch_cd=-940,roll_cd=-156,yaw_cd=143,bat_mv=0,status=0x02","{""ver"":1,""type"":1,""seq"":51487,""ts"":51,""lat"":0,""lon"":0,""alt_mm"":280,""speed_cms"":0,""heading_cd"":59254,""pitch_cd"":-940,""roll_cd"":-156,""yaw_cd"":143,""bat_mv"":0,""status"":2}"
2026-08-12T19:46:50.474+00:00,BIN,"BIN,ver=1,type=1,seq=51612,ts=51,lat=0,lon=0,alt_mm=320,speed_cms=0,heading_cd=59254,pitch_cd=-940,roll_cd=-156,yaw_cd=143,bat_mv=0,status=0x02","{""ver"":1,""type"":1,""seq"":51612,""ts"":51,""lat"":0,""lon"":0,""alt_mm"":320,""speed_cms"":0,""heading_cd"":59254,""pitch_cd"":-940,""roll_cd"":-156,""yaw_cd"":143,""bat_mv"":0,""status"":2}"
2026-08-12T19:46:50.559+00:00,BIN,"BIN,ver=1,type=1,seq=51612,ts=51,lat=0,lon=0,alt_mm=320,speed_cms=0,heading_cd=59254,pitch_cd=-944,roll_cd=-140,yaw_cd=137,bat_mv=0,status=0x02","{""ver"":1,""type"":1,""seq"":51612,""ts"":51,""lat"":0,""lon"":0,""alt_mm"":320,""speed_cms"":0,""heading_cd"":59254,""pitch_cd"":-944,""roll_cd"":-140,""yaw_cd"":137,""bat_mv"":0,""status"":2}"
2026-08-12T19:46:50.642+00:00,BIN,"BIN,ver=1,type=1,seq=51778,ts=51,lat=0,lon=0,alt_mm=320,speed_cms=0,heading_cd=59254,pitch_cd=-940,roll_cd=-144,yaw_cd=130,bat_mv=0,status=0x02","{""ver"":1,""type"":1,""seq"":51778,""ts"":51,""lat"":0,""lon"":0,""alt_mm"":320,""speed_cms"":0,""heading_cd"":59254,""pitch_cd"":-940,""roll_cd"":-144,""yaw_cd"":130,""bat_mv"":0,""status"":2}"
2026-08-12T19:46:50.725+00:00,BIN,"BIN,ver=1,type=1,seq=51778,ts=51,lat=0,lon=0,alt_mm=320,speed_cms=0,heading_cd=59254,pitch_cd=-937,roll_cd=-150,yaw_cd=130,bat_mv=0,status=0x02","{""ver"":1,""type"":1,""seq"":51778,""ts"":51,""lat"":0,""lon"":0,""alt_mm"":320,""speed_cms"":0,""heading_cd"":59254,""pitch_cd"":-937,""roll_cd"":-150,""yaw_cd"":130,""bat_mv"":0,""status"":2}"
2026-08-12T19:46:50.810+00:00,BIN,"BIN,ver=1,type=1,seq=51891,ts=51,lat=0,lon=0,alt_mm=350,speed_cms=0,heading_cd=59254,pitch_cd=-937,roll_cd=-150,yaw_cd=130,bat_mv=0,status=0x02","{""ver"":1,""type"":1,""seq"":51891,""ts"":51,""lat"":0,""lon"":0,""alt_mm"":350,""speed_cms"":0,""heading_cd"":59254,""pitch_cd"":-937,""roll_cd"":-150,""yaw_cd"":130,""bat_mv"":0,""status"":2}"
2026-08-12T19:46:50.894+00:00,BIN,"BIN,ver=1,type=1,seq=51891,ts=52,lat=0,lon=0,alt_mm=350,speed_cms=0,heading_cd=59254,pitch_cd=-944,roll_cd=-162,yaw_cd=124,bat_mv=0,status=0x02","{""ver"":1,""type"":1,""seq"":51891,""ts"":52,""lat"":0,""lon"":0,""alt_mm"":350,""speed_cms"":0,""heading_cd"":59254,""pitch_cd"":-944,""roll_cd"":-162,""yaw_cd"":124,""bat_mv"":0,""status"":2}"
2026-08-12T19:46:50.978+00:00,BIN,"BIN,ver=1,type=1,seq=52049,ts=52,lat=0,lon=0,alt_mm=360,speed_cms=0,heading_cd=59254,pitch_cd=-951,roll_cd=-153,yaw_cd=140,bat_mv=0,status=0x02","{""ver"":1,""type"":1,""seq"":52049,""ts"":52,""lat"":0,""lon"":0,""alt_mm"":360,""speed_cms"":0,""heading_cd"":59254,""pitch_cd"":-951,""roll_cd"":-153,""yaw_cd"":140,""bat_mv"":0,""status"":2}"
2026-08-12T19:46:51.062+00:00,BIN,"BIN,ver=1,type=1,seq=52049,ts=52,lat=0,lon=0,alt_mm=340,speed_cms=0,heading_cd=59254,pitch_cd=-939,roll_cd=-163,yaw_cd=132,bat_mv=0,status=0x02","{""ver"":1,""type"":1,""seq"":52049,""ts"":52,""lat"":0,""lon"":0,""alt_mm"":340,""speed_cms"":0,""heading_cd"":59254,""pitch_cd"":-939,""roll_cd"":-163,""yaw_cd"":132,""bat_mv"":0,""status"":2}"
2026-08-12T19:46:51.146+00:00,BIN,"BIN,ver=1,type=1,seq=52171,ts=52,lat=0,lon=0,alt_mm=340,speed_cms=0,heading_cd=59254,pitch_cd=-948,roll_cd=-165,yaw_cd=138,bat_mv=0,status=0x02","{""ver"":1,""type"":1,""seq"":52171,""ts"":52,""lat"":0,""lon"":0,""alt_mm"":340,""speed_cms"":0,""heading_cd"":59254,""pitch_cd"":-948,""roll_cd"":-165,""yaw_cd"":138,""bat_mv"":0,""status"":2}"
2026-08-12T19:46:51.230+00:00,BIN,"BIN,ver=1,type=1,seq=52451,ts=52,lat=0,lon=0,alt_mm=320,speed_cms=0,heading_cd=59254,pitch_cd=-933,roll_cd=-139,yaw_cd=166,bat_mv=0,status=0x02","{""ver"":1,""type"":1,""seq"":52451,""ts"":52,""lat"":0,""lon"":0,""alt_mm"":320,""speed_cms"":0,""heading_cd"":59254,""pitch_cd"":-933,""roll_cd"":-139,""yaw_cd"":166,""bat_mv"":0,""status"":2}"
2026-08-12T19:46:51.312+00:00,BIN,"BIN,ver=1,type=1,seq=52451,ts=52,lat=0,lon=0,alt_mm=320,speed_cms=0,heading_cd=59254,pitch_cd=-952,roll_cd=-132,yaw_cd=140,bat_mv=0,status=0x02","{""ver"":1,""type"":1,""seq"":52451,""ts"":52,""lat"":0,""lon"":0,""alt_mm"":320,""speed_cms"":0,""heading_cd"":59254,""pitch_cd"":-952,""roll_cd"":-132,""yaw_cd"":140,""bat_mv"":0,""status"":2}"
2026-08-12T19:46:51.395+00:00,BIN,"BIN,ver=1,type=1,seq=52451,ts=52,lat=0,lon=0,alt_mm=320,speed_cms=0,heading_cd=59254,pitch_cd=-952,roll_cd=-132,yaw_cd=140,bat_mv=0,status=0x02","{""ver"":1,""type"":1,""seq"":52451,""ts"":52,""lat"":0,""lon"":0,""alt_mm"":320,""speed_cms"":0,""heading_cd"":59254,""pitch_cd"":-952,""roll_cd"":-132,""yaw_cd"":140,""bat_mv"":0,""status"":2}"
2026-08-12T19:46:51.479+00:00,BIN,"BIN,ver=1,type=1,seq=52620,ts=52,lat=0,lon=0,alt_mm=320,speed_cms=0,heading_cd=59254,pitch_cd=-943,roll_cd=-86,yaw_cd=101,bat_mv=0,status=0x02","{""ver"":1,""type"":1,""seq"":52620,""ts"":52,""lat"":0,""lon"":0,""alt_mm"":320,""speed_cms"":0,""heading_cd"":59254,""pitch_cd"":-943,""roll_cd"":-86,""yaw_cd"":101,""bat_mv"":0,""status"":2}"
2026-08-12T19:46:51.563+00:00,BIN,"BIN,ver=1,type=1,seq=52620,ts=52,lat=0,lon=0,alt_mm=320,speed_cms=0,heading_cd=59254,pitch_cd=-977,roll_cd=-119,yaw_cd=74,bat_mv=0,status=0x02","{""ver"":1,""type"":1,""seq"":52620,""ts"":52,""lat"":0,""lon"":0,""alt_mm"":320,""speed_cms"":0,""heading_cd"":59254,""pitch_cd"":-977,""roll_cd"":-119,""yaw_cd"":74,""bat_mv"":0,""status"":2}"
2026-08-12T19:46:51.647+00:00,BIN,"BIN,ver=1,type=1,seq=52731,ts=52,lat=0,lon=0,alt_mm=310,speed_cms=0,heading_cd=59254,pitch_cd=-977,roll_cd=-119,yaw_cd=74,bat_mv=0,status=0x02","{""ver"":1,""type"":1,""seq"":52731,""ts"":52,""lat"":0,""lon"":0,""alt_mm"":310,""speed_cms"":0,""heading_cd"":59254,""pitch_cd"":-977,""roll_cd"":-119,""yaw_cd"":74,""bat_mv"":0,""status"":2}"
2026-08-12T19:46:51.734+00:00,BIN,"BIN,ver=1,type=1,seq=52731,ts=52,lat=0,lon=0,alt_mm=310,speed_cms=0,heading_cd=59254,pitch_cd=-932,roll_cd=-101,yaw_cd=58,bat_mv=0,status=0x02","{""ver"":1,""type"":1,""seq"":52731,""ts"":52,""lat"":0,""lon"":0,""alt_mm"":310,""speed_cms"":0,""heading_cd"":59254,""pitch_cd"":-932,""roll_cd"":-101,""yaw_cd"":58,""bat_mv"":0,""status"":2}"
2026-08-12T19:46:51.813+00:00,BIN,"BIN,ver=1,type=1,seq=52887,ts=52,lat=0,lon=0,alt_mm=310,speed_cms=0,heading_cd=59254,pitch_cd=-984,roll_cd=-113,yaw_cd=107,bat_mv=0,status=0x02","{""ver"":1,""type"":1,""seq"":52887,""ts"":52,""lat"":0,""lon"":0,""alt_mm"":310,""speed_cms"":0,""heading_cd"":59254,""pitch_cd"":-984,""roll_cd"":-113,""yaw_cd"":107,""bat_mv"":0,""status"":2}"
2026-08-12T19:46:51.900+00:00,BIN,"BIN,ver=1,type=1,seq=52887,ts=53,lat=0,lon=0,alt_mm=320,speed_cms=0,heading_cd=59254,pitch_cd=-941,roll_cd=-143,yaw_cd=129,bat_mv=0,status=0x02","{""ver"":1,""type"":1,""seq"":52887,""ts"":53,""lat"":0,""lon"":0,""alt_mm"":320,""speed_cms"":0,""heading_cd"":59254,""pitch_cd"":-941,""roll_cd"":-143,""yaw_cd"":129,""bat_mv"":0,""status"":2}"
2026-08-12T19:46:51.983+00:00,BIN,"BIN,ver=1,type=1,seq=53011,ts=53,lat=0,lon=0,alt_mm=320,speed_cms=0,heading_cd=59254,pitch_cd=-947,roll_cd=-144,yaw_cd=149,bat_mv=0,status=0x02","{""ver"":1,""type"":1,""seq"":53011,""ts"":53,""lat"":0,""lon"":0,""alt_mm"":320,""speed_cms"":0,""heading_cd"":59254,""pitch_cd"":-947,""roll_cd"":-144,""yaw_cd"":149,""bat_mv"":0,""status"":2}"
2026-08-12T19:46:52.069+00:00,BIN,"BIN,ver=1,type=1,seq=53167,ts=53,lat=0,lon=0,alt_mm=340,speed_cms=0,heading_cd=59254,pitch_cd=-942,roll_cd=-109,yaw_cd=131,bat_mv=0,status=0x02","{""ver"":1,""type"":1,""seq"":53167,""ts"":53,""lat"":0,""lon"":0,""alt_mm"":340,""speed_cms"":0,""heading_cd"":59254,""pitch_cd"":-942,""roll_cd"":-109,""yaw_cd"":131,""bat_mv"":0,""status"":2}"
2026-08-12T19:46:52.153+00:00,BIN,"BIN,ver=1,type=1,seq=53167,ts=53,lat=0,lon=0,alt_mm=340,speed_cms=0,heading_cd=59254,pitch_cd=-940,roll_cd=-113,yaw_cd=123,bat_mv=0,status=0x02","{""ver"":1,""type"":1,""seq"":53167,""ts"":53,""lat"":0,""lon"":0,""alt_mm"":340,""speed_cms"":0,""heading_cd"":59254,""pitch_cd"":-940,""roll_cd"":-113,""yaw_cd"":123,""bat_mv"":0,""status"":2}"
2026-08-12T19:46:52.319+00:00,BIN,"BIN,ver=1,type=1,seq=53291,ts=53,lat=0,lon=0,alt_mm=330,speed_cms=0,heading_cd=59254,pitch_cd=-955,roll_cd=-155,yaw_cd=137,bat_mv=0,status=0x02","{""ver"":1,""type"":1,""seq"":53291,""ts"":53,""lat"":0,""lon"":0,""alt_mm"":330,""speed_cms"":0,""heading_cd"":59254,""pitch_cd"":-955,""roll_cd"":-155,""yaw_cd"":137,""bat_mv"":0,""status"":2}"
2026-08-12T19:46:52.323+00:00,BIN,"BIN,ver=1,type=1,seq=53480,ts=53,lat=0,lon=0,alt_mm=360,speed_cms=0,heading_cd=59254,pitch_cd=-948,roll_cd=-115,yaw_cd=140,bat_mv=0,status=0x02","{""ver"":1,""type"":1,""seq"":53480,""ts"":53,""lat"":0,""lon"":0,""alt_mm"":360,""speed_cms"":0,""heading_cd"":59254,""pitch_cd"":-948,""roll_cd"":-115,""yaw_cd"":140,""bat_mv"":0,""status"":2}"
2026-08-12T19:46:52.406+00:00,BIN,"BIN,ver=1,type=1,seq=53592,ts=53,lat=0,lon=0,alt_mm=360,speed_cms=0,heading_cd=59254,pitch_cd=-948,roll_cd=-115,yaw_cd=140,bat_mv=0,status=0x02","{""ver"":1,""type"":1,""seq"":53592,""ts"":53,""lat"":0,""lon"":0,""alt_mm"":360,""speed_cms"":0,""heading_cd"":59254,""pitch_cd"":-948,""roll_cd"":-115,""yaw_cd"":140,""bat_mv"":0,""status"":2}"
2026-08-12T19:46:52.489+00:00,BIN,"BIN,ver=1,type=1,seq=53592,ts=53,lat=0,lon=0,alt_mm=360,speed_cms=0,heading_cd=59254,pitch_cd=-923,roll_cd=-128,yaw_cd=171,bat_mv=0,status=0x02","{""ver"":1,""type"":1,""seq"":53592,""ts"":53,""lat"":0,""lon"":0,""alt_mm"":360,""speed_cms"":0,""heading_cd"":59254,""pitch_cd"":-923,""roll_cd"":-128,""yaw_cd"":171,""bat_mv"":0,""status"":2}"
2026-08-12T19:46:52.613+00:00,BIN,"BIN,ver=1,type=1","{""ver"":1,""type"":1}"
2026-08-12T19:46:53.875+00:00,DIAG,# Heltec V4 telemetry receiver booting,"{""msg"":""Heltec V4 telemetry receiver booting""}"
2026-08-12T19:46:53.921+00:00,DIAG,# Heltec V4 telemetry receiver ready,"{""msg"":""Heltec V4 telemetry receiver ready""}"
2026-08-12T19:46:53.995+00:00,BIN,"BIN,ver=1,type=1,seq=54951,ts=55,lat=0,lon=0,alt_mm=310,speed_cms=0,heading_cd=59254,pitch_cd=-906,roll_cd=-374,yaw_cd=157,bat_mv=0,status=0x02","{""ver"":1,""type"":1,""seq"":54951,""ts"":55,""lat"":0,""lon"":0,""alt_mm"":310,""speed_cms"":0,""heading_cd"":59254,""pitch_cd"":-906,""roll_cd"":-374,""yaw_cd"":157,""bat_mv"":0,""status"":2}"
2026-08-12T19:46:54.080+00:00,BIN,"BIN,ver=1,type=1,seq=55107,ts=55,lat=0,lon=0,alt_mm=310,speed_cms=0,heading_cd=59254,pitch_cd=-902,roll_cd=-312,yaw_cd=122,bat_mv=0,status=0x02","{""ver"":1,""type"":1,""seq"":55107,""ts"":55,""lat"":0,""lon"":0,""alt_mm"":310,""speed_cms"":0,""heading_cd"":59254,""pitch_cd"":-902,""roll_cd"":-312,""yaw_cd"":122,""bat_mv"":0,""status"":2}"
2026-08-12T19:46:54.166+00:00,BIN,"BIN,ver=1,type=1,seq=55231,ts=55,lat=0,lon=0,alt_mm=260,speed_cms=0,heading_cd=59254,pitch_cd=-932,roll_cd=-184,yaw_cd=44,bat_mv=0,status=0x02","{""ver"":1,""type"":1,""seq"":55231,""ts"":55,""lat"":0,""lon"":0,""alt_mm"":260,""speed_cms"":0,""heading_cd"":59254,""pitch_cd"":-932,""roll_cd"":-184,""yaw_cd"":44,""bat_mv"":0,""status"":2}"
2026-08-12T19:46:54.251+00:00,BIN,"BIN,ver=1,type=1,seq=55531,ts=55,lat=0,lon=0,alt_mm=280,speed_cms=0,heading_cd=59254,pitch_cd=-937,roll_cd=-158,yaw_cd=56,bat_mv=0,status=0x02","{""ver"":1,""type"":1,""seq"":55531,""ts"":55,""lat"":0,""lon"":0,""alt_mm"":280,""speed_cms"":0,""heading_cd"":59254,""pitch_cd"":-937,""roll_cd"":-158,""yaw_cd"":56,""bat_mv"":0,""status"":2}"
2026-08-12T19:46:54.332+00:00,BIN,"BIN,ver=1,type=1,seq=55531,ts=55,lat=0,lon=0,alt_mm=280,speed_cms=0,heading_cd=59254,pitch_cd=-955,roll_cd=-150,yaw_cd=33,bat_mv=0,status=0x02","{""ver"":1,""type"":1,""seq"":55531,""ts"":55,""lat"":0,""lon"":0,""alt_mm"":280,""speed_cms"":0,""heading_cd"":59254,""pitch_cd"":-955,""roll_cd"":-150,""yaw_cd"":33,""bat_mv"":0,""status"":2}"
2026-08-12T19:46:54.416+00:00,BIN,"BIN,ver=1,type=1,seq=55531,ts=55,lat=0,lon=0,alt_mm=280,speed_cms=0,heading_cd=59254,pitch_cd=-955,roll_cd=-150,yaw_cd=33,bat_mv=0,status=0x02","{""ver"":1,""type"":1,""seq"":55531,""ts"":55,""lat"":0,""lon"":0,""alt_mm"":280,""speed_cms"":0,""heading_cd"":59254,""pitch_cd"":-955,""roll_cd"":-150,""yaw_cd"":33,""bat_mv"":0,""status"":2}"
2026-08-12T19:46:54.499+00:00,BIN,"BIN,ver=1,type=1,seq=55531,ts=55,lat=0,lon=0,alt_mm=260,speed_cms=0,heading_cd=59254,pitch_cd=-955,roll_cd=-150,yaw_cd=33,bat_mv=0,status=0x02","{""ver"":1,""type"":1,""seq"":55531,""ts"":55,""lat"":0,""lon"":0,""alt_mm"":260,""speed_cms"":0,""heading_cd"":59254,""pitch_cd"":-955,""roll_cd"":-150,""yaw_cd"":33,""bat_mv"":0,""status"":2}"
2026-08-12T19:46:54.583+00:00,BIN,"BIN,ver=1,type=1,seq=55651,ts=55,lat=0,lon=0,alt_mm=260,speed_cms=0,heading_cd=59254,pitch_cd=-934,roll_cd=-97,yaw_cd=41,bat_mv=0,status=0x02","{""ver"":1,""type"":1,""seq"":55651,""ts"":55,""lat"":0,""lon"":0,""alt_mm"":260,""speed_cms"":0,""heading_cd"":59254,""pitch_cd"":-934,""roll_cd"":-97,""yaw_cd"":41,""bat_mv"":0,""status"":2}"
2026-08-12T19:46:54.667+00:00,BIN,"BIN,ver=1,type=1,seq=55771,ts=55,lat=0,lon=0,alt_mm=270,speed_cms=0,heading_cd=59254,pitch_cd=-941,roll_cd=-118,yaw_cd=36,bat_mv=0,status=0x02","{""ver"":1,""type"":1,""seq"":55771,""ts"":55,""lat"":0,""lon"":0,""alt_mm"":270,""speed_cms"":0,""heading_cd"":59254,""pitch_cd"":-941,""roll_cd"":-118,""yaw_cd"":36,""bat_mv"":0,""status"":2}"
2026-08-12T19:46:54.751+00:00,BIN,"BIN,ver=1,type=1,seq=55771,ts=55,lat=0,lon=0,alt_mm=270,speed_cms=0,heading_cd=59254,pitch_cd=-931,roll_cd=-127,yaw_cd=31,bat_mv=0,status=0x02","{""ver"":1,""type"":1,""seq"":55771,""ts"":55,""lat"":0,""lon"":0,""alt_mm"":270,""speed_cms"":0,""heading_cd"":59254,""pitch_cd"":-931,""roll_cd"":-127,""yaw_cd"":31,""bat_mv"":0,""status"":2}"
2026-08-12T19:46:54.837+00:00,BIN,"BIN,ver=1,type=1,seq=55938,ts=55,lat=0,lon=0,alt_mm=280,speed_cms=0,heading_cd=59254,pitch_cd=-960,roll_cd=-125,yaw_cd=10,bat_mv=0,status=0x02","{""ver"":1,""type"":1,""seq"":55938,""ts"":55,""lat"":0,""lon"":0,""alt_mm"":280,""speed_cms"":0,""heading_cd"":59254,""pitch_cd"":-960,""roll_cd"":-125,""yaw_cd"":10,""bat_mv"":0,""status"":2}"
2026-08-12T19:46:54.918+00:00,BIN,"BIN,ver=1,type=1,seq=55938,ts=56,lat=0,lon=0,alt_mm=270,speed_cms=0,heading_cd=59254,pitch_cd=-961,roll_cd=-110,yaw_cd=59,bat_mv=0,status=0x02","{""ver"":1,""type"":1,""seq"":55938,""ts"":56,""lat"":0,""lon"":0,""alt_mm"":270,""speed_cms"":0,""heading_cd"":59254,""pitch_cd"":-961,""roll_cd"":-110,""yaw_cd"":59,""bat_mv"":0,""status"":2}"
2026-08-12T19:46:55.003+00:00,BIN,"BIN,ver=1,type=1,seq=56051,ts=56,lat=0,lon=0,alt_mm=270,speed_cms=0,heading_cd=59254,pitch_cd=-961,roll_cd=-149,yaw_cd=51,bat_mv=0,status=0x02","{""ver"":1,""type"":1,""seq"":56051,""ts"":56,""lat"":0,""lon"":0,""alt_mm"":270,""speed_cms"":0,""heading_cd"":59254,""pitch_cd"":-961,""roll_cd"":-149,""yaw_cd"":51,""bat_mv"":0,""status"":2}"
2026-08-12T19:46:55.086+00:00,BIN,"BIN,ver=1,type=1,seq=56206,ts=56,lat=0,lon=0,alt_mm=270,speed_cms=0,heading_cd=59254,pitch_cd=-960,roll_cd=-131,yaw_cd=50,bat_mv=0,status=0x02","{""ver"":1,""type"":1,""seq"":56206,""ts"":56,""lat"":0,""lon"":0,""alt_mm"":270,""speed_cms"":0,""heading_cd"":59254,""pitch_cd"":-960,""roll_cd"":-131,""yaw_cd"":50,""bat_mv"":0,""status"":2}"
2026-08-12T19:46:55.172+00:00,BIN,"BIN,ver=1,type=1,seq=56206,ts=56,lat=0,lon=0,alt_mm=270,speed_cms=0,heading_cd=59254,pitch_cd=-939,roll_cd=-116,yaw_cd=43,bat_mv=0,status=0x02","{""ver"":1,""type"":1,""seq"":56206,""ts"":56,""lat"":0,""lon"":0,""alt_mm"":270,""speed_cms"":0,""heading_cd"":59254,""pitch_cd"":-939,""roll_cd"":-116,""yaw_cd"":43,""bat_mv"":0,""status"":2}"
2026-08-12T19:46:55.258+00:00,BIN,"BIN,ver=1,type=1,seq=56331,ts=56,lat=0,lon=0,alt_mm=260,speed_cms=0,heading_cd=59254,pitch_cd=-959,roll_cd=-118,yaw_cd=52,bat_mv=0,status=0x02","{""ver"":1,""type"":1,""seq"":56331,""ts"":56,""lat"":0,""lon"":0,""alt_mm"":260,""speed_cms"":0,""heading_cd"":59254,""pitch_cd"":-959,""roll_cd"":-118,""yaw_cd"":52,""bat_mv"":0,""status"":2}"
2026-08-12T19:46:55.340+00:00,BIN,"BIN,ver=1,type=1,seq=56486,ts=56,lat=0,lon=0,alt_mm=260,speed_cms=0,heading_cd=59254,pitch_cd=-959,roll_cd=-118,yaw_cd=52,bat_mv=0,status=0x02","{""ver"":1,""type"":1,""seq"":56486,""ts"":56,""lat"":0,""lon"":0,""alt_mm"":260,""speed_cms"":0,""heading_cd"":59254,""pitch_cd"":-959,""roll_cd"":-118,""yaw_cd"":52,""bat_mv"":0,""status"":2}"
2026-08-12T19:46:55.425+00:00,BIN,"BIN,ver=1,type=1,seq=56486,ts=56,lat=0,lon=0,alt_mm=260,speed_cms=0,heading_cd=59254,pitch_cd=-952,roll_cd=-104,yaw_cd=62,bat_mv=0,status=0x02","{""ver"":1,""type"":1,""seq"":56486,""ts"":56,""lat"":0,""lon"":0,""alt_mm"":260,""speed_cms"":0,""heading_cd"":59254,""pitch_cd"":-952,""roll_cd"":-104,""yaw_cd"":62,""bat_mv"":0,""status"":2}"
2026-08-12T19:46:55.508+00:00,BIN,"BIN,ver=1,type=1,seq=56612,ts=56,lat=0,lon=0,alt_mm=290,speed_cms=0,heading_cd=59254,pitch_cd=-952,roll_cd=-104,yaw_cd=62,bat_mv=0,status=0x02","{""ver"":1,""type"":1,""seq"":56612,""ts"":56,""lat"":0,""lon"":0,""alt_mm"":290,""speed_cms"":0,""heading_cd"":59254,""pitch_cd"":-952,""roll_cd"":-104,""yaw_cd"":62,""bat_mv"":0,""status"":2}"
2026-08-12T19:46:55.592+00:00,BIN,"BIN,ver=1,type=1,seq=56612,ts=56,lat=0,lon=0,alt_mm=290,speed_cms=0,heading_cd=59254,pitch_cd=-949,roll_cd=-121,yaw_cd=64,bat_mv=0,status=0x02","{""ver"":1,""type"":1,""seq"":56612,""ts"":56,""lat"":0,""lon"":0,""alt_mm"":290,""speed_cms"":0,""heading_cd"":59254,""pitch_cd"":-949,""roll_cd"":-121,""yaw_cd"":64,""bat_mv"":0,""status"":2}"
2026-08-12T19:46:55.676+00:00,BIN,"BIN,ver=1,type=1,seq=56778,ts=56,lat=0,lon=0,alt_mm=250,speed_cms=0,heading_cd=59254,pitch_cd=-947,roll_cd=-113,yaw_cd=72,bat_mv=0,status=0x02","{""ver"":1,""type"":1,""seq"":56778,""ts"":56,""lat"":0,""lon"":0,""alt_mm"":250,""speed_cms"":0,""heading_cd"":59254,""pitch_cd"":-947,""roll_cd"":-113,""yaw_cd"":72,""bat_mv"":0,""status"":2}"
2026-08-12T19:46:55.760+00:00,BIN,"BIN,ver=1,type=1,seq=56778,ts=56,lat=0,lon=0,alt_mm=260,speed_cms=0,heading_cd=59254,pitch_cd=-950,roll_cd=-100,yaw_cd=84,bat_mv=0,status=0x02","{""ver"":1,""type"":1,""seq"":56778,""ts"":56,""lat"":0,""lon"":0,""alt_mm"":260,""speed_cms"":0,""heading_cd"":59254,""pitch_cd"":-950,""roll_cd"":-100,""yaw_cd"":84,""bat_mv"":0,""status"":2}"
2026-08-12T19:46:55.843+00:00,BIN,"BIN,ver=1,type=1,seq=56891,ts=57,lat=0,lon=0,alt_mm=260,speed_cms=0,heading_cd=59254,pitch_cd=-958,roll_cd=-97,yaw_cd=85,bat_mv=0,status=0x02","{""ver"":1,""type"":1,""seq"":56891,""ts"":57,""lat"":0,""lon"":0,""alt_mm"":260,""speed_cms"":0,""heading_cd"":59254,""pitch_cd"":-958,""roll_cd"":-97,""yaw_cd"":85,""bat_mv"":0,""status"":2}"
2026-08-12T19:46:55.928+00:00,BIN,"BIN,ver=1,type=1,seq=56891,ts=57,lat=0,lon=0,alt_mm=220,speed_cms=0,heading_cd=59254,pitch_cd=-958,roll_cd=-97,yaw_cd=85,bat_mv=0,status=0x02","{""ver"":1,""type"":1,""seq"":56891,""ts"":57,""lat"":0,""lon"":0,""alt_mm"":220,""speed_cms"":0,""heading_cd"":59254,""pitch_cd"":-958,""roll_cd"":-97,""yaw_cd"":85,""bat_mv"":0,""status"":2}"
2026-08-12T19:46:56.013+00:00,BIN,"BIN,ver=1,type=1,seq=57047,ts=57,lat=0,lon=0,alt_mm=220,speed_cms=0,heading_cd=59254,pitch_cd=-953,roll_cd=-103,yaw_cd=77,bat_mv=0,status=0x02","{""ver"":1,""type"":1,""seq"":57047,""ts"":57,""lat"":0,""lon"":0,""alt_mm"":220,""speed_cms"":0,""heading_cd"":59254,""pitch_cd"":-953,""roll_cd"":-103,""yaw_cd"":77,""bat_mv"":0,""status"":2}"
2026-08-12T19:46:56.093+00:00,BIN,"BIN,ver=1,type=1,seq=57171,ts=57,lat=0,lon=0,alt_mm=250,speed_cms=0,heading_cd=59254,pitch_cd=-943,roll_cd=-96,yaw_cd=93,bat_mv=0,status=0x02","{""ver"":1,""type"":1,""seq"":57171,""ts"":57,""lat"":0,""lon"":0,""alt_mm"":250,""speed_cms"":0,""heading_cd"":59254,""pitch_cd"":-943,""roll_cd"":-96,""yaw_cd"":93,""bat_mv"":0,""status"":2}"
2026-08-12T19:46:56.178+00:00,BIN,"BIN,ver=1,type=1,seq=57362,ts=57,lat=0,lon=0,alt_mm=220,speed_cms=0,heading_cd=59254,pitch_cd=-954,roll_cd=-90,yaw_cd=89,bat_mv=0,status=0x02","{""ver"":1,""type"":1,""seq"":57362,""ts"":57,""lat"":0,""lon"":0,""alt_mm"":220,""speed_cms"":0,""heading_cd"":59254,""pitch_cd"":-954,""roll_cd"":-90,""yaw_cd"":89,""bat_mv"":0,""status"":2}"
2026-08-12T19:46:56.264+00:00,BIN,"BIN,ver=1,type=1,seq=57471,ts=57,lat=0,lon=0,alt_mm=230,speed_cms=0,heading_cd=59254,pitch_cd=-954,roll_cd=-90,yaw_cd=89,bat_mv=0,status=0x02","{""ver"":1,""type"":1,""seq"":57471,""ts"":57,""lat"":0,""lon"":0,""alt_mm"":230,""speed_cms"":0,""heading_cd"":59254,""pitch_cd"":-954,""roll_cd"":-90,""yaw_cd"":89,""bat_mv"":0,""status"":2}"
2026-08-12T19:46:56.345+00:00,BIN,"BIN,ver=1,type=1,seq=57471,ts=57,lat=0,lon=0,alt_mm=200,speed_cms=0,heading_cd=59254,pitch_cd=-951,roll_cd=-92,yaw_cd=101,bat_mv=0,status=0x02","{""ver"":1,""type"":1,""seq"":57471,""ts"":57,""lat"":0,""lon"":0,""alt_mm"":200,""speed_cms"":0,""heading_cd"":59254,""pitch_cd"":-951,""roll_cd"":-92,""yaw_cd"":101,""bat_mv"":0,""status"":2}"
2026-08-12T19:46:56.429+00:00,BIN,"BIN,ver=1,type=1,seq=57471,ts=57,lat=0,lon=0,alt_mm=200,speed_cms=0,heading_cd=59254,pitch_cd=-948,roll_cd=-90,yaw_cd=97,bat_mv=0,status=0x02","{""ver"":1,""type"":1,""seq"":57471,""ts"":57,""lat"":0,""lon"":0,""alt_mm"":200,""speed_cms"":0,""heading_cd"":59254,""pitch_cd"":-948,""roll_cd"":-90,""yaw_cd"":97,""bat_mv"":0,""status"":2}"
2026-08-12T19:46:56.514+00:00,BIN,"BIN,ver=1,type=1,seq=57588,ts=57,lat=0,lon=0,alt_mm=200,speed_cms=0,heading_cd=59254,pitch_cd=-948,roll_cd=-90,yaw_cd=97,bat_mv=0,status=0x02","{""ver"":1,""type"":1,""seq"":57588,""ts"":57,""lat"":0,""lon"":0,""alt_mm"":200,""speed_cms"":0,""heading_cd"":59254,""pitch_cd"":-948,""roll_cd"":-90,""yaw_cd"":97,""bat_mv"":0,""status"":2}"
2026-08-12T19:46:56.599+00:00,BIN,"BIN,ver=1,type=1,seq=57588,ts=57,lat=0,lon=0,alt_mm=220,speed_cms=0,heading_cd=59254,pitch_cd=-952,roll_cd=-85,yaw_cd=114,bat_mv=0,status=0x02","{""ver"":1,""type"":1,""seq"":57588,""ts"":57,""lat"":0,""lon"":0,""alt_mm"":220,""speed_cms"":0,""heading_cd"":59254,""pitch_cd"":-952,""roll_cd"":-85,""yaw_cd"":114,""bat_mv"":0,""status"":2}"
2026-08-12T19:46:56.683+00:00,BIN,"BIN,ver=1,type=1,seq=57711,ts=57,lat=0,lon=0,alt_mm=220,speed_cms=0,heading_cd=59254,pitch_cd=-951,roll_cd=-94,yaw_cd=113,bat_mv=0,status=0x02","{""ver"":1,""type"":1,""seq"":57711,""ts"":57,""lat"":0,""lon"":0,""alt_mm"":220,""speed_cms"":0,""heading_cd"":59254,""pitch_cd"":-951,""roll_cd"":-94,""yaw_cd"":113,""bat_mv"":0,""status"":2}"
2026-08-12T19:46:56.768+00:00,BIN,"BIN,ver=1,type=1,seq=57878,ts=57,lat=0,lon=0,alt_mm=220,speed_cms=0,heading_cd=59254,pitch_cd=-949,roll_cd=-98,yaw_cd=122,bat_mv=0,status=0x02","{""ver"":1,""type"":1,""seq"":57878,""ts"":57,""lat"":0,""lon"":0,""alt_mm"":220,""speed_cms"":0,""heading_cd"":59254,""pitch_cd"":-949,""roll_cd"":-98,""yaw_cd"":122,""bat_mv"":0,""status"":2}"
2026-08-12T19:46:56.851+00:00,BIN,"BIN,ver=1,type=1,seq=57878,ts=58,lat=0,lon=0,alt_mm=230,speed_cms=0,heading_cd=59254,pitch_cd=-952,roll_cd=-78,yaw_cd=115,bat_mv=0,status=0x02","{""ver"":1,""type"":1,""seq"":57878,""ts"":58,""lat"":0,""lon"":0,""alt_mm"":230,""speed_cms"":0,""heading_cd"":59254,""pitch_cd"":-952,""roll_cd"":-78,""yaw_cd"":115,""bat_mv"":0,""status"":2}"
2026-08-12T19:46:56.933+00:00,BIN,"BIN,ver=1,type=1,seq=57991,ts=58,lat=0,lon=0,alt_mm=230,speed_cms=0,heading_cd=59254,pitch_cd=-944,roll_cd=-90,yaw_cd=103,bat_mv=0,status=0x02","{""ver"":1,""type"":1,""seq"":57991,""ts"":58,""lat"":0,""lon"":0,""alt_mm"":230,""speed_cms"":0,""heading_cd"":59254,""pitch_cd"":-944,""roll_cd"":-90,""yaw_cd"":103,""bat_mv"":0,""status"":2}"
2026-08-12T19:46:57.016+00:00,BIN,"BIN,ver=1,type=1,seq=58147,ts=58,lat=0,lon=0,alt_mm=210,speed_cms=0,heading_cd=59254,pitch_cd=-955,roll_cd=-116,yaw_cd=100,bat_mv=0,status=0x02","{""ver"":1,""type"":1,""seq"":58147,""ts"":58,""lat"":0,""lon"":0,""alt_mm"":210,""speed_cms"":0,""heading_cd"":59254,""pitch_cd"":-955,""roll_cd"":-116,""yaw_cd"":100,""bat_mv"":0,""status"":2}"
2026-08-12T19:46:57.104+00:00,BIN,"BIN,ver=1,type=1,seq=58147,ts=58,lat=0,lon=0,alt_mm=210,speed_cms=0,heading_cd=59254,pitch_cd=-948,roll_cd=-116,yaw_cd=93,bat_mv=0,status=0x02","{""ver"":1,""type"":1,""seq"":58147,""ts"":58,""lat"":0,""lon"":0,""alt_mm"":210,""speed_cms"":0,""heading_cd"":59254,""pitch_cd"":-948,""roll_cd"":-116,""yaw_cd"":93,""bat_mv"":0,""status"":2}"
2026-08-12T19:46:57.187+00:00,BIN,"BIN,ver=1,type=1,seq=58271,ts=58,lat=0,lon=0,alt_mm=210,speed_cms=0,heading_cd=59254,pitch_cd=-938,roll_cd=-199,yaw_cd=130,bat_mv=0,status=0x02","{""ver"":1,""type"":1,""seq"":58271,""ts"":58,""lat"":0,""lon"":0,""alt_mm"":210,""speed_cms"":0,""heading_cd"":59254,""pitch_cd"":-938,""roll_cd"":-199,""yaw_cd"":130,""bat_mv"":0,""status"":2}"
2026-08-12T19:46:57.270+00:00,BIN,"BIN,ver=1,type=1,seq=58271,ts=58,lat=0,lon=0,alt_mm=170,speed_cms=0,heading_cd=59254,pitch_cd=-952,roll_cd=-143,yaw_cd=106,bat_mv=0,status=0x02","{""ver"":1,""type"":1,""seq"":58271,""ts"":58,""lat"":0,""lon"":0,""alt_mm"":170,""speed_cms"":0,""heading_cd"":59254,""pitch_cd"":-952,""roll_cd"":-143,""yaw_cd"":106,""bat_mv"":0,""status"":2}"
2026-08-12T19:46:57.355+00:00,BIN,"BIN,ver=1,type=1,seq=58552,ts=58,lat=0,lon=0,alt_mm=160,speed_cms=0,heading_cd=59254,pitch_cd=-949,roll_cd=-159,yaw_cd=141,bat_mv=0,status=0x02","{""ver"":1,""type"":1,""seq"":58552,""ts"":58,""lat"":0,""lon"":0,""alt_mm"":160,""speed_cms"":0,""heading_cd"":59254,""pitch_cd"":-949,""roll_cd"":-159,""yaw_cd"":141,""bat_mv"":0,""status"":2}"
2026-08-12T19:46:57.438+00:00,BIN,"BIN,ver=1,type=1,seq=58552,ts=58,lat=0,lon=0,alt_mm=160,speed_cms=0,heading_cd=59254,pitch_cd=-938,roll_cd=-124,yaw_cd=121,bat_mv=0,status=0x02","{""ver"":1,""type"":1,""seq"":58552,""ts"":58,""lat"":0,""lon"":0,""alt_mm"":160,""speed_cms"":0,""heading_cd"":59254,""pitch_cd"":-938,""roll_cd"":-124,""yaw_cd"":121,""bat_mv"":0,""status"":2}"
2026-08-12T19:46:57.523+00:00,BIN,"BIN,ver=1,type=1,seq=58552,ts=58,lat=0,lon=0,alt_mm=160,speed_cms=0,heading_cd=59254,pitch_cd=-938,roll_cd=-124,yaw_cd=121,bat_mv=0,status=0x02","{""ver"":1,""type"":1,""seq"":58552,""ts"":58,""lat"":0,""lon"":0,""alt_mm"":160,""speed_cms"":0,""heading_cd"":59254,""pitch_cd"":-938,""roll_cd"":-124,""yaw_cd"":121,""bat_mv"":0,""status"":2}"
2026-08-12T19:46:57.607+00:00,BIN,"BIN,ver=1,type=1,seq=58707,ts=58,lat=0,lon=0,alt_mm=130,speed_cms=0,heading_cd=59254,pitch_cd=-954,roll_cd=-178,yaw_cd=97,bat_mv=0,status=0x02","{""ver"":1,""type"":1,""seq"":58707,""ts"":58,""lat"":0,""lon"":0,""alt_mm"":130,""speed_cms"":0,""heading_cd"":59254,""pitch_cd"":-954,""roll_cd"":-178,""yaw_cd"":97,""bat_mv"":0,""status"":2}"
2026-08-12T19:46:57.689+00:00,BIN,"BIN,ver=1,type=1,seq=58707,ts=58,lat=0,lon=0,alt_mm=130,speed_cms=0,heading_cd=59254,pitch_cd=-940,roll_cd=-168,yaw_cd=126,bat_mv=0,status=0x02","{""ver"":1,""type"":1,""seq"":58707,""ts"":58,""lat"":0,""lon"":0,""alt_mm"":130,""speed_cms"":0,""heading_cd"":59254,""pitch_cd"":-940,""roll_cd"":-168,""yaw_cd"":126,""bat_mv"":0,""status"":2}"
2026-08-12T19:46:57.774+00:00,BIN,"BIN,ver=1,type=1,seq=58831,ts=58,lat=0,lon=0,alt_mm=130,speed_cms=0,heading_cd=59254,pitch_cd=-941,roll_cd=-158,yaw_cd=102,bat_mv=0,status=0x02","{""ver"":1,""type"":1,""seq"":58831,""ts"":58,""lat"":0,""lon"":0,""alt_mm"":130,""speed_cms"":0,""heading_cd"":59254,""pitch_cd"":-941,""roll_cd"":-158,""yaw_cd"":102,""bat_mv"":0,""status"":2}"
2026-08-12T19:46:57.857+00:00,BIN,"BIN,ver=1,type=1,seq=59001,ts=59,lat=0,lon=0,alt_mm=100,speed_cms=0,heading_cd=59254,pitch_cd=-953,roll_cd=-178,yaw_cd=98,bat_mv=0,status=0x02","{""ver"":1,""type"":1,""seq"":59001,""ts"":59,""lat"":0,""lon"":0,""alt_mm"":100,""speed_cms"":0,""heading_cd"":59254,""pitch_cd"":-953,""roll_cd"":-178,""yaw_cd"":98,""bat_mv"":0,""status"":2}"
2026-08-12T19:46:57.943+00:00,BIN,"BIN,ver=1,type=1,seq=59001,ts=59,lat=0,lon=0,alt_mm=100,speed_cms=0,heading_cd=59254,pitch_cd=-937,roll_cd=-144,yaw_cd=84,bat_mv=0,status=0x02","{""ver"":1,""type"":1,""seq"":59001,""ts"":59,""lat"":0,""lon"":0,""alt_mm"":100,""speed_cms"":0,""heading_cd"":59254,""pitch_cd"":-937,""roll_cd"":-144,""yaw_cd"":84,""bat_mv"":0,""status"":2}"
2026-08-12T19:46:58.024+00:00,BIN,"BIN,ver=1,type=1,seq=59111,ts=59,lat=0,lon=0,alt_mm=80,speed_cms=0,heading_cd=59254,pitch_cd=-937,roll_cd=-144,yaw_cd=84,bat_mv=0,status=0x02","{""ver"":1,""type"":1,""seq"":59111,""ts"":59,""lat"":0,""lon"":0,""alt_mm"":80,""speed_cms"":0,""heading_cd"":59254,""pitch_cd"":-937,""roll_cd"":-144,""yaw_cd"":84,""bat_mv"":0,""status"":2}"
2026-08-12T19:46:58.107+00:00,BIN,"BIN,ver=1,type=1,seq=59111,ts=59,lat=0,lon=0,alt_mm=80,speed_cms=0,heading_cd=59254,pitch_cd=-944,roll_cd=-138,yaw_cd=94,bat_mv=0,status=0x02","{""ver"":1,""type"":1,""seq"":59111,""ts"":59,""lat"":0,""lon"":0,""alt_mm"":80,""speed_cms"":0,""heading_cd"":59254,""pitch_cd"":-944,""roll_cd"":-138,""yaw_cd"":94,""bat_mv"":0,""status"":2}"
2026-08-12T19:46:58.192+00:00,BIN,"BIN,ver=1,type=1,seq=59266,ts=59,lat=0,lon=0,alt_mm=40,speed_cms=0,heading_cd=59254,pitch_cd=-952,roll_cd=-147,yaw_cd=82,bat_mv=0,status=0x02","{""ver"":1,""type"":1,""seq"":59266,""ts"":59,""lat"":0,""lon"":0,""alt_mm"":40,""speed_cms"":0,""heading_cd"":59254,""pitch_cd"":-952,""roll_cd"":-147,""yaw_cd"":82,""bat_mv"":0,""status"":2}"
2026-08-12T19:46:58.277+00:00,BIN,"BIN,ver=1,type=1,seq=59391,ts=59,lat=0,lon=0,alt_mm=40,speed_cms=0,heading_cd=59254,pitch_cd=-954,roll_cd=-150,yaw_cd=86,bat_mv=0,status=0x02","{""ver"":1,""type"":1,""seq"":59391,""ts"":59,""lat"":0,""lon"":0,""alt_mm"":40,""speed_cms"":0,""heading_cd"":59254,""pitch_cd"":-954,""roll_cd"":-150,""yaw_cd"":86,""bat_mv"":0,""status"":2}"
2026-08-12T19:46:58.360+00:00,BIN,"BIN,ver=1,type=1,seq=59391,ts=59,lat=0,lon=0,alt_mm=10,speed_cms=0,heading_cd=59254,pitch_cd=-952,roll_cd=-117,yaw_cd=75,bat_mv=0,status=0x02","{""ver"":1,""type"":1,""seq"":59391,""ts"":59,""lat"":0,""lon"":0,""alt_mm"":10,""speed_cms"":0,""heading_cd"":59254,""pitch_cd"":-952,""roll_cd"":-117,""yaw_cd"":75,""bat_mv"":0,""status"":2}"
2026-08-12T19:46:58.445+00:00,BIN,"BIN,ver=1,type=1,seq=59580,ts=59,lat=0,lon=0,alt_mm=10,speed_cms=0,heading_cd=59254,pitch_cd=-952,roll_cd=-117,yaw_cd=75,bat_mv=0,status=0x02","{""ver"":1,""type"":1,""seq"":59580,""ts"":59,""lat"":0,""lon"":0,""alt_mm"":10,""speed_cms"":0,""heading_cd"":59254,""pitch_cd"":-952,""roll_cd"":-117,""yaw_cd"":75,""bat_mv"":0,""status"":2}"
2026-08-12T19:46:58.528+00:00,BIN,"BIN,ver=1,type=1,seq=59580,ts=59,lat=0,lon=0,alt_mm=-20,speed_cms=0,heading_cd=59254,pitch_cd=-956,roll_cd=-105,yaw_cd=77,bat_mv=0,status=0x02","{""ver"":1,""type"":1,""seq"":59580,""ts"":59,""lat"":0,""lon"":0,""alt_mm"":-20,""speed_cms"":0,""heading_cd"":59254,""pitch_cd"":-956,""roll_cd"":-105,""yaw_cd"":77,""bat_mv"":0,""status"":2}"
2026-08-12T19:46:58.612+00:00,BIN,"BIN,ver=1,type=1,seq=59691,ts=59,lat=0,lon=0,alt_mm=-20,speed_cms=0,heading_cd=59254,pitch_cd=-943,roll_cd=-112,yaw_cd=73,bat_mv=0,status=0x02","{""ver"":1,""type"":1,""seq"":59691,""ts"":59,""lat"":0,""lon"":0,""alt_mm"":-20,""speed_cms"":0,""heading_cd"":59254,""pitch_cd"":-943,""roll_cd"":-112,""yaw_cd"":73,""bat_mv"":0,""status"":2}"
2026-08-12T19:46:58.695+00:00,BIN,"BIN,ver=1,type=1,seq=59807,ts=59,lat=0,lon=0,alt_mm=-40,speed_cms=0,heading_cd=59254,pitch_cd=-954,roll_cd=-119,yaw_cd=89,bat_mv=0,status=0x02","{""ver"":1,""type"":1,""seq"":59807,""ts"":59,""lat"":0,""lon"":0,""alt_mm"":-40,""speed_cms"":0,""heading_cd"":59254,""pitch_cd"":-954,""roll_cd"":-119,""yaw_cd"":89,""bat_mv"":0,""status"":2}"
2026-08-12T19:46:58.780+00:00,BIN,"BIN,ver=1,type=1,seq=59807,ts=59,lat=0,lon=0,alt_mm=-40,speed_cms=0,heading_cd=59254,pitch_cd=-945,roll_cd=-125,yaw_cd=84,bat_mv=0,status=0x02","{""ver"":1,""type"":1,""seq"":59807,""ts"":59,""lat"":0,""lon"":0,""alt_mm"":-40,""speed_cms"":0,""heading_cd"":59254,""pitch_cd"":-945,""roll_cd"":-125,""yaw_cd"":84,""bat_mv"":0,""status"":2}"
2026-08-12T19:46:58.863+00:00,BIN,"BIN,ver=1,type=1,seq=59931,ts=60,lat=0,lon=0,alt_mm=-50,speed_cms=0,heading_cd=59254,pitch_cd=-945,roll_cd=-125,yaw_cd=84,bat_mv=0,status=0x02","{""ver"":1,""type"":1,""seq"":59931,""ts"":60,""lat"":0,""lon"":0,""alt_mm"":-50,""speed_cms"":0,""heading_cd"":59254,""pitch_cd"":-945,""roll_cd"":-125,""yaw_cd"":84,""bat_mv"":0,""status"":2}"
2026-08-12T19:46:58.949+00:00,BIN,"BIN,ver=1,type=1,seq=59931,ts=60,lat=0,lon=0,alt_mm=-20,speed_cms=0,heading_cd=59254,pitch_cd=-957,roll_cd=-119,yaw_cd=97,bat_mv=0,status=0x02","{""ver"":1,""type"":1,""seq"":59931,""ts"":60,""lat"":0,""lon"":0,""alt_mm"":-20,""speed_cms"":0,""heading_cd"":59254,""pitch_cd"":-957,""roll_cd"":-119,""yaw_cd"":97,""bat_mv"":0,""status"":2}"
2026-08-12T19:46:59.029+00:00,BIN,"BIN,ver=1,type=1,seq=60098,ts=60,lat=0,lon=0,alt_mm=-20,speed_cms=0,heading_cd=59254,pitch_cd=-948,roll_cd=-107,yaw_cd=104,bat_mv=0,status=0x02","{""ver"":1,""type"":1,""seq"":60098,""ts"":60,""lat"":0,""lon"":0,""alt_mm"":-20,""speed_cms"":0,""heading_cd"":59254,""pitch_cd"":-948,""roll_cd"":-107,""yaw_cd"":104,""bat_mv"":0,""status"":2}"
2026-08-12T19:46:59.114+00:00,BIN,"BIN,ver=1,type=1,seq=60211,ts=60,lat=0,lon=0,alt_mm=-70,speed_cms=0,heading_cd=59254,pitch_cd=-943,roll_cd=-113,yaw_cd=114,bat_mv=0,status=0x02","{""ver"":1,""type"":1,""seq"":60211,""ts"":60,""lat"":0,""lon"":0,""alt_mm"":-70,""speed_cms"":0,""heading_cd"":59254,""pitch_cd"":-943,""roll_cd"":-113,""yaw_cd"":114,""bat_mv"":0,""status"":2}"
2026-08-12T19:46:59.198+00:00,BIN,"BIN,ver=1,type=1,seq=60211,ts=60,lat=0,lon=0,alt_mm=-80,speed_cms=0,heading_cd=59254,pitch_cd=-952,roll_cd=-129,yaw_cd=112,bat_mv=0,status=0x02","{""ver"":1,""type"":1,""seq"":60211,""ts"":60,""lat"":0,""lon"":0,""alt_mm"":-80,""speed_cms"":0,""heading_cd"":59254,""pitch_cd"":-952,""roll_cd"":-129,""yaw_cd"":112,""bat_mv"":0,""status"":2}"
2026-08-12T19:46:59.284+00:00,BIN,"BIN,ver=1,type=1,seq=60491,ts=60,lat=0,lon=0,alt_mm=-110,speed_cms=0,heading_cd=59254,pitch_cd=-936,roll_cd=-106,yaw_cd=125,bat_mv=0,status=0x02","{""ver"":1,""type"":1,""seq"":60491,""ts"":60,""lat"":0,""lon"":0,""alt_mm"":-110,""speed_cms"":0,""heading_cd"":59254,""pitch_cd"":-936,""roll_cd"":-106,""yaw_cd"":125,""bat_mv"":0,""status"":2}"
2026-08-12T19:46:59.367+00:00,BIN,"BIN,ver=1,type=1,seq=60491,ts=60,lat=0,lon=0,alt_mm=-110,speed_cms=0,heading_cd=59254,pitch_cd=-936,roll_cd=-106,yaw_cd=125,bat_mv=0,status=0x02","{""ver"":1,""type"":1,""seq"":60491,""ts"":60,""lat"":0,""lon"":0,""alt_mm"":-110,""speed_cms"":0,""heading_cd"":59254,""pitch_cd"":-936,""roll_cd"":-106,""yaw_cd"":125,""bat_mv"":0,""status"":2}"
2026-08-12T19:46:59.451+00:00,BIN,"BIN,ver=1,type=1,seq=60491,ts=60,lat=0,lon=0,alt_mm=-80,speed_cms=0,heading_cd=59254,pitch_cd=-936,roll_cd=-106,yaw_cd=125,bat_mv=0,status=0x02","{""ver"":1,""type"":1,""seq"":60491,""ts"":60,""lat"":0,""lon"":0,""alt_mm"":-80,""speed_cms"":0,""heading_cd"":59254,""pitch_cd"":-936,""roll_cd"":-106,""yaw_cd"":125,""bat_mv"":0,""status"":2}"
2026-08-12T19:46:59.535+00:00,BIN,"BIN,ver=1,type=1,seq=60651,ts=60,lat=0,lon=0,alt_mm=-80,speed_cms=0,heading_cd=59254,pitch_cd=-946,roll_cd=-117,yaw_cd=117,bat_mv=0,status=0x02","{""ver"":1,""type"":1,""seq"":60651,""ts"":60,""lat"":0,""lon"":0,""alt_mm"":-80,""speed_cms"":0,""heading_cd"":59254,""pitch_cd"":-946,""roll_cd"":-117,""yaw_cd"":117,""bat_mv"":0,""status"":2}"
2026-08-12T19:46:59.619+00:00,BIN,"BIN,ver=1,type=1,seq=60651,ts=60,lat=0,lon=0,alt_mm=-80,speed_cms=0,heading_cd=59254,pitch_cd=-941,roll_cd=-129,yaw_cd=121,bat_mv=0,status=0x02","{""ver"":1,""type"":1,""seq"":60651,""ts"":60,""lat"":0,""lon"":0,""alt_mm"":-80,""speed_cms"":0,""heading_cd"":59254,""pitch_cd"":-941,""roll_cd"":-129,""yaw_cd"":121,""bat_mv"":0,""status"":2}"
2026-08-12T19:46:59.703+00:00,BIN,"BIN,ver=1,type=1,seq=60771,ts=60,lat=0,lon=0,alt_mm=-100,speed_cms=0,heading_cd=59254,pitch_cd=-949,roll_cd=-115,yaw_cd=127,bat_mv=0,status=0x02","{""ver"":1,""type"":1,""seq"":60771,""ts"":60,""lat"":0,""lon"":0,""alt_mm"":-100,""speed_cms"":0,""heading_cd"":59254,""pitch_cd"":-949,""roll_cd"":-115,""yaw_cd"":127,""bat_mv"":0,""status"":2}"
2026-08-12T19:46:59.785+00:00,BIN,"BIN,ver=1,type=1,seq=60771,ts=60,lat=0,lon=0,alt_mm=-120,speed_cms=0,heading_cd=59254,pitch_cd=-952,roll_cd=-101,yaw_cd=119,bat_mv=0,status=0x02","{""ver"":1,""type"":1,""seq"":60771,""ts"":60,""lat"":0,""lon"":0,""alt_mm"":-120,""speed_cms"":0,""heading_cd"":59254,""pitch_cd"":-952,""roll_cd"":-101,""yaw_cd"":119,""bat_mv"":0,""status"":2}"
2026-08-12T19:46:59.869+00:00,BIN,"BIN,ver=1,type=1,seq=60938,ts=61,lat=0,lon=0,alt_mm=-120,speed_cms=0,heading_cd=59254,pitch_cd=-939,roll_cd=-124,yaw_cd=154,bat_mv=0,status=0x02","{""ver"":1,""type"":1,""seq"":60938,""ts"":61,""lat"":0,""lon"":0,""alt_mm"":-120,""speed_cms"":0,""heading_cd"":59254,""pitch_cd"":-939,""roll_cd"":-124,""yaw_cd"":154,""bat_mv"":0,""status"":2}"
2026-08-12T19:46:59.952+00:00,BIN,"BIN,ver=1,type=1,seq=61051,ts=61,lat=0,lon=0,alt_mm=-140,speed_cms=0,heading_cd=59254,pitch_cd=-944,roll_cd=-118,yaw_cd=115,bat_mv=0,status=0x02","{""ver"":1,""type"":1,""seq"":61051,""ts"":61,""lat"":0,""lon"":0,""alt_mm"":-140,""speed_cms"":0,""heading_cd"":59254,""pitch_cd"":-944,""roll_cd"":-118,""yaw_cd"":115,""bat_mv"":0,""status"":2}"
2026-08-12T19:47:00.036+00:00,BIN,"BIN,ver=1,type=1,seq=61051,ts=61,lat=0,lon=0,alt_mm=-140,speed_cms=0,heading_cd=59254,pitch_cd=-928,roll_cd=-104,yaw_cd=126,bat_mv=0,status=0x02","{""ver"":1,""type"":1,""seq"":61051,""ts"":61,""lat"":0,""lon"":0,""alt_mm"":-140,""speed_cms"":0,""heading_cd"":59254,""pitch_cd"":-928,""roll_cd"":-104,""yaw_cd"":126,""bat_mv"":0,""status"":2}"
2026-08-12T19:47:00.120+00:00,BIN,"BIN,ver=1,type=1,seq=61207,ts=61,lat=0,lon=0,alt_mm=-130,speed_cms=0,heading_cd=59254,pitch_cd=-947,roll_cd=-101,yaw_cd=126,bat_mv=0,status=0x02","{""ver"":1,""type"":1,""seq"":61207,""ts"":61,""lat"":0,""lon"":0,""alt_mm"":-130,""speed_cms"":0,""heading_cd"":59254,""pitch_cd"":-947,""roll_cd"":-101,""yaw_cd"":126,""bat_mv"":0,""status"":2}"
2026-08-12T19:47:00.204+00:00,BIN,"BIN,ver=1,type=1,seq=61207,ts=61,lat=0,lon=0,alt_mm=-130,speed_cms=0,heading_cd=59254,pitch_cd=-956,roll_cd=-101,yaw_cd=128,bat_mv=0,status=0x02","{""ver"":1,""type"":1,""seq"":61207,""ts"":61,""lat"":0,""lon"":0,""alt_mm"":-130,""speed_cms"":0,""heading_cd"":59254,""pitch_cd"":-956,""roll_cd"":-101,""yaw_cd"":128,""bat_mv"":0,""status"":2}"
2026-08-12T19:47:00.288+00:00,BIN,"BIN,ver=1,type=1,seq=61520,ts=61,lat=0,lon=0,alt_mm=-140,speed_cms=0,heading_cd=59254,pitch_cd=-927,roll_cd=-104,yaw_cd=134,bat_mv=0,status=0x02","{""ver"":1,""type"":1,""seq"":61520,""ts"":61,""lat"":0,""lon"":0,""alt_mm"":-140,""speed_cms"":0,""heading_cd"":59254,""pitch_cd"":-927,""roll_cd"":-104,""yaw_cd"":134,""bat_mv"":0,""status"":2}"
2026-08-12T19:47:00.372+00:00,BIN,"BIN,ver=1,type=1,seq=61520,ts=61,lat=0,lon=0,alt_mm=-140,speed_cms=0,heading_cd=59254,pitch_cd=-963,roll_cd=-131,yaw_cd=131,bat_mv=0,status=0x02","{""ver"":1,""type"":1,""seq"":61520,""ts"":61,""lat"":0,""lon"":0,""alt_mm"":-140,""speed_cms"":0,""heading_cd"":59254,""pitch_cd"":-963,""roll_cd"":-131,""yaw_cd"":131,""bat_mv"":0,""status"":2}"
2026-08-12T19:47:00.455+00:00,BIN,"BIN,ver=1,type=1,seq=61632,ts=61,lat=0,lon=0,alt_mm=-160,speed_cms=0,heading_cd=59254,pitch_cd=-963,roll_cd=-131,yaw_cd=131,bat_mv=0,status=0x02","{""ver"":1,""type"":1,""seq"":61632,""ts"":61,""lat"":0,""lon"":0,""alt_mm"":-160,""speed_cms"":0,""heading_cd"":59254,""pitch_cd"":-963,""roll_cd"":-131,""yaw_cd"":131,""bat_mv"":0,""status"":2}"
2026-08-12T19:47:00.540+00:00,BIN,"BIN,ver=1,type=1,seq=61632,ts=61,lat=0,lon=0,alt_mm=-160,speed_cms=0,heading_cd=59254,pitch_cd=-925,roll_cd=-109,yaw_cd=142,bat_mv=0,status=0x02","{""ver"":1,""type"":1,""seq"":61632,""ts"":61,""lat"":0,""lon"":0,""alt_mm"":-160,""speed_cms"":0,""heading_cd"":59254,""pitch_cd"":-925,""roll_cd"":-109,""yaw_cd"":142,""bat_mv"":0,""status"":2}"
2026-08-12T19:47:00.623+00:00,BIN,"BIN,ver=1,type=1,seq=61632,ts=61,lat=0,lon=0,alt_mm=-150,speed_cms=0,heading_cd=59254,pitch_cd=-925,roll_cd=-109,yaw_cd=142,bat_mv=0,status=0x02","{""ver"":1,""type"":1,""seq"":61632,""ts"":61,""lat"":0,""lon"":0,""alt_mm"":-150,""speed_cms"":0,""heading_cd"":59254,""pitch_cd"":-925,""roll_cd"":-109,""yaw_cd"":142,""bat_mv"":0,""status"":2}"
2026-08-12T19:47:00.707+00:00,BIN,"BIN,ver=1,type=1,seq=61747,ts=61,lat=0,lon=0,alt_mm=-150,speed_cms=0,heading_cd=59254,pitch_cd=-942,roll_cd=-100,yaw_cd=148,bat_mv=0,status=0x02","{""ver"":1,""type"":1,""seq"":61747,""ts"":61,""lat"":0,""lon"":0,""alt_mm"":-150,""speed_cms"":0,""heading_cd"":59254,""pitch_cd"":-942,""roll_cd"":-100,""yaw_cd"":148,""bat_mv"":0,""status"":2}"
2026-08-12T19:47:00.791+00:00,BIN,"BIN,ver=1,type=1,seq=61871,ts=61,lat=0,lon=0,alt_mm=-160,speed_cms=0,heading_cd=59254,pitch_cd=-947,roll_cd=-115,yaw_cd=133,bat_mv=0,status=0x02","{""ver"":1,""type"":1,""seq"":61871,""ts"":61,""lat"":0,""lon"":0,""alt_mm"":-160,""speed_cms"":0,""heading_cd"":59254,""pitch_cd"":-947,""roll_cd"":-115,""yaw_cd"":133,""bat_mv"":0,""status"":2}"
2026-08-12T19:47:00.874+00:00,BIN,"BIN,ver=1,type=1,seq=61871,ts=61,lat=0,lon=0,alt_mm=-160,speed_cms=0,heading_cd=59254,pitch_cd=-947,roll_cd=-117,yaw_cd=138,bat_mv=0,status=0x02","{""ver"":1,""type"":1,""seq"":61871,""ts"":61,""lat"":0,""lon"":0,""alt_mm"":-160,""speed_cms"":0,""heading_cd"":59254,""pitch_cd"":-947,""roll_cd"":-117,""yaw_cd"":138,""bat_mv"":0,""status"":2}"
2026-08-12T19:47:00.958+00:00,BIN,"BIN,ver=1,type=1,seq=62038,ts=62,lat=0,lon=0,alt_mm=-220,speed_cms=0,heading_cd=59254,pitch_cd=-953,roll_cd=-110,yaw_cd=152,bat_mv=0,status=0x02","{""ver"":1,""type"":1,""seq"":62038,""ts"":62,""lat"":0,""lon"":0,""alt_mm"":-220,""speed_cms"":0,""heading_cd"":59254,""pitch_cd"":-953,""roll_cd"":-110,""yaw_cd"":152,""bat_mv"":0,""status"":2}"
2026-08-12T19:47:01.043+00:00,BIN,"BIN,ver=1,type=1,seq=62038,ts=62,lat=0,lon=0,alt_mm=-260,speed_cms=0,heading_cd=59254,pitch_cd=-940,roll_cd=-100,yaw_cd=139,bat_mv=0,status=0x02","{""ver"":1,""type"":1,""seq"":62038,""ts"":62,""lat"":0,""lon"":0,""alt_mm"":-260,""speed_cms"":0,""heading_cd"":59254,""pitch_cd"":-940,""roll_cd"":-100,""yaw_cd"":139,""bat_mv"":0,""status"":2}"
2026-08-12T19:47:01.126+00:00,BIN,"BIN,ver=1,type=1,seq=62151,ts=62,lat=0,lon=0,alt_mm=-260,speed_cms=0,heading_cd=59254,pitch_cd=-952,roll_cd=-101,yaw_cd=141,bat_mv=0,status=0x02","{""ver"":1,""type"":1,""seq"":62151,""ts"":62,""lat"":0,""lon"":0,""alt_mm"":-260,""speed_cms"":0,""heading_cd"":59254,""pitch_cd"":-952,""roll_cd"":-101,""yaw_cd"":141,""bat_mv"":0,""status"":2}"
2026-08-12T19:47:01.209+00:00,BIN,"BIN,ver=1,type=1,seq=62309,ts=62,lat=0,lon=0,alt_mm=-160,speed_cms=0,heading_cd=59254,pitch_cd=-942,roll_cd=-139,yaw_cd=145,bat_mv=0,status=0x02","{""ver"":1,""type"":1,""seq"":62309,""ts"":62,""lat"":0,""lon"":0,""alt_mm"":-160,""speed_cms"":0,""heading_cd"":59254,""pitch_cd"":-942,""roll_cd"":-139,""yaw_cd"":145,""bat_mv"":0,""status"":2}"
2026-08-12T19:47:01.293+00:00,BIN,"BIN,ver=1,type=1,seq=62431,ts=62,lat=0,lon=0,alt_mm=-160,speed_cms=0,heading_cd=59254,pitch_cd=-947,roll_cd=-139,yaw_cd=136,bat_mv=0,status=0x02","{""ver"":1,""type"":1,""seq"":62431,""ts"":62,""lat"":0,""lon"":0,""alt_mm"":-160,""speed_cms"":0,""heading_cd"":59254,""pitch_cd"":-947,""roll_cd"":-139,""yaw_cd"":136,""bat_mv"":0,""status"":2}"
2026-08-12T19:47:01.379+00:00,BIN,"BIN,ver=1,type=1,seq=62431,ts=62,lat=0,lon=0,alt_mm=-230,speed_cms=0,heading_cd=59254,pitch_cd=-942,roll_cd=-136,yaw_cd=137,bat_mv=0,status=0x02","{""ver"":1,""type"":1,""seq"":62431,""ts"":62,""lat"":0,""lon"":0,""alt_mm"":-230,""speed_cms"":0,""heading_cd"":59254,""pitch_cd"":-942,""roll_cd"":-136,""yaw_cd"":137,""bat_mv"":0,""status"":2}"
2026-08-12T19:47:01.461+00:00,BIN,"BIN,ver=1,type=1,seq=62588,ts=62,lat=0,lon=0,alt_mm=-230,speed_cms=0,heading_cd=59254,pitch_cd=-942,roll_cd=-136,yaw_cd=137,bat_mv=0,status=0x02","{""ver"":1,""type"":1,""seq"":62588,""ts"":62,""lat"":0,""lon"":0,""alt_mm"":-230,""speed_cms"":0,""heading_cd"":59254,""pitch_cd"":-942,""roll_cd"":-136,""yaw_cd"":137,""bat_mv"":0,""status"":2}"
2026-08-12T19:47:01.546+00:00,BIN,"BIN,ver=1,type=1,seq=62588,ts=62,lat=0,lon=0,alt_mm=-230,speed_cms=0,heading_cd=59254,pitch_cd=-942,roll_cd=-136,yaw_cd=137,bat_mv=0,status=0x02","{""ver"":1,""type"":1,""seq"":62588,""ts"":62,""lat"":0,""lon"":0,""alt_mm"":-230,""speed_cms"":0,""heading_cd"":59254,""pitch_cd"":-942,""roll_cd"":-136,""yaw_cd"":137,""bat_mv"":0,""status"":2}"
2026-08-12T19:47:01.630+00:00,BIN,"BIN,ver=1,type=1,seq=62588,ts=62,lat=0,lon=0,alt_mm=-220,speed_cms=0,heading_cd=59254,pitch_cd=-942,roll_cd=-137,yaw_cd=137,bat_mv=0,status=0x02","{""ver"":1,""type"":1,""seq"":62588,""ts"":62,""lat"":0,""lon"":0,""alt_mm"":-220,""speed_cms"":0,""heading_cd"":59254,""pitch_cd"":-942,""roll_cd"":-137,""yaw_cd"":137,""bat_mv"":0,""status"":2}"
2026-08-12T19:47:01.714+00:00,BIN,"BIN,ver=1,type=1,seq=62711,ts=62,lat=0,lon=0,alt_mm=-220,speed_cms=0,heading_cd=59254,pitch_cd=-943,roll_cd=-113,yaw_cd=145,bat_mv=0,status=0x02","{""ver"":1,""type"":1,""seq"":62711,""ts"":62,""lat"":0,""lon"":0,""alt_mm"":-220,""speed_cms"":0,""heading_cd"":59254,""pitch_cd"":-943,""roll_cd"":-113,""yaw_cd"":145,""bat_mv"":0,""status"":2}"
2026-08-12T19:47:01.797+00:00,BIN,"BIN,ver=1,type=1,seq=62924,ts=62,lat=0,lon=0,alt_mm=-160,speed_cms=0,heading_cd=59254,pitch_cd=-933,roll_cd=-137,yaw_cd=151,bat_mv=0,status=0x02","{""ver"":1,""type"":1,""seq"":62924,""ts"":62,""lat"":0,""lon"":0,""alt_mm"":-160,""speed_cms"":0,""heading_cd"":59254,""pitch_cd"":-933,""roll_cd"":-137,""yaw_cd"":151,""bat_mv"":0,""status"":2}"
2026-08-12T19:47:01.881+00:00,BIN,"BIN,ver=1,type=1,seq=62924,ts=63,lat=0,lon=0,alt_mm=-180,speed_cms=0,heading_cd=59254,pitch_cd=-942,roll_cd=-141,yaw_cd=158,bat_mv=0,status=0x02","{""ver"":1,""type"":1,""seq"":62924,""ts"":63,""lat"":0,""lon"":0,""alt_mm"":-180,""speed_cms"":0,""heading_cd"":59254,""pitch_cd"":-942,""roll_cd"":-141,""yaw_cd"":158,""bat_mv"":0,""status"":2}"
2026-08-12T19:47:01.964+00:00,BIN,"BIN,ver=1,type=1,seq=63031,ts=63,lat=0,lon=0,alt_mm=-180,speed_cms=0,heading_cd=59254,pitch_cd=-929,roll_cd=-180,yaw_cd=163,bat_mv=0,status=0x02","{""ver"":1,""type"":1,""seq"":63031,""ts"":63,""lat"":0,""lon"":0,""alt_mm"":-180,""speed_cms"":0,""heading_cd"":59254,""pitch_cd"":-929,""roll_cd"":-180,""yaw_cd"":163,""bat_mv"":0,""status"":2}"
2026-08-12T19:47:02.049+00:00,BIN,"BIN,ver=1,type=1,seq=63170,ts=63,lat=0,lon=0,alt_mm=-150,speed_cms=0,heading_cd=59254,pitch_cd=-941,roll_cd=-151,yaw_cd=157,bat_mv=0,status=0x02","{""ver"":1,""type"":1,""seq"":63170,""ts"":63,""lat"":0,""lon"":0,""alt_mm"":-150,""speed_cms"":0,""heading_cd"":59254,""pitch_cd"":-941,""roll_cd"":-151,""yaw_cd"":157,""bat_mv"":0,""status"":2}"
2026-08-12T19:47:02.133+00:00,BIN,"BIN,ver=1,type=1,seq=63170,ts=63,lat=0,lon=0,alt_mm=-110,speed_cms=0,heading_cd=59254,pitch_cd=-938,roll_cd=-135,yaw_cd=151,bat_mv=0,status=0x02","{""ver"":1,""type"":1,""seq"":63170,""ts"":63,""lat"":0,""lon"":0,""alt_mm"":-110,""speed_cms"":0,""heading_cd"":59254,""pitch_cd"":-938,""roll_cd"":-135,""yaw_cd"":151,""bat_mv"":0,""status"":2}"
2026-08-12T19:47:02.217+00:00,BIN,"BIN,ver=1,type=1,seq=63291,ts=63,lat=0,lon=0,alt_mm=-120,speed_cms=0,heading_cd=59254,pitch_cd=-936,roll_cd=-120,yaw_cd=151,bat_mv=0,status=0x02","{""ver"":1,""type"":1,""seq"":63291,""ts"":63,""lat"":0,""lon"":0,""alt_mm"":-120,""speed_cms"":0,""heading_cd"":59254,""pitch_cd"":-936,""roll_cd"":-120,""yaw_cd"":151,""bat_mv"":0,""status"":2}"
2026-08-12T19:47:02.301+00:00,BIN,"BIN,ver=1,type=1,seq=63531,ts=63,lat=0,lon=0,alt_mm=-130,speed_cms=0,heading_cd=59254,pitch_cd=-939,roll_cd=-115,yaw_cd=161,bat_mv=0,status=0x02","{""ver"":1,""type"":1,""seq"":63531,""ts"":63,""lat"":0,""lon"":0,""alt_mm"":-130,""speed_cms"":0,""heading_cd"":59254,""pitch_cd"":-939,""roll_cd"":-115,""yaw_cd"":161,""bat_mv"":0,""status"":2}"
2026-08-12T19:47:02.386+00:00,BIN,"BIN,ver=1,type=1,seq=63531,ts=63,lat=0,lon=0,alt_mm=-130,speed_cms=0,heading_cd=59254,pitch_cd=-939,roll_cd=-115,yaw_cd=161,bat_mv=0,status=0x02","{""ver"":1,""type"":1,""seq"":63531,""ts"":63,""lat"":0,""lon"":0,""alt_mm"":-130,""speed_cms"":0,""heading_cd"":59254,""pitch_cd"":-939,""roll_cd"":-115,""yaw_cd"":161,""bat_mv"":0,""status"":2}"
2026-08-12T19:47:02.468+00:00,BIN,"BIN,ver=1,type=1,seq=63531,ts=63,lat=0,lon=0,alt_mm=-130,speed_cms=0,heading_cd=59254,pitch_cd=-942,roll_cd=-141,yaw_cd=153,bat_mv=0,status=0x02","{""ver"":1,""type"":1,""seq"":63531,""ts"":63,""lat"":0,""lon"":0,""alt_mm"":-130,""speed_cms"":0,""heading_cd"":59254,""pitch_cd"":-942,""roll_cd"":-141,""yaw_cd"":153,""bat_mv"":0,""status"":2}"
2026-08-12T19:47:02.554+00:00,BIN,"BIN,ver=1,type=1,seq=63690,ts=63,lat=0,lon=0,alt_mm=-120,speed_cms=0,heading_cd=59254,pitch_cd=-935,roll_cd=-140,yaw_cd=160,bat_mv=0,status=0x02","{""ver"":1,""type"":1,""seq"":63690,""ts"":63,""lat"":0,""lon"":0,""alt_mm"":-120,""speed_cms"":0,""heading_cd"":59254,""pitch_cd"":-935,""roll_cd"":-140,""yaw_cd"":160,""bat_mv"":0,""status"":2}"
2026-08-12T19:47:02.637+00:00,BIN,"BIN,ver=1,type=1,seq=63690,ts=63,lat=0,lon=0,alt_mm=-120,speed_cms=0,heading_cd=59254,pitch_cd=-933,roll_cd=-148,yaw_cd=166,bat_mv=0,status=0x02","{""ver"":1,""type"":1,""seq"":63690,""ts"":63,""lat"":0,""lon"":0,""alt_mm"":-120,""speed_cms"":0,""heading_cd"":59254,""pitch_cd"":-933,""roll_cd"":-148,""yaw_cd"":166,""bat_mv"":0,""status"":2}"
2026-08-12T19:47:02.721+00:00,BIN,"BIN,ver=1,type=1,seq=63811,ts=63,lat=0,lon=0,alt_mm=-120,speed_cms=0,heading_cd=59254,pitch_cd=-933,roll_cd=-148,yaw_cd=166,bat_mv=0,status=0x02","{""ver"":1,""type"":1,""seq"":63811,""ts"":63,""lat"":0,""lon"":0,""alt_mm"":-120,""speed_cms"":0,""heading_cd"":59254,""pitch_cd"":-933,""roll_cd"":-148,""yaw_cd"":166,""bat_mv"":0,""status"":2}"
2026-08-12T19:47:02.804+00:00,BIN,"BIN,ver=1,type=1,seq=63811,ts=63,lat=0,lon=0,alt_mm=-120,speed_cms=0,heading_cd=59254,pitch_cd=-938,roll_cd=-158,yaw_cd=160,bat_mv=0,status=0x02","{""ver"":1,""type"":1,""seq"":63811,""ts"":63,""lat"":0,""lon"":0,""alt_mm"":-120,""speed_cms"":0,""heading_cd"":59254,""pitch_cd"":-938,""roll_cd"":-158,""yaw_cd"":160,""bat_mv"":0,""status"":2}"
2026-08-12T19:47:02.888+00:00,BIN,"BIN,ver=1,type=1,seq=63966,ts=64,lat=0,lon=0,alt_mm=-130,speed_cms=0,heading_cd=59254,pitch_cd=-936,roll_cd=-153,yaw_cd=143,bat_mv=0,status=0x02","{""ver"":1,""type"":1,""seq"":63966,""ts"":64,""lat"":0,""lon"":0,""alt_mm"":-130,""speed_cms"":0,""heading_cd"":59254,""pitch_cd"":-936,""roll_cd"":-153,""yaw_cd"":143,""bat_mv"":0,""status"":2}"
2026-08-12T19:47:02.973+00:00,BIN,"BIN,ver=1,type=1,seq=63966,ts=64,lat=0,lon=0,alt_mm=-120,speed_cms=0,heading_cd=59254,pitch_cd=-940,roll_cd=-134,yaw_cd=162,bat_mv=0,status=0x02","{""ver"":1,""type"":1,""seq"":63966,""ts"":64,""lat"":0,""lon"":0,""alt_mm"":-120,""speed_cms"":0,""heading_cd"":59254,""pitch_cd"":-940,""roll_cd"":-134,""yaw_cd"":162,""bat_mv"":0,""status"":2}"
2026-08-12T19:47:03.057+00:00,BIN,"BIN,ver=1,type=1,seq=64091,ts=64,lat=0,lon=0,alt_mm=-120,speed_cms=0,heading_cd=59254,pitch_cd=-942,roll_cd=-128,yaw_cd=137,bat_mv=0,status=0x02","{""ver"":1,""type"":1,""seq"":64091,""ts"":64,""lat"":0,""lon"":0,""alt_mm"":-120,""speed_cms"":0,""heading_cd"":59254,""pitch_cd"":-942,""roll_cd"":-128,""yaw_cd"":137,""bat_mv"":0,""status"":2}"
2026-08-12T19:47:03.141+00:00,BIN,"BIN,ver=1,type=1,seq=64258,ts=64,lat=0,lon=0,alt_mm=-130,speed_cms=0,heading_cd=59254,pitch_cd=-940,roll_cd=-154,yaw_cd=137,bat_mv=0,status=0x02","{""ver"":1,""type"":1,""seq"":64258,""ts"":64,""lat"":0,""lon"":0,""alt_mm"":-130,""speed_cms"":0,""heading_cd"":59254,""pitch_cd"":-940,""roll_cd"":-154,""yaw_cd"":137,""bat_mv"":0,""status"":2}"
2026-08-12T19:47:03.224+00:00,BIN,"BIN,ver=1,type=1,seq=64258,ts=64,lat=0,lon=0,alt_mm=-140,speed_cms=0,heading_cd=59254,pitch_cd=-930,roll_cd=-123,yaw_cd=186,bat_mv=0,status=0x02","{""ver"":1,""type"":1,""seq"":64258,""ts"":64,""lat"":0,""lon"":0,""alt_mm"":-140,""speed_cms"":0,""heading_cd"":59254,""pitch_cd"":-930,""roll_cd"":-123,""yaw_cd"":186,""bat_mv"":0,""status"":2}"
2026-08-12T19:47:03.308+00:00,BIN,"BIN,ver=1,type=1,seq=64527,ts=64,lat=0,lon=0,alt_mm=-110,speed_cms=0,heading_cd=59254,pitch_cd=-940,roll_cd=-140,yaw_cd=170,bat_mv=0,status=0x02","{""ver"":1,""type"":1,""seq"":64527,""ts"":64,""lat"":0,""lon"":0,""alt_mm"":-110,""speed_cms"":0,""heading_cd"":59254,""pitch_cd"":-940,""roll_cd"":-140,""yaw_cd"":170,""bat_mv"":0,""status"":2}"
2026-08-12T19:47:03.392+00:00,BIN,"BIN,ver=1,type=1,seq=64527,ts=64,lat=0,lon=0,alt_mm=-110,speed_cms=0,heading_cd=59254,pitch_cd=-973,roll_cd=-177,yaw_cd=77,bat_mv=0,status=0x02","{""ver"":1,""type"":1,""seq"":64527,""ts"":64,""lat"":0,""lon"":0,""alt_mm"":-110,""speed_cms"":0,""heading_cd"":59254,""pitch_cd"":-973,""roll_cd"":-177,""yaw_cd"":77,""bat_mv"":0,""status"":2}"
2026-08-12T19:47:03.477+00:00,BIN,"BIN,ver=1,type=1,seq=64527,ts=64,lat=0,lon=0,alt_mm=-110,speed_cms=0,heading_cd=59254,pitch_cd=-973,roll_cd=-177,yaw_cd=77,bat_mv=0,status=0x02","{""ver"":1,""type"":1,""seq"":64527,""ts"":64,""lat"":0,""lon"":0,""alt_mm"":-110,""speed_cms"":0,""heading_cd"":59254,""pitch_cd"":-973,""roll_cd"":-177,""yaw_cd"":77,""bat_mv"":0,""status"":2}"
2026-08-12T19:47:03.562+00:00,BIN,"BIN,ver=1,type=1,seq=64652,ts=64,lat=0,lon=0,alt_mm=-100,speed_cms=0,heading_cd=59254,pitch_cd=-973,roll_cd=-177,yaw_cd=77,bat_mv=0,status=0x02","{""ver"":1,""type"":1,""seq"":64652,""ts"":64,""lat"":0,""lon"":0,""alt_mm"":-100,""speed_cms"":0,""heading_cd"":59254,""pitch_cd"":-973,""roll_cd"":-177,""yaw_cd"":77,""bat_mv"":0,""status"":2}"
2026-08-12T19:47:03.646+00:00,BIN,"BIN,ver=1,type=1,seq=64652,ts=64,lat=0,lon=0,alt_mm=-100,speed_cms=0,heading_cd=59254,pitch_cd=-925,roll_cd=-113,yaw_cd=108,bat_mv=0,status=0x02","{""ver"":1,""type"":1,""seq"":64652,""ts"":64,""lat"":0,""lon"":0,""alt_mm"":-100,""speed_cms"":0,""heading_cd"":59254,""pitch_cd"":-925,""roll_cd"":-113,""yaw_cd"":108,""bat_mv"":0,""status"":2}"
2026-08-12T19:47:03.730+00:00,BIN,"BIN,ver=1,type=1,seq=64807,ts=64,lat=0,lon=0,alt_mm=-110,speed_cms=0,heading_cd=59254,pitch_cd=-934,roll_cd=-109,yaw_cd=143,bat_mv=0,status=0x02","{""ver"":1,""type"":1,""seq"":64807,""ts"":64,""lat"":0,""lon"":0,""alt_mm"":-110,""speed_cms"":0,""heading_cd"":59254,""pitch_cd"":-934,""roll_cd"":-109,""yaw_cd"":143,""bat_mv"":0,""status"":2}"
2026-08-12T19:47:03.814+00:00,BIN,"BIN,ver=1,type=1,seq=64807,ts=64,lat=0,lon=0,alt_mm=-120,speed_cms=0,heading_cd=59254,pitch_cd=-933,roll_cd=-69,yaw_cd=176,bat_mv=0,status=0x02","{""ver"":1,""type"":1,""seq"":64807,""ts"":64,""lat"":0,""lon"":0,""alt_mm"":-120,""speed_cms"":0,""heading_cd"":59254,""pitch_cd"":-933,""roll_cd"":-69,""yaw_cd"":176,""bat_mv"":0,""status"":2}"
2026-08-12T19:47:03.898+00:00,BIN,"BIN,ver=1,type=1,seq=64931,ts=65,lat=0,lon=0,alt_mm=-120,speed_cms=0,heading_cd=59254,pitch_cd=-912,roll_cd=-171,yaw_cd=91,bat_mv=0,status=0x02","{""ver"":1,""type"":1,""seq"":64931,""ts"":65,""lat"":0,""lon"":0,""alt_mm"":-120,""speed_cms"":0,""heading_cd"":59254,""pitch_cd"":-912,""roll_cd"":-171,""yaw_cd"":91,""bat_mv"":0,""status"":2}"
2026-08-12T19:47:03.981+00:00,BIN,"BIN,ver=1,type=1,seq=65087,ts=65,lat=0,lon=0,alt_mm=-100,speed_cms=0,heading_cd=59254,pitch_cd=-919,roll_cd=-267,yaw_cd=61,bat_mv=0,status=0x02","{""ver"":1,""type"":1,""seq"":65087,""ts"":65,""lat"":0,""lon"":0,""alt_mm"":-100,""speed_cms"":0,""heading_cd"":59254,""pitch_cd"":-919,""roll_cd"":-267,""yaw_cd"":61,""bat_mv"":0,""status"":2}"
2026-08-12T19:47:04.066+00:00,BIN,"BIN,ver=1,type=1,seq=65087,ts=65,lat=0,lon=0,alt_mm=-100,speed_cms=0,heading_cd=59254,pitch_cd=-923,roll_cd=-264,yaw_cd=42,bat_mv=0,status=0x02","{""ver"":1,""type"":1,""seq"":65087,""ts"":65,""lat"":0,""lon"":0,""alt_mm"":-100,""speed_cms"":0,""heading_cd"":59254,""pitch_cd"":-923,""roll_cd"":-264,""yaw_cd"":42,""bat_mv"":0,""status"":2}"
2026-08-12T19:47:04.150+00:00,BIN,"BIN,ver=1,type=1,seq=65211,ts=65,lat=0,lon=0,alt_mm=-130,speed_cms=0,heading_cd=59254,pitch_cd=-937,roll_cd=-166,yaw_cd=18,bat_mv=0,status=0x02","{""ver"":1,""type"":1,""seq"":65211,""ts"":65,""lat"":0,""lon"":0,""alt_mm"":-130,""speed_cms"":0,""heading_cd"":59254,""pitch_cd"":-937,""roll_cd"":-166,""yaw_cd"":18,""bat_mv"":0,""status"":2}"
2026-08-12T19:47:04.232+00:00,BIN,"BIN,ver=1,type=1,seq=65381,ts=65,lat=0,lon=0,alt_mm=-130,speed_cms=0,heading_cd=59254,pitch_cd=-926,roll_cd=-199,yaw_cd=58,bat_mv=0,status=0x02","{""ver"":1,""type"":1,""seq"":65381,""ts"":65,""lat"":0,""lon"":0,""alt_mm"":-130,""speed_cms"":0,""heading_cd"":59254,""pitch_cd"":-926,""roll_cd"":-199,""yaw_cd"":58,""bat_mv"":0,""status"":2}"
2026-08-12T19:47:04.317+00:00,BIN,"BIN,ver=1,type=1,seq=65491,ts=65,lat=0,lon=0,alt_mm=-130,speed_cms=0,heading_cd=59254,pitch_cd=-963,roll_cd=-145,yaw_cd=47,bat_mv=0,status=0x02","{""ver"":1,""type"":1,""seq"":65491,""ts"":65,""lat"":0,""lon"":0,""alt_mm"":-130,""speed_cms"":0,""heading_cd"":59254,""pitch_cd"":-963,""roll_cd"":-145,""yaw_cd"":47,""bat_mv"":0,""status"":2}"
2026-08-12T19:47:04.403+00:00,BIN,"BIN,ver=1,type=1,seq=65491,ts=65,lat=0,lon=0,alt_mm=-130,speed_cms=0,heading_cd=59254,pitch_cd=-963,roll_cd=-145,yaw_cd=47,bat_mv=0,status=0x02","{""ver"":1,""type"":1,""seq"":65491,""ts"":65,""lat"":0,""lon"":0,""alt_mm"":-130,""speed_cms"":0,""heading_cd"":59254,""pitch_cd"":-963,""roll_cd"":-145,""yaw_cd"":47,""bat_mv"":0,""status"":2}"
2026-08-12T19:47:04.486+00:00,BIN,"BIN,ver=1,type=1,seq=65491,ts=65,lat=0,lon=0,alt_mm=-140,speed_cms=0,heading_cd=59254,pitch_cd=-963,roll_cd=-145,yaw_cd=47,bat_mv=0,status=0x02","{""ver"":1,""type"":1,""seq"":65491,""ts"":65,""lat"":0,""lon"":0,""alt_mm"":-140,""speed_cms"":0,""heading_cd"":59254,""pitch_cd"":-963,""roll_cd"":-145,""yaw_cd"":47,""bat_mv"":0,""status"":2}"
2026-08-12T19:47:04.569+00:00,BIN,"BIN,ver=1,type=1,seq=112,ts=65,lat=0,lon=0,alt_mm=-140,speed_cms=0,heading_cd=59254,pitch_cd=-961,roll_cd=-160,yaw_cd=55,bat_mv=0,status=0x02","{""ver"":1,""type"":1,""seq"":112,""ts"":65,""lat"":0,""lon"":0,""alt_mm"":-140,""speed_cms"":0,""heading_cd"":59254,""pitch_cd"":-961,""roll_cd"":-160,""yaw_cd"":55,""bat_mv"":0,""status"":2}"
2026-08-12T19:47:04.656+00:00,BIN,"BIN,ver=1,type=1,seq=112,ts=65,lat=0,lon=0,alt_mm=-120,speed_cms=0,heading_cd=59254,pitch_cd=-937,roll_cd=-134,yaw_cd=65,bat_mv=0,status=0x02","{""ver"":1,""type"":1,""seq"":112,""ts"":65,""lat"":0,""lon"":0,""alt_mm"":-120,""speed_cms"":0,""heading_cd"":59254,""pitch_cd"":-937,""roll_cd"":-134,""yaw_cd"":65,""bat_mv"":0,""status"":2}"
2026-08-12T19:47:04.739+00:00,BIN,"BIN,ver=1,type=1,seq=235,ts=65,lat=0,lon=0,alt_mm=-120,speed_cms=0,heading_cd=59254,pitch_cd=-949,roll_cd=-136,yaw_cd=24,bat_mv=0,status=0x02","{""ver"":1,""type"":1,""seq"":235,""ts"":65,""lat"":0,""lon"":0,""alt_mm"":-120,""speed_cms"":0,""heading_cd"":59254,""pitch_cd"":-949,""roll_cd"":-136,""yaw_cd"":24,""bat_mv"":0,""status"":2}"
2026-08-12T19:47:04.822+00:00,BIN,"BIN,ver=1,type=1,seq=390,ts=65,lat=0,lon=0,alt_mm=-20,speed_cms=0,heading_cd=59254,pitch_cd=-954,roll_cd=-102,yaw_cd=77,bat_mv=0,status=0x02","{""ver"":1,""type"":1,""seq"":390,""ts"":65,""lat"":0,""lon"":0,""alt_mm"":-20,""speed_cms"":0,""heading_cd"":59254,""pitch_cd"":-954,""roll_cd"":-102,""yaw_cd"":77,""bat_mv"":0,""status"":2}"
2026-08-12T19:47:04.907+00:00,BIN,"BIN,ver=1,type=1,seq=390,ts=66,lat=0,lon=0,alt_mm=-20,speed_cms=0,heading_cd=59254,pitch_cd=-936,roll_cd=-70,yaw_cd=34,bat_mv=0,status=0x02","{""ver"":1,""type"":1,""seq"":390,""ts"":66,""lat"":0,""lon"":0,""alt_mm"":-20,""speed_cms"":0,""heading_cd"":59254,""pitch_cd"":-936,""roll_cd"":-70,""yaw_cd"":34,""bat_mv"":0,""status"":2}"
2026-08-12T19:47:04.990+00:00,BIN,"BIN,ver=1,type=1,seq=515,ts=66,lat=0,lon=0,alt_mm=130,speed_cms=0,heading_cd=59254,pitch_cd=-1048,roll_cd=-66,yaw_cd=123,bat_mv=0,status=0x02","{""ver"":1,""type"":1,""seq"":515,""ts"":66,""lat"":0,""lon"":0,""alt_mm"":130,""speed_cms"":0,""heading_cd"":59254,""pitch_cd"":-1048,""roll_cd"":-66,""yaw_cd"":123,""bat_mv"":0,""status"":2}"
2026-08-12T19:47:05.072+00:00,BIN,"BIN,ver=1,type=1,seq=515,ts=66,lat=0,lon=0,alt_mm=310,speed_cms=0,heading_cd=59254,pitch_cd=-1048,roll_cd=-66,yaw_cd=123,bat_mv=0,status=0x02","{""ver"":1,""type"":1,""seq"":515,""ts"":66,""lat"":0,""lon"":0,""alt_mm"":310,""speed_cms"":0,""heading_cd"":59254,""pitch_cd"":-1048,""roll_cd"":-66,""yaw_cd"":123,""bat_mv"":0,""status"":2}"
2026-08-12T19:47:05.156+00:00,BIN,"BIN,ver=1,type=1,seq=682,ts=66,lat=0,lon=0,alt_mm=310,speed_cms=0,heading_cd=59254,pitch_cd=-996,roll_cd=53,yaw_cd=10,bat_mv=0,status=0x02","{""ver"":1,""type"":1,""seq"":682,""ts"":66,""lat"":0,""lon"":0,""alt_mm"":310,""speed_cms"":0,""heading_cd"":59254,""pitch_cd"":-996,""roll_cd"":53,""yaw_cd"":10,""bat_mv"":0,""status"":2}"
2026-08-12T19:47:05.238+00:00,BIN,"BIN,ver=1,type=1,seq=795,ts=66,lat=0,lon=0,alt_mm=550,speed_cms=0,heading_cd=59254,pitch_cd=-947,roll_cd=-133,yaw_cd=37,bat_mv=0,status=0x02","{""ver"":1,""type"":1,""seq"":795,""ts"":66,""lat"":0,""lon"":0,""alt_mm"":550,""speed_cms"":0,""heading_cd"":59254,""pitch_cd"":-947,""roll_cd"":-133,""yaw_cd"":37,""bat_mv"":0,""status"":2}"
2026-08-12T19:47:05.325+00:00,BIN,"BIN,ver=1,type=1,seq=951,ts=66,lat=0,lon=0,alt_mm=550,speed_cms=0,heading_cd=59254,pitch_cd=-947,roll_cd=-133,yaw_cd=37,bat_mv=0,status=0x02","{""ver"":1,""type"":1,""seq"":951,""ts"":66,""lat"":0,""lon"":0,""alt_mm"":550,""speed_cms"":0,""heading_cd"":59254,""pitch_cd"":-947,""roll_cd"":-133,""yaw_cd"":37,""bat_mv"":0,""status"":2}"
2026-08-12T19:47:05.408+00:00,BIN,"BIN,ver=1,type=1,seq=951,ts=66,lat=0,lon=0,alt_mm=550,speed_cms=0,heading_cd=59254,pitch_cd=-988,roll_cd=-136,yaw_cd=-2,bat_mv=0,status=0x02","{""ver"":1,""type"":1,""seq"":951,""ts"":66,""lat"":0,""lon"":0,""alt_mm"":550,""speed_cms"":0,""heading_cd"":59254,""pitch_cd"":-988,""roll_cd"":-136,""yaw_cd"":-2,""bat_mv"":0,""status"":2}"
2026-08-12T19:47:05.493+00:00,BIN,"BIN,ver=1,type=1,seq=1076,ts=66,lat=0,lon=0,alt_mm=660,speed_cms=0,heading_cd=59254,pitch_cd=-988,roll_cd=-136,yaw_cd=-2,bat_mv=0,status=0x02","{""ver"":1,""type"":1,""seq"":1076,""ts"":66,""lat"":0,""lon"":0,""alt_mm"":660,""speed_cms"":0,""heading_cd"":59254,""pitch_cd"":-988,""roll_cd"":-136,""yaw_cd"":-2,""bat_mv"":0,""status"":2}"
2026-08-12T19:47:05.576+00:00,BIN,"BIN,ver=1,type=1,seq=1076,ts=66,lat=0,lon=0,alt_mm=660,speed_cms=0,heading_cd=59254,pitch_cd=-973,roll_cd=-75,yaw_cd=78,bat_mv=0,status=0x02","{""ver"":1,""type"":1,""seq"":1076,""ts"":66,""lat"":0,""lon"":0,""alt_mm"":660,""speed_cms"":0,""heading_cd"":59254,""pitch_cd"":-973,""roll_cd"":-75,""yaw_cd"":78,""bat_mv"":0,""status"":2}"
2026-08-12T19:47:05.659+00:00,BIN,"BIN,ver=1,type=1,seq=1231,ts=66,lat=0,lon=0,alt_mm=700,speed_cms=0,heading_cd=59254,pitch_cd=-948,roll_cd=-33,yaw_cd=183,bat_mv=0,status=0x02","{""ver"":1,""type"":1,""seq"":1231,""ts"":66,""lat"":0,""lon"":0,""alt_mm"":700,""speed_cms"":0,""heading_cd"":59254,""pitch_cd"":-948,""roll_cd"":-33,""yaw_cd"":183,""bat_mv"":0,""status"":2}"
2026-08-12T19:47:05.745+00:00,BIN,"BIN,ver=1,type=1,seq=1231,ts=66,lat=0,lon=0,alt_mm=700,speed_cms=0,heading_cd=59254,pitch_cd=-1047,roll_cd=-34,yaw_cd=198,bat_mv=0,status=0x02","{""ver"":1,""type"":1,""seq"":1231,""ts"":66,""lat"":0,""lon"":0,""alt_mm"":700,""speed_cms"":0,""heading_cd"":59254,""pitch_cd"":-1047,""roll_cd"":-34,""yaw_cd"":198,""bat_mv"":0,""status"":2}"
2026-08-12T19:47:05.829+00:00,BIN,"BIN,ver=1,type=1,seq=1355,ts=67,lat=0,lon=0,alt_mm=750,speed_cms=0,heading_cd=59254,pitch_cd=-1168,roll_cd=-233,yaw_cd=52,bat_mv=0,status=0x02","{""ver"":1,""type"":1,""seq"":1355,""ts"":67,""lat"":0,""lon"":0,""alt_mm"":750,""speed_cms"":0,""heading_cd"":59254,""pitch_cd"":-1168,""roll_cd"":-233,""yaw_cd"":52,""bat_mv"":0,""status"":2}"
2026-08-12T19:47:05.912+00:00,BIN,"BIN,ver=1,type=1,seq=1355,ts=67,lat=0,lon=0,alt_mm=780,speed_cms=0,heading_cd=59254,pitch_cd=-1168,roll_cd=-233,yaw_cd=52,bat_mv=0,status=0x02","{""ver"":1,""type"":1,""seq"":1355,""ts"":67,""lat"":0,""lon"":0,""alt_mm"":780,""speed_cms"":0,""heading_cd"":59254,""pitch_cd"":-1168,""roll_cd"":-233,""yaw_cd"":52,""bat_mv"":0,""status"":2}"
2026-08-12T19:47:05.996+00:00,BIN,"BIN,ver=1,type=1,seq=1525,ts=67,lat=0,lon=0,alt_mm=780,speed_cms=0,heading_cd=59254,pitch_cd=-1068,roll_cd=-338,yaw_cd=-397,bat_mv=0,status=0x02","{""ver"":1,""type"":1,""seq"":1525,""ts"":67,""lat"":0,""lon"":0,""alt_mm"":780,""speed_cms"":0,""heading_cd"":59254,""pitch_cd"":-1068,""roll_cd"":-338,""yaw_cd"":-397,""bat_mv"":0,""status"":2}"
2026-08-12T19:47:06.080+00:00,BIN,"BIN,ver=1,type=1,seq=1635,ts=67,lat=0,lon=0,alt_mm=810,speed_cms=0,heading_cd=59254,pitch_cd=-736,roll_cd=139,yaw_cd=221,bat_mv=0,status=0x02","{""ver"":1,""type"":1,""seq"":1635,""ts"":67,""lat"":0,""lon"":0,""alt_mm"":810,""speed_cms"":0,""heading_cd"":59254,""pitch_cd"":-736,""roll_cd"":139,""yaw_cd"":221,""bat_mv"":0,""status"":2}"
2026-08-12T19:47:06.331+00:00,BIN,"BIN,ver=1,type=1,seq=1915,ts=67,lat=0,lon=0,alt_mm=770,speed_cms=0,heading_cd=59254,pitch_cd=-774,roll_cd=-176,yaw_cd=-750,bat_mv=0,status=0x02","{""ver"":1,""type"":1,""seq"":1915,""ts"":67,""lat"":0,""lon"":0,""alt_mm"":770,""speed_cms"":0,""heading_cd"":59254,""pitch_cd"":-774,""roll_cd"":-176,""yaw_cd"":-750,""bat_mv"":0,""status"":2}"
2026-08-12T19:47:06.417+00:00,BIN,"BIN,ver=1,type=1,seq=1915,ts=67,lat=0,lon=0,alt_mm=760,speed_cms=0,heading_cd=59254,pitch_cd=-774,roll_cd=-176,yaw_cd=-750,bat_mv=0,status=0x02","{""ver"":1,""type"":1,""seq"":1915,""ts"":67,""lat"":0,""lon"":0,""alt_mm"":760,""speed_cms"":0,""heading_cd"":59254,""pitch_cd"":-774,""roll_cd"":-176,""yaw_cd"":-750,""bat_mv"":0,""status"":2}"
2026-08-12T19:47:06.499+00:00,BIN,"BIN,ver=1,type=1,seq=2072,ts=67,lat=0,lon=0,alt_mm=760,speed_cms=0,heading_cd=59254,pitch_cd=-767,roll_cd=-317,yaw_cd=-392,bat_mv=0,status=0x02","{""ver"":1,""type"":1,""seq"":2072,""ts"":67,""lat"":0,""lon"":0,""alt_mm"":760,""speed_cms"":0,""heading_cd"":59254,""pitch_cd"":-767,""roll_cd"":-317,""yaw_cd"":-392,""bat_mv"":0,""status"":2}"
2026-08-12T19:47:06.581+00:00,BIN,"BIN,ver=1,type=1,seq=2072,ts=67,lat=0,lon=0,alt_mm=760,speed_cms=0,heading_cd=59254,pitch_cd=-789,roll_cd=-292,yaw_cd=-749,bat_mv=0,status=0x02","{""ver"":1,""type"":1,""seq"":2072,""ts"":67,""lat"":0,""lon"":0,""alt_mm"":760,""speed_cms"":0,""heading_cd"":59254,""pitch_cd"":-789,""roll_cd"":-292,""yaw_cd"":-749,""bat_mv"":0,""status"":2}"
2026-08-12T19:47:06.667+00:00,BIN,"BIN,ver=1,type=1,seq=2195,ts=67,lat=0,lon=0,alt_mm=760,speed_cms=0,heading_cd=59254,pitch_cd=-687,roll_cd=-327,yaw_cd=-611,bat_mv=0,status=0x02","{""ver"":1,""type"":1,""seq"":2195,""ts"":67,""lat"":0,""lon"":0,""alt_mm"":760,""speed_cms"":0,""heading_cd"":59254,""pitch_cd"":-687,""roll_cd"":-327,""yaw_cd"":-611,""bat_mv"":0,""status"":2}"
2026-08-12T19:47:06.752+00:00,BIN,"BIN,ver=1,type=1,seq=2195,ts=67,lat=0,lon=0,alt_mm=790,speed_cms=0,heading_cd=59254,pitch_cd=-687,roll_cd=-327,yaw_cd=-611,bat_mv=0,status=0x02","{""ver"":1,""type"":1,""seq"":2195,""ts"":67,""lat"":0,""lon"":0,""alt_mm"":790,""speed_cms"":0,""heading_cd"":59254,""pitch_cd"":-687,""roll_cd"":-327,""yaw_cd"":-611,""bat_mv"":0,""status"":2}"
2026-08-12T19:47:06.835+00:00,BIN,"BIN,ver=1,type=1,seq=2362,ts=67,lat=0,lon=0,alt_mm=790,speed_cms=0,heading_cd=59254,pitch_cd=-709,roll_cd=-355,yaw_cd=-578,bat_mv=0,status=0x02","{""ver"":1,""type"":1,""seq"":2362,""ts"":67,""lat"":0,""lon"":0,""alt_mm"":790,""speed_cms"":0,""heading_cd"":59254,""pitch_cd"":-709,""roll_cd"":-355,""yaw_cd"":-578,""bat_mv"":0,""status"":2}"
2026-08-12T19:47:06.918+00:00,BIN,"BIN,ver=1,type=1,seq=2475,ts=68,lat=0,lon=0,alt_mm=800,speed_cms=0,heading_cd=59254,pitch_cd=-745,roll_cd=-348,yaw_cd=-558,bat_mv=0,status=0x02","{""ver"":1,""type"":1,""seq"":2475,""ts"":68,""lat"":0,""lon"":0,""alt_mm"":800,""speed_cms"":0,""heading_cd"":59254,""pitch_cd"":-745,""roll_cd"":-348,""yaw_cd"":-558,""bat_mv"":0,""status"":2}"
2026-08-12T19:47:07.003+00:00,BIN,"BIN,ver=1,type=1,seq=2475,ts=68,lat=0,lon=0,alt_mm=800,speed_cms=0,heading_cd=59254,pitch_cd=-746,roll_cd=-330,yaw_cd=-567,bat_mv=0,status=0x02","{""ver"":1,""type"":1,""seq"":2475,""ts"":68,""lat"":0,""lon"":0,""alt_mm"":800,""speed_cms"":0,""heading_cd"":59254,""pitch_cd"":-746,""roll_cd"":-330,""yaw_cd"":-567,""bat_mv"":0,""status"":2}"
2026-08-12T19:47:07.087+00:00,BIN,"BIN,ver=1,type=1,seq=2631,ts=68,lat=0,lon=0,alt_mm=770,speed_cms=0,heading_cd=59254,pitch_cd=-772,roll_cd=-283,yaw_cd=-566,bat_mv=0,status=0x02","{""ver"":1,""type"":1,""seq"":2631,""ts"":68,""lat"":0,""lon"":0,""alt_mm"":770,""speed_cms"":0,""heading_cd"":59254,""pitch_cd"":-772,""roll_cd"":-283,""yaw_cd"":-566,""bat_mv"":0,""status"":2}"
2026-08-12T19:47:07.172+00:00,BIN,"BIN,ver=1,type=1,seq=2755,ts=68,lat=0,lon=0,alt_mm=750,speed_cms=0,heading_cd=59254,pitch_cd=-757,roll_cd=-288,yaw_cd=-519,bat_mv=0,status=0x02","{""ver"":1,""type"":1,""seq"":2755,""ts"":68,""lat"":0,""lon"":0,""alt_mm"":750,""speed_cms"":0,""heading_cd"":59254,""pitch_cd"":-757,""roll_cd"":-288,""yaw_cd"":-519,""bat_mv"":0,""status"":2}"
2026-08-12T19:47:07.253+00:00,BIN,"BIN,ver=1,type=1,seq=2911,ts=68,lat=0,lon=0,alt_mm=720,speed_cms=0,heading_cd=59254,pitch_cd=-762,roll_cd=-347,yaw_cd=-464,bat_mv=0,status=0x02","{""ver"":1,""type"":1,""seq"":2911,""ts"":68,""lat"":0,""lon"":0,""alt_mm"":720,""speed_cms"":0,""heading_cd"":59254,""pitch_cd"":-762,""roll_cd"":-347,""yaw_cd"":-464,""bat_mv"":0,""status"":2}"
2026-08-12T19:47:07.337+00:00,BIN,"BIN,ver=1,type=1,seq=2911,ts=68,lat=0,lon=0,alt_mm=680,speed_cms=0,heading_cd=59254,pitch_cd=-771,roll_cd=-346,yaw_cd=-500,bat_mv=0,status=0x02","{""ver"":1,""type"":1,""seq"":2911,""ts"":68,""lat"":0,""lon"":0,""alt_mm"":680,""speed_cms"":0,""heading_cd"":59254,""pitch_cd"":-771,""roll_cd"":-346,""yaw_cd"":-500,""bat_mv"":0,""status"":2}"
2026-08-12T19:47:07.423+00:00,BIN,"BIN,ver=1,type=1,seq=3036,ts=68,lat=0,lon=0,alt_mm=680,speed_cms=0,heading_cd=59254,pitch_cd=-771,roll_cd=-346,yaw_cd=-500,bat_mv=0,status=0x02","{""ver"":1,""type"":1,""seq"":3036,""ts"":68,""lat"":0,""lon"":0,""alt_mm"":680,""speed_cms"":0,""heading_cd"":59254,""pitch_cd"":-771,""roll_cd"":-346,""yaw_cd"":-500,""bat_mv"":0,""status"":2}"
2026-08-12T19:47:07.506+00:00,BIN,"BIN,ver=1,type=1,seq=3036,ts=68,lat=0,lon=0,alt_mm=680,speed_cms=0,heading_cd=59254,pitch_cd=-768,roll_cd=-382,yaw_cd=-480,bat_mv=0,status=0x02","{""ver"":1,""type"":1,""seq"":3036,""ts"":68,""lat"":0,""lon"":0,""alt_mm"":680,""speed_cms"":0,""heading_cd"":59254,""pitch_cd"":-768,""roll_cd"":-382,""yaw_cd"":-480,""bat_mv"":0,""status"":2}"
2026-08-12T19:47:07.591+00:00,BIN,"BIN,ver=1,type=1,seq=3036,ts=68,lat=0,lon=0,alt_mm=710,speed_cms=0,heading_cd=59254,pitch_cd=-768,roll_cd=-382,yaw_cd=-480,bat_mv=0,status=0x02","{""ver"":1,""type"":1,""seq"":3036,""ts"":68,""lat"":0,""lon"":0,""alt_mm"":710,""speed_cms"":0,""heading_cd"":59254,""pitch_cd"":-768,""roll_cd"":-382,""yaw_cd"":-480,""bat_mv"":0,""status"":2}"
2026-08-12T19:47:07.675+00:00,BIN,"BIN,ver=1,type=1,seq=3191,ts=68,lat=0,lon=0,alt_mm=710,speed_cms=0,heading_cd=59254,pitch_cd=-770,roll_cd=-333,yaw_cd=-493,bat_mv=0,status=0x02","{""ver"":1,""type"":1,""seq"":3191,""ts"":68,""lat"":0,""lon"":0,""alt_mm"":710,""speed_cms"":0,""heading_cd"":59254,""pitch_cd"":-770,""roll_cd"":-333,""yaw_cd"":-493,""bat_mv"":0,""status"":2}"
2026-08-12T19:47:07.756+00:00,BIN,"BIN,ver=1,type=1,seq=3315,ts=68,lat=0,lon=0,alt_mm=690,speed_cms=0,heading_cd=59254,pitch_cd=-790,roll_cd=-309,yaw_cd=-521,bat_mv=0,status=0x02","{""ver"":1,""type"":1,""seq"":3315,""ts"":68,""lat"":0,""lon"":0,""alt_mm"":690,""speed_cms"":0,""heading_cd"":59254,""pitch_cd"":-790,""roll_cd"":-309,""yaw_cd"":-521,""bat_mv"":0,""status"":2}"
2026-08-12T19:47:07.841+00:00,BIN,"BIN,ver=1,type=1,seq=3315,ts=68,lat=0,lon=0,alt_mm=690,speed_cms=0,heading_cd=59254,pitch_cd=-811,roll_cd=-325,yaw_cd=-501,bat_mv=0,status=0x02","{""ver"":1,""type"":1,""seq"":3315,""ts"":68,""lat"":0,""lon"":0,""alt_mm"":690,""speed_cms"":0,""heading_cd"":59254,""pitch_cd"":-811,""roll_cd"":-325,""yaw_cd"":-501,""bat_mv"":0,""status"":2}"
2026-08-12T19:47:07.923+00:00,BIN,"BIN,ver=1,type=1,seq=3485,ts=69,lat=0,lon=0,alt_mm=680,speed_cms=0,heading_cd=59254,pitch_cd=-790,roll_cd=-330,yaw_cd=-426,bat_mv=0,status=0x02","{""ver"":1,""type"":1,""seq"":3485,""ts"":69,""lat"":0,""lon"":0,""alt_mm"":680,""speed_cms"":0,""heading_cd"":59254,""pitch_cd"":-790,""roll_cd"":-330,""yaw_cd"":-426,""bat_mv"":0,""status"":2}"
2026-08-12T19:47:08.010+00:00,BIN,"BIN,ver=1,type=1,seq=3485,ts=69,lat=0,lon=0,alt_mm=640,speed_cms=0,heading_cd=59254,pitch_cd=-815,roll_cd=-332,yaw_cd=-387,bat_mv=0,status=0x02","{""ver"":1,""type"":1,""seq"":3485,""ts"":69,""lat"":0,""lon"":0,""alt_mm"":640,""speed_cms"":0,""heading_cd"":59254,""pitch_cd"":-815,""roll_cd"":-332,""yaw_cd"":-387,""bat_mv"":0,""status"":2}"
2026-08-12T19:47:08.091+00:00,BIN,"BIN,ver=1,type=1,seq=3595,ts=69,lat=0,lon=0,alt_mm=640,speed_cms=0,heading_cd=59254,pitch_cd=-811,roll_cd=-318,yaw_cd=-434,bat_mv=0,status=0x02","{""ver"":1,""type"":1,""seq"":3595,""ts"":69,""lat"":0,""lon"":0,""alt_mm"":640,""speed_cms"":0,""heading_cd"":59254,""pitch_cd"":-811,""roll_cd"":-318,""yaw_cd"":-434,""bat_mv"":0,""status"":2}"
2026-08-12T19:47:08.177+00:00,BIN,"BIN,ver=1,type=1,seq=3750,ts=69,lat=0,lon=0,alt_mm=630,speed_cms=0,heading_cd=59254,pitch_cd=-817,roll_cd=-352,yaw_cd=-411,bat_mv=0,status=0x02","{""ver"":1,""type"":1,""seq"":3750,""ts"":69,""lat"":0,""lon"":0,""alt_mm"":630,""speed_cms"":0,""heading_cd"":59254,""pitch_cd"":-817,""roll_cd"":-352,""yaw_cd"":-411,""bat_mv"":0,""status"":2}"
2026-08-12T19:47:08.259+00:00,BIN,"BIN,ver=1,type=1,seq=3875,ts=69,lat=0,lon=0,alt_mm=640,speed_cms=0,heading_cd=59254,pitch_cd=-817,roll_cd=-352,yaw_cd=-411,bat_mv=0,status=0x02","{""ver"":1,""type"":1,""seq"":3875,""ts"":69,""lat"":0,""lon"":0,""alt_mm"":640,""speed_cms"":0,""heading_cd"":59254,""pitch_cd"":-817,""roll_cd"":-352,""yaw_cd"":-411,""bat_mv"":0,""status"":2}"
2026-08-12T19:47:08.344+00:00,BIN,"BIN,ver=1,type=1,seq=3875,ts=69,lat=0,lon=0,alt_mm=560,speed_cms=0,heading_cd=59254,pitch_cd=-809,roll_cd=-369,yaw_cd=-434,bat_mv=0,status=0x02","{""ver"":1,""type"":1,""seq"":3875,""ts"":69,""lat"":0,""lon"":0,""alt_mm"":560,""speed_cms"":0,""heading_cd"":59254,""pitch_cd"":-809,""roll_cd"":-369,""yaw_cd"":-434,""bat_mv"":0,""status"":2}"
2026-08-12T19:47:08.429+00:00,BIN,"BIN,ver=1,type=1,seq=3875,ts=69,lat=0,lon=0,alt_mm=560,speed_cms=0,heading_cd=59254,pitch_cd=-799,roll_cd=-293,yaw_cd=-405,bat_mv=0,status=0x02","{""ver"":1,""type"":1,""seq"":3875,""ts"":69,""lat"":0,""lon"":0,""alt_mm"":560,""speed_cms"":0,""heading_cd"":59254,""pitch_cd"":-799,""roll_cd"":-293,""yaw_cd"":-405,""bat_mv"":0,""status"":2}"
2026-08-12T19:47:08.513+00:00,BIN,"BIN,ver=1,type=1,seq=4032,ts=69,lat=0,lon=0,alt_mm=560,speed_cms=0,heading_cd=59254,pitch_cd=-799,roll_cd=-293,yaw_cd=-405,bat_mv=0,status=0x02","{""ver"":1,""type"":1,""seq"":4032,""ts"":69,""lat"":0,""lon"":0,""alt_mm"":560,""speed_cms"":0,""heading_cd"":59254,""pitch_cd"":-799,""roll_cd"":-293,""yaw_cd"":-405,""bat_mv"":0,""status"":2}"
2026-08-12T19:47:08.597+00:00,BIN,"BIN,ver=1,type=1,seq=4155,ts=69,lat=0,lon=0,alt_mm=560,speed_cms=0,heading_cd=59254,pitch_cd=-976,roll_cd=-89,yaw_cd=-486,bat_mv=0,status=0x02","{""ver"":1,""type"":1,""seq"":4155,""ts"":69,""lat"":0,""lon"":0,""alt_mm"":560,""speed_cms"":0,""heading_cd"":59254,""pitch_cd"":-976,""roll_cd"":-89,""yaw_cd"":-486,""bat_mv"":0,""status"":2}"
2026-08-12T19:47:08.680+00:00,BIN,"BIN,ver=1,type=1,seq=4155,ts=69,lat=0,lon=0,alt_mm=560,speed_cms=0,heading_cd=59254,pitch_cd=-796,roll_cd=-270,yaw_cd=-453,bat_mv=0,status=0x02","{""ver"":1,""type"":1,""seq"":4155,""ts"":69,""lat"":0,""lon"":0,""alt_mm"":560,""speed_cms"":0,""heading_cd"":59254,""pitch_cd"":-796,""roll_cd"":-270,""yaw_cd"":-453,""bat_mv"":0,""status"":2}"
2026-08-12T19:47:08.765+00:00,BIN,"BIN,ver=1,type=1,seq=4322,ts=69,lat=0,lon=0,alt_mm=560,speed_cms=0,heading_cd=59254,pitch_cd=-901,roll_cd=-269,yaw_cd=-379,bat_mv=0,status=0x02","{""ver"":1,""type"":1,""seq"":4322,""ts"":69,""lat"":0,""lon"":0,""alt_mm"":560,""speed_cms"":0,""heading_cd"":59254,""pitch_cd"":-901,""roll_cd"":-269,""yaw_cd"":-379,""bat_mv"":0,""status"":2}"
2026-08-12T19:47:08.846+00:00,BIN,"BIN,ver=1,type=1,seq=4322,ts=70,lat=0,lon=0,alt_mm=530,speed_cms=0,heading_cd=59254,pitch_cd=-909,roll_cd=-294,yaw_cd=-296,bat_mv=0,status=0x02","{""ver"":1,""type"":1,""seq"":4322,""ts"":70,""lat"":0,""lon"":0,""alt_mm"":530,""speed_cms"":0,""heading_cd"":59254,""pitch_cd"":-909,""roll_cd"":-294,""yaw_cd"":-296,""bat_mv"":0,""status"":2}"
2026-08-12T19:47:08.932+00:00,BIN,"BIN,ver=1,type=1,seq=4435,ts=70,lat=0,lon=0,alt_mm=530,speed_cms=0,heading_cd=59254,pitch_cd=-854,roll_cd=-324,yaw_cd=-193,bat_mv=0,status=0x02","{""ver"":1,""type"":1,""seq"":4435,""ts"":70,""lat"":0,""lon"":0,""alt_mm"":530,""speed_cms"":0,""heading_cd"":59254,""pitch_cd"":-854,""roll_cd"":-324,""yaw_cd"":-193,""bat_mv"":0,""status"":2}"
2026-08-12T19:47:09.015+00:00,BIN,"BIN,ver=1,type=1,seq=4591,ts=70,lat=0,lon=0,alt_mm=540,speed_cms=0,heading_cd=59254,pitch_cd=-935,roll_cd=-310,yaw_cd=-186,bat_mv=0,status=0x02","{""ver"":1,""type"":1,""seq"":4591,""ts"":70,""lat"":0,""lon"":0,""alt_mm"":540,""speed_cms"":0,""heading_cd"":59254,""pitch_cd"":-935,""roll_cd"":-310,""yaw_cd"":-186,""bat_mv"":0,""status"":2}"
2026-08-12T19:47:09.098+00:00,BIN,"BIN,ver=1,type=1,seq=4591,ts=70,lat=0,lon=0,alt_mm=540,speed_cms=0,heading_cd=59254,pitch_cd=-877,roll_cd=-310,yaw_cd=-207,bat_mv=0,status=0x02","{""ver"":1,""type"":1,""seq"":4591,""ts"":70,""lat"":0,""lon"":0,""alt_mm"":540,""speed_cms"":0,""heading_cd"":59254,""pitch_cd"":-877,""roll_cd"":-310,""yaw_cd"":-207,""bat_mv"":0,""status"":2}"
2026-08-12T19:47:09.183+00:00,BIN,"BIN,ver=1,type=1,seq=4715,ts=70,lat=0,lon=0,alt_mm=550,speed_cms=0,heading_cd=59254,pitch_cd=-915,roll_cd=-268,yaw_cd=-275,bat_mv=0,status=0x02","{""ver"":1,""type"":1,""seq"":4715,""ts"":70,""lat"":0,""lon"":0,""alt_mm"":550,""speed_cms"":0,""heading_cd"":59254,""pitch_cd"":-915,""roll_cd"":-268,""yaw_cd"":-275,""bat_mv"":0,""status"":2}"
2026-08-12T19:47:09.267+00:00,BIN,"BIN,ver=1,type=1,seq=4715,ts=70,lat=0,lon=0,alt_mm=570,speed_cms=0,heading_cd=59254,pitch_cd=-864,roll_cd=-308,yaw_cd=-296,bat_mv=0,status=0x02","{""ver"":1,""type"":1,""seq"":4715,""ts"":70,""lat"":0,""lon"":0,""alt_mm"":570,""speed_cms"":0,""heading_cd"":59254,""pitch_cd"":-864,""roll_cd"":-308,""yaw_cd"":-296,""bat_mv"":0,""status"":2}"
2026-08-12T19:47:09.350+00:00,BIN,"BIN,ver=1,type=1,seq=4995,ts=70,lat=0,lon=0,alt_mm=520,speed_cms=0,heading_cd=59254,pitch_cd=-948,roll_cd=-270,yaw_cd=-308,bat_mv=0,status=0x02","{""ver"":1,""type"":1,""seq"":4995,""ts"":70,""lat"":0,""lon"":0,""alt_mm"":520,""speed_cms"":0,""heading_cd"":59254,""pitch_cd"":-948,""roll_cd"":-270,""yaw_cd"":-308,""bat_mv"":0,""status"":2}"
2026-08-12T19:47:09.433+00:00,BIN,"BIN,ver=1,type=1,seq=4995,ts=70,lat=0,lon=0,alt_mm=520,speed_cms=0,heading_cd=59254,pitch_cd=-931,roll_cd=-286,yaw_cd=-300,bat_mv=0,status=0x02","{""ver"":1,""type"":1,""seq"":4995,""ts"":70,""lat"":0,""lon"":0,""alt_mm"":520,""speed_cms"":0,""heading_cd"":59254,""pitch_cd"":-931,""roll_cd"":-286,""yaw_cd"":-300,""bat_mv"":0,""status"":2}"
2026-08-12T19:47:09.520+00:00,BIN,"BIN,ver=1,type=1,seq=4995,ts=70,lat=0,lon=0,alt_mm=520,speed_cms=0,heading_cd=59254,pitch_cd=-931,roll_cd=-286,yaw_cd=-300,bat_mv=0,status=0x02","{""ver"":1,""type"":1,""seq"":4995,""ts"":70,""lat"":0,""lon"":0,""alt_mm"":520,""speed_cms"":0,""heading_cd"":59254,""pitch_cd"":-931,""roll_cd"":-286,""yaw_cd"":-300,""bat_mv"":0,""status"":2}"
2026-08-12T19:47:09.605+00:00,BIN,"BIN,ver=1,type=1,seq=5166,ts=70,lat=0,lon=0,alt_mm=530,speed_cms=0,heading_cd=59254,pitch_cd=-857,roll_cd=-151,yaw_cd=-160,bat_mv=0,status=0x02","{""ver"":1,""type"":1,""seq"":5166,""ts"":70,""lat"":0,""lon"":0,""alt_mm"":530,""speed_cms"":0,""heading_cd"":59254,""pitch_cd"":-857,""roll_cd"":-151,""yaw_cd"":-160,""bat_mv"":0,""status"":2}"
2026-08-12T19:47:09.689+00:00,BIN,"BIN,ver=1,type=1,seq=5166,ts=70,lat=0,lon=0,alt_mm=540,speed_cms=0,heading_cd=59254,pitch_cd=-776,roll_cd=-195,yaw_cd=-225,bat_mv=0,status=0x02","{""ver"":1,""type"":1,""seq"":5166,""ts"":70,""lat"":0,""lon"":0,""alt_mm"":540,""speed_cms"":0,""heading_cd"":59254,""pitch_cd"":-776,""roll_cd"":-195,""yaw_cd"":-225,""bat_mv"":0,""status"":2}"
2026-08-12T19:47:09.772+00:00,BIN,"BIN,ver=1,type=1,seq=5275,ts=70,lat=0,lon=0,alt_mm=540,speed_cms=0,heading_cd=59254,pitch_cd=-936,roll_cd=-505,yaw_cd=-232,bat_mv=0,status=0x02","{""ver"":1,""type"":1,""seq"":5275,""ts"":70,""lat"":0,""lon"":0,""alt_mm"":540,""speed_cms"":0,""heading_cd"":59254,""pitch_cd"":-936,""roll_cd"":-505,""yaw_cd"":-232,""bat_mv"":0,""status"":2}"
2026-08-12T19:47:09.857+00:00,BIN,"BIN,ver=1,type=1,seq=5430,ts=71,lat=0,lon=0,alt_mm=500,speed_cms=0,heading_cd=59254,pitch_cd=-906,roll_cd=-427,yaw_cd=-3,bat_mv=0,status=0x02","{""ver"":1,""type"":1,""seq"":5430,""ts"":71,""lat"":0,""lon"":0,""alt_mm"":500,""speed_cms"":0,""heading_cd"":59254,""pitch_cd"":-906,""roll_cd"":-427,""yaw_cd"":-3,""bat_mv"":0,""status"":2}"
2026-08-12T19:47:09.940+00:00,BIN,"BIN,ver=1,type=1,seq=5430,ts=71,lat=0,lon=0,alt_mm=500,speed_cms=0,heading_cd=59254,pitch_cd=-913,roll_cd=-426,yaw_cd=-186,bat_mv=0,status=0x02","{""ver"":1,""type"":1,""seq"":5430,""ts"":71,""lat"":0,""lon"":0,""alt_mm"":500,""speed_cms"":0,""heading_cd"":59254,""pitch_cd"":-913,""roll_cd"":-426,""yaw_cd"":-186,""bat_mv"":0,""status"":2}"
2026-08-12T19:47:10.023+00:00,BIN,"BIN,ver=1,type=1,seq=5555,ts=71,lat=0,lon=0,alt_mm=480,speed_cms=0,heading_cd=59254,pitch_cd=-913,roll_cd=-426,yaw_cd=-186,bat_mv=0,status=0x02","{""ver"":1,""type"":1,""seq"":5555,""ts"":71,""lat"":0,""lon"":0,""alt_mm"":480,""speed_cms"":0,""heading_cd"":59254,""pitch_cd"":-913,""roll_cd"":-426,""yaw_cd"":-186,""bat_mv"":0,""status"":2}"
2026-08-12T19:47:10.107+00:00,BIN,"BIN,ver=1,type=1,seq=5555,ts=71,lat=0,lon=0,alt_mm=480,speed_cms=0,heading_cd=59254,pitch_cd=-863,roll_cd=-441,yaw_cd=-231,bat_mv=0,status=0x02","{""ver"":1,""type"":1,""seq"":5555,""ts"":71,""lat"":0,""lon"":0,""alt_mm"":480,""speed_cms"":0,""heading_cd"":59254,""pitch_cd"":-863,""roll_cd"":-441,""yaw_cd"":-231,""bat_mv"":0,""status"":2}"
2026-08-12T19:47:10.191+00:00,BIN,"BIN,ver=1,type=1,seq=5710,ts=71,lat=0,lon=0,alt_mm=470,speed_cms=0,heading_cd=59254,pitch_cd=-844,roll_cd=-429,yaw_cd=-63,bat_mv=0,status=0x02","{""ver"":1,""type"":1,""seq"":5710,""ts"":71,""lat"":0,""lon"":0,""alt_mm"":470,""speed_cms"":0,""heading_cd"":59254,""pitch_cd"":-844,""roll_cd"":-429,""yaw_cd"":-63,""bat_mv"":0,""status"":2}"
2026-08-12T19:47:10.274+00:00,BIN,"BIN,ver=1,type=1,seq=5835,ts=71,lat=0,lon=0,alt_mm=580,speed_cms=0,heading_cd=59254,pitch_cd=254,roll_cd=-2299,yaw_cd=-744,bat_mv=0,status=0x02","{""ver"":1,""type"":1,""seq"":5835,""ts"":71,""lat"":0,""lon"":0,""alt_mm"":580,""speed_cms"":0,""heading_cd"":59254,""pitch_cd"":254,""roll_cd"":-2299,""yaw_cd"":-744,""bat_mv"":0,""status"":2}"
2026-08-12T19:47:10.359+00:00,BIN,"BIN,ver=1,type=1,seq=6003,ts=71,lat=0,lon=0,alt_mm=580,speed_cms=0,heading_cd=59254,pitch_cd=254,roll_cd=-2299,yaw_cd=-744,bat_mv=0,status=0x02","{""ver"":1,""type"":1,""seq"":6003,""ts"":71,""lat"":0,""lon"":0,""alt_mm"":580,""speed_cms"":0,""heading_cd"":59254,""pitch_cd"":254,""roll_cd"":-2299,""yaw_cd"":-744,""bat_mv"":0,""status"":2}"
2026-08-12T19:47:10.441+00:00,BIN,"BIN,ver=1,type=1,seq=6003,ts=71,lat=0,lon=0,alt_mm=580,speed_cms=0,heading_cd=59254,pitch_cd=-116,roll_cd=134,yaw_cd=117,bat_mv=0,status=0x02","{""ver"":1,""type"":1,""seq"":6003,""ts"":71,""lat"":0,""lon"":0,""alt_mm"":580,""speed_cms"":0,""heading_cd"":59254,""pitch_cd"":-116,""roll_cd"":134,""yaw_cd"":117,""bat_mv"":0,""status"":2}"
2026-08-12T19:47:10.527+00:00,BIN,"BIN,ver=1,type=1,seq=6003,ts=71,lat=0,lon=0,alt_mm=510,speed_cms=0,heading_cd=59254,pitch_cd=-116,roll_cd=134,yaw_cd=117,bat_mv=0,status=0x02","{""ver"":1,""type"":1,""seq"":6003,""ts"":71,""lat"":0,""lon"":0,""alt_mm"":510,""speed_cms"":0,""heading_cd"":59254,""pitch_cd"":-116,""roll_cd"":134,""yaw_cd"":117,""bat_mv"":0,""status"":2}"
2026-08-12T19:47:10.691+00:00,BIN,"BIN,ver=1,type=1,seq=6116,ts=71,lat=0,lon=0,alt_mm=510,speed_cms=0,heading_cd=59254,pitch_cd=-1054,roll_cd=-413,yaw_cd=-226,bat_mv=0,status=0x02","{""ver"":1,""type"":1,""seq"":6116,""ts"":71,""lat"":0,""lon"":0,""alt_mm"":510,""speed_cms"":0,""heading_cd"":59254,""pitch_cd"":-1054,""roll_cd"":-413,""yaw_cd"":-226,""bat_mv"":0,""status"":2}"
2026-08-12T19:47:10.692+00:00,BIN,"BIN,ver=1,type=1,seq=6271,ts=71,lat=0,lon=0,alt_mm=470,speed_cms=0,heading_cd=59254,pitch_cd=-809,roll_cd=-381,yaw_cd=-231,bat_mv=0,status=0x02","{""ver"":1,""type"":1,""seq"":6271,""ts"":71,""lat"":0,""lon"":0,""alt_mm"":470,""speed_cms"":0,""heading_cd"":59254,""pitch_cd"":-809,""roll_cd"":-381,""yaw_cd"":-231,""bat_mv"":0,""status"":2}"
2026-08-12T19:47:10.777+00:00,BIN,"BIN,ver=1,type=1,seq=6271,ts=71,lat=0,lon=0,alt_mm=470,speed_cms=0,heading_cd=59254,pitch_cd=-913,roll_cd=-396,yaw_cd=-262,bat_mv=0,status=0x02","{""ver"":1,""type"":1,""seq"":6271,""ts"":71,""lat"":0,""lon"":0,""alt_mm"":470,""speed_cms"":0,""heading_cd"":59254,""pitch_cd"":-913,""roll_cd"":-396,""yaw_cd"":-262,""bat_mv"":0,""status"":2}"
2026-08-12T19:47:10.861+00:00,BIN,"BIN,ver=1,type=1,seq=6395,ts=72,lat=0,lon=0,alt_mm=480,speed_cms=0,heading_cd=59254,pitch_cd=-834,roll_cd=-372,yaw_cd=-199,bat_mv=0,status=0x02","{""ver"":1,""type"":1,""seq"":6395,""ts"":72,""lat"":0,""lon"":0,""alt_mm"":480,""speed_cms"":0,""heading_cd"":59254,""pitch_cd"":-834,""roll_cd"":-372,""yaw_cd"":-199,""bat_mv"":0,""status"":2}"
2026-08-12T19:47:10.945+00:00,BIN,"BIN,ver=1,type=1,seq=6395,ts=72,lat=0,lon=0,alt_mm=460,speed_cms=0,heading_cd=59254,pitch_cd=-834,roll_cd=-372,yaw_cd=-199,bat_mv=0,status=0x02","{""ver"":1,""type"":1,""seq"":6395,""ts"":72,""lat"":0,""lon"":0,""alt_mm"":460,""speed_cms"":0,""heading_cd"":59254,""pitch_cd"":-834,""roll_cd"":-372,""yaw_cd"":-199,""bat_mv"":0,""status"":2}"
2026-08-12T19:47:11.028+00:00,BIN,"BIN,ver=1,type=1,seq=6551,ts=72,lat=0,lon=0,alt_mm=460,speed_cms=0,heading_cd=59254,pitch_cd=-889,roll_cd=-393,yaw_cd=-224,bat_mv=0,status=0x02","{""ver"":1,""type"":1,""seq"":6551,""ts"":72,""lat"":0,""lon"":0,""alt_mm"":460,""speed_cms"":0,""heading_cd"":59254,""pitch_cd"":-889,""roll_cd"":-393,""yaw_cd"":-224,""bat_mv"":0,""status"":2}"
2026-08-12T19:47:11.114+00:00,BIN,"BIN,ver=1,type=1,seq=6675,ts=72,lat=0,lon=0,alt_mm=450,speed_cms=0,heading_cd=59254,pitch_cd=-874,roll_cd=-363,yaw_cd=-172,bat_mv=0,status=0x02","{""ver"":1,""type"":1,""seq"":6675,""ts"":72,""lat"":0,""lon"":0,""alt_mm"":450,""speed_cms"":0,""heading_cd"":59254,""pitch_cd"":-874,""roll_cd"":-363,""yaw_cd"":-172,""bat_mv"":0,""status"":2}"
2026-08-12T19:47:11.196+00:00,BIN,"BIN,ver=1,type=1,seq=6675,ts=72,lat=0,lon=0,alt_mm=460,speed_cms=0,heading_cd=59254,pitch_cd=-887,roll_cd=-377,yaw_cd=-167,bat_mv=0,status=0x02","{""ver"":1,""type"":1,""seq"":6675,""ts"":72,""lat"":0,""lon"":0,""alt_mm"":460,""speed_cms"":0,""heading_cd"":59254,""pitch_cd"":-887,""roll_cd"":-377,""yaw_cd"":-167,""bat_mv"":0,""status"":2}"
2026-08-12T19:47:11.280+00:00,BIN,"BIN,ver=1,type=1,seq=6955,ts=72,lat=0,lon=0,alt_mm=460,speed_cms=0,heading_cd=59254,pitch_cd=-863,roll_cd=-454,yaw_cd=-154,bat_mv=0,status=0x02","{""ver"":1,""type"":1,""seq"":6955,""ts"":72,""lat"":0,""lon"":0,""alt_mm"":460,""speed_cms"":0,""heading_cd"":59254,""pitch_cd"":-863,""roll_cd"":-454,""yaw_cd"":-154,""bat_mv"":0,""status"":2}"
2026-08-12T19:47:11.365+00:00,BIN,"BIN,ver=1,type=1,seq=6955,ts=72,lat=0,lon=0,alt_mm=460,speed_cms=0,heading_cd=59254,pitch_cd=-823,roll_cd=-407,yaw_cd=-156,bat_mv=0,status=0x02","{""ver"":1,""type"":1,""seq"":6955,""ts"":72,""lat"":0,""lon"":0,""alt_mm"":460,""speed_cms"":0,""heading_cd"":59254,""pitch_cd"":-823,""roll_cd"":-407,""yaw_cd"":-156,""bat_mv"":0,""status"":2}"
2026-08-12T19:47:11.447+00:00,BIN,"BIN,ver=1,type=1,seq=6955,ts=72,lat=0,lon=0,alt_mm=430,speed_cms=0,heading_cd=59254,pitch_cd=-823,roll_cd=-407,yaw_cd=-156,bat_mv=0,status=0x02","{""ver"":1,""type"":1,""seq"":6955,""ts"":72,""lat"":0,""lon"":0,""alt_mm"":430,""speed_cms"":0,""heading_cd"":59254,""pitch_cd"":-823,""roll_cd"":-407,""yaw_cd"":-156,""bat_mv"":0,""status"":2}"
2026-08-12T19:47:11.530+00:00,BIN,"BIN,ver=1,type=1,seq=7112,ts=72,lat=0,lon=0,alt_mm=430,speed_cms=0,heading_cd=59254,pitch_cd=-852,roll_cd=-457,yaw_cd=-162,bat_mv=0,status=0x02","{""ver"":1,""type"":1,""seq"":7112,""ts"":72,""lat"":0,""lon"":0,""alt_mm"":430,""speed_cms"":0,""heading_cd"":59254,""pitch_cd"":-852,""roll_cd"":-457,""yaw_cd"":-162,""bat_mv"":0,""status"":2}"
2026-08-12T19:47:11.617+00:00,BIN,"BIN,ver=1,type=1,seq=7112,ts=72,lat=0,lon=0,alt_mm=430,speed_cms=0,heading_cd=59254,pitch_cd=-787,roll_cd=-664,yaw_cd=3,bat_mv=0,status=0x02","{""ver"":1,""type"":1,""seq"":7112,""ts"":72,""lat"":0,""lon"":0,""alt_mm"":430,""speed_cms"":0,""heading_cd"":59254,""pitch_cd"":-787,""roll_cd"":-664,""yaw_cd"":3,""bat_mv"":0,""status"":2}"
2026-08-12T19:47:11.698+00:00,BIN,"BIN,ver=1,type=1,seq=7235,ts=72,lat=0,lon=0,alt_mm=400,speed_cms=0,heading_cd=59254,pitch_cd=-787,roll_cd=-664,yaw_cd=3,bat_mv=0,status=0x02","{""ver"":1,""type"":1,""seq"":7235,""ts"":72,""lat"":0,""lon"":0,""alt_mm"":400,""speed_cms"":0,""heading_cd"":59254,""pitch_cd"":-787,""roll_cd"":-664,""yaw_cd"":3,""bat_mv"":0,""status"":2}"
2026-08-12T19:47:11.784+00:00,BIN,"BIN,ver=1,type=1,seq=7235,ts=72,lat=0,lon=0,alt_mm=390,speed_cms=0,heading_cd=59254,pitch_cd=-818,roll_cd=-525,yaw_cd=125,bat_mv=0,status=0x02","{""ver"":1,""type"":1,""seq"":7235,""ts"":72,""lat"":0,""lon"":0,""alt_mm"":390,""speed_cms"":0,""heading_cd"":59254,""pitch_cd"":-818,""roll_cd"":-525,""yaw_cd"":125,""bat_mv"":0,""status"":2}"
2026-08-12T19:47:11.865+00:00,BIN,"BIN,ver=1,type=1,seq=7390,ts=72,lat=0,lon=0,alt_mm=390,speed_cms=0,heading_cd=59254,pitch_cd=-840,roll_cd=-561,yaw_cd=-81,bat_mv=0,status=0x02","{""ver"":1,""type"":1,""seq"":7390,""ts"":72,""lat"":0,""lon"":0,""alt_mm"":390,""speed_cms"":0,""heading_cd"":59254,""pitch_cd"":-840,""roll_cd"":-561,""yaw_cd"":-81,""bat_mv"":0,""status"":2}"
2026-08-12T19:47:11.951+00:00,BIN,"BIN,ver=1,type=1,seq=7515,ts=73,lat=0,lon=0,alt_mm=390,speed_cms=0,heading_cd=59254,pitch_cd=-805,roll_cd=-483,yaw_cd=158,bat_mv=0,status=0x02","{""ver"":1,""type"":1,""seq"":7515,""ts"":73,""lat"":0,""lon"":0,""alt_mm"":390,""speed_cms"":0,""heading_cd"":59254,""pitch_cd"":-805,""roll_cd"":-483,""yaw_cd"":158,""bat_mv"":0,""status"":2}"
2026-08-12T19:47:12.034+00:00,BIN,"BIN,ver=1,type=1,seq=7515,ts=73,lat=0,lon=0,alt_mm=390,speed_cms=0,heading_cd=59254,pitch_cd=-825,roll_cd=-666,yaw_cd=-297,bat_mv=0,status=0x02","{""ver"":1,""type"":1,""seq"":7515,""ts"":73,""lat"":0,""lon"":0,""alt_mm"":390,""speed_cms"":0,""heading_cd"":59254,""pitch_cd"":-825,""roll_cd"":-666,""yaw_cd"":-297,""bat_mv"":0,""status"":2}"
2026-08-12T19:47:12.117+00:00,BIN,"BIN,ver=1,type=1,seq=7671,ts=73,lat=0,lon=0,alt_mm=360,speed_cms=0,heading_cd=59254,pitch_cd=-830,roll_cd=-527,yaw_cd=-57,bat_mv=0,status=0x02","{""ver"":1,""type"":1,""seq"":7671,""ts"":73,""lat"":0,""lon"":0,""alt_mm"":360,""speed_cms"":0,""heading_cd"":59254,""pitch_cd"":-830,""roll_cd"":-527,""yaw_cd"":-57,""bat_mv"":0,""status"":2}"
2026-08-12T19:47:12.202+00:00,BIN,"BIN,ver=1,type=1,seq=7795,ts=73,lat=0,lon=0,alt_mm=370,speed_cms=0,heading_cd=59254,pitch_cd=-810,roll_cd=-522,yaw_cd=46,bat_mv=0,status=0x02","{""ver"":1,""type"":1,""seq"":7795,""ts"":73,""lat"":0,""lon"":0,""alt_mm"":370,""speed_cms"":0,""heading_cd"":59254,""pitch_cd"":-810,""roll_cd"":-522,""yaw_cd"":46,""bat_mv"":0,""status"":2}"
2026-08-12T19:47:12.284+00:00,BIN,"BIN,ver=1,type=1,seq=7962,ts=73,lat=0,lon=0,alt_mm=340,speed_cms=0,heading_cd=59254,pitch_cd=-859,roll_cd=-581,yaw_cd=-25,bat_mv=0,status=0x02","{""ver"":1,""type"":1,""seq"":7962,""ts"":73,""lat"":0,""lon"":0,""alt_mm"":340,""speed_cms"":0,""heading_cd"":59254,""pitch_cd"":-859,""roll_cd"":-581,""yaw_cd"":-25,""bat_mv"":0,""status"":2}"
2026-08-12T19:47:12.370+00:00,BIN,"BIN,ver=1,type=1,seq=7962,ts=73,lat=0,lon=0,alt_mm=340,speed_cms=0,heading_cd=59254,pitch_cd=-806,roll_cd=-400,yaw_cd=-2,bat_mv=0,status=0x02","{""ver"":1,""type"":1,""seq"":7962,""ts"":73,""lat"":0,""lon"":0,""alt_mm"":340,""speed_cms"":0,""heading_cd"":59254,""pitch_cd"":-806,""roll_cd"":-400,""yaw_cd"":-2,""bat_mv"":0,""status"":2}"
2026-08-12T19:47:12.456+00:00,BIN,"BIN,ver=1,type=1,seq=7962,ts=73,lat=0,lon=0,alt_mm=350,speed_cms=0,heading_cd=59254,pitch_cd=-806,roll_cd=-400,yaw_cd=-2,bat_mv=0,status=0x02","{""ver"":1,""type"":1,""seq"":7962,""ts"":73,""lat"":0,""lon"":0,""alt_mm"":350,""speed_cms"":0,""heading_cd"":59254,""pitch_cd"":-806,""roll_cd"":-400,""yaw_cd"":-2,""bat_mv"":0,""status"":2}"
2026-08-12T19:47:12.536+00:00,BIN,"BIN,ver=1,type=1,seq=8076,ts=73,lat=0,lon=0,alt_mm=350,speed_cms=0,heading_cd=59254,pitch_cd=-806,roll_cd=-400,yaw_cd=-2,bat_mv=0,status=0x02","{""ver"":1,""type"":1,""seq"":8076,""ts"":73,""lat"":0,""lon"":0,""alt_mm"":350,""speed_cms"":0,""heading_cd"":59254,""pitch_cd"":-806,""roll_cd"":-400,""yaw_cd"":-2,""bat_mv"":0,""status"":2}"
2026-08-12T19:47:12.624+00:00,BIN,"BIN,ver=1,type=1,seq=8076,ts=73,lat=0,lon=0,alt_mm=300,speed_cms=0,heading_cd=59254,pitch_cd=-805,roll_cd=-406,yaw_cd=34,bat_mv=0,status=0x02","{""ver"":1,""type"":1,""seq"":8076,""ts"":73,""lat"":0,""lon"":0,""alt_mm"":300,""speed_cms"":0,""heading_cd"":59254,""pitch_cd"":-805,""roll_cd"":-406,""yaw_cd"":34,""bat_mv"":0,""status"":2}"
2026-08-12T19:47:12.706+00:00,BIN,"BIN,ver=1,type=1,seq=8231,ts=73,lat=0,lon=0,alt_mm=300,speed_cms=0,heading_cd=59254,pitch_cd=-918,roll_cd=-548,yaw_cd=54,bat_mv=0,status=0x02","{""ver"":1,""type"":1,""seq"":8231,""ts"":73,""lat"":0,""lon"":0,""alt_mm"":300,""speed_cms"":0,""heading_cd"":59254,""pitch_cd"":-918,""roll_cd"":-548,""yaw_cd"":54,""bat_mv"":0,""status"":2}"
2026-08-12T19:47:12.791+00:00,BIN,"BIN,ver=1,type=1,seq=8355,ts=73,lat=0,lon=0,alt_mm=290,speed_cms=0,heading_cd=59254,pitch_cd=-129,roll_cd=-687,yaw_cd=108,bat_mv=0,status=0x02","{""ver"":1,""type"":1,""seq"":8355,""ts"":73,""lat"":0,""lon"":0,""alt_mm"":290,""speed_cms"":0,""heading_cd"":59254,""pitch_cd"":-129,""roll_cd"":-687,""yaw_cd"":108,""bat_mv"":0,""status"":2}"
2026-08-12T19:47:12.873+00:00,BIN,"BIN,ver=1,type=1,seq=8355,ts=74,lat=0,lon=0,alt_mm=290,speed_cms=0,heading_cd=59254,pitch_cd=-1564,roll_cd=-688,yaw_cd=515,bat_mv=0,status=0x02","{""ver"":1,""type"":1,""seq"":8355,""ts"":74,""lat"":0,""lon"":0,""alt_mm"":290,""speed_cms"":0,""heading_cd"":59254,""pitch_cd"":-1564,""roll_cd"":-688,""yaw_cd"":515,""bat_mv"":0,""status"":2}"
2026-08-12T19:47:12.957+00:00,BIN,"BIN,ver=1,type=1,seq=8513,ts=74,lat=0,lon=0,alt_mm=290,speed_cms=0,heading_cd=59254,pitch_cd=-595,roll_cd=-325,yaw_cd=-163,bat_mv=0,status=0x02","{""ver"":1,""type"":1,""seq"":8513,""ts"":74,""lat"":0,""lon"":0,""alt_mm"":290,""speed_cms"":0,""heading_cd"":59254,""pitch_cd"":-595,""roll_cd"":-325,""yaw_cd"":-163,""bat_mv"":0,""status"":2}"
2026-08-12T19:47:13.042+00:00,BIN,"BIN,ver=1,type=1,seq=8513,ts=74,lat=0,lon=0,alt_mm=250,speed_cms=0,heading_cd=59254,pitch_cd=-699,roll_cd=-502,yaw_cd=111,bat_mv=0,status=0x02","{""ver"":1,""type"":1,""seq"":8513,""ts"":74,""lat"":0,""lon"":0,""alt_mm"":250,""speed_cms"":0,""heading_cd"":59254,""pitch_cd"":-699,""roll_cd"":-502,""yaw_cd"":111,""bat_mv"":0,""status"":2}"
2026-08-12T19:47:13.125+00:00,BIN,"BIN,ver=1,type=1,seq=8635,ts=74,lat=0,lon=0,alt_mm=250,speed_cms=0,heading_cd=59254,pitch_cd=-922,roll_cd=-457,yaw_cd=86,bat_mv=0,status=0x02","{""ver"":1,""type"":1,""seq"":8635,""ts"":74,""lat"":0,""lon"":0,""alt_mm"":250,""speed_cms"":0,""heading_cd"":59254,""pitch_cd"":-922,""roll_cd"":-457,""yaw_cd"":86,""bat_mv"":0,""status"":2}"
2026-08-12T19:47:13.210+00:00,BIN,"BIN,ver=1,type=1,seq=8802,ts=74,lat=0,lon=0,alt_mm=210,speed_cms=0,heading_cd=59254,pitch_cd=-894,roll_cd=-526,yaw_cd=72,bat_mv=0,status=0x02","{""ver"":1,""type"":1,""seq"":8802,""ts"":74,""lat"":0,""lon"":0,""alt_mm"":210,""speed_cms"":0,""heading_cd"":59254,""pitch_cd"":-894,""roll_cd"":-526,""yaw_cd"":72,""bat_mv"":0,""status"":2}"
2026-08-12T19:47:13.293+00:00,BIN,"BIN,ver=1,type=1,seq=8915,ts=74,lat=0,lon=0,alt_mm=210,speed_cms=0,heading_cd=59254,pitch_cd=-894,roll_cd=-526,yaw_cd=72,bat_mv=0,status=0x02","{""ver"":1,""type"":1,""seq"":8915,""ts"":74,""lat"":0,""lon"":0,""alt_mm"":210,""speed_cms"":0,""heading_cd"":59254,""pitch_cd"":-894,""roll_cd"":-526,""yaw_cd"":72,""bat_mv"":0,""status"":2}"
2026-08-12T19:47:13.376+00:00,BIN,"BIN,ver=1,type=1,seq=8915,ts=74,lat=0,lon=0,alt_mm=210,speed_cms=0,heading_cd=59254,pitch_cd=-869,roll_cd=-474,yaw_cd=-28,bat_mv=0,status=0x02","{""ver"":1,""type"":1,""seq"":8915,""ts"":74,""lat"":0,""lon"":0,""alt_mm"":210,""speed_cms"":0,""heading_cd"":59254,""pitch_cd"":-869,""roll_cd"":-474,""yaw_cd"":-28,""bat_mv"":0,""status"":2}"
2026-08-12T19:47:13.461+00:00,BIN,"BIN,ver=1,type=1,seq=8915,ts=74,lat=0,lon=0,alt_mm=170,speed_cms=0,heading_cd=59254,pitch_cd=-649,roll_cd=-372,yaw_cd=-16,bat_mv=0,status=0x02","{""ver"":1,""type"":1,""seq"":8915,""ts"":74,""lat"":0,""lon"":0,""alt_mm"":170,""speed_cms"":0,""heading_cd"":59254,""pitch_cd"":-649,""roll_cd"":-372,""yaw_cd"":-16,""bat_mv"":0,""status"":2}"
2026-08-12T19:47:13.542+00:00,BIN,"BIN,ver=1,type=1,seq=9072,ts=74,lat=0,lon=0,alt_mm=170,speed_cms=0,heading_cd=59254,pitch_cd=-649,roll_cd=-372,yaw_cd=-16,bat_mv=0,status=0x02","{""ver"":1,""type"":1,""seq"":9072,""ts"":74,""lat"":0,""lon"":0,""alt_mm"":170,""speed_cms"":0,""heading_cd"":59254,""pitch_cd"":-649,""roll_cd"":-372,""yaw_cd"":-16,""bat_mv"":0,""status"":2}"
2026-08-12T19:47:13.628+00:00,BIN,"BIN,ver=1,type=1,seq=9195,ts=74,lat=0,lon=0,alt_mm=180,speed_cms=0,heading_cd=59254,pitch_cd=-795,roll_cd=-530,yaw_cd=48,bat_mv=0,status=0x02","{""ver"":1,""type"":1,""seq"":9195,""ts"":74,""lat"":0,""lon"":0,""alt_mm"":180,""speed_cms"":0,""heading_cd"":59254,""pitch_cd"":-795,""roll_cd"":-530,""yaw_cd"":48,""bat_mv"":0,""status"":2}"
2026-08-12T19:47:13.712+00:00,BIN,"BIN,ver=1,type=1,seq=9195,ts=74,lat=0,lon=0,alt_mm=180,speed_cms=0,heading_cd=59254,pitch_cd=-832,roll_cd=-642,yaw_cd=-5,bat_mv=0,status=0x02","{""ver"":1,""type"":1,""seq"":9195,""ts"":74,""lat"":0,""lon"":0,""alt_mm"":180,""speed_cms"":0,""heading_cd"":59254,""pitch_cd"":-832,""roll_cd"":-642,""yaw_cd"":-5,""bat_mv"":0,""status"":2}"
2026-08-12T19:47:13.795+00:00,BIN,"BIN,ver=1,type=1,seq=9351,ts=74,lat=0,lon=0,alt_mm=150,speed_cms=0,heading_cd=59254,pitch_cd=-801,roll_cd=-489,yaw_cd=69,bat_mv=0,status=0x02","{""ver"":1,""type"":1,""seq"":9351,""ts"":74,""lat"":0,""lon"":0,""alt_mm"":150,""speed_cms"":0,""heading_cd"":59254,""pitch_cd"":-801,""roll_cd"":-489,""yaw_cd"":69,""bat_mv"":0,""status"":2}"
2026-08-12T19:47:13.878+00:00,BIN,"BIN,ver=1,type=1,seq=9351,ts=75,lat=0,lon=0,alt_mm=150,speed_cms=0,heading_cd=59254,pitch_cd=-826,roll_cd=-499,yaw_cd=112,bat_mv=0,status=0x02","{""ver"":1,""type"":1,""seq"":9351,""ts"":75,""lat"":0,""lon"":0,""alt_mm"":150,""speed_cms"":0,""heading_cd"":59254,""pitch_cd"":-826,""roll_cd"":-499,""yaw_cd"":112,""bat_mv"":0,""status"":2}"
2026-08-12T19:47:13.964+00:00,BIN,"BIN,ver=1,type=1,seq=9475,ts=75,lat=0,lon=0,alt_mm=150,speed_cms=0,heading_cd=59254,pitch_cd=-801,roll_cd=-506,yaw_cd=59,bat_mv=0,status=0x02","{""ver"":1,""type"":1,""seq"":9475,""ts"":75,""lat"":0,""lon"":0,""alt_mm"":150,""speed_cms"":0,""heading_cd"":59254,""pitch_cd"":-801,""roll_cd"":-506,""yaw_cd"":59,""bat_mv"":0,""status"":2}"
2026-08-12T19:47:14.047+00:00,BIN,"BIN,ver=1,type=1,seq=9642,ts=75,lat=0,lon=0,alt_mm=130,speed_cms=0,heading_cd=59254,pitch_cd=-764,roll_cd=-507,yaw_cd=56,bat_mv=0,status=0x02","{""ver"":1,""type"":1,""seq"":9642,""ts"":75,""lat"":0,""lon"":0,""alt_mm"":130,""speed_cms"":0,""heading_cd"":59254,""pitch_cd"":-764,""roll_cd"":-507,""yaw_cd"":56,""bat_mv"":0,""status"":2}"
2026-08-12T19:47:14.131+00:00,BIN,"BIN,ver=1,type=1,seq=9642,ts=75,lat=0,lon=0,alt_mm=130,speed_cms=0,heading_cd=59254,pitch_cd=-755,roll_cd=-447,yaw_cd=45,bat_mv=0,status=0x02","{""ver"":1,""type"":1,""seq"":9642,""ts"":75,""lat"":0,""lon"":0,""alt_mm"":130,""speed_cms"":0,""heading_cd"":59254,""pitch_cd"":-755,""roll_cd"":-447,""yaw_cd"":45,""bat_mv"":0,""status"":2}"
2026-08-12T19:47:14.214+00:00,BIN,"BIN,ver=1,type=1,seq=9755,ts=75,lat=0,lon=0,alt_mm=80,speed_cms=0,heading_cd=59254,pitch_cd=-994,roll_cd=-350,yaw_cd=90,bat_mv=0,status=0x02","{""ver"":1,""type"":1,""seq"":9755,""ts"":75,""lat"":0,""lon"":0,""alt_mm"":80,""speed_cms"":0,""heading_cd"":59254,""pitch_cd"":-994,""roll_cd"":-350,""yaw_cd"":90,""bat_mv"":0,""status"":2}"
2026-08-12T19:47:14.299+00:00,BIN,"BIN,ver=1,type=1,seq=9911,ts=75,lat=0,lon=0,alt_mm=80,speed_cms=0,heading_cd=59254,pitch_cd=-790,roll_cd=-457,yaw_cd=76,bat_mv=0,status=0x02","{""ver"":1,""type"":1,""seq"":9911,""ts"":75,""lat"":0,""lon"":0,""alt_mm"":80,""speed_cms"":0,""heading_cd"":59254,""pitch_cd"":-790,""roll_cd"":-457,""yaw_cd"":76,""bat_mv"":0,""status"":2}"
2026-08-12T19:47:14.385+00:00,BIN,"BIN,ver=1,type=1,seq=10036,ts=75,lat=0,lon=0,alt_mm=60,speed_cms=0,heading_cd=59254,pitch_cd=-822,roll_cd=-465,yaw_cd=86,bat_mv=0,status=0x02","{""ver"":1,""type"":1,""seq"":10036,""ts"":75,""lat"":0,""lon"":0,""alt_mm"":60,""speed_cms"":0,""heading_cd"":59254,""pitch_cd"":-822,""roll_cd"":-465,""yaw_cd"":86,""bat_mv"":0,""status"":2}"
2026-08-12T19:47:14.467+00:00,BIN,"BIN,ver=1,type=1,seq=10036,ts=75,lat=0,lon=0,alt_mm=60,speed_cms=0,heading_cd=59254,pitch_cd=-844,roll_cd=-527,yaw_cd=85,bat_mv=0,status=0x02","{""ver"":1,""type"":1,""seq"":10036,""ts"":75,""lat"":0,""lon"":0,""alt_mm"":60,""speed_cms"":0,""heading_cd"":59254,""pitch_cd"":-844,""roll_cd"":-527,""yaw_cd"":85,""bat_mv"":0,""status"":2}"
2026-08-12T19:47:14.552+00:00,BIN,"BIN,ver=1,type=1,seq=10036,ts=75,lat=0,lon=0,alt_mm=60,speed_cms=0,heading_cd=59254,pitch_cd=-844,roll_cd=-527,yaw_cd=85,bat_mv=0,status=0x02","{""ver"":1,""type"":1,""seq"":10036,""ts"":75,""lat"":0,""lon"":0,""alt_mm"":60,""speed_cms"":0,""heading_cd"":59254,""pitch_cd"":-844,""roll_cd"":-527,""yaw_cd"":85,""bat_mv"":0,""status"":2}"
2026-08-12T19:47:14.635+00:00,BIN,"BIN,ver=1,type=1,seq=10194,ts=75,lat=0,lon=0,alt_mm=40,speed_cms=0,heading_cd=59254,pitch_cd=-738,roll_cd=-489,yaw_cd=138,bat_mv=0,status=0x02","{""ver"":1,""type"":1,""seq"":10194,""ts"":75,""lat"":0,""lon"":0,""alt_mm"":40,""speed_cms"":0,""heading_cd"":59254,""pitch_cd"":-738,""roll_cd"":-489,""yaw_cd"":138,""bat_mv"":0,""status"":2}"
2026-08-12T19:47:14.721+00:00,BIN,"BIN,ver=1,type=1,seq=10194,ts=75,lat=0,lon=0,alt_mm=40,speed_cms=0,heading_cd=59254,pitch_cd=-796,roll_cd=-543,yaw_cd=23,bat_mv=0,status=0x02","{""ver"":1,""type"":1,""seq"":10194,""ts"":75,""lat"":0,""lon"":0,""alt_mm"":40,""speed_cms"":0,""heading_cd"":59254,""pitch_cd"":-796,""roll_cd"":-543,""yaw_cd"":23,""bat_mv"":0,""status"":2}"
2026-08-12T19:47:14.804+00:00,BIN,"BIN,ver=1,type=1,seq=10315,ts=75,lat=0,lon=0,alt_mm=40,speed_cms=0,heading_cd=59254,pitch_cd=-809,roll_cd=-531,yaw_cd=94,bat_mv=0,status=0x02","{""ver"":1,""type"":1,""seq"":10315,""ts"":75,""lat"":0,""lon"":0,""alt_mm"":40,""speed_cms"":0,""heading_cd"":59254,""pitch_cd"":-809,""roll_cd"":-531,""yaw_cd"":94,""bat_mv"":0,""status"":2}"
2026-08-12T19:47:14.888+00:00,BIN,"BIN,ver=1,type=1,seq=10470,ts=76,lat=0,lon=0,alt_mm=10,speed_cms=0,heading_cd=59254,pitch_cd=-730,roll_cd=-612,yaw_cd=1,bat_mv=0,status=0x02","{""ver"":1,""type"":1,""seq"":10470,""ts"":76,""lat"":0,""lon"":0,""alt_mm"":10,""speed_cms"":0,""heading_cd"":59254,""pitch_cd"":-730,""roll_cd"":-612,""yaw_cd"":1,""bat_mv"":0,""status"":2}"
2026-08-12T19:47:14.970+00:00,BIN,"BIN,ver=1,type=1,seq=10470,ts=76,lat=0,lon=0,alt_mm=10,speed_cms=0,heading_cd=59254,pitch_cd=-767,roll_cd=-648,yaw_cd=-42,bat_mv=0,status=0x02","{""ver"":1,""type"":1,""seq"":10470,""ts"":76,""lat"":0,""lon"":0,""alt_mm"":10,""speed_cms"":0,""heading_cd"":59254,""pitch_cd"":-767,""roll_cd"":-648,""yaw_cd"":-42,""bat_mv"":0,""status"":2}"
2026-08-12T19:47:15.055+00:00,BIN,"BIN,ver=1,type=1,seq=10595,ts=76,lat=0,lon=0,alt_mm=-10,speed_cms=0,heading_cd=59254,pitch_cd=-767,roll_cd=-648,yaw_cd=-42,bat_mv=0,status=0x02","{""ver"":1,""type"":1,""seq"":10595,""ts"":76,""lat"":0,""lon"":0,""alt_mm"":-10,""speed_cms"":0,""heading_cd"":59254,""pitch_cd"":-767,""roll_cd"":-648,""yaw_cd"":-42,""bat_mv"":0,""status"":2}"
2026-08-12T19:47:15.138+00:00,BIN,"BIN,ver=1,type=1,seq=10595,ts=76,lat=0,lon=0,alt_mm=-10,speed_cms=0,heading_cd=59254,pitch_cd=-757,roll_cd=-601,yaw_cd=-24,bat_mv=0,status=0x02","{""ver"":1,""type"":1,""seq"":10595,""ts"":76,""lat"":0,""lon"":0,""alt_mm"":-10,""speed_cms"":0,""heading_cd"":59254,""pitch_cd"":-757,""roll_cd"":-601,""yaw_cd"":-24,""bat_mv"":0,""status"":2}"
2026-08-12T19:47:15.223+00:00,BIN,"BIN,ver=1,type=1,seq=10762,ts=76,lat=0,lon=0,alt_mm=-40,speed_cms=0,heading_cd=59254,pitch_cd=-693,roll_cd=-635,yaw_cd=2,bat_mv=0,status=0x02","{""ver"":1,""type"":1,""seq"":10762,""ts"":76,""lat"":0,""lon"":0,""alt_mm"":-40,""speed_cms"":0,""heading_cd"":59254,""pitch_cd"":-693,""roll_cd"":-635,""yaw_cd"":2,""bat_mv"":0,""status"":2}"
2026-08-12T19:47:15.306+00:00,BIN,"BIN,ver=1,type=1,seq=10875,ts=76,lat=0,lon=0,alt_mm=-40,speed_cms=0,heading_cd=59254,pitch_cd=-693,roll_cd=-635,yaw_cd=2,bat_mv=0,status=0x02","{""ver"":1,""type"":1,""seq"":10875,""ts"":76,""lat"":0,""lon"":0,""alt_mm"":-40,""speed_cms"":0,""heading_cd"":59254,""pitch_cd"":-693,""roll_cd"":-635,""yaw_cd"":2,""bat_mv"":0,""status"":2}"
2026-08-12T19:47:15.391+00:00,BIN,"BIN,ver=1,type=1,seq=10875,ts=76,lat=0,lon=0,alt_mm=-40,speed_cms=0,heading_cd=59254,pitch_cd=-835,roll_cd=-609,yaw_cd=-137,bat_mv=0,status=0x02","{""ver"":1,""type"":1,""seq"":10875,""ts"":76,""lat"":0,""lon"":0,""alt_mm"":-40,""speed_cms"":0,""heading_cd"":59254,""pitch_cd"":-835,""roll_cd"":-609,""yaw_cd"":-137,""bat_mv"":0,""status"":2}"
2026-08-12T19:47:15.475+00:00,BIN,"BIN,ver=1,type=1,seq=11090,ts=76,lat=0,lon=0,alt_mm=-40,speed_cms=0,heading_cd=59254,pitch_cd=-751,roll_cd=-616,yaw_cd=-38,bat_mv=0,status=0x02","{""ver"":1,""type"":1,""seq"":11090,""ts"":76,""lat"":0,""lon"":0,""alt_mm"":-40,""speed_cms"":0,""heading_cd"":59254,""pitch_cd"":-751,""roll_cd"":-616,""yaw_cd"":-38,""bat_mv"":0,""status"":2}"
2026-08-12T19:47:15.557+00:00,BIN,"BIN,ver=1,type=1,seq=11090,ts=76,lat=0,lon=0,alt_mm=-40,speed_cms=0,heading_cd=59254,pitch_cd=-750,roll_cd=-602,yaw_cd=-68,bat_mv=0,status=0x02","{""ver"":1,""type"":1,""seq"":11090,""ts"":76,""lat"":0,""lon"":0,""alt_mm"":-40,""speed_cms"":0,""heading_cd"":59254,""pitch_cd"":-750,""roll_cd"":-602,""yaw_cd"":-68,""bat_mv"":0,""status"":2}"
2026-08-12T19:47:15.639+00:00,BIN,"BIN,ver=1,type=1,seq=11215,ts=76,lat=0,lon=0,alt_mm=-60,speed_cms=0,heading_cd=59254,pitch_cd=-750,roll_cd=-602,yaw_cd=-68,bat_mv=0,status=0x02","{""ver"":1,""type"":1,""seq"":11215,""ts"":76,""lat"":0,""lon"":0,""alt_mm"":-60,""speed_cms"":0,""heading_cd"":59254,""pitch_cd"":-750,""roll_cd"":-602,""yaw_cd"":-68,""bat_mv"":0,""status"":2}"
2026-08-12T19:47:15.725+00:00,BIN,"BIN,ver=1,type=1,seq=11322,ts=76,lat=0,lon=0,alt_mm=-90,speed_cms=0,heading_cd=59254,pitch_cd=-760,roll_cd=-580,yaw_cd=-79,bat_mv=0,status=0x02","{""ver"":1,""type"":1,""seq"":11322,""ts"":76,""lat"":0,""lon"":0,""alt_mm"":-90,""speed_cms"":0,""heading_cd"":59254,""pitch_cd"":-760,""roll_cd"":-580,""yaw_cd"":-79,""bat_mv"":0,""status"":2}"
2026-08-12T19:47:15.810+00:00,BIN,"BIN,ver=1,type=1,seq=11322,ts=76,lat=0,lon=0,alt_mm=-80,speed_cms=0,heading_cd=59254,pitch_cd=-724,roll_cd=-591,yaw_cd=-70,bat_mv=0,status=0x02","{""ver"":1,""type"":1,""seq"":11322,""ts"":76,""lat"":0,""lon"":0,""alt_mm"":-80,""speed_cms"":0,""heading_cd"":59254,""pitch_cd"":-724,""roll_cd"":-591,""yaw_cd"":-70,""bat_mv"":0,""status"":2}"
2026-08-12T19:47:15.894+00:00,BIN,"BIN,ver=1,type=1,seq=11455,ts=77,lat=0,lon=0,alt_mm=-80,speed_cms=0,heading_cd=59254,pitch_cd=-766,roll_cd=-624,yaw_cd=-106,bat_mv=0,status=0x02","{""ver"":1,""type"":1,""seq"":11455,""ts"":77,""lat"":0,""lon"":0,""alt_mm"":-80,""speed_cms"":0,""heading_cd"":59254,""pitch_cd"":-766,""roll_cd"":-624,""yaw_cd"":-106,""bat_mv"":0,""status"":2}"
2026-08-12T19:47:15.976+00:00,BIN,"BIN,ver=1,type=1,seq=11455,ts=77,lat=0,lon=0,alt_mm=-100,speed_cms=0,heading_cd=59254,pitch_cd=-720,roll_cd=-622,yaw_cd=-80,bat_mv=0,status=0x02","{""ver"":1,""type"":1,""seq"":11455,""ts"":77,""lat"":0,""lon"":0,""alt_mm"":-100,""speed_cms"":0,""heading_cd"":59254,""pitch_cd"":-720,""roll_cd"":-622,""yaw_cd"":-80,""bat_mv"":0,""status"":2}"
2026-08-12T19:47:16.060+00:00,BIN,"BIN,ver=1,type=1,seq=11573,ts=77,lat=0,lon=0,alt_mm=-100,speed_cms=0,heading_cd=59254,pitch_cd=-693,roll_cd=-549,yaw_cd=-59,bat_mv=0,status=0x02","{""ver"":1,""type"":1,""seq"":11573,""ts"":77,""lat"":0,""lon"":0,""alt_mm"":-100,""speed_cms"":0,""heading_cd"":59254,""pitch_cd"":-693,""roll_cd"":-549,""yaw_cd"":-59,""bat_mv"":0,""status"":2}"
2026-08-12T19:47:16.144+00:00,BIN,"BIN,ver=1,type=1,seq=11695,ts=77,lat=0,lon=0,alt_mm=-100,speed_cms=0,heading_cd=59254,pitch_cd=-785,roll_cd=-651,yaw_cd=-105,bat_mv=0,status=0x02","{""ver"":1,""type"":1,""seq"":11695,""ts"":77,""lat"":0,""lon"":0,""alt_mm"":-100,""speed_cms"":0,""heading_cd"":59254,""pitch_cd"":-785,""roll_cd"":-651,""yaw_cd"":-105,""bat_mv"":0,""status"":2}"
2026-08-12T19:47:16.227+00:00,BIN,"BIN,ver=1,type=1,seq=11695,ts=77,lat=0,lon=0,alt_mm=-110,speed_cms=0,heading_cd=59254,pitch_cd=-741,roll_cd=-575,yaw_cd=-48,bat_mv=0,status=0x02","{""ver"":1,""type"":1,""seq"":11695,""ts"":77,""lat"":0,""lon"":0,""alt_mm"":-110,""speed_cms"":0,""heading_cd"":59254,""pitch_cd"":-741,""roll_cd"":-575,""yaw_cd"":-48,""bat_mv"":0,""status"":2}"
2026-08-12T19:47:16.312+00:00,BIN,"BIN,ver=1,type=1,seq=11975,ts=77,lat=0,lon=0,alt_mm=-90,speed_cms=0,heading_cd=59254,pitch_cd=-772,roll_cd=-619,yaw_cd=-140,bat_mv=0,status=0x02","{""ver"":1,""type"":1,""seq"":11975,""ts"":77,""lat"":0,""lon"":0,""alt_mm"":-90,""speed_cms"":0,""heading_cd"":59254,""pitch_cd"":-772,""roll_cd"":-619,""yaw_cd"":-140,""bat_mv"":0,""status"":2}"
2026-08-12T19:47:16.396+00:00,BIN,"BIN,ver=1,type=1,seq=11975,ts=77,lat=0,lon=0,alt_mm=-90,speed_cms=0,heading_cd=59254,pitch_cd=-796,roll_cd=-584,yaw_cd=-101,bat_mv=0,status=0x02","{""ver"":1,""type"":1,""seq"":11975,""ts"":77,""lat"":0,""lon"":0,""alt_mm"":-90,""speed_cms"":0,""heading_cd"":59254,""pitch_cd"":-796,""roll_cd"":-584,""yaw_cd"":-101,""bat_mv"":0,""status"":2}"
2026-08-12T19:47:16.480+00:00,BIN,"BIN,ver=1,type=1,seq=11975,ts=77,lat=0,lon=0,alt_mm=-90,speed_cms=0,heading_cd=59254,pitch_cd=-796,roll_cd=-584,yaw_cd=-101,bat_mv=0,status=0x02","{""ver"":1,""type"":1,""seq"":11975,""ts"":77,""lat"":0,""lon"":0,""alt_mm"":-90,""speed_cms"":0,""heading_cd"":59254,""pitch_cd"":-796,""roll_cd"":-584,""yaw_cd"":-101,""bat_mv"":0,""status"":2}"
2026-08-12T19:47:16.563+00:00,BIN,"BIN,ver=1,type=1,seq=12132,ts=77,lat=0,lon=0,alt_mm=-100,speed_cms=0,heading_cd=59254,pitch_cd=-777,roll_cd=-634,yaw_cd=-94,bat_mv=0,status=0x02","{""ver"":1,""type"":1,""seq"":12132,""ts"":77,""lat"":0,""lon"":0,""alt_mm"":-100,""speed_cms"":0,""heading_cd"":59254,""pitch_cd"":-777,""roll_cd"":-634,""yaw_cd"":-94,""bat_mv"":0,""status"":2}"
2026-08-12T19:47:16.646+00:00,BIN,"BIN,ver=1,type=1,seq=12132,ts=77,lat=0,lon=0,alt_mm=-110,speed_cms=0,heading_cd=59254,pitch_cd=-573,roll_cd=-561,yaw_cd=-97,bat_mv=0,status=0x02","{""ver"":1,""type"":1,""seq"":12132,""ts"":77,""lat"":0,""lon"":0,""alt_mm"":-110,""speed_cms"":0,""heading_cd"":59254,""pitch_cd"":-573,""roll_cd"":-561,""yaw_cd"":-97,""bat_mv"":0,""status"":2}"
2026-08-12T19:47:16.730+00:00,BIN,"BIN,ver=1,type=1,seq=12255,ts=77,lat=0,lon=0,alt_mm=-110,speed_cms=0,heading_cd=59254,pitch_cd=-793,roll_cd=-675,yaw_cd=-209,bat_mv=0,status=0x02","{""ver"":1,""type"":1,""seq"":12255,""ts"":77,""lat"":0,""lon"":0,""alt_mm"":-110,""speed_cms"":0,""heading_cd"":59254,""pitch_cd"":-793,""roll_cd"":-675,""yaw_cd"":-209,""bat_mv"":0,""status"":2}"
2026-08-12T19:47:16.815+00:00,BIN,"BIN,ver=1,type=1,seq=12411,ts=78,lat=0,lon=0,alt_mm=-80,speed_cms=0,heading_cd=59254,pitch_cd=-750,roll_cd=-675,yaw_cd=-131,bat_mv=0,status=0x02","{""ver"":1,""type"":1,""seq"":12411,""ts"":78,""lat"":0,""lon"":0,""alt_mm"":-80,""speed_cms"":0,""heading_cd"":59254,""pitch_cd"":-750,""roll_cd"":-675,""yaw_cd"":-131,""bat_mv"":0,""status"":2}"
2026-08-12T19:47:16.899+00:00,BIN,"BIN,ver=1,type=1,seq=12411,ts=78,lat=0,lon=0,alt_mm=-80,speed_cms=0,heading_cd=59254,pitch_cd=-694,roll_cd=-668,yaw_cd=-69,bat_mv=0,status=0x02","{""ver"":1,""type"":1,""seq"":12411,""ts"":78,""lat"":0,""lon"":0,""alt_mm"":-80,""speed_cms"":0,""heading_cd"":59254,""pitch_cd"":-694,""roll_cd"":-668,""yaw_cd"":-69,""bat_mv"":0,""status"":2}"
2026-08-12T19:47:16.983+00:00,BIN,"BIN,ver=1,type=1,seq=12535,ts=78,lat=0,lon=0,alt_mm=-80,speed_cms=0,heading_cd=59254,pitch_cd=-694,roll_cd=-668,yaw_cd=-69,bat_mv=0,status=0x02","{""ver"":1,""type"":1,""seq"":12535,""ts"":78,""lat"":0,""lon"":0,""alt_mm"":-80,""speed_cms"":0,""heading_cd"":59254,""pitch_cd"":-694,""roll_cd"":-668,""yaw_cd"":-69,""bat_mv"":0,""status"":2}"
2026-08-12T19:47:17.066+00:00,BIN,"BIN,ver=1,type=1,seq=12535,ts=78,lat=0,lon=0,alt_mm=-80,speed_cms=0,heading_cd=59254,pitch_cd=-706,roll_cd=-695,yaw_cd=-63,bat_mv=0,status=0x02","{""ver"":1,""type"":1,""seq"":12535,""ts"":78,""lat"":0,""lon"":0,""alt_mm"":-80,""speed_cms"":0,""heading_cd"":59254,""pitch_cd"":-706,""roll_cd"":-695,""yaw_cd"":-63,""bat_mv"":0,""status"":2}"
2026-08-12T19:47:17.152+00:00,BIN,"BIN,ver=1,type=1,seq=12691,ts=78,lat=0,lon=0,alt_mm=-60,speed_cms=0,heading_cd=59254,pitch_cd=-707,roll_cd=-632,yaw_cd=6,bat_mv=0,status=0x02","{""ver"":1,""type"":1,""seq"":12691,""ts"":78,""lat"":0,""lon"":0,""alt_mm"":-60,""speed_cms"":0,""heading_cd"":59254,""pitch_cd"":-707,""roll_cd"":-632,""yaw_cd"":6,""bat_mv"":0,""status"":2}"
2026-08-12T19:47:17.234+00:00,BIN,"BIN,ver=1,type=1,seq=12815,ts=78,lat=0,lon=0,alt_mm=-40,speed_cms=0,heading_cd=59254,pitch_cd=-737,roll_cd=-706,yaw_cd=-18,bat_mv=0,status=0x02","{""ver"":1,""type"":1,""seq"":12815,""ts"":78,""lat"":0,""lon"":0,""alt_mm"":-40,""speed_cms"":0,""heading_cd"":59254,""pitch_cd"":-737,""roll_cd"":-706,""yaw_cd"":-18,""bat_mv"":0,""status"":2}"
2026-08-12T19:47:17.318+00:00,BIN,"BIN,ver=1,type=1,seq=12982,ts=78,lat=0,lon=0,alt_mm=-60,speed_cms=0,heading_cd=59254,pitch_cd=-753,roll_cd=-609,yaw_cd=-31,bat_mv=0,status=0x02","{""ver"":1,""type"":1,""seq"":12982,""ts"":78,""lat"":0,""lon"":0,""alt_mm"":-60,""speed_cms"":0,""heading_cd"":59254,""pitch_cd"":-753,""roll_cd"":-609,""yaw_cd"":-31,""bat_mv"":0,""status"":2}"
2026-08-12T19:47:17.402+00:00,BIN,"BIN,ver=1,type=1,seq=12982,ts=78,lat=0,lon=0,alt_mm=-60,speed_cms=0,heading_cd=59254,pitch_cd=-802,roll_cd=-455,yaw_cd=-10,bat_mv=0,status=0x02","{""ver"":1,""type"":1,""seq"":12982,""ts"":78,""lat"":0,""lon"":0,""alt_mm"":-60,""speed_cms"":0,""heading_cd"":59254,""pitch_cd"":-802,""roll_cd"":-455,""yaw_cd"":-10,""bat_mv"":0,""status"":2}"
2026-08-12T19:47:17.486+00:00,BIN,"BIN,ver=1,type=1,seq=13096,ts=78,lat=0,lon=0,alt_mm=-20,speed_cms=0,heading_cd=59254,pitch_cd=-802,roll_cd=-455,yaw_cd=-10,bat_mv=0,status=0x02","{""ver"":1,""type"":1,""seq"":13096,""ts"":78,""lat"":0,""lon"":0,""alt_mm"":-20,""speed_cms"":0,""heading_cd"":59254,""pitch_cd"":-802,""roll_cd"":-455,""yaw_cd"":-10,""bat_mv"":0,""status"":2}"
2026-08-12T19:47:17.571+00:00,BIN,"BIN,ver=1,type=1,seq=13096,ts=78,lat=0,lon=0,alt_mm=-20,speed_cms=0,heading_cd=59254,pitch_cd=-797,roll_cd=-377,yaw_cd=8,bat_mv=0,status=0x02","{""ver"":1,""type"":1,""seq"":13096,""ts"":78,""lat"":0,""lon"":0,""alt_mm"":-20,""speed_cms"":0,""heading_cd"":59254,""pitch_cd"":-797,""roll_cd"":-377,""yaw_cd"":8,""bat_mv"":0,""status"":2}"
2026-08-12T19:47:17.654+00:00,BIN,"BIN,ver=1,type=1,seq=13253,ts=78,lat=0,lon=0,alt_mm=20,speed_cms=0,heading_cd=59254,pitch_cd=-809,roll_cd=-499,yaw_cd=54,bat_mv=0,status=0x02","{""ver"":1,""type"":1,""seq"":13253,""ts"":78,""lat"":0,""lon"":0,""alt_mm"":20,""speed_cms"":0,""heading_cd"":59254,""pitch_cd"":-809,""roll_cd"":-499,""yaw_cd"":54,""bat_mv"":0,""status"":2}"
2026-08-12T19:47:17.738+00:00,BIN,"BIN,ver=1,type=1,seq=13253,ts=78,lat=0,lon=0,alt_mm=20,speed_cms=0,heading_cd=59254,pitch_cd=-807,roll_cd=-602,yaw_cd=-4,bat_mv=0,status=0x02","{""ver"":1,""type"":1,""seq"":13253,""ts"":78,""lat"":0,""lon"":0,""alt_mm"":20,""speed_cms"":0,""heading_cd"":59254,""pitch_cd"":-807,""roll_cd"":-602,""yaw_cd"":-4,""bat_mv"":0,""status"":2}"
2026-08-12T19:47:17.823+00:00,BIN,"BIN,ver=1,type=1,seq=13375,ts=79,lat=0,lon=0,alt_mm=-10,speed_cms=0,heading_cd=59254,pitch_cd=-807,roll_cd=-602,yaw_cd=-4,bat_mv=0,status=0x02","{""ver"":1,""type"":1,""seq"":13375,""ts"":79,""lat"":0,""lon"":0,""alt_mm"":-10,""speed_cms"":0,""heading_cd"":59254,""pitch_cd"":-807,""roll_cd"":-602,""yaw_cd"":-4,""bat_mv"":0,""status"":2}"
2026-08-12T19:47:17.905+00:00,BIN,"BIN,ver=1,type=1,seq=13375,ts=79,lat=0,lon=0,alt_mm=-10,speed_cms=0,heading_cd=59254,pitch_cd=-785,roll_cd=-561,yaw_cd=-4,bat_mv=0,status=0x02","{""ver"":1,""type"":1,""seq"":13375,""ts"":79,""lat"":0,""lon"":0,""alt_mm"":-10,""speed_cms"":0,""heading_cd"":59254,""pitch_cd"":-785,""roll_cd"":-561,""yaw_cd"":-4,""bat_mv"":0,""status"":2}"
2026-08-12T19:47:17.992+00:00,BIN,"BIN,ver=1,type=1,seq=13530,ts=79,lat=0,lon=0,alt_mm=-30,speed_cms=0,heading_cd=59254,pitch_cd=-777,roll_cd=-553,yaw_cd=-58,bat_mv=0,status=0x02","{""ver"":1,""type"":1,""seq"":13530,""ts"":79,""lat"":0,""lon"":0,""alt_mm"":-30,""speed_cms"":0,""heading_cd"":59254,""pitch_cd"":-777,""roll_cd"":-553,""yaw_cd"":-58,""bat_mv"":0,""status"":2}"
2026-08-12T19:47:18.073+00:00,BIN,"BIN,ver=1,type=1,seq=13530,ts=79,lat=0,lon=0,alt_mm=-30,speed_cms=0,heading_cd=59254,pitch_cd=-759,roll_cd=-568,yaw_cd=-57,bat_mv=0,status=0x02","{""ver"":1,""type"":1,""seq"":13530,""ts"":79,""lat"":0,""lon"":0,""alt_mm"":-30,""speed_cms"":0,""heading_cd"":59254,""pitch_cd"":-759,""roll_cd"":-568,""yaw_cd"":-57,""bat_mv"":0,""status"":2}"
2026-08-12T19:47:18.157+00:00,BIN,"BIN,ver=1,type=1,seq=13655,ts=79,lat=0,lon=0,alt_mm=-30,speed_cms=0,heading_cd=59254,pitch_cd=-774,roll_cd=-599,yaw_cd=-46,bat_mv=0,status=0x02","{""ver"":1,""type"":1,""seq"":13655,""ts"":79,""lat"":0,""lon"":0,""alt_mm"":-30,""speed_cms"":0,""heading_cd"":59254,""pitch_cd"":-774,""roll_cd"":-599,""yaw_cd"":-46,""bat_mv"":0,""status"":2}"
2026-08-12T19:47:18.241+00:00,BIN,"BIN,ver=1,type=1,seq=13822,ts=79,lat=0,lon=0,alt_mm=-20,speed_cms=0,heading_cd=59254,pitch_cd=-788,roll_cd=-589,yaw_cd=-110,bat_mv=0,status=0x02","{""ver"":1,""type"":1,""seq"":13822,""ts"":79,""lat"":0,""lon"":0,""alt_mm"":-20,""speed_cms"":0,""heading_cd"":59254,""pitch_cd"":-788,""roll_cd"":-589,""yaw_cd"":-110,""bat_mv"":0,""status"":2}"
2026-08-12T19:47:18.325+00:00,BIN,"BIN,ver=1,type=1,seq=13935,ts=79,lat=0,lon=0,alt_mm=-20,speed_cms=0,heading_cd=59254,pitch_cd=-788,roll_cd=-589,yaw_cd=-110,bat_mv=0,status=0x02","{""ver"":1,""type"":1,""seq"":13935,""ts"":79,""lat"":0,""lon"":0,""alt_mm"":-20,""speed_cms"":0,""heading_cd"":59254,""pitch_cd"":-788,""roll_cd"":-589,""yaw_cd"":-110,""bat_mv"":0,""status"":2}"
2026-08-12T19:47:18.410+00:00,BIN,"BIN,ver=1,type=1,seq=13935,ts=79,lat=0,lon=0,alt_mm=-10,speed_cms=0,heading_cd=59254,pitch_cd=-772,roll_cd=-547,yaw_cd=-88,bat_mv=0,status=0x02","{""ver"":1,""type"":1,""seq"":13935,""ts"":79,""lat"":0,""lon"":0,""alt_mm"":-10,""speed_cms"":0,""heading_cd"":59254,""pitch_cd"":-772,""roll_cd"":-547,""yaw_cd"":-88,""bat_mv"":0,""status"":2}"
2026-08-12T19:47:18.494+00:00,BIN,"BIN,ver=1,type=1,seq=14092,ts=79,lat=0,lon=0,alt_mm=-10,speed_cms=0,heading_cd=59254,pitch_cd=-827,roll_cd=-518,yaw_cd=-101,bat_mv=0,status=0x02","{""ver"":1,""type"":1,""seq"":14092,""ts"":79,""lat"":0,""lon"":0,""alt_mm"":-10,""speed_cms"":0,""heading_cd"":59254,""pitch_cd"":-827,""roll_cd"":-518,""yaw_cd"":-101,""bat_mv"":0,""status"":2}"
2026-08-12T19:47:18.577+00:00,BIN,"BIN,ver=1,type=1,seq=14092,ts=79,lat=0,lon=0,alt_mm=-10,speed_cms=0,heading_cd=59254,pitch_cd=-842,roll_cd=-455,yaw_cd=-114,bat_mv=0,status=0x02","{""ver"":1,""type"":1,""seq"":14092,""ts"":79,""lat"":0,""lon"":0,""alt_mm"":-10,""speed_cms"":0,""heading_cd"":59254,""pitch_cd"":-842,""roll_cd"":-455,""yaw_cd"":-114,""bat_mv"":0,""status"":2}"
2026-08-12T19:47:18.661+00:00,BIN,"BIN,ver=1,type=1,seq=14215,ts=79,lat=0,lon=0,alt_mm=-20,speed_cms=0,heading_cd=59254,pitch_cd=-842,roll_cd=-455,yaw_cd=-114,bat_mv=0,status=0x02","{""ver"":1,""type"":1,""seq"":14215,""ts"":79,""lat"":0,""lon"":0,""alt_mm"":-20,""speed_cms"":0,""heading_cd"":59254,""pitch_cd"":-842,""roll_cd"":-455,""yaw_cd"":-114,""bat_mv"":0,""status"":2}"
2026-08-12T19:47:18.745+00:00,BIN,"BIN,ver=1,type=1,seq=14215,ts=79,lat=0,lon=0,alt_mm=-20,speed_cms=0,heading_cd=59254,pitch_cd=-837,roll_cd=-415,yaw_cd=-119,bat_mv=0,status=0x02","{""ver"":1,""type"":1,""seq"":14215,""ts"":79,""lat"":0,""lon"":0,""alt_mm"":-20,""speed_cms"":0,""heading_cd"":59254,""pitch_cd"":-837,""roll_cd"":-415,""yaw_cd"":-119,""bat_mv"":0,""status"":2}"
2026-08-12T19:47:18.828+00:00,BIN,"BIN,ver=1,type=1,seq=14371,ts=79,lat=0,lon=0,alt_mm=10,speed_cms=0,heading_cd=59254,pitch_cd=-861,roll_cd=-374,yaw_cd=-92,bat_mv=0,status=0x02","{""ver"":1,""type"":1,""seq"":14371,""ts"":79,""lat"":0,""lon"":0,""alt_mm"":10,""speed_cms"":0,""heading_cd"":59254,""pitch_cd"":-861,""roll_cd"":-374,""yaw_cd"":-92,""bat_mv"":0,""status"":2}"
2026-08-12T19:47:18.913+00:00,BIN,"BIN,ver=1,type=1,seq=14371,ts=80,lat=0,lon=0,alt_mm=0,speed_cms=0,heading_cd=59254,pitch_cd=-836,roll_cd=-440,yaw_cd=-68,bat_mv=0,status=0x02","{""ver"":1,""type"":1,""seq"":14371,""ts"":80,""lat"":0,""lon"":0,""alt_mm"":0,""speed_cms"":0,""heading_cd"":59254,""pitch_cd"":-836,""roll_cd"":-440,""yaw_cd"":-68,""bat_mv"":0,""status"":2}"
2026-08-12T19:47:18.997+00:00,BIN,"BIN,ver=1,type=1,seq=14495,ts=80,lat=0,lon=0,alt_mm=0,speed_cms=0,heading_cd=59254,pitch_cd=-821,roll_cd=-463,yaw_cd=-38,bat_mv=0,status=0x02","{""ver"":1,""type"":1,""seq"":14495,""ts"":80,""lat"":0,""lon"":0,""alt_mm"":0,""speed_cms"":0,""heading_cd"":59254,""pitch_cd"":-821,""roll_cd"":-463,""yaw_cd"":-38,""bat_mv"":0,""status"":2}"
2026-08-12T19:47:19.080+00:00,BIN,"BIN,ver=1,type=1,seq=14662,ts=80,lat=0,lon=0,alt_mm=0,speed_cms=0,heading_cd=59254,pitch_cd=-748,roll_cd=-589,yaw_cd=44,bat_mv=0,status=0x02","{""ver"":1,""type"":1,""seq"":14662,""ts"":80,""lat"":0,""lon"":0,""alt_mm"":0,""speed_cms"":0,""heading_cd"":59254,""pitch_cd"":-748,""roll_cd"":-589,""yaw_cd"":44,""bat_mv"":0,""status"":2}"
2026-08-12T19:47:19.166+00:00,BIN,"BIN,ver=1,type=1,seq=14662,ts=80,lat=0,lon=0,alt_mm=0,speed_cms=0,heading_cd=59254,pitch_cd=-745,roll_cd=-663,yaw_cd=11,bat_mv=0,status=0x02","{""ver"":1,""type"":1,""seq"":14662,""ts"":80,""lat"":0,""lon"":0,""alt_mm"":0,""speed_cms"":0,""heading_cd"":59254,""pitch_cd"":-745,""roll_cd"":-663,""yaw_cd"":11,""bat_mv"":0,""status"":2}"
2026-08-12T19:47:19.253+00:00,BIN,"BIN,ver=1,type=1,seq=14933,ts=80,lat=0,lon=0,alt_mm=-30,speed_cms=0,heading_cd=59254,pitch_cd=-774,roll_cd=-566,yaw_cd=43,bat_mv=0,status=0x02","{""ver"":1,""type"":1,""seq"":14933,""ts"":80,""lat"":0,""lon"":0,""alt_mm"":-30,""speed_cms"":0,""heading_cd"":59254,""pitch_cd"":-774,""roll_cd"":-566,""yaw_cd"":43,""bat_mv"":0,""status"":2}"
2026-08-12T19:47:19.335+00:00,BIN,"BIN,ver=1,type=1,seq=15056,ts=80,lat=0,lon=0,alt_mm=-20,speed_cms=0,heading_cd=59254,pitch_cd=-774,roll_cd=-566,yaw_cd=43,bat_mv=0,status=0x02","{""ver"":1,""type"":1,""seq"":15056,""ts"":80,""lat"":0,""lon"":0,""alt_mm"":-20,""speed_cms"":0,""heading_cd"":59254,""pitch_cd"":-774,""roll_cd"":-566,""yaw_cd"":43,""bat_mv"":0,""status"":2}"
2026-08-12T19:47:19.420+00:00,BIN,"BIN,ver=1,type=1,seq=15056,ts=80,lat=0,lon=0,alt_mm=-20,speed_cms=0,heading_cd=59254,pitch_cd=-774,roll_cd=-566,yaw_cd=43,bat_mv=0,status=0x02","{""ver"":1,""type"":1,""seq"":15056,""ts"":80,""lat"":0,""lon"":0,""alt_mm"":-20,""speed_cms"":0,""heading_cd"":59254,""pitch_cd"":-774,""roll_cd"":-566,""yaw_cd"":43,""bat_mv"":0,""status"":2}"
2026-08-12T19:47:19.503+00:00,BIN,"BIN,ver=1,type=1,seq=15056,ts=80,lat=0,lon=0,alt_mm=-20,speed_cms=0,heading_cd=59254,pitch_cd=-778,roll_cd=-555,yaw_cd=56,bat_mv=0,status=0x02","{""ver"":1,""type"":1,""seq"":15056,""ts"":80,""lat"":0,""lon"":0,""alt_mm"":-20,""speed_cms"":0,""heading_cd"":59254,""pitch_cd"":-778,""roll_cd"":-555,""yaw_cd"":56,""bat_mv"":0,""status"":2}"
2026-08-12T19:47:19.587+00:00,BIN,"BIN,ver=1,type=1,seq=15056,ts=80,lat=0,lon=0,alt_mm=-20,speed_cms=0,heading_cd=59254,pitch_cd=-778,roll_cd=-555,yaw_cd=56,bat_mv=0,status=0x02","{""ver"":1,""type"":1,""seq"":15056,""ts"":80,""lat"":0,""lon"":0,""alt_mm"":-20,""speed_cms"":0,""heading_cd"":59254,""pitch_cd"":-778,""roll_cd"":-555,""yaw_cd"":56,""bat_mv"":0,""status"":2}"
2026-08-12T19:47:19.671+00:00,BIN,"BIN,ver=1,type=1,seq=15210,ts=80,lat=0,lon=0,alt_mm=20,speed_cms=0,heading_cd=59254,pitch_cd=-779,roll_cd=-524,yaw_cd=87,bat_mv=0,status=0x02","{""ver"":1,""type"":1,""seq"":15210,""ts"":80,""lat"":0,""lon"":0,""alt_mm"":20,""speed_cms"":0,""heading_cd"":59254,""pitch_cd"":-779,""roll_cd"":-524,""yaw_cd"":87,""bat_mv"":0,""status"":2}"
2026-08-12T19:47:19.753+00:00,BIN,"BIN,ver=1,type=1,seq=15210,ts=80,lat=0,lon=0,alt_mm=-10,speed_cms=0,heading_cd=59254,pitch_cd=-780,roll_cd=-522,yaw_cd=112,bat_mv=0,status=0x02","{""ver"":1,""type"":1,""seq"":15210,""ts"":80,""lat"":0,""lon"":0,""alt_mm"":-10,""speed_cms"":0,""heading_cd"":59254,""pitch_cd"":-780,""roll_cd"":-522,""yaw_cd"":112,""bat_mv"":0,""status"":2}"
2026-08-12T19:47:19.837+00:00,BIN,"BIN,ver=1,type=1,seq=15335,ts=80,lat=0,lon=0,alt_mm=-10,speed_cms=0,heading_cd=59254,pitch_cd=-775,roll_cd=-547,yaw_cd=131,bat_mv=0,status=0x02","{""ver"":1,""type"":1,""seq"":15335,""ts"":80,""lat"":0,""lon"":0,""alt_mm"":-10,""speed_cms"":0,""heading_cd"":59254,""pitch_cd"":-775,""roll_cd"":-547,""yaw_cd"":131,""bat_mv"":0,""status"":2}"
2026-08-12T19:47:19.924+00:00,BIN,"BIN,ver=1,type=1,seq=15502,ts=81,lat=0,lon=0,alt_mm=-40,speed_cms=0,heading_cd=59254,pitch_cd=-795,roll_cd=-533,yaw_cd=144,bat_mv=0,status=0x02","{""ver"":1,""type"":1,""seq"":15502,""ts"":81,""lat"":0,""lon"":0,""alt_mm"":-40,""speed_cms"":0,""heading_cd"":59254,""pitch_cd"":-795,""roll_cd"":-533,""yaw_cd"":144,""bat_mv"":0,""status"":2}"
2026-08-12T19:47:20.007+00:00,BIN,"BIN,ver=1,type=1,seq=15502,ts=81,lat=0,lon=0,alt_mm=-40,speed_cms=0,heading_cd=59254,pitch_cd=-802,roll_cd=-524,yaw_cd=160,bat_mv=0,status=0x02","{""ver"":1,""type"":1,""seq"":15502,""ts"":81,""lat"":0,""lon"":0,""alt_mm"":-40,""speed_cms"":0,""heading_cd"":59254,""pitch_cd"":-802,""roll_cd"":-524,""yaw_cd"":160,""bat_mv"":0,""status"":2}"
2026-08-12T19:47:20.090+00:00,BIN,"BIN,ver=1,type=1,seq=15615,ts=81,lat=0,lon=0,alt_mm=0,speed_cms=0,heading_cd=59254,pitch_cd=-765,roll_cd=-497,yaw_cd=188,bat_mv=0,status=0x02","{""ver"":1,""type"":1,""seq"":15615,""ts"":81,""lat"":0,""lon"":0,""alt_mm"":0,""speed_cms"":0,""heading_cd"":59254,""pitch_cd"":-765,""roll_cd"":-497,""yaw_cd"":188,""bat_mv"":0,""status"":2}"
2026-08-12T19:47:20.174+00:00,BIN,"BIN,ver=1,type=1,seq=15615,ts=81,lat=0,lon=0,alt_mm=-10,speed_cms=0,heading_cd=59254,pitch_cd=-779,roll_cd=-514,yaw_cd=176,bat_mv=0,status=0x02","{""ver"":1,""type"":1,""seq"":15615,""ts"":81,""lat"":0,""lon"":0,""alt_mm"":-10,""speed_cms"":0,""heading_cd"":59254,""pitch_cd"":-779,""roll_cd"":-514,""yaw_cd"":176,""bat_mv"":0,""status"":2}"
2026-08-12T19:47:20.257+00:00,BIN,"BIN,ver=1,type=1,seq=15895,ts=81,lat=0,lon=0,alt_mm=20,speed_cms=0,heading_cd=59254,pitch_cd=-786,roll_cd=-524,yaw_cd=174,bat_mv=0,status=0x02","{""ver"":1,""type"":1,""seq"":15895,""ts"":81,""lat"":0,""lon"":0,""alt_mm"":20,""speed_cms"":0,""heading_cd"":59254,""pitch_cd"":-786,""roll_cd"":-524,""yaw_cd"":174,""bat_mv"":0,""status"":2}"
2026-08-12T19:47:20.342+00:00,BIN,"BIN,ver=1,type=1,seq=15895,ts=81,lat=0,lon=0,alt_mm=20,speed_cms=0,heading_cd=59254,pitch_cd=-758,roll_cd=-490,yaw_cd=205,bat_mv=0,status=0x02","{""ver"":1,""type"":1,""seq"":15895,""ts"":81,""lat"":0,""lon"":0,""alt_mm"":20,""speed_cms"":0,""heading_cd"":59254,""pitch_cd"":-758,""roll_cd"":-490,""yaw_cd"":205,""bat_mv"":0,""status"":2}"
2026-08-12T19:47:20.425+00:00,BIN,"BIN,ver=1,type=1,seq=15895,ts=81,lat=0,lon=0,alt_mm=20,speed_cms=0,heading_cd=59254,pitch_cd=-840,roll_cd=-552,yaw_cd=205,bat_mv=0,status=0x02","{""ver"":1,""type"":1,""seq"":15895,""ts"":81,""lat"":0,""lon"":0,""alt_mm"":20,""speed_cms"":0,""heading_cd"":59254,""pitch_cd"":-840,""roll_cd"":-552,""yaw_cd"":205,""bat_mv"":0,""status"":2}"
2026-08-12T19:47:20.510+00:00,BIN,"BIN,ver=1,type=1,seq=16052,ts=81,lat=0,lon=0,alt_mm=20,speed_cms=0,heading_cd=59254,pitch_cd=-840,roll_cd=-552,yaw_cd=205,bat_mv=0,status=0x02","{""ver"":1,""type"":1,""seq"":16052,""ts"":81,""lat"":0,""lon"":0,""alt_mm"":20,""speed_cms"":0,""heading_cd"":59254,""pitch_cd"":-840,""roll_cd"":-552,""yaw_cd"":205,""bat_mv"":0,""status"":2}"
2026-08-12T19:47:20.593+00:00,BIN,"BIN,ver=1,type=1,seq=16052,ts=81,lat=0,lon=0,alt_mm=0,speed_cms=0,heading_cd=59254,pitch_cd=-771,roll_cd=-534,yaw_cd=188,bat_mv=0,status=0x02","{""ver"":1,""type"":1,""seq"":16052,""ts"":81,""lat"":0,""lon"":0,""alt_mm"":0,""speed_cms"":0,""heading_cd"":59254,""pitch_cd"":-771,""roll_cd"":-534,""yaw_cd"":188,""bat_mv"":0,""status"":2}"
2026-08-12T19:47:20.677+00:00,BIN,"BIN,ver=1,type=1,seq=16175,ts=81,lat=0,lon=0,alt_mm=0,speed_cms=0,heading_cd=59254,pitch_cd=-766,roll_cd=-553,yaw_cd=62,bat_mv=0,status=0x02","{""ver"":1,""type"":1,""seq"":16175,""ts"":81,""lat"":0,""lon"":0,""alt_mm"":0,""speed_cms"":0,""heading_cd"":59254,""pitch_cd"":-766,""roll_cd"":-553,""yaw_cd"":62,""bat_mv"":0,""status"":2}"
2026-08-12T19:47:20.761+00:00,BIN,"BIN,ver=1,type=1,seq=16331,ts=81,lat=0,lon=0,alt_mm=-10,speed_cms=0,heading_cd=59254,pitch_cd=-798,roll_cd=-577,yaw_cd=-77,bat_mv=0,status=0x02","{""ver"":1,""type"":1,""seq"":16331,""ts"":81,""lat"":0,""lon"":0,""alt_mm"":-10,""speed_cms"":0,""heading_cd"":59254,""pitch_cd"":-798,""roll_cd"":-577,""yaw_cd"":-77,""bat_mv"":0,""status"":2}"
2026-08-12T19:47:20.843+00:00,BIN,"BIN,ver=1,type=1,seq=16331,ts=82,lat=0,lon=0,alt_mm=-10,speed_cms=0,heading_cd=59254,pitch_cd=-710,roll_cd=-631,yaw_cd=-169,bat_mv=0,status=0x02","{""ver"":1,""type"":1,""seq"":16331,""ts"":82,""lat"":0,""lon"":0,""alt_mm"":-10,""speed_cms"":0,""heading_cd"":59254,""pitch_cd"":-710,""roll_cd"":-631,""yaw_cd"":-169,""bat_mv"":0,""status"":2}"
2026-08-12T19:47:20.929+00:00,BIN,"BIN,ver=1,type=1,seq=16455,ts=82,lat=0,lon=0,alt_mm=-10,speed_cms=0,heading_cd=59254,pitch_cd=-754,roll_cd=-716,yaw_cd=-102,bat_mv=0,status=0x02","{""ver"":1,""type"":1,""seq"":16455,""ts"":82,""lat"":0,""lon"":0,""alt_mm"":-10,""speed_cms"":0,""heading_cd"":59254,""pitch_cd"":-754,""roll_cd"":-716,""yaw_cd"":-102,""bat_mv"":0,""status"":2}"
2026-08-12T19:47:21.013+00:00,BIN,"BIN,ver=1,type=1,seq=16455,ts=82,lat=0,lon=0,alt_mm=-20,speed_cms=0,heading_cd=59254,pitch_cd=-754,roll_cd=-716,yaw_cd=-102,bat_mv=0,status=0x02","{""ver"":1,""type"":1,""seq"":16455,""ts"":82,""lat"":0,""lon"":0,""alt_mm"":-20,""speed_cms"":0,""heading_cd"":59254,""pitch_cd"":-754,""roll_cd"":-716,""yaw_cd"":-102,""bat_mv"":0,""status"":2}"
2026-08-12T19:47:21.097+00:00,BIN,"BIN,ver=1,type=1,seq=16625,ts=82,lat=0,lon=0,alt_mm=-20,speed_cms=0,heading_cd=59254,pitch_cd=-685,roll_cd=-634,yaw_cd=-174,bat_mv=0,status=0x02","{""ver"":1,""type"":1,""seq"":16625,""ts"":82,""lat"":0,""lon"":0,""alt_mm"":-20,""speed_cms"":0,""heading_cd"":59254,""pitch_cd"":-685,""roll_cd"":-634,""yaw_cd"":-174,""bat_mv"":0,""status"":2}"
2026-08-12T19:47:21.181+00:00,BIN,"BIN,ver=1,type=1,seq=16735,ts=82,lat=0,lon=0,alt_mm=-20,speed_cms=0,heading_cd=59254,pitch_cd=-774,roll_cd=-582,yaw_cd=-135,bat_mv=0,status=0x02","{""ver"":1,""type"":1,""seq"":16735,""ts"":82,""lat"":0,""lon"":0,""alt_mm"":-20,""speed_cms"":0,""heading_cd"":59254,""pitch_cd"":-774,""roll_cd"":-582,""yaw_cd"":-135,""bat_mv"":0,""status"":2}"
2026-08-12T19:47:21.265+00:00,BIN,"BIN,ver=1,type=1,seq=16735,ts=82,lat=0,lon=0,alt_mm=-10,speed_cms=0,heading_cd=59254,pitch_cd=-749,roll_cd=-631,yaw_cd=-110,bat_mv=0,status=0x02","{""ver"":1,""type"":1,""seq"":16735,""ts"":82,""lat"":0,""lon"":0,""alt_mm"":-10,""speed_cms"":0,""heading_cd"":59254,""pitch_cd"":-749,""roll_cd"":-631,""yaw_cd"":-110,""bat_mv"":0,""status"":2}"
2026-08-12T19:47:21.348+00:00,BIN,"BIN,ver=1,type=1,seq=17016,ts=82,lat=0,lon=0,alt_mm=-20,speed_cms=0,heading_cd=59254,pitch_cd=-723,roll_cd=-307,yaw_cd=-225,bat_mv=0,status=0x02","{""ver"":1,""type"":1,""seq"":17016,""ts"":82,""lat"":0,""lon"":0,""alt_mm"":-20,""speed_cms"":0,""heading_cd"":59254,""pitch_cd"":-723,""roll_cd"":-307,""yaw_cd"":-225,""bat_mv"":0,""status"":2}"
2026-08-12T19:47:21.432+00:00,BIN,"BIN,ver=1,type=1,seq=17016,ts=82,lat=0,lon=0,alt_mm=-20,speed_cms=0,heading_cd=59254,pitch_cd=-787,roll_cd=-622,yaw_cd=-181,bat_mv=0,status=0x02","{""ver"":1,""type"":1,""seq"":17016,""ts"":82,""lat"":0,""lon"":0,""alt_mm"":-20,""speed_cms"":0,""heading_cd"":59254,""pitch_cd"":-787,""roll_cd"":-622,""yaw_cd"":-181,""bat_mv"":0,""status"":2}"
2026-08-12T19:47:21.516+00:00,BIN,"BIN,ver=1,type=1,seq=17016,ts=82,lat=0,lon=0,alt_mm=-20,speed_cms=0,heading_cd=59254,pitch_cd=-787,roll_cd=-622,yaw_cd=-181,bat_mv=0,status=0x02","{""ver"":1,""type"":1,""seq"":17016,""ts"":82,""lat"":0,""lon"":0,""alt_mm"":-20,""speed_cms"":0,""heading_cd"":59254,""pitch_cd"":-787,""roll_cd"":-622,""yaw_cd"":-181,""bat_mv"":0,""status"":2}"
2026-08-12T19:47:21.598+00:00,BIN,"BIN,ver=1,type=1,seq=17171,ts=82,lat=0,lon=0,alt_mm=-30,speed_cms=0,heading_cd=59254,pitch_cd=-771,roll_cd=-572,yaw_cd=-135,bat_mv=0,status=0x02","{""ver"":1,""type"":1,""seq"":17171,""ts"":82,""lat"":0,""lon"":0,""alt_mm"":-30,""speed_cms"":0,""heading_cd"":59254,""pitch_cd"":-771,""roll_cd"":-572,""yaw_cd"":-135,""bat_mv"":0,""status"":2}"
2026-08-12T19:47:21.681+00:00,BIN,"BIN,ver=1,type=1,seq=17171,ts=82,lat=0,lon=0,alt_mm=-30,speed_cms=0,heading_cd=59254,pitch_cd=-833,roll_cd=-560,yaw_cd=-183,bat_mv=0,status=0x02","{""ver"":1,""type"":1,""seq"":17171,""ts"":82,""lat"":0,""lon"":0,""alt_mm"":-30,""speed_cms"":0,""heading_cd"":59254,""pitch_cd"":-833,""roll_cd"":-560,""yaw_cd"":-183,""bat_mv"":0,""status"":2}"
2026-08-12T19:47:21.767+00:00,BIN,"BIN,ver=1,type=1,seq=17295,ts=82,lat=0,lon=0,alt_mm=10,speed_cms=0,heading_cd=59254,pitch_cd=-714,roll_cd=-628,yaw_cd=-328,bat_mv=0,status=0x02","{""ver"":1,""type"":1,""seq"":17295,""ts"":82,""lat"":0,""lon"":0,""alt_mm"":10,""speed_cms"":0,""heading_cd"":59254,""pitch_cd"":-714,""roll_cd"":-628,""yaw_cd"":-328,""bat_mv"":0,""status"":2}"
2026-08-12T19:47:21.849+00:00,BIN,"BIN,ver=1,type=1,seq=17295,ts=83,lat=0,lon=0,alt_mm=40,speed_cms=0,heading_cd=59254,pitch_cd=-714,roll_cd=-628,yaw_cd=-328,bat_mv=0,status=0x02","{""ver"":1,""type"":1,""seq"":17295,""ts"":83,""lat"":0,""lon"":0,""alt_mm"":40,""speed_cms"":0,""heading_cd"":59254,""pitch_cd"":-714,""roll_cd"":-628,""yaw_cd"":-328,""bat_mv"":0,""status"":2}"
2026-08-12T19:47:21.934+00:00,BIN,"BIN,ver=1,type=1,seq=17462,ts=83,lat=0,lon=0,alt_mm=40,speed_cms=0,heading_cd=59254,pitch_cd=-776,roll_cd=-601,yaw_cd=-302,bat_mv=0,status=0x02","{""ver"":1,""type"":1,""seq"":17462,""ts"":83,""lat"":0,""lon"":0,""alt_mm"":40,""speed_cms"":0,""heading_cd"":59254,""pitch_cd"":-776,""roll_cd"":-601,""yaw_cd"":-302,""bat_mv"":0,""status"":2}"
2026-08-12T19:47:22.018+00:00,BIN,"BIN,ver=1,type=1,seq=17575,ts=83,lat=0,lon=0,alt_mm=-20,speed_cms=0,heading_cd=59254,pitch_cd=-780,roll_cd=-586,yaw_cd=-168,bat_mv=0,status=0x02","{""ver"":1,""type"":1,""seq"":17575,""ts"":83,""lat"":0,""lon"":0,""alt_mm"":-20,""speed_cms"":0,""heading_cd"":59254,""pitch_cd"":-780,""roll_cd"":-586,""yaw_cd"":-168,""bat_mv"":0,""status"":2}"
2026-08-12T19:47:22.101+00:00,BIN,"BIN,ver=1,type=1,seq=17575,ts=83,lat=0,lon=0,alt_mm=20,speed_cms=0,heading_cd=59254,pitch_cd=-780,roll_cd=-586,yaw_cd=-168,bat_mv=0,status=0x02","{""ver"":1,""type"":1,""seq"":17575,""ts"":83,""lat"":0,""lon"":0,""alt_mm"":20,""speed_cms"":0,""heading_cd"":59254,""pitch_cd"":-780,""roll_cd"":-586,""yaw_cd"":-168,""bat_mv"":0,""status"":2}"
2026-08-12T19:47:22.185+00:00,BIN,"BIN,ver=1,type=1,seq=17731,ts=83,lat=0,lon=0,alt_mm=10,speed_cms=0,heading_cd=59254,pitch_cd=-753,roll_cd=-593,yaw_cd=-116,bat_mv=0,status=0x02","{""ver"":1,""type"":1,""seq"":17731,""ts"":83,""lat"":0,""lon"":0,""alt_mm"":10,""speed_cms"":0,""heading_cd"":59254,""pitch_cd"":-753,""roll_cd"":-593,""yaw_cd"":-116,""bat_mv"":0,""status"":2}"
2026-08-12T19:47:22.269+00:00,BIN,"BIN,ver=1,type=1,seq=17855,ts=83,lat=0,lon=0,alt_mm=-10,speed_cms=0,heading_cd=59254,pitch_cd=-748,roll_cd=-569,yaw_cd=-145,bat_mv=0,status=0x02","{""ver"":1,""type"":1,""seq"":17855,""ts"":83,""lat"":0,""lon"":0,""alt_mm"":-10,""speed_cms"":0,""heading_cd"":59254,""pitch_cd"":-748,""roll_cd"":-569,""yaw_cd"":-145,""bat_mv"":0,""status"":2}"
2026-08-12T19:47:22.354+00:00,BIN,"BIN,ver=1,type=1,seq=18011,ts=83,lat=0,lon=0,alt_mm=-10,speed_cms=0,heading_cd=59254,pitch_cd=-934,roll_cd=-642,yaw_cd=181,bat_mv=0,status=0x02","{""ver"":1,""type"":1,""seq"":18011,""ts"":83,""lat"":0,""lon"":0,""alt_mm"":-10,""speed_cms"":0,""heading_cd"":59254,""pitch_cd"":-934,""roll_cd"":-642,""yaw_cd"":181,""bat_mv"":0,""status"":2}"
2026-08-12T19:47:22.437+00:00,BIN,"BIN,ver=1,type=1,seq=18011,ts=83,lat=0,lon=0,alt_mm=-10,speed_cms=0,heading_cd=59254,pitch_cd=-797,roll_cd=-597,yaw_cd=-14,bat_mv=0,status=0x02","{""ver"":1,""type"":1,""seq"":18011,""ts"":83,""lat"":0,""lon"":0,""alt_mm"":-10,""speed_cms"":0,""heading_cd"":59254,""pitch_cd"":-797,""roll_cd"":-597,""yaw_cd"":-14,""bat_mv"":0,""status"":2}"
2026-08-12T19:47:22.521+00:00,BIN,"BIN,ver=1,type=1,seq=18011,ts=83,lat=0,lon=0,alt_mm=-10,speed_cms=0,heading_cd=59254,pitch_cd=-797,roll_cd=-597,yaw_cd=-14,bat_mv=0,status=0x02","{""ver"":1,""type"":1,""seq"":18011,""ts"":83,""lat"":0,""lon"":0,""alt_mm"":-10,""speed_cms"":0,""heading_cd"":59254,""pitch_cd"":-797,""roll_cd"":-597,""yaw_cd"":-14,""bat_mv"":0,""status"":2}"
2026-08-12T19:47:22.604+00:00,BIN,"BIN,ver=1,type=1,seq=18135,ts=83,lat=0,lon=0,alt_mm=0,speed_cms=0,heading_cd=59254,pitch_cd=-768,roll_cd=-608,yaw_cd=5,bat_mv=0,status=0x02","{""ver"":1,""type"":1,""seq"":18135,""ts"":83,""lat"":0,""lon"":0,""alt_mm"":0,""speed_cms"":0,""heading_cd"":59254,""pitch_cd"":-768,""roll_cd"":-608,""yaw_cd"":5,""bat_mv"":0,""status"":2}"
2026-08-12T19:47:22.689+00:00,BIN,"BIN,ver=1,type=1,seq=18135,ts=83,lat=0,lon=0,alt_mm=-10,speed_cms=0,heading_cd=59254,pitch_cd=-768,roll_cd=-608,yaw_cd=5,bat_mv=0,status=0x02","{""ver"":1,""type"":1,""seq"":18135,""ts"":83,""lat"":0,""lon"":0,""alt_mm"":-10,""speed_cms"":0,""heading_cd"":59254,""pitch_cd"":-768,""roll_cd"":-608,""yaw_cd"":5,""bat_mv"":0,""status"":2}"
2026-08-12T19:47:22.771+00:00,BIN,"BIN,ver=1,type=1,seq=18305,ts=83,lat=0,lon=0,alt_mm=-10,speed_cms=0,heading_cd=59254,pitch_cd=-733,roll_cd=-578,yaw_cd=6,bat_mv=0,status=0x02","{""ver"":1,""type"":1,""seq"":18305,""ts"":83,""lat"":0,""lon"":0,""alt_mm"":-10,""speed_cms"":0,""heading_cd"":59254,""pitch_cd"":-733,""roll_cd"":-578,""yaw_cd"":6,""bat_mv"":0,""status"":2}"
2026-08-12T19:47:22.857+00:00,BIN,"BIN,ver=1,type=1,seq=18415,ts=84,lat=0,lon=0,alt_mm=30,speed_cms=0,heading_cd=59254,pitch_cd=-762,roll_cd=-590,yaw_cd=68,bat_mv=0,status=0x02","{""ver"":1,""type"":1,""seq"":18415,""ts"":84,""lat"":0,""lon"":0,""alt_mm"":30,""speed_cms"":0,""heading_cd"":59254,""pitch_cd"":-762,""roll_cd"":-590,""yaw_cd"":68,""bat_mv"":0,""status"":2}"
2026-08-12T19:47:22.940+00:00,BIN,"BIN,ver=1,type=1,seq=18415,ts=84,lat=0,lon=0,alt_mm=30,speed_cms=0,heading_cd=59254,pitch_cd=-896,roll_cd=-644,yaw_cd=60,bat_mv=0,status=0x02","{""ver"":1,""type"":1,""seq"":18415,""ts"":84,""lat"":0,""lon"":0,""alt_mm"":30,""speed_cms"":0,""heading_cd"":59254,""pitch_cd"":-896,""roll_cd"":-644,""yaw_cd"":60,""bat_mv"":0,""status"":2}"
2026-08-12T19:47:23.024+00:00,BIN,"BIN,ver=1,type=1,seq=18570,ts=84,lat=0,lon=0,alt_mm=-20,speed_cms=0,heading_cd=59254,pitch_cd=-850,roll_cd=-611,yaw_cd=93,bat_mv=0,status=0x02","{""ver"":1,""type"":1,""seq"":18570,""ts"":84,""lat"":0,""lon"":0,""alt_mm"":-20,""speed_cms"":0,""heading_cd"":59254,""pitch_cd"":-850,""roll_cd"":-611,""yaw_cd"":93,""bat_mv"":0,""status"":2}"
2026-08-12T19:47:23.108+00:00,BIN,"BIN,ver=1,type=1,seq=18570,ts=84,lat=0,lon=0,alt_mm=-40,speed_cms=0,heading_cd=59254,pitch_cd=-703,roll_cd=-620,yaw_cd=15,bat_mv=0,status=0x02","{""ver"":1,""type"":1,""seq"":18570,""ts"":84,""lat"":0,""lon"":0,""alt_mm"":-40,""speed_cms"":0,""heading_cd"":59254,""pitch_cd"":-703,""roll_cd"":-620,""yaw_cd"":15,""bat_mv"":0,""status"":2}"
2026-08-12T19:47:23.192+00:00,BIN,"BIN,ver=1,type=1,seq=18695,ts=84,lat=0,lon=0,alt_mm=-30,speed_cms=0,heading_cd=59254,pitch_cd=-756,roll_cd=-664,yaw_cd=-3,bat_mv=0,status=0x02","{""ver"":1,""type"":1,""seq"":18695,""ts"":84,""lat"":0,""lon"":0,""alt_mm"":-30,""speed_cms"":0,""heading_cd"":59254,""pitch_cd"":-756,""roll_cd"":-664,""yaw_cd"":-3,""bat_mv"":0,""status"":2}"
2026-08-12T19:47:23.276+00:00,BIN,"BIN,ver=1,type=1,seq=18975,ts=84,lat=0,lon=0,alt_mm=0,speed_cms=0,heading_cd=59254,pitch_cd=-743,roll_cd=-584,yaw_cd=60,bat_mv=0,status=0x02","{""ver"":1,""type"":1,""seq"":18975,""ts"":84,""lat"":0,""lon"":0,""alt_mm"":0,""speed_cms"":0,""heading_cd"":59254,""pitch_cd"":-743,""roll_cd"":-584,""yaw_cd"":60,""bat_mv"":0,""status"":2}"
2026-08-12T19:47:23.360+00:00,BIN,"BIN,ver=1,type=1,seq=18975,ts=84,lat=0,lon=0,alt_mm=0,speed_cms=0,heading_cd=59254,pitch_cd=-757,roll_cd=-596,yaw_cd=64,bat_mv=0,status=0x02","{""ver"":1,""type"":1,""seq"":18975,""ts"":84,""lat"":0,""lon"":0,""alt_mm"":0,""speed_cms"":0,""heading_cd"":59254,""pitch_cd"":-757,""roll_cd"":-596,""yaw_cd"":64,""bat_mv"":0,""status"":2}"
2026-08-12T19:47:23.443+00:00,BIN,"BIN,ver=1,type=1,seq=18975,ts=84,lat=0,lon=0,alt_mm=0,speed_cms=0,heading_cd=59254,pitch_cd=-757,roll_cd=-596,yaw_cd=64,bat_mv=0,status=0x02","{""ver"":1,""type"":1,""seq"":18975,""ts"":84,""lat"":0,""lon"":0,""alt_mm"":0,""speed_cms"":0,""heading_cd"":59254,""pitch_cd"":-757,""roll_cd"":-596,""yaw_cd"":64,""bat_mv"":0,""status"":2}"
2026-08-12T19:47:23.528+00:00,BIN,"BIN,ver=1,type=1,seq=18975,ts=84,lat=0,lon=0,alt_mm=-40,speed_cms=0,heading_cd=59254,pitch_cd=-757,roll_cd=-596,yaw_cd=64,bat_mv=0,status=0x02","{""ver"":1,""type"":1,""seq"":18975,""ts"":84,""lat"":0,""lon"":0,""alt_mm"":-40,""speed_cms"":0,""heading_cd"":59254,""pitch_cd"":-757,""roll_cd"":-596,""yaw_cd"":64,""bat_mv"":0,""status"":2}"
2026-08-12T19:47:23.613+00:00,BIN,"BIN,ver=1,type=1,seq=19144,ts=84,lat=0,lon=0,alt_mm=-40,speed_cms=0,heading_cd=59254,pitch_cd=-753,roll_cd=-598,yaw_cd=56,bat_mv=0,status=0x02","{""ver"":1,""type"":1,""seq"":19144,""ts"":84,""lat"":0,""lon"":0,""alt_mm"":-40,""speed_cms"":0,""heading_cd"":59254,""pitch_cd"":-753,""roll_cd"":-598,""yaw_cd"":56,""bat_mv"":0,""status"":2}"
2026-08-12T19:47:23.697+00:00,BIN,"BIN,ver=1,type=1,seq=19255,ts=84,lat=0,lon=0,alt_mm=0,speed_cms=0,heading_cd=59254,pitch_cd=-731,roll_cd=-575,yaw_cd=94,bat_mv=0,status=0x02","{""ver"":1,""type"":1,""seq"":19255,""ts"":84,""lat"":0,""lon"":0,""alt_mm"":0,""speed_cms"":0,""heading_cd"":59254,""pitch_cd"":-731,""roll_cd"":-575,""yaw_cd"":94,""bat_mv"":0,""status"":2}"
2026-08-12T19:47:23.779+00:00,BIN,"BIN,ver=1,type=1,seq=19255,ts=84,lat=0,lon=0,alt_mm=0,speed_cms=0,heading_cd=59254,pitch_cd=-772,roll_cd=-599,yaw_cd=48,bat_mv=0,status=0x02","{""ver"":1,""type"":1,""seq"":19255,""ts"":84,""lat"":0,""lon"":0,""alt_mm"":0,""speed_cms"":0,""heading_cd"":59254,""pitch_cd"":-772,""roll_cd"":-599,""yaw_cd"":48,""bat_mv"":0,""status"":2}"
2026-08-12T19:47:23.861+00:00,BIN,"BIN,ver=1,type=1,seq=19411,ts=85,lat=0,lon=0,alt_mm=-30,speed_cms=0,heading_cd=59254,pitch_cd=-751,roll_cd=-613,yaw_cd=69,bat_mv=0,status=0x02","{""ver"":1,""type"":1,""seq"":19411,""ts"":85,""lat"":0,""lon"":0,""alt_mm"":-30,""speed_cms"":0,""heading_cd"":59254,""pitch_cd"":-751,""roll_cd"":-613,""yaw_cd"":69,""bat_mv"":0,""status"":2}"
2026-08-12T19:47:23.948+00:00,BIN,"BIN,ver=1,type=1,seq=19411,ts=85,lat=0,lon=0,alt_mm=-30,speed_cms=0,heading_cd=59254,pitch_cd=-743,roll_cd=-611,yaw_cd=58,bat_mv=0,status=0x02","{""ver"":1,""type"":1,""seq"":19411,""ts"":85,""lat"":0,""lon"":0,""alt_mm"":-30,""speed_cms"":0,""heading_cd"":59254,""pitch_cd"":-743,""roll_cd"":-611,""yaw_cd"":58,""bat_mv"":0,""status"":2}"
2026-08-12T19:47:24.033+00:00,BIN,"BIN,ver=1,type=1,seq=19535,ts=85,lat=0,lon=0,alt_mm=-30,speed_cms=0,heading_cd=59254,pitch_cd=-742,roll_cd=-603,yaw_cd=43,bat_mv=0,status=0x02","{""ver"":1,""type"":1,""seq"":19535,""ts"":85,""lat"":0,""lon"":0,""alt_mm"":-30,""speed_cms"":0,""heading_cd"":59254,""pitch_cd"":-742,""roll_cd"":-603,""yaw_cd"":43,""bat_mv"":0,""status"":2}"
2026-08-12T19:47:24.113+00:00,BIN,"BIN,ver=1,type=1,seq=19691,ts=85,lat=0,lon=0,alt_mm=-20,speed_cms=0,heading_cd=59254,pitch_cd=-734,roll_cd=-595,yaw_cd=60,bat_mv=0,status=0x02","{""ver"":1,""type"":1,""seq"":19691,""ts"":85,""lat"":0,""lon"":0,""alt_mm"":-20,""speed_cms"":0,""heading_cd"":59254,""pitch_cd"":-734,""roll_cd"":-595,""yaw_cd"":60,""bat_mv"":0,""status"":2}"
2026-08-12T19:47:24.198+00:00,BIN,"BIN,ver=1,type=1,seq=19691,ts=85,lat=0,lon=0,alt_mm=-20,speed_cms=0,heading_cd=59254,pitch_cd=-749,roll_cd=-625,yaw_cd=34,bat_mv=0,status=0x02","{""ver"":1,""type"":1,""seq"":19691,""ts"":85,""lat"":0,""lon"":0,""alt_mm"":-20,""speed_cms"":0,""heading_cd"":59254,""pitch_cd"":-749,""roll_cd"":-625,""yaw_cd"":34,""bat_mv"":0,""status"":2}"
2026-08-12T19:47:24.281+00:00,BIN,"BIN,ver=1,type=1,seq=19973,ts=85,lat=0,lon=0,alt_mm=-10,speed_cms=0,heading_cd=59254,pitch_cd=-755,roll_cd=-583,yaw_cd=34,bat_mv=0,status=0x02","{""ver"":1,""type"":1,""seq"":19973,""ts"":85,""lat"":0,""lon"":0,""alt_mm"":-10,""speed_cms"":0,""heading_cd"":59254,""pitch_cd"":-755,""roll_cd"":-583,""yaw_cd"":34,""bat_mv"":0,""status"":2}"
2026-08-12T19:47:24.365+00:00,BIN,"BIN,ver=1,type=1,seq=19973,ts=85,lat=0,lon=0,alt_mm=-10,speed_cms=0,heading_cd=59254,pitch_cd=-755,roll_cd=-583,yaw_cd=34,bat_mv=0,status=0x02","{""ver"":1,""type"":1,""seq"":19973,""ts"":85,""lat"":0,""lon"":0,""alt_mm"":-10,""speed_cms"":0,""heading_cd"":59254,""pitch_cd"":-755,""roll_cd"":-583,""yaw_cd"":34,""bat_mv"":0,""status"":2}"
2026-08-12T19:47:24.449+00:00,BIN,"BIN,ver=1,type=1,seq=19973,ts=85,lat=0,lon=0,alt_mm=-10,speed_cms=0,heading_cd=59254,pitch_cd=-759,roll_cd=-586,yaw_cd=10,bat_mv=0,status=0x02","{""ver"":1,""type"":1,""seq"":19973,""ts"":85,""lat"":0,""lon"":0,""alt_mm"":-10,""speed_cms"":0,""heading_cd"":59254,""pitch_cd"":-759,""roll_cd"":-586,""yaw_cd"":10,""bat_mv"":0,""status"":2}"
2026-08-12T19:47:24.533+00:00,BIN,"BIN,ver=1,type=1,seq=20096,ts=85,lat=0,lon=0,alt_mm=-20,speed_cms=0,heading_cd=59254,pitch_cd=-759,roll_cd=-586,yaw_cd=10,bat_mv=0,status=0x02","{""ver"":1,""type"":1,""seq"":20096,""ts"":85,""lat"":0,""lon"":0,""alt_mm"":-20,""speed_cms"":0,""heading_cd"":59254,""pitch_cd"":-759,""roll_cd"":-586,""yaw_cd"":10,""bat_mv"":0,""status"":2}"
2026-08-12T19:47:24.617+00:00,BIN,"BIN,ver=1,type=1,seq=20096,ts=85,lat=0,lon=0,alt_mm=-20,speed_cms=0,heading_cd=59254,pitch_cd=-749,roll_cd=-601,yaw_cd=19,bat_mv=0,status=0x02","{""ver"":1,""type"":1,""seq"":20096,""ts"":85,""lat"":0,""lon"":0,""alt_mm"":-20,""speed_cms"":0,""heading_cd"":59254,""pitch_cd"":-749,""roll_cd"":-601,""yaw_cd"":19,""bat_mv"":0,""status"":2}"
2026-08-12T19:47:24.701+00:00,BIN,"BIN,ver=1,type=1,seq=20262,ts=85,lat=0,lon=0,alt_mm=-40,speed_cms=0,heading_cd=59254,pitch_cd=-761,roll_cd=-601,yaw_cd=-14,bat_mv=0,status=0x02","{""ver"":1,""type"":1,""seq"":20262,""ts"":85,""lat"":0,""lon"":0,""alt_mm"":-40,""speed_cms"":0,""heading_cd"":59254,""pitch_cd"":-761,""roll_cd"":-601,""yaw_cd"":-14,""bat_mv"":0,""status"":2}"
2026-08-12T19:47:24.785+00:00,BIN,"BIN,ver=1,type=1,seq=20262,ts=85,lat=0,lon=0,alt_mm=-50,speed_cms=0,heading_cd=59254,pitch_cd=-750,roll_cd=-586,yaw_cd=0,bat_mv=0,status=0x02","{""ver"":1,""type"":1,""seq"":20262,""ts"":85,""lat"":0,""lon"":0,""alt_mm"":-50,""speed_cms"":0,""heading_cd"":59254,""pitch_cd"":-750,""roll_cd"":-586,""yaw_cd"":0,""bat_mv"":0,""status"":2}"
2026-08-12T19:47:24.869+00:00,BIN,"BIN,ver=1,type=1,seq=20375,ts=86,lat=0,lon=0,alt_mm=-50,speed_cms=0,heading_cd=59254,pitch_cd=-761,roll_cd=-586,yaw_cd=4,bat_mv=0,status=0x02","{""ver"":1,""type"":1,""seq"":20375,""ts"":86,""lat"":0,""lon"":0,""alt_mm"":-50,""speed_cms"":0,""heading_cd"":59254,""pitch_cd"":-761,""roll_cd"":-586,""yaw_cd"":4,""bat_mv"":0,""status"":2}"
2026-08-12T19:47:24.954+00:00,BIN,"BIN,ver=1,type=1,seq=20530,ts=86,lat=0,lon=0,alt_mm=-50,speed_cms=0,heading_cd=59254,pitch_cd=-767,roll_cd=-580,yaw_cd=-34,bat_mv=0,status=0x02","{""ver"":1,""type"":1,""seq"":20530,""ts"":86,""lat"":0,""lon"":0,""alt_mm"":-50,""speed_cms"":0,""heading_cd"":59254,""pitch_cd"":-767,""roll_cd"":-580,""yaw_cd"":-34,""bat_mv"":0,""status"":2}"
2026-08-12T19:47:25.038+00:00,BIN,"BIN,ver=1,type=1,seq=20530,ts=86,lat=0,lon=0,alt_mm=-50,speed_cms=0,heading_cd=59254,pitch_cd=-756,roll_cd=-583,yaw_cd=-76,bat_mv=0,status=0x02","{""ver"":1,""type"":1,""seq"":20530,""ts"":86,""lat"":0,""lon"":0,""alt_mm"":-50,""speed_cms"":0,""heading_cd"":59254,""pitch_cd"":-756,""roll_cd"":-583,""yaw_cd"":-76,""bat_mv"":0,""status"":2}"
2026-08-12T19:47:25.121+00:00,BIN,"BIN,ver=1,type=1,seq=20655,ts=86,lat=0,lon=0,alt_mm=-40,speed_cms=0,heading_cd=59254,pitch_cd=-756,roll_cd=-583,yaw_cd=-76,bat_mv=0,status=0x02","{""ver"":1,""type"":1,""seq"":20655,""ts"":86,""lat"":0,""lon"":0,""alt_mm"":-40,""speed_cms"":0,""heading_cd"":59254,""pitch_cd"":-756,""roll_cd"":-583,""yaw_cd"":-76,""bat_mv"":0,""status"":2}"
2026-08-12T19:47:25.206+00:00,BIN,"BIN,ver=1,type=1,seq=20655,ts=86,lat=0,lon=0,alt_mm=-40,speed_cms=0,heading_cd=59254,pitch_cd=-777,roll_cd=-581,yaw_cd=-110,bat_mv=0,status=0x02","{""ver"":1,""type"":1,""seq"":20655,""ts"":86,""lat"":0,""lon"":0,""alt_mm"":-40,""speed_cms"":0,""heading_cd"":59254,""pitch_cd"":-777,""roll_cd"":-581,""yaw_cd"":-110,""bat_mv"":0,""status"":2}"
2026-08-12T19:47:25.289+00:00,BIN,"BIN,ver=1,type=1,seq=20935,ts=86,lat=0,lon=0,alt_mm=-30,speed_cms=0,heading_cd=59254,pitch_cd=-767,roll_cd=-553,yaw_cd=-132,bat_mv=0,status=0x02","{""ver"":1,""type"":1,""seq"":20935,""ts"":86,""lat"":0,""lon"":0,""alt_mm"":-30,""speed_cms"":0,""heading_cd"":59254,""pitch_cd"":-767,""roll_cd"":-553,""yaw_cd"":-132,""bat_mv"":0,""status"":2}"
2026-08-12T19:47:25.376+00:00,BIN,"BIN,ver=1,type=1,seq=20935,ts=86,lat=0,lon=0,alt_mm=-30,speed_cms=0,heading_cd=59254,pitch_cd=-780,roll_cd=-550,yaw_cd=-136,bat_mv=0,status=0x02","{""ver"":1,""type"":1,""seq"":20935,""ts"":86,""lat"":0,""lon"":0,""alt_mm"":-30,""speed_cms"":0,""heading_cd"":59254,""pitch_cd"":-780,""roll_cd"":-550,""yaw_cd"":-136,""bat_mv"":0,""status"":2}"
2026-08-12T19:47:25.459+00:00,BIN,"BIN,ver=1,type=1,seq=20935,ts=86,lat=0,lon=0,alt_mm=-10,speed_cms=0,heading_cd=59254,pitch_cd=-780,roll_cd=-550,yaw_cd=-136,bat_mv=0,status=0x02","{""ver"":1,""type"":1,""seq"":20935,""ts"":86,""lat"":0,""lon"":0,""alt_mm"":-10,""speed_cms"":0,""heading_cd"":59254,""pitch_cd"":-780,""roll_cd"":-550,""yaw_cd"":-136,""bat_mv"":0,""status"":2}"
2026-08-12T19:47:25.541+00:00,BIN,"BIN,ver=1,type=1,seq=21104,ts=86,lat=0,lon=0,alt_mm=-10,speed_cms=0,heading_cd=59254,pitch_cd=-774,roll_cd=-552,yaw_cd=-177,bat_mv=0,status=0x02","{""ver"":1,""type"":1,""seq"":21104,""ts"":86,""lat"":0,""lon"":0,""alt_mm"":-10,""speed_cms"":0,""heading_cd"":59254,""pitch_cd"":-774,""roll_cd"":-552,""yaw_cd"":-177,""bat_mv"":0,""status"":2}"
2026-08-12T19:47:25.624+00:00,BIN,"BIN,ver=1,type=1,seq=21104,ts=86,lat=0,lon=0,alt_mm=-30,speed_cms=0,heading_cd=59254,pitch_cd=-773,roll_cd=-553,yaw_cd=-179,bat_mv=0,status=0x02","{""ver"":1,""type"":1,""seq"":21104,""ts"":86,""lat"":0,""lon"":0,""alt_mm"":-30,""speed_cms"":0,""heading_cd"":59254,""pitch_cd"":-773,""roll_cd"":-553,""yaw_cd"":-179,""bat_mv"":0,""status"":2}"
2026-08-12T19:47:25.711+00:00,BIN,"BIN,ver=1,type=1,seq=21215,ts=86,lat=0,lon=0,alt_mm=-30,speed_cms=0,heading_cd=59254,pitch_cd=-780,roll_cd=-544,yaw_cd=-182,bat_mv=0,status=0x02","{""ver"":1,""type"":1,""seq"":21215,""ts"":86,""lat"":0,""lon"":0,""alt_mm"":-30,""speed_cms"":0,""heading_cd"":59254,""pitch_cd"":-780,""roll_cd"":-544,""yaw_cd"":-182,""bat_mv"":0,""status"":2}"
2026-08-12T19:47:25.794+00:00,BIN,"BIN,ver=1,type=1,seq=21371,ts=86,lat=0,lon=0,alt_mm=-20,speed_cms=0,heading_cd=59254,pitch_cd=-780,roll_cd=-520,yaw_cd=-171,bat_mv=0,status=0x02","{""ver"":1,""type"":1,""seq"":21371,""ts"":86,""lat"":0,""lon"":0,""alt_mm"":-20,""speed_cms"":0,""heading_cd"":59254,""pitch_cd"":-780,""roll_cd"":-520,""yaw_cd"":-171,""bat_mv"":0,""status"":2}"
2026-08-12T19:47:25.875+00:00,BIN,"BIN,ver=1,type=1,seq=21371,ts=87,lat=0,lon=0,alt_mm=-20,speed_cms=0,heading_cd=59254,pitch_cd=-794,roll_cd=-530,yaw_cd=-184,bat_mv=0,status=0x02","{""ver"":1,""type"":1,""seq"":21371,""ts"":87,""lat"":0,""lon"":0,""alt_mm"":-20,""speed_cms"":0,""heading_cd"":59254,""pitch_cd"":-794,""roll_cd"":-530,""yaw_cd"":-184,""bat_mv"":0,""status"":2}"
2026-08-12T19:47:25.960+00:00,BIN,"BIN,ver=1,type=1,seq=21495,ts=87,lat=0,lon=0,alt_mm=-30,speed_cms=0,heading_cd=59254,pitch_cd=-794,roll_cd=-530,yaw_cd=-184,bat_mv=0,status=0x02","{""ver"":1,""type"":1,""seq"":21495,""ts"":87,""lat"":0,""lon"":0,""alt_mm"":-30,""speed_cms"":0,""heading_cd"":59254,""pitch_cd"":-794,""roll_cd"":-530,""yaw_cd"":-184,""bat_mv"":0,""status"":2}"
2026-08-12T19:47:26.046+00:00,BIN,"BIN,ver=1,type=1,seq=21495,ts=87,lat=0,lon=0,alt_mm=-30,speed_cms=0,heading_cd=59254,pitch_cd=-786,roll_cd=-532,yaw_cd=-166,bat_mv=0,status=0x02","{""ver"":1,""type"":1,""seq"":21495,""ts"":87,""lat"":0,""lon"":0,""alt_mm"":-30,""speed_cms"":0,""heading_cd"":59254,""pitch_cd"":-786,""roll_cd"":-532,""yaw_cd"":-166,""bat_mv"":0,""status"":2}"
2026-08-12T19:47:26.128+00:00,BIN,"BIN,ver=1,type=1,seq=21653,ts=87,lat=0,lon=0,alt_mm=-50,speed_cms=0,heading_cd=59254,pitch_cd=-795,roll_cd=-522,yaw_cd=-135,bat_mv=0,status=0x02","{""ver"":1,""type"":1,""seq"":21653,""ts"":87,""lat"":0,""lon"":0,""alt_mm"":-50,""speed_cms"":0,""heading_cd"":59254,""pitch_cd"":-795,""roll_cd"":-522,""yaw_cd"":-135,""bat_mv"":0,""status"":2}"
2026-08-12T19:47:26.210+00:00,BIN,"BIN,ver=1,type=1,seq=21775,ts=87,lat=0,lon=0,alt_mm=-30,speed_cms=0,heading_cd=59254,pitch_cd=-812,roll_cd=-505,yaw_cd=-110,bat_mv=0,status=0x02","{""ver"":1,""type"":1,""seq"":21775,""ts"":87,""lat"":0,""lon"":0,""alt_mm"":-30,""speed_cms"":0,""heading_cd"":59254,""pitch_cd"":-812,""roll_cd"":-505,""yaw_cd"":-110,""bat_mv"":0,""status"":2}"
2026-08-12T19:47:26.294+00:00,BIN,"BIN,ver=1,type=1,seq=21942,ts=87,lat=0,lon=0,alt_mm=-30,speed_cms=0,heading_cd=59254,pitch_cd=-819,roll_cd=-500,yaw_cd=-115,bat_mv=0,status=0x02","{""ver"":1,""type"":1,""seq"":21942,""ts"":87,""lat"":0,""lon"":0,""alt_mm"":-30,""speed_cms"":0,""heading_cd"":59254,""pitch_cd"":-819,""roll_cd"":-500,""yaw_cd"":-115,""bat_mv"":0,""status"":2}"
2026-08-12T19:47:26.378+00:00,BIN,"BIN,ver=1,type=1,seq=21942,ts=87,lat=0,lon=0,alt_mm=-30,speed_cms=0,heading_cd=59254,pitch_cd=-809,roll_cd=-493,yaw_cd=-106,bat_mv=0,status=0x02","{""ver"":1,""type"":1,""seq"":21942,""ts"":87,""lat"":0,""lon"":0,""alt_mm"":-30,""speed_cms"":0,""heading_cd"":59254,""pitch_cd"":-809,""roll_cd"":-493,""yaw_cd"":-106,""bat_mv"":0,""status"":2}"
2026-08-12T19:47:26.462+00:00,BIN,"BIN,ver=1,type=1,seq=22056,ts=87,lat=0,lon=0,alt_mm=-30,speed_cms=0,heading_cd=59254,pitch_cd=-809,roll_cd=-493,yaw_cd=-106,bat_mv=0,status=0x02","{""ver"":1,""type"":1,""seq"":22056,""ts"":87,""lat"":0,""lon"":0,""alt_mm"":-30,""speed_cms"":0,""heading_cd"":59254,""pitch_cd"":-809,""roll_cd"":-493,""yaw_cd"":-106,""bat_mv"":0,""status"":2}"
2026-08-12T19:47:26.545+00:00,BIN,"BIN,ver=1,type=1,seq=22056,ts=87,lat=0,lon=0,alt_mm=-30,speed_cms=0,heading_cd=59254,pitch_cd=-816,roll_cd=-501,yaw_cd=-85,bat_mv=0,status=0x02","{""ver"":1,""type"":1,""seq"":22056,""ts"":87,""lat"":0,""lon"":0,""alt_mm"":-30,""speed_cms"":0,""heading_cd"":59254,""pitch_cd"":-816,""roll_cd"":-501,""yaw_cd"":-85,""bat_mv"":0,""status"":2}"
2026-08-12T19:47:26.629+00:00,BIN,"BIN,ver=1,type=1,seq=22211,ts=87,lat=0,lon=0,alt_mm=-30,speed_cms=0,heading_cd=59254,pitch_cd=-820,roll_cd=-508,yaw_cd=-111,bat_mv=0,status=0x02","{""ver"":1,""type"":1,""seq"":22211,""ts"":87,""lat"":0,""lon"":0,""alt_mm"":-30,""speed_cms"":0,""heading_cd"":59254,""pitch_cd"":-820,""roll_cd"":-508,""yaw_cd"":-111,""bat_mv"":0,""status"":2}"
2026-08-12T19:47:26.714+00:00,BIN,"BIN,ver=1,type=1,seq=22211,ts=87,lat=0,lon=0,alt_mm=-30,speed_cms=0,heading_cd=59254,pitch_cd=-822,roll_cd=-506,yaw_cd=-100,bat_mv=0,status=0x02","{""ver"":1,""type"":1,""seq"":22211,""ts"":87,""lat"":0,""lon"":0,""alt_mm"":-30,""speed_cms"":0,""heading_cd"":59254,""pitch_cd"":-822,""roll_cd"":-506,""yaw_cd"":-100,""bat_mv"":0,""status"":2}"
2026-08-12T19:47:26.799+00:00,BIN,"BIN,ver=1,type=1,seq=22335,ts=87,lat=0,lon=0,alt_mm=-30,speed_cms=0,heading_cd=59254,pitch_cd=-822,roll_cd=-506,yaw_cd=-100,bat_mv=0,status=0x02","{""ver"":1,""type"":1,""seq"":22335,""ts"":87,""lat"":0,""lon"":0,""alt_mm"":-30,""speed_cms"":0,""heading_cd"":59254,""pitch_cd"":-822,""roll_cd"":-506,""yaw_cd"":-100,""bat_mv"":0,""status"":2}"
2026-08-12T19:47:26.882+00:00,BIN,"BIN,ver=1,type=1,seq=22335,ts=87,lat=0,lon=0,alt_mm=-30,speed_cms=0,heading_cd=59254,pitch_cd=-824,roll_cd=-497,yaw_cd=-84,bat_mv=0,status=0x02","{""ver"":1,""type"":1,""seq"":22335,""ts"":87,""lat"":0,""lon"":0,""alt_mm"":-30,""speed_cms"":0,""heading_cd"":59254,""pitch_cd"":-824,""roll_cd"":-497,""yaw_cd"":-84,""bat_mv"":0,""status"":2}"
2026-08-12T19:47:26.965+00:00,BIN,"BIN,ver=1,type=1,seq=22490,ts=88,lat=0,lon=0,alt_mm=-40,speed_cms=0,heading_cd=59254,pitch_cd=-823,roll_cd=-504,yaw_cd=-35,bat_mv=0,status=0x02","{""ver"":1,""type"":1,""seq"":22490,""ts"":88,""lat"":0,""lon"":0,""alt_mm"":-40,""speed_cms"":0,""heading_cd"":59254,""pitch_cd"":-823,""roll_cd"":-504,""yaw_cd"":-35,""bat_mv"":0,""status"":2}"
2026-08-12T19:47:27.049+00:00,BIN,"BIN,ver=1,type=1,seq=22615,ts=88,lat=0,lon=0,alt_mm=-40,speed_cms=0,heading_cd=59254,pitch_cd=-818,roll_cd=-483,yaw_cd=-13,bat_mv=0,status=0x02","{""ver"":1,""type"":1,""seq"":22615,""ts"":88,""lat"":0,""lon"":0,""alt_mm"":-40,""speed_cms"":0,""heading_cd"":59254,""pitch_cd"":-818,""roll_cd"":-483,""yaw_cd"":-13,""bat_mv"":0,""status"":2}"
2026-08-12T19:47:27.133+00:00,BIN,"BIN,ver=1,type=1,seq=22615,ts=88,lat=0,lon=0,alt_mm=-40,speed_cms=0,heading_cd=59254,pitch_cd=-823,roll_cd=-488,yaw_cd=-25,bat_mv=0,status=0x02","{""ver"":1,""type"":1,""seq"":22615,""ts"":88,""lat"":0,""lon"":0,""alt_mm"":-40,""speed_cms"":0,""heading_cd"":59254,""pitch_cd"":-823,""roll_cd"":-488,""yaw_cd"":-25,""bat_mv"":0,""status"":2}"
2026-08-12T19:47:27.217+00:00,BIN,"BIN,ver=1,type=1,seq=22782,ts=88,lat=0,lon=0,alt_mm=-30,speed_cms=0,heading_cd=59254,pitch_cd=-853,roll_cd=-517,yaw_cd=-116,bat_mv=0,status=0x02","{""ver"":1,""type"":1,""seq"":22782,""ts"":88,""lat"":0,""lon"":0,""alt_mm"":-30,""speed_cms"":0,""heading_cd"":59254,""pitch_cd"":-853,""roll_cd"":-517,""yaw_cd"":-116,""bat_mv"":0,""status"":2}"
2026-08-12T19:47:27.301+00:00,BIN,"BIN,ver=1,type=1,seq=22895,ts=88,lat=0,lon=0,alt_mm=-30,speed_cms=0,heading_cd=59254,pitch_cd=-812,roll_cd=-476,yaw_cd=-37,bat_mv=0,status=0x02","{""ver"":1,""type"":1,""seq"":22895,""ts"":88,""lat"":0,""lon"":0,""alt_mm"":-30,""speed_cms"":0,""heading_cd"":59254,""pitch_cd"":-812,""roll_cd"":-476,""yaw_cd"":-37,""bat_mv"":0,""status"":2}"
2026-08-12T19:47:27.388+00:00,BIN,"BIN,ver=1,type=1,seq=22895,ts=88,lat=0,lon=0,alt_mm=-50,speed_cms=0,heading_cd=59254,pitch_cd=-875,roll_cd=-462,yaw_cd=-45,bat_mv=0,status=0x02","{""ver"":1,""type"":1,""seq"":22895,""ts"":88,""lat"":0,""lon"":0,""alt_mm"":-50,""speed_cms"":0,""heading_cd"":59254,""pitch_cd"":-875,""roll_cd"":-462,""yaw_cd"":-45,""bat_mv"":0,""status"":2}"
2026-08-12T19:47:27.471+00:00,BIN,"BIN,ver=1,type=1,seq=23052,ts=88,lat=0,lon=0,alt_mm=-50,speed_cms=0,heading_cd=59254,pitch_cd=-875,roll_cd=-462,yaw_cd=-45,bat_mv=0,status=0x02","{""ver"":1,""type"":1,""seq"":23052,""ts"":88,""lat"":0,""lon"":0,""alt_mm"":-50,""speed_cms"":0,""heading_cd"":59254,""pitch_cd"":-875,""roll_cd"":-462,""yaw_cd"":-45,""bat_mv"":0,""status"":2}"
2026-08-12T19:47:27.556+00:00,BIN,"BIN,ver=1,type=1,seq=23052,ts=88,lat=0,lon=0,alt_mm=-50,speed_cms=0,heading_cd=59254,pitch_cd=-805,roll_cd=-550,yaw_cd=-71,bat_mv=0,status=0x02","{""ver"":1,""type"":1,""seq"":23052,""ts"":88,""lat"":0,""lon"":0,""alt_mm"":-50,""speed_cms"":0,""heading_cd"":59254,""pitch_cd"":-805,""roll_cd"":-550,""yaw_cd"":-71,""bat_mv"":0,""status"":2}"
2026-08-12T19:47:27.640+00:00,BIN,"BIN,ver=1,type=1,seq=23175,ts=88,lat=0,lon=0,alt_mm=-30,speed_cms=0,heading_cd=59254,pitch_cd=-805,roll_cd=-550,yaw_cd=-71,bat_mv=0,status=0x02","{""ver"":1,""type"":1,""seq"":23175,""ts"":88,""lat"":0,""lon"":0,""alt_mm"":-30,""speed_cms"":0,""heading_cd"":59254,""pitch_cd"":-805,""roll_cd"":-550,""yaw_cd"":-71,""bat_mv"":0,""status"":2}"
2026-08-12T19:47:27.723+00:00,BIN,"BIN,ver=1,type=1,seq=23175,ts=88,lat=0,lon=0,alt_mm=-30,speed_cms=0,heading_cd=59254,pitch_cd=-841,roll_cd=-462,yaw_cd=-130,bat_mv=0,status=0x02","{""ver"":1,""type"":1,""seq"":23175,""ts"":88,""lat"":0,""lon"":0,""alt_mm"":-30,""speed_cms"":0,""heading_cd"":59254,""pitch_cd"":-841,""roll_cd"":-462,""yaw_cd"":-130,""bat_mv"":0,""status"":2}"
2026-08-12T19:47:27.806+00:00,BIN,"BIN,ver=1,type=1,seq=23333,ts=88,lat=0,lon=0,alt_mm=10,speed_cms=0,heading_cd=59254,pitch_cd=-800,roll_cd=-484,yaw_cd=-120,bat_mv=0,status=0x02","{""ver"":1,""type"":1,""seq"":23333,""ts"":88,""lat"":0,""lon"":0,""alt_mm"":10,""speed_cms"":0,""heading_cd"":59254,""pitch_cd"":-800,""roll_cd"":-484,""yaw_cd"":-120,""bat_mv"":0,""status"":2}"
2026-08-12T19:47:27.892+00:00,BIN,"BIN,ver=1,type=1,seq=23455,ts=89,lat=0,lon=0,alt_mm=-20,speed_cms=0,heading_cd=59254,pitch_cd=-805,roll_cd=-507,yaw_cd=-133,bat_mv=0,status=0x02","{""ver"":1,""type"":1,""seq"":23455,""ts"":89,""lat"":0,""lon"":0,""alt_mm"":-20,""speed_cms"":0,""heading_cd"":59254,""pitch_cd"":-805,""roll_cd"":-507,""yaw_cd"":-133,""bat_mv"":0,""status"":2}"
2026-08-12T19:47:27.974+00:00,BIN,"BIN,ver=1,type=1,seq=23455,ts=89,lat=0,lon=0,alt_mm=-20,speed_cms=0,heading_cd=59254,pitch_cd=-824,roll_cd=-507,yaw_cd=-176,bat_mv=0,status=0x02","{""ver"":1,""type"":1,""seq"":23455,""ts"":89,""lat"":0,""lon"":0,""alt_mm"":-20,""speed_cms"":0,""heading_cd"":59254,""pitch_cd"":-824,""roll_cd"":-507,""yaw_cd"":-176,""bat_mv"":0,""status"":2}"
2026-08-12T19:47:28.058+00:00,BIN,"BIN,ver=1,type=1,seq=23622,ts=89,lat=0,lon=0,alt_mm=-30,speed_cms=0,heading_cd=59254,pitch_cd=-802,roll_cd=-501,yaw_cd=-165,bat_mv=0,status=0x02","{""ver"":1,""type"":1,""seq"":23622,""ts"":89,""lat"":0,""lon"":0,""alt_mm"":-30,""speed_cms"":0,""heading_cd"":59254,""pitch_cd"":-802,""roll_cd"":-501,""yaw_cd"":-165,""bat_mv"":0,""status"":2}"
2026-08-12T19:47:28.143+00:00,BIN,"BIN,ver=1,type=1,seq=23622,ts=89,lat=0,lon=0,alt_mm=-20,speed_cms=0,heading_cd=59254,pitch_cd=-828,roll_cd=-491,yaw_cd=-130,bat_mv=0,status=0x02","{""ver"":1,""type"":1,""seq"":23622,""ts"":89,""lat"":0,""lon"":0,""alt_mm"":-20,""speed_cms"":0,""heading_cd"":59254,""pitch_cd"":-828,""roll_cd"":-491,""yaw_cd"":-130,""bat_mv"":0,""status"":2}"
2026-08-12T19:47:28.226+00:00,BIN,"BIN,ver=1,type=1,seq=23735,ts=89,lat=0,lon=0,alt_mm=-40,speed_cms=0,heading_cd=59254,pitch_cd=-813,roll_cd=-513,yaw_cd=-113,bat_mv=0,status=0x02","{""ver"":1,""type"":1,""seq"":23735,""ts"":89,""lat"":0,""lon"":0,""alt_mm"":-40,""speed_cms"":0,""heading_cd"":59254,""pitch_cd"":-813,""roll_cd"":-513,""yaw_cd"":-113,""bat_mv"":0,""status"":2}"
2026-08-12T19:47:28.309+00:00,BIN,"BIN,ver=1,type=1,seq=24016,ts=89,lat=0,lon=0,alt_mm=-20,speed_cms=0,heading_cd=59254,pitch_cd=-807,roll_cd=-601,yaw_cd=9,bat_mv=0,status=0x02","{""ver"":1,""type"":1,""seq"":24016,""ts"":89,""lat"":0,""lon"":0,""alt_mm"":-20,""speed_cms"":0,""heading_cd"":59254,""pitch_cd"":-807,""roll_cd"":-601,""yaw_cd"":9,""bat_mv"":0,""status"":2}"
2026-08-12T19:47:28.394+00:00,BIN,"BIN,ver=1,type=1,seq=24016,ts=89,lat=0,lon=0,alt_mm=-20,speed_cms=0,heading_cd=59254,pitch_cd=-807,roll_cd=-601,yaw_cd=9,bat_mv=0,status=0x02","{""ver"":1,""type"":1,""seq"":24016,""ts"":89,""lat"":0,""lon"":0,""alt_mm"":-20,""speed_cms"":0,""heading_cd"":59254,""pitch_cd"":-807,""roll_cd"":-601,""yaw_cd"":9,""bat_mv"":0,""status"":2}"
2026-08-12T19:47:28.478+00:00,BIN,"BIN,ver=1,type=1,seq=24016,ts=89,lat=0,lon=0,alt_mm=-20,speed_cms=0,heading_cd=59254,pitch_cd=-806,roll_cd=-536,yaw_cd=-34,bat_mv=0,status=0x02","{""ver"":1,""type"":1,""seq"":24016,""ts"":89,""lat"":0,""lon"":0,""alt_mm"":-20,""speed_cms"":0,""heading_cd"":59254,""pitch_cd"":-806,""roll_cd"":-536,""yaw_cd"":-34,""bat_mv"":0,""status"":2}"
2026-08-12T19:47:28.562+00:00,BIN,"BIN,ver=1,type=1,seq=24016,ts=89,lat=0,lon=0,alt_mm=-20,speed_cms=0,heading_cd=59254,pitch_cd=-806,roll_cd=-536,yaw_cd=-34,bat_mv=0,status=0x02","{""ver"":1,""type"":1,""seq"":24016,""ts"":89,""lat"":0,""lon"":0,""alt_mm"":-20,""speed_cms"":0,""heading_cd"":59254,""pitch_cd"":-806,""roll_cd"":-536,""yaw_cd"":-34,""bat_mv"":0,""status"":2}"
2026-08-12T19:47:28.647+00:00,BIN,"BIN,ver=1,type=1,seq=24171,ts=89,lat=0,lon=0,alt_mm=-20,speed_cms=0,heading_cd=59254,pitch_cd=-805,roll_cd=-512,yaw_cd=-55,bat_mv=0,status=0x02","{""ver"":1,""type"":1,""seq"":24171,""ts"":89,""lat"":0,""lon"":0,""alt_mm"":-20,""speed_cms"":0,""heading_cd"":59254,""pitch_cd"":-805,""roll_cd"":-512,""yaw_cd"":-55,""bat_mv"":0,""status"":2}"
2026-08-12T19:47:28.729+00:00,BIN,"BIN,ver=1,type=1,seq=24295,ts=89,lat=0,lon=0,alt_mm=-50,speed_cms=0,heading_cd=59254,pitch_cd=-813,roll_cd=-513,yaw_cd=-21,bat_mv=0,status=0x02","{""ver"":1,""type"":1,""seq"":24295,""ts"":89,""lat"":0,""lon"":0,""alt_mm"":-50,""speed_cms"":0,""heading_cd"":59254,""pitch_cd"":-813,""roll_cd"":-513,""yaw_cd"":-21,""bat_mv"":0,""status"":2}"
2026-08-12T19:47:28.813+00:00,BIN,"BIN,ver=1,type=1,seq=24295,ts=89,lat=0,lon=0,alt_mm=-50,speed_cms=0,heading_cd=59254,pitch_cd=-826,roll_cd=-511,yaw_cd=-23,bat_mv=0,status=0x02","{""ver"":1,""type"":1,""seq"":24295,""ts"":89,""lat"":0,""lon"":0,""alt_mm"":-50,""speed_cms"":0,""heading_cd"":59254,""pitch_cd"":-826,""roll_cd"":-511,""yaw_cd"":-23,""bat_mv"":0,""status"":2}"
2026-08-12T19:47:28.895+00:00,BIN,"BIN,ver=1,type=1,seq=24295,ts=90,lat=0,lon=0,alt_mm=-20,speed_cms=0,heading_cd=59254,pitch_cd=-826,roll_cd=-511,yaw_cd=-23,bat_mv=0,status=0x02","{""ver"":1,""type"":1,""seq"":24295,""ts"":90,""lat"":0,""lon"":0,""alt_mm"":-20,""speed_cms"":0,""heading_cd"":59254,""pitch_cd"":-826,""roll_cd"":-511,""yaw_cd"":-23,""bat_mv"":0,""status"":2}"
2026-08-12T19:47:28.982+00:00,BIN,"BIN,ver=1,type=1,seq=24451,ts=90,lat=0,lon=0,alt_mm=-20,speed_cms=0,heading_cd=59254,pitch_cd=-663,roll_cd=-458,yaw_cd=-98,bat_mv=0,status=0x02","{""ver"":1,""type"":1,""seq"":24451,""ts"":90,""lat"":0,""lon"":0,""alt_mm"":-20,""speed_cms"":0,""heading_cd"":59254,""pitch_cd"":-663,""roll_cd"":-458,""yaw_cd"":-98,""bat_mv"":0,""status"":2}"
2026-08-12T19:47:29.063+00:00,BIN,"BIN,ver=1,type=1,seq=24451,ts=90,lat=0,lon=0,alt_mm=10,speed_cms=0,heading_cd=59254,pitch_cd=-882,roll_cd=-484,yaw_cd=-10,bat_mv=0,status=0x02","{""ver"":1,""type"":1,""seq"":24451,""ts"":90,""lat"":0,""lon"":0,""alt_mm"":10,""speed_cms"":0,""heading_cd"":59254,""pitch_cd"":-882,""roll_cd"":-484,""yaw_cd"":-10,""bat_mv"":0,""status"":2}"
2026-08-12T19:47:29.146+00:00,BIN,"BIN,ver=1,type=1,seq=24575,ts=90,lat=0,lon=0,alt_mm=-40,speed_cms=0,heading_cd=59254,pitch_cd=-799,roll_cd=-509,yaw_cd=-86,bat_mv=0,status=0x02","{""ver"":1,""type"":1,""seq"":24575,""ts"":90,""lat"":0,""lon"":0,""alt_mm"":-40,""speed_cms"":0,""heading_cd"":59254,""pitch_cd"":-799,""roll_cd"":-509,""yaw_cd"":-86,""bat_mv"":0,""status"":2}"
2026-08-12T19:47:29.233+00:00,BIN,"BIN,ver=1,type=1,seq=24915,ts=90,lat=0,lon=0,alt_mm=-10,speed_cms=0,heading_cd=59254,pitch_cd=-795,roll_cd=-499,yaw_cd=-40,bat_mv=0,status=0x02","{""ver"":1,""type"":1,""seq"":24915,""ts"":90,""lat"":0,""lon"":0,""alt_mm"":-10,""speed_cms"":0,""heading_cd"":59254,""pitch_cd"":-795,""roll_cd"":-499,""yaw_cd"":-40,""bat_mv"":0,""status"":2}"
2026-08-12T19:47:29.317+00:00,BIN,"BIN,ver=1,type=1,seq=25022,ts=90,lat=0,lon=0,alt_mm=-10,speed_cms=0,heading_cd=59254,pitch_cd=-813,roll_cd=-513,yaw_cd=-65,bat_mv=0,status=0x02","{""ver"":1,""type"":1,""seq"":25022,""ts"":90,""lat"":0,""lon"":0,""alt_mm"":-10,""speed_cms"":0,""heading_cd"":59254,""pitch_cd"":-813,""roll_cd"":-513,""yaw_cd"":-65,""bat_mv"":0,""status"":2}"
2026-08-12T19:47:29.398+00:00,BIN,"BIN,ver=1,type=1,seq=25022,ts=90,lat=0,lon=0,alt_mm=-10,speed_cms=0,heading_cd=59254,pitch_cd=-812,roll_cd=-499,yaw_cd=-43,bat_mv=0,status=0x02","{""ver"":1,""type"":1,""seq"":25022,""ts"":90,""lat"":0,""lon"":0,""alt_mm"":-10,""speed_cms"":0,""heading_cd"":59254,""pitch_cd"":-812,""roll_cd"":-499,""yaw_cd"":-43,""bat_mv"":0,""status"":2}"
2026-08-12T19:47:29.485+00:00,BIN,"BIN,ver=1,type=1,seq=25022,ts=90,lat=0,lon=0,alt_mm=-10,speed_cms=0,heading_cd=59254,pitch_cd=-812,roll_cd=-499,yaw_cd=-43,bat_mv=0,status=0x02","{""ver"":1,""type"":1,""seq"":25022,""ts"":90,""lat"":0,""lon"":0,""alt_mm"":-10,""speed_cms"":0,""heading_cd"":59254,""pitch_cd"":-812,""roll_cd"":-499,""yaw_cd"":-43,""bat_mv"":0,""status"":2}"
2026-08-12T19:47:29.565+00:00,BIN,"BIN,ver=1,type=1,seq=25022,ts=90,lat=0,lon=0,alt_mm=-10,speed_cms=0,heading_cd=59254,pitch_cd=-808,roll_cd=-504,yaw_cd=-60,bat_mv=0,status=0x02","{""ver"":1,""type"":1,""seq"":25022,""ts"":90,""lat"":0,""lon"":0,""alt_mm"":-10,""speed_cms"":0,""heading_cd"":59254,""pitch_cd"":-808,""roll_cd"":-504,""yaw_cd"":-60,""bat_mv"":0,""status"":2}"
2026-08-12T19:47:29.653+00:00,BIN,"BIN,ver=1,type=1,seq=25155,ts=90,lat=0,lon=0,alt_mm=-10,speed_cms=0,heading_cd=59254,pitch_cd=-808,roll_cd=-504,yaw_cd=-60,bat_mv=0,status=0x02","{""ver"":1,""type"":1,""seq"":25155,""ts"":90,""lat"":0,""lon"":0,""alt_mm"":-10,""speed_cms"":0,""heading_cd"":59254,""pitch_cd"":-808,""roll_cd"":-504,""yaw_cd"":-60,""bat_mv"":0,""status"":2}"
2026-08-12T19:47:29.736+00:00,BIN,"BIN,ver=1,type=1,seq=25270,ts=90,lat=0,lon=0,alt_mm=-30,speed_cms=0,heading_cd=59254,pitch_cd=-819,roll_cd=-506,yaw_cd=-81,bat_mv=0,status=0x02","{""ver"":1,""type"":1,""seq"":25270,""ts"":90,""lat"":0,""lon"":0,""alt_mm"":-30,""speed_cms"":0,""heading_cd"":59254,""pitch_cd"":-819,""roll_cd"":-506,""yaw_cd"":-81,""bat_mv"":0,""status"":2}"
2026-08-12T19:47:29.819+00:00,BIN,"BIN,ver=1,type=1,seq=25270,ts=90,lat=0,lon=0,alt_mm=-10,speed_cms=0,heading_cd=59254,pitch_cd=-786,roll_cd=-509,yaw_cd=-82,bat_mv=0,status=0x02","{""ver"":1,""type"":1,""seq"":25270,""ts"":90,""lat"":0,""lon"":0,""alt_mm"":-10,""speed_cms"":0,""heading_cd"":59254,""pitch_cd"":-786,""roll_cd"":-509,""yaw_cd"":-82,""bat_mv"":0,""status"":2}"
2026-08-12T19:47:29.902+00:00,BIN,"BIN,ver=1,type=1,seq=25395,ts=91,lat=0,lon=0,alt_mm=-10,speed_cms=0,heading_cd=59254,pitch_cd=-847,roll_cd=-509,yaw_cd=-45,bat_mv=0,status=0x02","{""ver"":1,""type"":1,""seq"":25395,""ts"":91,""lat"":0,""lon"":0,""alt_mm"":-10,""speed_cms"":0,""heading_cd"":59254,""pitch_cd"":-847,""roll_cd"":-509,""yaw_cd"":-45,""bat_mv"":0,""status"":2}"
2026-08-12T19:47:29.984+00:00,BIN,"BIN,ver=1,type=1,seq=25395,ts=91,lat=0,lon=0,alt_mm=0,speed_cms=0,heading_cd=59254,pitch_cd=-847,roll_cd=-509,yaw_cd=-45,bat_mv=0,status=0x02","{""ver"":1,""type"":1,""seq"":25395,""ts"":91,""lat"":0,""lon"":0,""alt_mm"":0,""speed_cms"":0,""heading_cd"":59254,""pitch_cd"":-847,""roll_cd"":-509,""yaw_cd"":-45,""bat_mv"":0,""status"":2}"
2026-08-12T19:47:30.069+00:00,BIN,"BIN,ver=1,type=1,seq=25551,ts=91,lat=0,lon=0,alt_mm=0,speed_cms=0,heading_cd=59254,pitch_cd=-851,roll_cd=-503,yaw_cd=11,bat_mv=0,status=0x02","{""ver"":1,""type"":1,""seq"":25551,""ts"":91,""lat"":0,""lon"":0,""alt_mm"":0,""speed_cms"":0,""heading_cd"":59254,""pitch_cd"":-851,""roll_cd"":-503,""yaw_cd"":11,""bat_mv"":0,""status"":2}"
2026-08-12T19:47:30.153+00:00,BIN,"BIN,ver=1,type=1,seq=25675,ts=91,lat=0,lon=0,alt_mm=-10,speed_cms=0,heading_cd=59254,pitch_cd=-824,roll_cd=-499,yaw_cd=-80,bat_mv=0,status=0x02","{""ver"":1,""type"":1,""seq"":25675,""ts"":91,""lat"":0,""lon"":0,""alt_mm"":-10,""speed_cms"":0,""heading_cd"":59254,""pitch_cd"":-824,""roll_cd"":-499,""yaw_cd"":-80,""bat_mv"":0,""status"":2}"
2026-08-12T19:47:30.238+00:00,BIN,"BIN,ver=1,type=1,seq=25995,ts=91,lat=0,lon=0,alt_mm=-40,speed_cms=0,heading_cd=59254,pitch_cd=-810,roll_cd=-501,yaw_cd=-141,bat_mv=0,status=0x02","{""ver"":1,""type"":1,""seq"":25995,""ts"":91,""lat"":0,""lon"":0,""alt_mm"":-40,""speed_cms"":0,""heading_cd"":59254,""pitch_cd"":-810,""roll_cd"":-501,""yaw_cd"":-141,""bat_mv"":0,""status"":2}"
2026-08-12T19:47:30.321+00:00,BIN,"BIN,ver=1,type=1,seq=25995,ts=91,lat=0,lon=0,alt_mm=-40,speed_cms=0,heading_cd=59254,pitch_cd=-810,roll_cd=-501,yaw_cd=-141,bat_mv=0,status=0x02","{""ver"":1,""type"":1,""seq"":25995,""ts"":91,""lat"":0,""lon"":0,""alt_mm"":-40,""speed_cms"":0,""heading_cd"":59254,""pitch_cd"":-810,""roll_cd"":-501,""yaw_cd"":-141,""bat_mv"":0,""status"":2}"
2026-08-12T19:47:30.408+00:00,BIN,"BIN,ver=1,type=1,seq=25995,ts=91,lat=0,lon=0,alt_mm=-40,speed_cms=0,heading_cd=59254,pitch_cd=-823,roll_cd=-484,yaw_cd=-58,bat_mv=0,status=0x02","{""ver"":1,""type"":1,""seq"":25995,""ts"":91,""lat"":0,""lon"":0,""alt_mm"":-40,""speed_cms"":0,""heading_cd"":59254,""pitch_cd"":-823,""roll_cd"":-484,""yaw_cd"":-58,""bat_mv"":0,""status"":2}"
2026-08-12T19:47:30.490+00:00,BIN,"BIN,ver=1,type=1,seq=25995,ts=91,lat=0,lon=0,alt_mm=-40,speed_cms=0,heading_cd=59254,pitch_cd=-823,roll_cd=-484,yaw_cd=-58,bat_mv=0,status=0x02","{""ver"":1,""type"":1,""seq"":25995,""ts"":91,""lat"":0,""lon"":0,""alt_mm"":-40,""speed_cms"":0,""heading_cd"":59254,""pitch_cd"":-823,""roll_cd"":-484,""yaw_cd"":-58,""bat_mv"":0,""status"":2}"
2026-08-12T19:47:30.574+00:00,BIN,"BIN,ver=1,type=1,seq=26113,ts=91,lat=0,lon=0,alt_mm=0,speed_cms=0,heading_cd=59254,pitch_cd=-862,roll_cd=-514,yaw_cd=-86,bat_mv=0,status=0x02","{""ver"":1,""type"":1,""seq"":26113,""ts"":91,""lat"":0,""lon"":0,""alt_mm"":0,""speed_cms"":0,""heading_cd"":59254,""pitch_cd"":-862,""roll_cd"":-514,""yaw_cd"":-86,""bat_mv"":0,""status"":2}"
2026-08-12T19:47:30.656+00:00,BIN,"BIN,ver=1,type=1,seq=26113,ts=91,lat=0,lon=0,alt_mm=-30,speed_cms=0,heading_cd=59254,pitch_cd=-775,roll_cd=-428,yaw_cd=39,bat_mv=0,status=0x02","{""ver"":1,""type"":1,""seq"":26113,""ts"":91,""lat"":0,""lon"":0,""alt_mm"":-30,""speed_cms"":0,""heading_cd"":59254,""pitch_cd"":-775,""roll_cd"":-428,""yaw_cd"":39,""bat_mv"":0,""status"":2}"
2026-08-12T19:47:30.742+00:00,BIN,"BIN,ver=1,type=1,seq=26235,ts=91,lat=0,lon=0,alt_mm=-30,speed_cms=0,heading_cd=59254,pitch_cd=-829,roll_cd=-492,yaw_cd=-137,bat_mv=0,status=0x02","{""ver"":1,""type"":1,""seq"":26235,""ts"":91,""lat"":0,""lon"":0,""alt_mm"":-30,""speed_cms"":0,""heading_cd"":59254,""pitch_cd"":-829,""roll_cd"":-492,""yaw_cd"":-137,""bat_mv"":0,""status"":2}"
2026-08-12T19:47:30.822+00:00,BIN,"BIN,ver=1,type=1,seq=26391,ts=91,lat=0,lon=0,alt_mm=-40,speed_cms=0,heading_cd=59254,pitch_cd=-788,roll_cd=-583,yaw_cd=-85,bat_mv=0,status=0x02","{""ver"":1,""type"":1,""seq"":26391,""ts"":91,""lat"":0,""lon"":0,""alt_mm"":-40,""speed_cms"":0,""heading_cd"":59254,""pitch_cd"":-788,""roll_cd"":-583,""yaw_cd"":-85,""bat_mv"":0,""status"":2}"
2026-08-12T19:47:30.909+00:00,BIN,"BIN,ver=1,type=1,seq=26391,ts=92,lat=0,lon=0,alt_mm=-60,speed_cms=0,heading_cd=59254,pitch_cd=-810,roll_cd=-569,yaw_cd=-86,bat_mv=0,status=0x02","{""ver"":1,""type"":1,""seq"":26391,""ts"":92,""lat"":0,""lon"":0,""alt_mm"":-60,""speed_cms"":0,""heading_cd"":59254,""pitch_cd"":-810,""roll_cd"":-569,""yaw_cd"":-86,""bat_mv"":0,""status"":2}"
2026-08-12T19:47:30.992+00:00,BIN,"BIN,ver=1,type=1,seq=26515,ts=92,lat=0,lon=0,alt_mm=-60,speed_cms=0,heading_cd=59254,pitch_cd=-776,roll_cd=-499,yaw_cd=-73,bat_mv=0,status=0x02","{""ver"":1,""type"":1,""seq"":26515,""ts"":92,""lat"":0,""lon"":0,""alt_mm"":-60,""speed_cms"":0,""heading_cd"":59254,""pitch_cd"":-776,""roll_cd"":-499,""yaw_cd"":-73,""bat_mv"":0,""status"":2}"
2026-08-12T19:47:31.075+00:00,BIN,"BIN,ver=1,type=1,seq=26515,ts=92,lat=0,lon=0,alt_mm=-40,speed_cms=0,heading_cd=59254,pitch_cd=-776,roll_cd=-499,yaw_cd=-73,bat_mv=0,status=0x02","{""ver"":1,""type"":1,""seq"":26515,""ts"":92,""lat"":0,""lon"":0,""alt_mm"":-40,""speed_cms"":0,""heading_cd"":59254,""pitch_cd"":-776,""roll_cd"":-499,""yaw_cd"":-73,""bat_mv"":0,""status"":2}"
2026-08-12T19:47:31.159+00:00,BIN,"BIN,ver=1,type=1,seq=26673,ts=92,lat=0,lon=0,alt_mm=-40,speed_cms=0,heading_cd=59254,pitch_cd=-793,roll_cd=-529,yaw_cd=-66,bat_mv=0,status=0x02","{""ver"":1,""type"":1,""seq"":26673,""ts"":92,""lat"":0,""lon"":0,""alt_mm"":-40,""speed_cms"":0,""heading_cd"":59254,""pitch_cd"":-793,""roll_cd"":-529,""yaw_cd"":-66,""bat_mv"":0,""status"":2}"
2026-08-12T19:47:31.243+00:00,BIN,"BIN,ver=1,type=1,seq=26795,ts=92,lat=0,lon=0,alt_mm=-60,speed_cms=0,heading_cd=59254,pitch_cd=-805,roll_cd=-551,yaw_cd=-57,bat_mv=0,status=0x02","{""ver"":1,""type"":1,""seq"":26795,""ts"":92,""lat"":0,""lon"":0,""alt_mm"":-60,""speed_cms"":0,""heading_cd"":59254,""pitch_cd"":-805,""roll_cd"":-551,""yaw_cd"":-57,""bat_mv"":0,""status"":2}"
2026-08-12T19:47:31.329+00:00,BIN,"BIN,ver=1,type=1,seq=26962,ts=92,lat=0,lon=0,alt_mm=-60,speed_cms=0,heading_cd=59254,pitch_cd=-805,roll_cd=-551,yaw_cd=-57,bat_mv=0,status=0x02","{""ver"":1,""type"":1,""seq"":26962,""ts"":92,""lat"":0,""lon"":0,""alt_mm"":-60,""speed_cms"":0,""heading_cd"":59254,""pitch_cd"":-805,""roll_cd"":-551,""yaw_cd"":-57,""bat_mv"":0,""status"":2}"
2026-08-12T19:47:31.411+00:00,BIN,"BIN,ver=1,type=1,seq=26962,ts=92,lat=0,lon=0,alt_mm=-60,speed_cms=0,heading_cd=59254,pitch_cd=-790,roll_cd=-540,yaw_cd=-48,bat_mv=0,status=0x02","{""ver"":1,""type"":1,""seq"":26962,""ts"":92,""lat"":0,""lon"":0,""alt_mm"":-60,""speed_cms"":0,""heading_cd"":59254,""pitch_cd"":-790,""roll_cd"":-540,""yaw_cd"":-48,""bat_mv"":0,""status"":2}"
2026-08-12T19:47:31.496+00:00,BIN,"BIN,ver=1,type=1,seq=27076,ts=92,lat=0,lon=0,alt_mm=-40,speed_cms=0,heading_cd=59254,pitch_cd=-790,roll_cd=-540,yaw_cd=-48,bat_mv=0,status=0x02","{""ver"":1,""type"":1,""seq"":27076,""ts"":92,""lat"":0,""lon"":0,""alt_mm"":-40,""speed_cms"":0,""heading_cd"":59254,""pitch_cd"":-790,""roll_cd"":-540,""yaw_cd"":-48,""bat_mv"":0,""status"":2}"
2026-08-12T19:47:31.581+00:00,BIN,"BIN,ver=1,type=1,seq=27076,ts=92,lat=0,lon=0,alt_mm=-40,speed_cms=0,heading_cd=59254,pitch_cd=-767,roll_cd=-540,yaw_cd=-73,bat_mv=0,status=0x02","{""ver"":1,""type"":1,""seq"":27076,""ts"":92,""lat"":0,""lon"":0,""alt_mm"":-40,""speed_cms"":0,""heading_cd"":59254,""pitch_cd"":-767,""roll_cd"":-540,""yaw_cd"":-73,""bat_mv"":0,""status"":2}"
2026-08-12T19:47:31.662+00:00,BIN,"BIN,ver=1,type=1,seq=27231,ts=92,lat=0,lon=0,alt_mm=-10,speed_cms=0,heading_cd=59254,pitch_cd=-766,roll_cd=-557,yaw_cd=-84,bat_mv=0,status=0x02","{""ver"":1,""type"":1,""seq"":27231,""ts"":92,""lat"":0,""lon"":0,""alt_mm"":-10,""speed_cms"":0,""heading_cd"":59254,""pitch_cd"":-766,""roll_cd"":-557,""yaw_cd"":-84,""bat_mv"":0,""status"":2}"
2026-08-12T19:47:31.749+00:00,BIN,"BIN,ver=1,type=1,seq=27231,ts=92,lat=0,lon=0,alt_mm=-50,speed_cms=0,heading_cd=59254,pitch_cd=-828,roll_cd=-542,yaw_cd=-33,bat_mv=0,status=0x02","{""ver"":1,""type"":1,""seq"":27231,""ts"":92,""lat"":0,""lon"":0,""alt_mm"":-50,""speed_cms"":0,""heading_cd"":59254,""pitch_cd"":-828,""roll_cd"":-542,""yaw_cd"":-33,""bat_mv"":0,""status"":2}"
2026-08-12T19:47:31.833+00:00,BIN,"BIN,ver=1,type=1,seq=27355,ts=93,lat=0,lon=0,alt_mm=-50,speed_cms=0,heading_cd=59254,pitch_cd=-851,roll_cd=-488,yaw_cd=24,bat_mv=0,status=0x02","{""ver"":1,""type"":1,""seq"":27355,""ts"":93,""lat"":0,""lon"":0,""alt_mm"":-50,""speed_cms"":0,""heading_cd"":59254,""pitch_cd"":-851,""roll_cd"":-488,""yaw_cd"":24,""bat_mv"":0,""status"":2}"
2026-08-12T19:47:31.917+00:00,BIN,"BIN,ver=1,type=1,seq=27355,ts=93,lat=0,lon=0,alt_mm=-50,speed_cms=0,heading_cd=59254,pitch_cd=-851,roll_cd=-488,yaw_cd=24,bat_mv=0,status=0x02","{""ver"":1,""type"":1,""seq"":27355,""ts"":93,""lat"":0,""lon"":0,""alt_mm"":-50,""speed_cms"":0,""heading_cd"":59254,""pitch_cd"":-851,""roll_cd"":-488,""yaw_cd"":24,""bat_mv"":0,""status"":2}"
2026-08-12T19:47:32.001+00:00,BIN,"BIN,ver=1,type=1,seq=27510,ts=93,lat=0,lon=0,alt_mm=-50,speed_cms=0,heading_cd=59254,pitch_cd=-800,roll_cd=-601,yaw_cd=-43,bat_mv=0,status=0x02","{""ver"":1,""type"":1,""seq"":27510,""ts"":93,""lat"":0,""lon"":0,""alt_mm"":-50,""speed_cms"":0,""heading_cd"":59254,""pitch_cd"":-800,""roll_cd"":-601,""yaw_cd"":-43,""bat_mv"":0,""status"":2}"
2026-08-12T19:47:32.083+00:00,BIN,"BIN,ver=1,type=1,seq=27510,ts=93,lat=0,lon=0,alt_mm=-60,speed_cms=0,heading_cd=59254,pitch_cd=-777,roll_cd=-489,yaw_cd=-22,bat_mv=0,status=0x02","{""ver"":1,""type"":1,""seq"":27510,""ts"":93,""lat"":0,""lon"":0,""alt_mm"":-60,""speed_cms"":0,""heading_cd"":59254,""pitch_cd"":-777,""roll_cd"":-489,""yaw_cd"":-22,""bat_mv"":0,""status"":2}"
2026-08-12T19:47:32.168+00:00,BIN,"BIN,ver=1,type=1,seq=27635,ts=93,lat=0,lon=0,alt_mm=-60,speed_cms=0,heading_cd=59254,pitch_cd=-832,roll_cd=-547,yaw_cd=-55,bat_mv=0,status=0x02","{""ver"":1,""type"":1,""seq"":27635,""ts"":93,""lat"":0,""lon"":0,""alt_mm"":-60,""speed_cms"":0,""heading_cd"":59254,""pitch_cd"":-832,""roll_cd"":-547,""yaw_cd"":-55,""bat_mv"":0,""status"":2}"
2026-08-12T19:47:32.252+00:00,BIN,"BIN,ver=1,type=1,seq=27955,ts=93,lat=0,lon=0,alt_mm=-90,speed_cms=0,heading_cd=59254,pitch_cd=-680,roll_cd=-578,yaw_cd=-314,bat_mv=0,status=0x02","{""ver"":1,""type"":1,""seq"":27955,""ts"":93,""lat"":0,""lon"":0,""alt_mm"":-90,""speed_cms"":0,""heading_cd"":59254,""pitch_cd"":-680,""roll_cd"":-578,""yaw_cd"":-314,""bat_mv"":0,""status"":2}"
2026-08-12T19:47:32.335+00:00,BIN,"BIN,ver=1,type=1,seq=27955,ts=93,lat=0,lon=0,alt_mm=-90,speed_cms=0,heading_cd=59254,pitch_cd=-689,roll_cd=-770,yaw_cd=-258,bat_mv=0,status=0x02","{""ver"":1,""type"":1,""seq"":27955,""ts"":93,""lat"":0,""lon"":0,""alt_mm"":-90,""speed_cms"":0,""heading_cd"":59254,""pitch_cd"":-689,""roll_cd"":-770,""yaw_cd"":-258,""bat_mv"":0,""status"":2}"
2026-08-12T19:47:32.421+00:00,BIN,"BIN,ver=1,type=1,seq=27955,ts=93,lat=0,lon=0,alt_mm=-120,speed_cms=0,heading_cd=59254,pitch_cd=-689,roll_cd=-770,yaw_cd=-258,bat_mv=0,status=0x02","{""ver"":1,""type"":1,""seq"":27955,""ts"":93,""lat"":0,""lon"":0,""alt_mm"":-120,""speed_cms"":0,""heading_cd"":59254,""pitch_cd"":-689,""roll_cd"":-770,""yaw_cd"":-258,""bat_mv"":0,""status"":2}"
2026-08-12T19:47:32.504+00:00,BIN,"BIN,ver=1,type=1,seq=28073,ts=93,lat=0,lon=0,alt_mm=-120,speed_cms=0,heading_cd=59254,pitch_cd=-607,roll_cd=-753,yaw_cd=-156,bat_mv=0,status=0x02","{""ver"":1,""type"":1,""seq"":28073,""ts"":93,""lat"":0,""lon"":0,""alt_mm"":-120,""speed_cms"":0,""heading_cd"":59254,""pitch_cd"":-607,""roll_cd"":-753,""yaw_cd"":-156,""bat_mv"":0,""status"":2}"
2026-08-12T19:47:32.589+00:00,BIN,"BIN,ver=1,type=1,seq=28073,ts=93,lat=0,lon=0,alt_mm=-80,speed_cms=0,heading_cd=59254,pitch_cd=-697,roll_cd=-719,yaw_cd=-168,bat_mv=0,status=0x02","{""ver"":1,""type"":1,""seq"":28073,""ts"":93,""lat"":0,""lon"":0,""alt_mm"":-80,""speed_cms"":0,""heading_cd"":59254,""pitch_cd"":-697,""roll_cd"":-719,""yaw_cd"":-168,""bat_mv"":0,""status"":2}"
2026-08-12T19:47:32.671+00:00,BIN,"BIN,ver=1,type=1,seq=28195,ts=93,lat=0,lon=0,alt_mm=-80,speed_cms=0,heading_cd=59254,pitch_cd=-648,roll_cd=-702,yaw_cd=-139,bat_mv=0,status=0x02","{""ver"":1,""type"":1,""seq"":28195,""ts"":93,""lat"":0,""lon"":0,""alt_mm"":-80,""speed_cms"":0,""heading_cd"":59254,""pitch_cd"":-648,""roll_cd"":-702,""yaw_cd"":-139,""bat_mv"":0,""status"":2}"
2026-08-12T19:47:32.756+00:00,BIN,"BIN,ver=1,type=1,seq=28353,ts=93,lat=0,lon=0,alt_mm=-80,speed_cms=0,heading_cd=59254,pitch_cd=-651,roll_cd=-706,yaw_cd=-120,bat_mv=0,status=0x02","{""ver"":1,""type"":1,""seq"":28353,""ts"":93,""lat"":0,""lon"":0,""alt_mm"":-80,""speed_cms"":0,""heading_cd"":59254,""pitch_cd"":-651,""roll_cd"":-706,""yaw_cd"":-120,""bat_mv"":0,""status"":2}"
2026-08-12T19:47:32.841+00:00,BIN,"BIN,ver=1,type=1,seq=28353,ts=94,lat=0,lon=0,alt_mm=-80,speed_cms=0,heading_cd=59254,pitch_cd=-698,roll_cd=-647,yaw_cd=-127,bat_mv=0,status=0x02","{""ver"":1,""type"":1,""seq"":28353,""ts"":94,""lat"":0,""lon"":0,""alt_mm"":-80,""speed_cms"":0,""heading_cd"":59254,""pitch_cd"":-698,""roll_cd"":-647,""yaw_cd"":-127,""bat_mv"":0,""status"":2}"
2026-08-12T19:47:32.922+00:00,BIN,"BIN,ver=1,type=1,seq=28475,ts=94,lat=0,lon=0,alt_mm=-90,speed_cms=0,heading_cd=59254,pitch_cd=-698,roll_cd=-647,yaw_cd=-127,bat_mv=0,status=0x02","{""ver"":1,""type"":1,""seq"":28475,""ts"":94,""lat"":0,""lon"":0,""alt_mm"":-90,""speed_cms"":0,""heading_cd"":59254,""pitch_cd"":-698,""roll_cd"":-647,""yaw_cd"":-127,""bat_mv"":0,""status"":2}"
2026-08-12T19:47:33.009+00:00,BIN,"BIN,ver=1,type=1,seq=28475,ts=94,lat=0,lon=0,alt_mm=-90,speed_cms=0,heading_cd=59254,pitch_cd=-708,roll_cd=-595,yaw_cd=-85,bat_mv=0,status=0x02","{""ver"":1,""type"":1,""seq"":28475,""ts"":94,""lat"":0,""lon"":0,""alt_mm"":-90,""speed_cms"":0,""heading_cd"":59254,""pitch_cd"":-708,""roll_cd"":-595,""yaw_cd"":-85,""bat_mv"":0,""status"":2}"
2026-08-12T19:47:33.092+00:00,BIN,"BIN,ver=1,type=1,seq=28630,ts=94,lat=0,lon=0,alt_mm=-80,speed_cms=0,heading_cd=59254,pitch_cd=-726,roll_cd=-627,yaw_cd=-26,bat_mv=0,status=0x02","{""ver"":1,""type"":1,""seq"":28630,""ts"":94,""lat"":0,""lon"":0,""alt_mm"":-80,""speed_cms"":0,""heading_cd"":59254,""pitch_cd"":-726,""roll_cd"":-627,""yaw_cd"":-26,""bat_mv"":0,""status"":2}"
2026-08-12T19:47:33.173+00:00,BIN,"BIN,ver=1,type=1,seq=28755,ts=94,lat=0,lon=0,alt_mm=-70,speed_cms=0,heading_cd=59254,pitch_cd=-707,roll_cd=-628,yaw_cd=14,bat_mv=0,status=0x02","{""ver"":1,""type"":1,""seq"":28755,""ts"":94,""lat"":0,""lon"":0,""alt_mm"":-70,""speed_cms"":0,""heading_cd"":59254,""pitch_cd"":-707,""roll_cd"":-628,""yaw_cd"":14,""bat_mv"":0,""status"":2}"
2026-08-12T19:47:33.259+00:00,BIN,"BIN,ver=1,type=1,seq=28922,ts=94,lat=0,lon=0,alt_mm=-60,speed_cms=0,heading_cd=59254,pitch_cd=-710,roll_cd=-645,yaw_cd=-37,bat_mv=0,status=0x02","{""ver"":1,""type"":1,""seq"":28922,""ts"":94,""lat"":0,""lon"":0,""alt_mm"":-60,""speed_cms"":0,""heading_cd"":59254,""pitch_cd"":-710,""roll_cd"":-645,""yaw_cd"":-37,""bat_mv"":0,""status"":2}"
2026-08-12T19:47:33.342+00:00,BIN,"BIN,ver=1,type=1,seq=28922,ts=94,lat=0,lon=0,alt_mm=-120,speed_cms=0,heading_cd=59254,pitch_cd=-700,roll_cd=-681,yaw_cd=-17,bat_mv=0,status=0x02","{""ver"":1,""type"":1,""seq"":28922,""ts"":94,""lat"":0,""lon"":0,""alt_mm"":-120,""speed_cms"":0,""heading_cd"":59254,""pitch_cd"":-700,""roll_cd"":-681,""yaw_cd"":-17,""bat_mv"":0,""status"":2}"
2026-08-12T19:47:33.426+00:00,BIN,"BIN,ver=1,type=1,seq=29036,ts=94,lat=0,lon=0,alt_mm=-120,speed_cms=0,heading_cd=59254,pitch_cd=-700,roll_cd=-681,yaw_cd=-17,bat_mv=0,status=0x02","{""ver"":1,""type"":1,""seq"":29036,""ts"":94,""lat"":0,""lon"":0,""alt_mm"":-120,""speed_cms"":0,""heading_cd"":59254,""pitch_cd"":-700,""roll_cd"":-681,""yaw_cd"":-17,""bat_mv"":0,""status"":2}"
2026-08-12T19:47:33.510+00:00,BIN,"BIN,ver=1,type=1,seq=29036,ts=94,lat=0,lon=0,alt_mm=-120,speed_cms=0,heading_cd=59254,pitch_cd=-711,roll_cd=-666,yaw_cd=3,bat_mv=0,status=0x02","{""ver"":1,""type"":1,""seq"":29036,""ts"":94,""lat"":0,""lon"":0,""alt_mm"":-120,""speed_cms"":0,""heading_cd"":59254,""pitch_cd"":-711,""roll_cd"":-666,""yaw_cd"":3,""bat_mv"":0,""status"":2}"
2026-08-12T19:47:33.594+00:00,BIN,"BIN,ver=1,type=1,seq=29191,ts=94,lat=0,lon=0,alt_mm=-90,speed_cms=0,heading_cd=59254,pitch_cd=-696,roll_cd=-670,yaw_cd=-22,bat_mv=0,status=0x02","{""ver"":1,""type"":1,""seq"":29191,""ts"":94,""lat"":0,""lon"":0,""alt_mm"":-90,""speed_cms"":0,""heading_cd"":59254,""pitch_cd"":-696,""roll_cd"":-670,""yaw_cd"":-22,""bat_mv"":0,""status"":2}"
2026-08-12T19:47:33.680+00:00,BIN,"BIN,ver=1,type=1,seq=29191,ts=94,lat=0,lon=0,alt_mm=-90,speed_cms=0,heading_cd=59254,pitch_cd=-706,roll_cd=-654,yaw_cd=-44,bat_mv=0,status=0x02","{""ver"":1,""type"":1,""seq"":29191,""ts"":94,""lat"":0,""lon"":0,""alt_mm"":-90,""speed_cms"":0,""heading_cd"":59254,""pitch_cd"":-706,""roll_cd"":-654,""yaw_cd"":-44,""bat_mv"":0,""status"":2}"
2026-08-12T19:47:33.763+00:00,BIN,"BIN,ver=1,type=1,seq=29315,ts=94,lat=0,lon=0,alt_mm=-90,speed_cms=0,heading_cd=59254,pitch_cd=-706,roll_cd=-654,yaw_cd=-44,bat_mv=0,status=0x02","{""ver"":1,""type"":1,""seq"":29315,""ts"":94,""lat"":0,""lon"":0,""alt_mm"":-90,""speed_cms"":0,""heading_cd"":59254,""pitch_cd"":-706,""roll_cd"":-654,""yaw_cd"":-44,""bat_mv"":0,""status"":2}"
2026-08-12T19:47:33.844+00:00,BIN,"BIN,ver=1,type=1,seq=29315,ts=94,lat=0,lon=0,alt_mm=-90,speed_cms=0,heading_cd=59254,pitch_cd=-700,roll_cd=-641,yaw_cd=-43,bat_mv=0,status=0x02","{""ver"":1,""type"":1,""seq"":29315,""ts"":94,""lat"":0,""lon"":0,""alt_mm"":-90,""speed_cms"":0,""heading_cd"":59254,""pitch_cd"":-700,""roll_cd"":-641,""yaw_cd"":-43,""bat_mv"":0,""status"":2}"
2026-08-12T19:47:33.929+00:00,BIN,"BIN,ver=1,type=1,seq=29471,ts=95,lat=0,lon=0,alt_mm=-100,speed_cms=0,heading_cd=59254,pitch_cd=-724,roll_cd=-645,yaw_cd=-31,bat_mv=0,status=0x02","{""ver"":1,""type"":1,""seq"":29471,""ts"":95,""lat"":0,""lon"":0,""alt_mm"":-100,""speed_cms"":0,""heading_cd"":59254,""pitch_cd"":-724,""roll_cd"":-645,""yaw_cd"":-31,""bat_mv"":0,""status"":2}"
2026-08-12T19:47:34.015+00:00,BIN,"BIN,ver=1,type=1,seq=29471,ts=95,lat=0,lon=0,alt_mm=-100,speed_cms=0,heading_cd=59254,pitch_cd=-708,roll_cd=-640,yaw_cd=-17,bat_mv=0,status=0x02","{""ver"":1,""type"":1,""seq"":29471,""ts"":95,""lat"":0,""lon"":0,""alt_mm"":-100,""speed_cms"":0,""heading_cd"":59254,""pitch_cd"":-708,""roll_cd"":-640,""yaw_cd"":-17,""bat_mv"":0,""status"":2}"
2026-08-12T19:47:34.095+00:00,BIN,"BIN,ver=1,type=1,seq=29595,ts=95,lat=0,lon=0,alt_mm=-90,speed_cms=0,heading_cd=59254,pitch_cd=-708,roll_cd=-640,yaw_cd=-17,bat_mv=0,status=0x02","{""ver"":1,""type"":1,""seq"":29595,""ts"":95,""lat"":0,""lon"":0,""alt_mm"":-90,""speed_cms"":0,""heading_cd"":59254,""pitch_cd"":-708,""roll_cd"":-640,""yaw_cd"":-17,""bat_mv"":0,""status"":2}"
2026-08-12T19:47:34.182+00:00,BIN,"BIN,ver=1,type=1,seq=29793,ts=95,lat=0,lon=0,alt_mm=-130,speed_cms=0,heading_cd=59254,pitch_cd=-701,roll_cd=-658,yaw_cd=-33,bat_mv=0,status=0x02","{""ver"":1,""type"":1,""seq"":29793,""ts"":95,""lat"":0,""lon"":0,""alt_mm"":-130,""speed_cms"":0,""heading_cd"":59254,""pitch_cd"":-701,""roll_cd"":-658,""yaw_cd"":-33,""bat_mv"":0,""status"":2}"
2026-08-12T19:47:34.263+00:00,BIN,"BIN,ver=1,type=1,seq=29915,ts=95,lat=0,lon=0,alt_mm=-120,speed_cms=0,heading_cd=59254,pitch_cd=-701,roll_cd=-658,yaw_cd=-33,bat_mv=0,status=0x02","{""ver"":1,""type"":1,""seq"":29915,""ts"":95,""lat"":0,""lon"":0,""alt_mm"":-120,""speed_cms"":0,""heading_cd"":59254,""pitch_cd"":-701,""roll_cd"":-658,""yaw_cd"":-33,""bat_mv"":0,""status"":2}"
2026-08-12T19:47:34.350+00:00,BIN,"BIN,ver=1,type=1,seq=30035,ts=95,lat=0,lon=0,alt_mm=-110,speed_cms=0,heading_cd=59254,pitch_cd=-701,roll_cd=-686,yaw_cd=-46,bat_mv=0,status=0x02","{""ver"":1,""type"":1,""seq"":30035,""ts"":95,""lat"":0,""lon"":0,""alt_mm"":-110,""speed_cms"":0,""heading_cd"":59254,""pitch_cd"":-701,""roll_cd"":-686,""yaw_cd"":-46,""bat_mv"":0,""status"":2}"
2026-08-12T19:47:34.436+00:00,BIN,"BIN,ver=1,type=1,seq=30035,ts=95,lat=0,lon=0,alt_mm=-110,speed_cms=0,heading_cd=59254,pitch_cd=-663,roll_cd=-687,yaw_cd=-54,bat_mv=0,status=0x02","{""ver"":1,""type"":1,""seq"":30035,""ts"":95,""lat"":0,""lon"":0,""alt_mm"":-110,""speed_cms"":0,""heading_cd"":59254,""pitch_cd"":-663,""roll_cd"":-687,""yaw_cd"":-54,""bat_mv"":0,""status"":2}"
2026-08-12T19:47:34.519+00:00,BIN,"BIN,ver=1,type=1,seq=30035,ts=95,lat=0,lon=0,alt_mm=-110,speed_cms=0,heading_cd=59254,pitch_cd=-663,roll_cd=-687,yaw_cd=-54,bat_mv=0,status=0x02","{""ver"":1,""type"":1,""seq"":30035,""ts"":95,""lat"":0,""lon"":0,""alt_mm"":-110,""speed_cms"":0,""heading_cd"":59254,""pitch_cd"":-663,""roll_cd"":-687,""yaw_cd"":-54,""bat_mv"":0,""status"":2}"
2026-08-12T19:47:34.603+00:00,BIN,"BIN,ver=1,type=1,seq=30155,ts=95,lat=0,lon=0,alt_mm=-100,speed_cms=0,heading_cd=59254,pitch_cd=-663,roll_cd=-687,yaw_cd=-54,bat_mv=0,status=0x02","{""ver"":1,""type"":1,""seq"":30155,""ts"":95,""lat"":0,""lon"":0,""alt_mm"":-100,""speed_cms"":0,""heading_cd"":59254,""pitch_cd"":-663,""roll_cd"":-687,""yaw_cd"":-54,""bat_mv"":0,""status"":2}"
2026-08-12T19:47:34.685+00:00,BIN,"BIN,ver=1,type=1,seq=30155,ts=95,lat=0,lon=0,alt_mm=-100,speed_cms=0,heading_cd=59254,pitch_cd=-677,roll_cd=-688,yaw_cd=-82,bat_mv=0,status=0x02","{""ver"":1,""type"":1,""seq"":30155,""ts"":95,""lat"":0,""lon"":0,""alt_mm"":-100,""speed_cms"":0,""heading_cd"":59254,""pitch_cd"":-677,""roll_cd"":-688,""yaw_cd"":-82,""bat_mv"":0,""status"":2}"
2026-08-12T19:47:34.771+00:00,BIN,"BIN,ver=1,type=1,seq=30311,ts=95,lat=0,lon=0,alt_mm=-90,speed_cms=0,heading_cd=59254,pitch_cd=-732,roll_cd=-676,yaw_cd=-74,bat_mv=0,status=0x02","{""ver"":1,""type"":1,""seq"":30311,""ts"":95,""lat"":0,""lon"":0,""alt_mm"":-90,""speed_cms"":0,""heading_cd"":59254,""pitch_cd"":-732,""roll_cd"":-676,""yaw_cd"":-74,""bat_mv"":0,""status"":2}"
2026-08-12T19:47:34.856+00:00,BIN,"BIN,ver=1,type=1,seq=30311,ts=96,lat=0,lon=0,alt_mm=-100,speed_cms=0,heading_cd=59254,pitch_cd=-655,roll_cd=-686,yaw_cd=-45,bat_mv=0,status=0x02","{""ver"":1,""type"":1,""seq"":30311,""ts"":96,""lat"":0,""lon"":0,""alt_mm"":-100,""speed_cms"":0,""heading_cd"":59254,""pitch_cd"":-655,""roll_cd"":-686,""yaw_cd"":-45,""bat_mv"":0,""status"":2}"
2026-08-12T19:47:34.938+00:00,BIN,"BIN,ver=1,type=1,seq=30435,ts=96,lat=0,lon=0,alt_mm=-100,speed_cms=0,heading_cd=59254,pitch_cd=-680,roll_cd=-680,yaw_cd=-20,bat_mv=0,status=0x02","{""ver"":1,""type"":1,""seq"":30435,""ts"":96,""lat"":0,""lon"":0,""alt_mm"":-100,""speed_cms"":0,""heading_cd"":59254,""pitch_cd"":-680,""roll_cd"":-680,""yaw_cd"":-20,""bat_mv"":0,""status"":2}"
2026-08-12T19:47:35.023+00:00,BIN,"BIN,ver=1,type=1,seq=30590,ts=96,lat=0,lon=0,alt_mm=-110,speed_cms=0,heading_cd=59254,pitch_cd=-662,roll_cd=-688,yaw_cd=-6,bat_mv=0,status=0x02","{""ver"":1,""type"":1,""seq"":30590,""ts"":96,""lat"":0,""lon"":0,""alt_mm"":-110,""speed_cms"":0,""heading_cd"":59254,""pitch_cd"":-662,""roll_cd"":-688,""yaw_cd"":-6,""bat_mv"":0,""status"":2}"
2026-08-12T19:47:35.107+00:00,BIN,"BIN,ver=1,type=1,seq=30590,ts=96,lat=0,lon=0,alt_mm=-110,speed_cms=0,heading_cd=59254,pitch_cd=-645,roll_cd=-692,yaw_cd=-10,bat_mv=0,status=0x02","{""ver"":1,""type"":1,""seq"":30590,""ts"":96,""lat"":0,""lon"":0,""alt_mm"":-110,""speed_cms"":0,""heading_cd"":59254,""pitch_cd"":-645,""roll_cd"":-692,""yaw_cd"":-10,""bat_mv"":0,""status"":2}"
2026-08-12T19:47:35.189+00:00,BIN,"BIN,ver=1,type=1,seq=30715,ts=96,lat=0,lon=0,alt_mm=-120,speed_cms=0,heading_cd=59254,pitch_cd=-666,roll_cd=-685,yaw_cd=1,bat_mv=0,status=0x02","{""ver"":1,""type"":1,""seq"":30715,""ts"":96,""lat"":0,""lon"":0,""alt_mm"":-120,""speed_cms"":0,""heading_cd"":59254,""pitch_cd"":-666,""roll_cd"":-685,""yaw_cd"":1,""bat_mv"":0,""status"":2}"
2026-08-12T19:47:35.272+00:00,BIN,"BIN,ver=1,type=1,seq=30882,ts=96,lat=0,lon=0,alt_mm=-120,speed_cms=0,heading_cd=59254,pitch_cd=-666,roll_cd=-681,yaw_cd=-9,bat_mv=0,status=0x02","{""ver"":1,""type"":1,""seq"":30882,""ts"":96,""lat"":0,""lon"":0,""alt_mm"":-120,""speed_cms"":0,""heading_cd"":59254,""pitch_cd"":-666,""roll_cd"":-681,""yaw_cd"":-9,""bat_mv"":0,""status"":2}"
2026-08-12T19:47:35.354+00:00,BIN,"BIN,ver=1,type=1,seq=30995,ts=96,lat=0,lon=0,alt_mm=-110,speed_cms=0,heading_cd=59254,pitch_cd=-666,roll_cd=-681,yaw_cd=-9,bat_mv=0,status=0x02","{""ver"":1,""type"":1,""seq"":30995,""ts"":96,""lat"":0,""lon"":0,""alt_mm"":-110,""speed_cms"":0,""heading_cd"":59254,""pitch_cd"":-666,""roll_cd"":-681,""yaw_cd"":-9,""bat_mv"":0,""status"":2}"
2026-08-12T19:47:35.438+00:00,BIN,"BIN,ver=1,type=1,seq=30995,ts=96,lat=0,lon=0,alt_mm=-110,speed_cms=0,heading_cd=59254,pitch_cd=-666,roll_cd=-677,yaw_cd=0,bat_mv=0,status=0x02","{""ver"":1,""type"":1,""seq"":30995,""ts"":96,""lat"":0,""lon"":0,""alt_mm"":-110,""speed_cms"":0,""heading_cd"":59254,""pitch_cd"":-666,""roll_cd"":-677,""yaw_cd"":0,""bat_mv"":0,""status"":2}"
2026-08-12T19:47:35.523+00:00,BIN,"BIN,ver=1,type=1,seq=30995,ts=96,lat=0,lon=0,alt_mm=-110,speed_cms=0,heading_cd=59254,pitch_cd=-666,roll_cd=-677,yaw_cd=0,bat_mv=0,status=0x02","{""ver"":1,""type"":1,""seq"":30995,""ts"":96,""lat"":0,""lon"":0,""alt_mm"":-110,""speed_cms"":0,""heading_cd"":59254,""pitch_cd"":-666,""roll_cd"":-677,""yaw_cd"":0,""bat_mv"":0,""status"":2}"
2026-08-12T19:47:35.611+00:00,BIN,"BIN,ver=1,type=1,seq=31152,ts=96,lat=0,lon=0,alt_mm=-100,speed_cms=0,heading_cd=59254,pitch_cd=-650,roll_cd=-707,yaw_cd=0,bat_mv=0,status=0x02","{""ver"":1,""type"":1,""seq"":31152,""ts"":96,""lat"":0,""lon"":0,""alt_mm"":-100,""speed_cms"":0,""heading_cd"":59254,""pitch_cd"":-650,""roll_cd"":-707,""yaw_cd"":0,""bat_mv"":0,""status"":2}"
2026-08-12T19:47:35.693+00:00,BIN,"BIN,ver=1,type=1,seq=31152,ts=96,lat=0,lon=0,alt_mm=-100,speed_cms=0,heading_cd=59254,pitch_cd=-688,roll_cd=-681,yaw_cd=-5,bat_mv=0,status=0x02","{""ver"":1,""type"":1,""seq"":31152,""ts"":96,""lat"":0,""lon"":0,""alt_mm"":-100,""speed_cms"":0,""heading_cd"":59254,""pitch_cd"":-688,""roll_cd"":-681,""yaw_cd"":-5,""bat_mv"":0,""status"":2}"
2026-08-12T19:47:35.778+00:00,BIN,"BIN,ver=1,type=1,seq=31275,ts=96,lat=0,lon=0,alt_mm=-100,speed_cms=0,heading_cd=59254,pitch_cd=-657,roll_cd=-683,yaw_cd=-28,bat_mv=0,status=0x02","{""ver"":1,""type"":1,""seq"":31275,""ts"":96,""lat"":0,""lon"":0,""alt_mm"":-100,""speed_cms"":0,""heading_cd"":59254,""pitch_cd"":-657,""roll_cd"":-683,""yaw_cd"":-28,""bat_mv"":0,""status"":2}"
2026-08-12T19:47:35.945+00:00,BIN,"BIN,ver=1,type=1,seq=31275,ts=97,lat=0,lon=0,alt_mm=-110,speed_cms=0,heading_cd=59254,pitch_cd=-657,roll_cd=-683,yaw_cd=-28,bat_mv=0,status=0x02","{""ver"":1,""type"":1,""seq"":31275,""ts"":97,""lat"":0,""lon"":0,""alt_mm"":-110,""speed_cms"":0,""heading_cd"":59254,""pitch_cd"":-657,""roll_cd"":-683,""yaw_cd"":-28,""bat_mv"":0,""status"":2}"
2026-08-12T19:47:35.947+00:00,BIN,"BIN,ver=1,type=1,seq=31431,ts=97,lat=0,lon=0,alt_mm=-110,speed_cms=0,heading_cd=59254,pitch_cd=-673,roll_cd=-675,yaw_cd=-19,bat_mv=0,status=0x02","{""ver"":1,""type"":1,""seq"":31431,""ts"":97,""lat"":0,""lon"":0,""alt_mm"":-110,""speed_cms"":0,""heading_cd"":59254,""pitch_cd"":-673,""roll_cd"":-675,""yaw_cd"":-19,""bat_mv"":0,""status"":2}"
2026-08-12T19:47:36.028+00:00,BIN,"BIN,ver=1,type=1,seq=31555,ts=97,lat=0,lon=0,alt_mm=-120,speed_cms=0,heading_cd=59254,pitch_cd=-652,roll_cd=-732,yaw_cd=13,bat_mv=0,status=0x02","{""ver"":1,""type"":1,""seq"":31555,""ts"":97,""lat"":0,""lon"":0,""alt_mm"":-120,""speed_cms"":0,""heading_cd"":59254,""pitch_cd"":-652,""roll_cd"":-732,""yaw_cd"":13,""bat_mv"":0,""status"":2}"
2026-08-12T19:47:36.110+00:00,BIN,"BIN,ver=1,type=1,seq=31555,ts=97,lat=0,lon=0,alt_mm=-100,speed_cms=0,heading_cd=59254,pitch_cd=-658,roll_cd=-699,yaw_cd=-23,bat_mv=0,status=0x02","{""ver"":1,""type"":1,""seq"":31555,""ts"":97,""lat"":0,""lon"":0,""alt_mm"":-100,""speed_cms"":0,""heading_cd"":59254,""pitch_cd"":-658,""roll_cd"":-699,""yaw_cd"":-23,""bat_mv"":0,""status"":2}"
2026-08-12T19:47:36.195+00:00,BIN,"BIN,ver=1,type=1,seq=31755,ts=97,lat=0,lon=0,alt_mm=-80,speed_cms=0,heading_cd=59254,pitch_cd=-674,roll_cd=-674,yaw_cd=-35,bat_mv=0,status=0x02","{""ver"":1,""type"":1,""seq"":31755,""ts"":97,""lat"":0,""lon"":0,""alt_mm"":-80,""speed_cms"":0,""heading_cd"":59254,""pitch_cd"":-674,""roll_cd"":-674,""yaw_cd"":-35,""bat_mv"":0,""status"":2}"
2026-08-12T19:47:36.280+00:00,BIN,"BIN,ver=1,type=1,seq=31875,ts=97,lat=0,lon=0,alt_mm=-100,speed_cms=0,heading_cd=59254,pitch_cd=-746,roll_cd=-626,yaw_cd=-70,bat_mv=0,status=0x02","{""ver"":1,""type"":1,""seq"":31875,""ts"":97,""lat"":0,""lon"":0,""alt_mm"":-100,""speed_cms"":0,""heading_cd"":59254,""pitch_cd"":-746,""roll_cd"":-626,""yaw_cd"":-70,""bat_mv"":0,""status"":2}"
2026-08-12T19:47:36.366+00:00,BIN,"BIN,ver=1,type=1,seq=31991,ts=97,lat=0,lon=0,alt_mm=-100,speed_cms=0,heading_cd=59254,pitch_cd=-746,roll_cd=-626,yaw_cd=-70,bat_mv=0,status=0x02","{""ver"":1,""type"":1,""seq"":31991,""ts"":97,""lat"":0,""lon"":0,""alt_mm"":-100,""speed_cms"":0,""heading_cd"":59254,""pitch_cd"":-746,""roll_cd"":-626,""yaw_cd"":-70,""bat_mv"":0,""status"":2}"
2026-08-12T19:47:36.449+00:00,BIN,"BIN,ver=1,type=1,seq=31991,ts=97,lat=0,lon=0,alt_mm=-100,speed_cms=0,heading_cd=59254,pitch_cd=-653,roll_cd=-674,yaw_cd=-14,bat_mv=0,status=0x02","{""ver"":1,""type"":1,""seq"":31991,""ts"":97,""lat"":0,""lon"":0,""alt_mm"":-100,""speed_cms"":0,""heading_cd"":59254,""pitch_cd"":-653,""roll_cd"":-674,""yaw_cd"":-14,""bat_mv"":0,""status"":2}"
2026-08-12T19:47:36.533+00:00,BIN,"BIN,ver=1,type=1,seq=31991,ts=97,lat=0,lon=0,alt_mm=-70,speed_cms=0,heading_cd=59254,pitch_cd=-653,roll_cd=-674,yaw_cd=-14,bat_mv=0,status=0x02","{""ver"":1,""type"":1,""seq"":31991,""ts"":97,""lat"":0,""lon"":0,""alt_mm"":-70,""speed_cms"":0,""heading_cd"":59254,""pitch_cd"":-653,""roll_cd"":-674,""yaw_cd"":-14,""bat_mv"":0,""status"":2}"
2026-08-12T19:47:36.614+00:00,BIN,"BIN,ver=1,type=1,seq=32116,ts=97,lat=0,lon=0,alt_mm=-70,speed_cms=0,heading_cd=59254,pitch_cd=-642,roll_cd=-632,yaw_cd=-5,bat_mv=0,status=0x02","{""ver"":1,""type"":1,""seq"":32116,""ts"":97,""lat"":0,""lon"":0,""alt_mm"":-70,""speed_cms"":0,""heading_cd"":59254,""pitch_cd"":-642,""roll_cd"":-632,""yaw_cd"":-5,""bat_mv"":0,""status"":2}"
2026-08-12T19:47:36.700+00:00,BIN,"BIN,ver=1,type=1,seq=32270,ts=97,lat=0,lon=0,alt_mm=-100,speed_cms=0,heading_cd=59254,pitch_cd=-674,roll_cd=-647,yaw_cd=-40,bat_mv=0,status=0x02","{""ver"":1,""type"":1,""seq"":32270,""ts"":97,""lat"":0,""lon"":0,""alt_mm"":-100,""speed_cms"":0,""heading_cd"":59254,""pitch_cd"":-674,""roll_cd"":-647,""yaw_cd"":-40,""bat_mv"":0,""status"":2}"
2026-08-12T19:47:36.784+00:00,BIN,"BIN,ver=1,type=1,seq=32270,ts=97,lat=0,lon=0,alt_mm=-100,speed_cms=0,heading_cd=59254,pitch_cd=-624,roll_cd=-711,yaw_cd=-2,bat_mv=0,status=0x02","{""ver"":1,""type"":1,""seq"":32270,""ts"":97,""lat"":0,""lon"":0,""alt_mm"":-100,""speed_cms"":0,""heading_cd"":59254,""pitch_cd"":-624,""roll_cd"":-711,""yaw_cd"":-2,""bat_mv"":0,""status"":2}"
2026-08-12T19:47:36.868+00:00,BIN,"BIN,ver=1,type=1,seq=32395,ts=98,lat=0,lon=0,alt_mm=-110,speed_cms=0,heading_cd=59254,pitch_cd=-711,roll_cd=-635,yaw_cd=-18,bat_mv=0,status=0x02","{""ver"":1,""type"":1,""seq"":32395,""ts"":98,""lat"":0,""lon"":0,""alt_mm"":-110,""speed_cms"":0,""heading_cd"":59254,""pitch_cd"":-711,""roll_cd"":-635,""yaw_cd"":-18,""bat_mv"":0,""status"":2}"
2026-08-12T19:47:36.951+00:00,BIN,"BIN,ver=1,type=1,seq=32395,ts=98,lat=0,lon=0,alt_mm=-110,speed_cms=0,heading_cd=59254,pitch_cd=-711,roll_cd=-635,yaw_cd=-18,bat_mv=0,status=0x02","{""ver"":1,""type"":1,""seq"":32395,""ts"":98,""lat"":0,""lon"":0,""alt_mm"":-110,""speed_cms"":0,""heading_cd"":59254,""pitch_cd"":-711,""roll_cd"":-635,""yaw_cd"":-18,""bat_mv"":0,""status"":2}"
2026-08-12T19:47:37.034+00:00,BIN,"BIN,ver=1,type=1,seq=32550,ts=98,lat=0,lon=0,alt_mm=-110,speed_cms=0,heading_cd=59254,pitch_cd=-670,roll_cd=-726,yaw_cd=-12,bat_mv=0,status=0x02","{""ver"":1,""type"":1,""seq"":32550,""ts"":98,""lat"":0,""lon"":0,""alt_mm"":-110,""speed_cms"":0,""heading_cd"":59254,""pitch_cd"":-670,""roll_cd"":-726,""yaw_cd"":-12,""bat_mv"":0,""status"":2}"
2026-08-12T19:47:37.116+00:00,BIN,"BIN,ver=1,type=1,seq=32675,ts=98,lat=0,lon=0,alt_mm=-120,speed_cms=0,heading_cd=59254,pitch_cd=-691,roll_cd=-655,yaw_cd=-23,bat_mv=0,status=0x02","{""ver"":1,""type"":1,""seq"":32675,""ts"":98,""lat"":0,""lon"":0,""alt_mm"":-120,""speed_cms"":0,""heading_cd"":59254,""pitch_cd"":-691,""roll_cd"":-655,""yaw_cd"":-23,""bat_mv"":0,""status"":2}"
2026-08-12T19:47:37.204+00:00,BIN,"BIN,ver=1,type=1,seq=32675,ts=98,lat=0,lon=0,alt_mm=-50,speed_cms=0,heading_cd=59254,pitch_cd=-668,roll_cd=-729,yaw_cd=-35,bat_mv=0,status=0x02","{""ver"":1,""type"":1,""seq"":32675,""ts"":98,""lat"":0,""lon"":0,""alt_mm"":-50,""speed_cms"":0,""heading_cd"":59254,""pitch_cd"":-668,""roll_cd"":-729,""yaw_cd"":-35,""bat_mv"":0,""status"":2}"
2026-08-12T19:47:37.288+00:00,BIN,"BIN,ver=1,type=1,seq=32955,ts=98,lat=0,lon=0,alt_mm=-10,speed_cms=0,heading_cd=59254,pitch_cd=-713,roll_cd=-645,yaw_cd=-83,bat_mv=0,status=0x02","{""ver"":1,""type"":1,""seq"":32955,""ts"":98,""lat"":0,""lon"":0,""alt_mm"":-10,""speed_cms"":0,""heading_cd"":59254,""pitch_cd"":-713,""roll_cd"":-645,""yaw_cd"":-83,""bat_mv"":0,""status"":2}"
2026-08-12T19:47:37.370+00:00,BIN,"BIN,ver=1,type=1,seq=32955,ts=98,lat=0,lon=0,alt_mm=-10,speed_cms=0,heading_cd=59254,pitch_cd=-687,roll_cd=-726,yaw_cd=-119,bat_mv=0,status=0x02","{""ver"":1,""type"":1,""seq"":32955,""ts"":98,""lat"":0,""lon"":0,""alt_mm"":-10,""speed_cms"":0,""heading_cd"":59254,""pitch_cd"":-687,""roll_cd"":-726,""yaw_cd"":-119,""bat_mv"":0,""status"":2}"
2026-08-12T19:47:37.455+00:00,BIN,"BIN,ver=1,type=1,seq=32955,ts=98,lat=0,lon=0,alt_mm=-10,speed_cms=0,heading_cd=59254,pitch_cd=-687,roll_cd=-726,yaw_cd=-119,bat_mv=0,status=0x02","{""ver"":1,""type"":1,""seq"":32955,""ts"":98,""lat"":0,""lon"":0,""alt_mm"":-10,""speed_cms"":0,""heading_cd"":59254,""pitch_cd"":-687,""roll_cd"":-726,""yaw_cd"":-119,""bat_mv"":0,""status"":2}"
2026-08-12T19:47:37.536+00:00,BIN,"BIN,ver=1,type=1,seq=33113,ts=98,lat=0,lon=0,alt_mm=150,speed_cms=0,heading_cd=59254,pitch_cd=-745,roll_cd=-555,yaw_cd=-139,bat_mv=0,status=0x02","{""ver"":1,""type"":1,""seq"":33113,""ts"":98,""lat"":0,""lon"":0,""alt_mm"":150,""speed_cms"":0,""heading_cd"":59254,""pitch_cd"":-745,""roll_cd"":-555,""yaw_cd"":-139,""bat_mv"":0,""status"":2}"
2026-08-12T19:47:37.622+00:00,BIN,"BIN,ver=1,type=1,seq=33113,ts=98,lat=0,lon=0,alt_mm=150,speed_cms=0,heading_cd=59254,pitch_cd=-694,roll_cd=-623,yaw_cd=-166,bat_mv=0,status=0x02","{""ver"":1,""type"":1,""seq"":33113,""ts"":98,""lat"":0,""lon"":0,""alt_mm"":150,""speed_cms"":0,""heading_cd"":59254,""pitch_cd"":-694,""roll_cd"":-623,""yaw_cd"":-166,""bat_mv"":0,""status"":2}"
2026-08-12T19:47:37.706+00:00,BIN,"BIN,ver=1,type=1,seq=33235,ts=98,lat=0,lon=0,alt_mm=280,speed_cms=0,heading_cd=59254,pitch_cd=-688,roll_cd=-664,yaw_cd=-168,bat_mv=0,status=0x02","{""ver"":1,""type"":1,""seq"":33235,""ts"":98,""lat"":0,""lon"":0,""alt_mm"":280,""speed_cms"":0,""heading_cd"":59254,""pitch_cd"":-688,""roll_cd"":-664,""yaw_cd"":-168,""bat_mv"":0,""status"":2}"
2026-08-12T19:47:37.791+00:00,BIN,"BIN,ver=1,type=1,seq=33235,ts=98,lat=0,lon=0,alt_mm=380,speed_cms=0,heading_cd=59254,pitch_cd=-688,roll_cd=-664,yaw_cd=-168,bat_mv=0,status=0x02","{""ver"":1,""type"":1,""seq"":33235,""ts"":98,""lat"":0,""lon"":0,""alt_mm"":380,""speed_cms"":0,""heading_cd"":59254,""pitch_cd"":-688,""roll_cd"":-664,""yaw_cd"":-168,""bat_mv"":0,""status"":2}"
2026-08-12T19:47:37.875+00:00,BIN,"BIN,ver=1,type=1,seq=33393,ts=98,lat=0,lon=0,alt_mm=380,speed_cms=0,heading_cd=59254,pitch_cd=-762,roll_cd=-546,yaw_cd=-145,bat_mv=0,status=0x02","{""ver"":1,""type"":1,""seq"":33393,""ts"":98,""lat"":0,""lon"":0,""alt_mm"":380,""speed_cms"":0,""heading_cd"":59254,""pitch_cd"":-762,""roll_cd"":-546,""yaw_cd"":-145,""bat_mv"":0,""status"":2}"
2026-08-12T19:47:37.955+00:00,BIN,"BIN,ver=1,type=1,seq=33515,ts=99,lat=0,lon=0,alt_mm=470,speed_cms=0,heading_cd=59254,pitch_cd=-683,roll_cd=-644,yaw_cd=-145,bat_mv=0,status=0x02","{""ver"":1,""type"":1,""seq"":33515,""ts"":99,""lat"":0,""lon"":0,""alt_mm"":470,""speed_cms"":0,""heading_cd"":59254,""pitch_cd"":-683,""roll_cd"":-644,""yaw_cd"":-145,""bat_mv"":0,""status"":2}"
2026-08-12T19:47:38.042+00:00,BIN,"BIN,ver=1,type=1,seq=33515,ts=99,lat=0,lon=0,alt_mm=470,speed_cms=0,heading_cd=59254,pitch_cd=-790,roll_cd=-654,yaw_cd=-160,bat_mv=0,status=0x02","{""ver"":1,""type"":1,""seq"":33515,""ts"":99,""lat"":0,""lon"":0,""alt_mm"":470,""speed_cms"":0,""heading_cd"":59254,""pitch_cd"":-790,""roll_cd"":-654,""yaw_cd"":-160,""bat_mv"":0,""status"":2}"
2026-08-12T19:47:38.125+00:00,BIN,"BIN,ver=1,type=1,seq=33682,ts=99,lat=0,lon=0,alt_mm=490,speed_cms=0,heading_cd=59254,pitch_cd=-688,roll_cd=-593,yaw_cd=-148,bat_mv=0,status=0x02","{""ver"":1,""type"":1,""seq"":33682,""ts"":99,""lat"":0,""lon"":0,""alt_mm"":490,""speed_cms"":0,""heading_cd"":59254,""pitch_cd"":-688,""roll_cd"":-593,""yaw_cd"":-148,""bat_mv"":0,""status"":2}"
2026-08-12T19:47:38.209+00:00,BIN,"BIN,ver=1,type=1,seq=33795,ts=99,lat=0,lon=0,alt_mm=480,speed_cms=0,heading_cd=59254,pitch_cd=-695,roll_cd=-625,yaw_cd=-122,bat_mv=0,status=0x02","{""ver"":1,""type"":1,""seq"":33795,""ts"":99,""lat"":0,""lon"":0,""alt_mm"":480,""speed_cms"":0,""heading_cd"":59254,""pitch_cd"":-695,""roll_cd"":-625,""yaw_cd"":-122,""bat_mv"":0,""status"":2}"
2026-08-12T19:47:38.291+00:00,BIN,"BIN,ver=1,type=1,seq=33981,ts=99,lat=0,lon=0,alt_mm=490,speed_cms=0,heading_cd=59254,pitch_cd=-717,roll_cd=-663,yaw_cd=-139,bat_mv=0,status=0x02","{""ver"":1,""type"":1,""seq"":33981,""ts"":99,""lat"":0,""lon"":0,""alt_mm"":490,""speed_cms"":0,""heading_cd"":59254,""pitch_cd"":-717,""roll_cd"":-663,""yaw_cd"":-139,""bat_mv"":0,""status"":2}"
2026-08-12T19:47:38.377+00:00,BIN,"BIN,ver=1,type=1,seq=33981,ts=99,lat=0,lon=0,alt_mm=490,speed_cms=0,heading_cd=59254,pitch_cd=-745,roll_cd=-618,yaw_cd=-136,bat_mv=0,status=0x02","{""ver"":1,""type"":1,""seq"":33981,""ts"":99,""lat"":0,""lon"":0,""alt_mm"":490,""speed_cms"":0,""heading_cd"":59254,""pitch_cd"":-745,""roll_cd"":-618,""yaw_cd"":-136,""bat_mv"":0,""status"":2}"
2026-08-12T19:47:38.463+00:00,BIN,"BIN,ver=1,type=1,seq=34096,ts=99,lat=0,lon=0,alt_mm=440,speed_cms=0,heading_cd=59254,pitch_cd=-745,roll_cd=-618,yaw_cd=-136,bat_mv=0,status=0x02","{""ver"":1,""type"":1,""seq"":34096,""ts"":99,""lat"":0,""lon"":0,""alt_mm"":440,""speed_cms"":0,""heading_cd"":59254,""pitch_cd"":-745,""roll_cd"":-618,""yaw_cd"":-136,""bat_mv"":0,""status"":2}"
2026-08-12T19:47:38.545+00:00,BIN,"BIN,ver=1,type=1,seq=34096,ts=99,lat=0,lon=0,alt_mm=440,speed_cms=0,heading_cd=59254,pitch_cd=-719,roll_cd=-611,yaw_cd=-111,bat_mv=0,status=0x02","{""ver"":1,""type"":1,""seq"":34096,""ts"":99,""lat"":0,""lon"":0,""alt_mm"":440,""speed_cms"":0,""heading_cd"":59254,""pitch_cd"":-719,""roll_cd"":-611,""yaw_cd"":-111,""bat_mv"":0,""status"":2}"
2026-08-12T19:47:38.631+00:00,BIN,"BIN,ver=1,type=1,seq=34211,ts=99,lat=0,lon=0,alt_mm=430,speed_cms=0,heading_cd=59254,pitch_cd=-744,roll_cd=-589,yaw_cd=-148,bat_mv=0,status=0x02","{""ver"":1,""type"":1,""seq"":34211,""ts"":99,""lat"":0,""lon"":0,""alt_mm"":430,""speed_cms"":0,""heading_cd"":59254,""pitch_cd"":-744,""roll_cd"":-589,""yaw_cd"":-148,""bat_mv"":0,""status"":2}"
2026-08-12T19:47:38.712+00:00,BIN,"BIN,ver=1,type=1,seq=34211,ts=99,lat=0,lon=0,alt_mm=430,speed_cms=0,heading_cd=59254,pitch_cd=-714,roll_cd=-623,yaw_cd=-152,bat_mv=0,status=0x02","{""ver"":1,""type"":1,""seq"":34211,""ts"":99,""lat"":0,""lon"":0,""alt_mm"":430,""speed_cms"":0,""heading_cd"":59254,""pitch_cd"":-714,""roll_cd"":-623,""yaw_cd"":-152,""bat_mv"":0,""status"":2}"
2026-08-12T19:47:38.797+00:00,BIN,"BIN,ver=1,type=1,seq=34335,ts=99,lat=0,lon=0,alt_mm=400,speed_cms=0,heading_cd=59254,pitch_cd=-714,roll_cd=-623,yaw_cd=-152,bat_mv=0,status=0x02","{""ver"":1,""type"":1,""seq"":34335,""ts"":99,""lat"":0,""lon"":0,""alt_mm"":400,""speed_cms"":0,""heading_cd"":59254,""pitch_cd"":-714,""roll_cd"":-623,""yaw_cd"":-152,""bat_mv"":0,""status"":2}"
2026-08-12T19:47:38.883+00:00,BIN,"BIN,ver=1,type=1,seq=34335,ts=99,lat=0,lon=0,alt_mm=400,speed_cms=0,heading_cd=59254,pitch_cd=-568,roll_cd=-696,yaw_cd=-81,bat_mv=0,status=0x02","{""ver"":1,""type"":1,""seq"":34335,""ts"":99,""lat"":0,""lon"":0,""alt_mm"":400,""speed_cms"":0,""heading_cd"":59254,""pitch_cd"":-568,""roll_cd"":-696,""yaw_cd"":-81,""bat_mv"":0,""status"":2}"
2026-08-12T19:47:38.966+00:00,BIN,"BIN,ver=1,type=1,seq=34491,ts=100,lat=0,lon=0,alt_mm=350,speed_cms=0,heading_cd=59254,pitch_cd=-772,roll_cd=-567,yaw_cd=-100,bat_mv=0,status=0x02","{""ver"":1,""type"":1,""seq"":34491,""ts"":100,""lat"":0,""lon"":0,""alt_mm"":350,""speed_cms"":0,""heading_cd"":59254,""pitch_cd"":-772,""roll_cd"":-567,""yaw_cd"":-100,""bat_mv"":0,""status"":2}"
2026-08-12T19:47:39.046+00:00,BIN,"BIN,ver=1,type=1,seq=34615,ts=100,lat=0,lon=0,alt_mm=340,speed_cms=0,heading_cd=59254,pitch_cd=-716,roll_cd=-648,yaw_cd=-113,bat_mv=0,status=0x02","{""ver"":1,""type"":1,""seq"":34615,""ts"":100,""lat"":0,""lon"":0,""alt_mm"":340,""speed_cms"":0,""heading_cd"":59254,""pitch_cd"":-716,""roll_cd"":-648,""yaw_cd"":-113,""bat_mv"":0,""status"":2}"
2026-08-12T19:47:39.215+00:00,BIN,"BIN,ver=1,type=1,seq=34895,ts=100,lat=0,lon=0,alt_mm=310,speed_cms=0,heading_cd=59254,pitch_cd=-783,roll_cd=-605,yaw_cd=-128,bat_mv=0,status=0x02","{""ver"":1,""type"":1,""seq"":34895,""ts"":100,""lat"":0,""lon"":0,""alt_mm"":310,""speed_cms"":0,""heading_cd"":59254,""pitch_cd"":-783,""roll_cd"":-605,""yaw_cd"":-128,""bat_mv"":0,""status"":2}"
2026-08-12T19:47:39.297+00:00,BIN,"BIN,ver=1,type=1,seq=34895,ts=100,lat=0,lon=0,alt_mm=340,speed_cms=0,heading_cd=59254,pitch_cd=-810,roll_cd=-541,yaw_cd=-121,bat_mv=0,status=0x02","{""ver"":1,""type"":1,""seq"":34895,""ts"":100,""lat"":0,""lon"":0,""alt_mm"":340,""speed_cms"":0,""heading_cd"":59254,""pitch_cd"":-810,""roll_cd"":-541,""yaw_cd"":-121,""bat_mv"":0,""status"":2}"
2026-08-12T19:47:39.388+00:00,BIN,"BIN,ver=1,type=1,seq=35055,ts=100,lat=0,lon=0,alt_mm=340,speed_cms=0,heading_cd=59254,pitch_cd=-796,roll_cd=-694,yaw_cd=-145,bat_mv=0,status=0x02","{""ver"":1,""type"":1,""seq"":35055,""ts"":100,""lat"":0,""lon"":0,""alt_mm"":340,""speed_cms"":0,""heading_cd"":59254,""pitch_cd"":-796,""roll_cd"":-694,""yaw_cd"":-145,""bat_mv"":0,""status"":2}"
2026-08-12T19:47:39.470+00:00,BIN,"BIN,ver=1,type=1,seq=35055,ts=100,lat=0,lon=0,alt_mm=340,speed_cms=0,heading_cd=59254,pitch_cd=-796,roll_cd=-694,yaw_cd=-145,bat_mv=0,status=0x02","{""ver"":1,""type"":1,""seq"":35055,""ts"":100,""lat"":0,""lon"":0,""alt_mm"":340,""speed_cms"":0,""heading_cd"":59254,""pitch_cd"":-796,""roll_cd"":-694,""yaw_cd"":-145,""bat_mv"":0,""status"":2}"
2026-08-12T19:47:39.551+00:00,BIN,"BIN,ver=1,type=1,seq=35055,ts=100,lat=0,lon=0,alt_mm=340,speed_cms=0,heading_cd=59254,pitch_cd=-677,roll_cd=-561,yaw_cd=-207,bat_mv=0,status=0x02","{""ver"":1,""type"":1,""seq"":35055,""ts"":100,""lat"":0,""lon"":0,""alt_mm"":340,""speed_cms"":0,""heading_cd"":59254,""pitch_cd"":-677,""roll_cd"":-561,""yaw_cd"":-207,""bat_mv"":0,""status"":2}"
2026-08-12T19:47:39.638+00:00,BIN,"BIN,ver=1,type=1,seq=35175,ts=100,lat=0,lon=0,alt_mm=330,speed_cms=0,heading_cd=59254,pitch_cd=-677,roll_cd=-561,yaw_cd=-207,bat_mv=0,status=0x02","{""ver"":1,""type"":1,""seq"":35175,""ts"":100,""lat"":0,""lon"":0,""alt_mm"":330,""speed_cms"":0,""heading_cd"":59254,""pitch_cd"":-677,""roll_cd"":-561,""yaw_cd"":-207,""bat_mv"":0,""status"":2}"
2026-08-12T19:47:39.721+00:00,BIN,"BIN,ver=1,type=1,seq=35175,ts=100,lat=0,lon=0,alt_mm=330,speed_cms=0,heading_cd=59254,pitch_cd=-691,roll_cd=-689,yaw_cd=-162,bat_mv=0,status=0x02","{""ver"":1,""type"":1,""seq"":35175,""ts"":100,""lat"":0,""lon"":0,""alt_mm"":330,""speed_cms"":0,""heading_cd"":59254,""pitch_cd"":-691,""roll_cd"":-689,""yaw_cd"":-162,""bat_mv"":0,""status"":2}"
2026-08-12T19:47:39.803+00:00,BIN,"BIN,ver=1,type=1,seq=35330,ts=100,lat=0,lon=0,alt_mm=320,speed_cms=0,heading_cd=59254,pitch_cd=-642,roll_cd=-659,yaw_cd=-154,bat_mv=0,status=0x02","{""ver"":1,""type"":1,""seq"":35330,""ts"":100,""lat"":0,""lon"":0,""alt_mm"":320,""speed_cms"":0,""heading_cd"":59254,""pitch_cd"":-642,""roll_cd"":-659,""yaw_cd"":-154,""bat_mv"":0,""status"":2}"
2026-08-12T19:47:39.886+00:00,BIN,"BIN,ver=1,type=1,seq=35455,ts=101,lat=0,lon=0,alt_mm=350,speed_cms=0,heading_cd=59254,pitch_cd=-771,roll_cd=-658,yaw_cd=-136,bat_mv=0,status=0x02","{""ver"":1,""type"":1,""seq"":35455,""ts"":101,""lat"":0,""lon"":0,""alt_mm"":350,""speed_cms"":0,""heading_cd"":59254,""pitch_cd"":-771,""roll_cd"":-658,""yaw_cd"":-136,""bat_mv"":0,""status"":2}"
2026-08-12T19:47:39.972+00:00,BIN,"BIN,ver=1,type=1,seq=35455,ts=101,lat=0,lon=0,alt_mm=350,speed_cms=0,heading_cd=59254,pitch_cd=-723,roll_cd=-530,yaw_cd=-126,bat_mv=0,status=0x02","{""ver"":1,""type"":1,""seq"":35455,""ts"":101,""lat"":0,""lon"":0,""alt_mm"":350,""speed_cms"":0,""heading_cd"":59254,""pitch_cd"":-723,""roll_cd"":-530,""yaw_cd"":-126,""bat_mv"":0,""status"":2}"
2026-08-12T19:47:40.057+00:00,BIN,"BIN,ver=1,type=1,seq=35622,ts=101,lat=0,lon=0,alt_mm=350,speed_cms=0,heading_cd=59254,pitch_cd=-726,roll_cd=-602,yaw_cd=-122,bat_mv=0,status=0x02","{""ver"":1,""type"":1,""seq"":35622,""ts"":101,""lat"":0,""lon"":0,""alt_mm"":350,""speed_cms"":0,""heading_cd"":59254,""pitch_cd"":-726,""roll_cd"":-602,""yaw_cd"":-122,""bat_mv"":0,""status"":2}"
2026-08-12T19:47:40.140+00:00,BIN,"BIN,ver=1,type=1,seq=35622,ts=101,lat=0,lon=0,alt_mm=350,speed_cms=0,heading_cd=59254,pitch_cd=-718,roll_cd=-714,yaw_cd=-127,bat_mv=0,status=0x02","{""ver"":1,""type"":1,""seq"":35622,""ts"":101,""lat"":0,""lon"":0,""alt_mm"":350,""speed_cms"":0,""heading_cd"":59254,""pitch_cd"":-718,""roll_cd"":-714,""yaw_cd"":-127,""bat_mv"":0,""status"":2}"
2026-08-12T19:47:40.224+00:00,BIN,"BIN,ver=1,type=1,seq=35735,ts=101,lat=0,lon=0,alt_mm=340,speed_cms=0,heading_cd=59254,pitch_cd=-782,roll_cd=-697,yaw_cd=-28,bat_mv=0,status=0x02","{""ver"":1,""type"":1,""seq"":35735,""ts"":101,""lat"":0,""lon"":0,""alt_mm"":340,""speed_cms"":0,""heading_cd"":59254,""pitch_cd"":-782,""roll_cd"":-697,""yaw_cd"":-28,""bat_mv"":0,""status"":2}"
2026-08-12T19:47:40.306+00:00,BIN,"BIN,ver=1,type=1,seq=35921,ts=101,lat=0,lon=0,alt_mm=320,speed_cms=0,heading_cd=59254,pitch_cd=-736,roll_cd=-557,yaw_cd=-82,bat_mv=0,status=0x02","{""ver"":1,""type"":1,""seq"":35921,""ts"":101,""lat"":0,""lon"":0,""alt_mm"":320,""speed_cms"":0,""heading_cd"":59254,""pitch_cd"":-736,""roll_cd"":-557,""yaw_cd"":-82,""bat_mv"":0,""status"":2}"
2026-08-12T19:47:40.392+00:00,BIN,"BIN,ver=1,type=1,seq=36036,ts=101,lat=0,lon=0,alt_mm=320,speed_cms=0,heading_cd=59254,pitch_cd=-736,roll_cd=-557,yaw_cd=-82,bat_mv=0,status=0x02","{""ver"":1,""type"":1,""seq"":36036,""ts"":101,""lat"":0,""lon"":0,""alt_mm"":320,""speed_cms"":0,""heading_cd"":59254,""pitch_cd"":-736,""roll_cd"":-557,""yaw_cd"":-82,""bat_mv"":0,""status"":2}"
2026-08-12T19:47:40.477+00:00,BIN,"BIN,ver=1,type=1,seq=36036,ts=101,lat=0,lon=0,alt_mm=320,speed_cms=0,heading_cd=59254,pitch_cd=-839,roll_cd=-601,yaw_cd=-85,bat_mv=0,status=0x02","{""ver"":1,""type"":1,""seq"":36036,""ts"":101,""lat"":0,""lon"":0,""alt_mm"":320,""speed_cms"":0,""heading_cd"":59254,""pitch_cd"":-839,""roll_cd"":-601,""yaw_cd"":-85,""bat_mv"":0,""status"":2}"
2026-08-12T19:47:40.557+00:00,BIN,"BIN,ver=1,type=1,seq=36152,ts=101,lat=0,lon=0,alt_mm=320,speed_cms=0,heading_cd=59254,pitch_cd=-779,roll_cd=-581,yaw_cd=-101,bat_mv=0,status=0x02","{""ver"":1,""type"":1,""seq"":36152,""ts"":101,""lat"":0,""lon"":0,""alt_mm"":320,""speed_cms"":0,""heading_cd"":59254,""pitch_cd"":-779,""roll_cd"":-581,""yaw_cd"":-101,""bat_mv"":0,""status"":2}"
2026-08-12T19:47:40.644+00:00,BIN,"BIN,ver=1,type=1,seq=36152,ts=101,lat=0,lon=0,alt_mm=320,speed_cms=0,heading_cd=59254,pitch_cd=-652,roll_cd=-484,yaw_cd=-156,bat_mv=0,status=0x02","{""ver"":1,""type"":1,""seq"":36152,""ts"":101,""lat"":0,""lon"":0,""alt_mm"":320,""speed_cms"":0,""heading_cd"":59254,""pitch_cd"":-652,""roll_cd"":-484,""yaw_cd"":-156,""bat_mv"":0,""status"":2}"
2026-08-12T19:47:40.726+00:00,BIN,"BIN,ver=1,type=1,seq=36275,ts=101,lat=0,lon=0,alt_mm=320,speed_cms=0,heading_cd=59254,pitch_cd=-652,roll_cd=-484,yaw_cd=-156,bat_mv=0,status=0x02","{""ver"":1,""type"":1,""seq"":36275,""ts"":101,""lat"":0,""lon"":0,""alt_mm"":320,""speed_cms"":0,""heading_cd"":59254,""pitch_cd"":-652,""roll_cd"":-484,""yaw_cd"":-156,""bat_mv"":0,""status"":2}"
2026-08-12T19:47:40.810+00:00,BIN,"BIN,ver=1,type=1,seq=36275,ts=101,lat=0,lon=0,alt_mm=320,speed_cms=0,heading_cd=59254,pitch_cd=-730,roll_cd=-593,yaw_cd=110,bat_mv=0,status=0x02","{""ver"":1,""type"":1,""seq"":36275,""ts"":101,""lat"":0,""lon"":0,""alt_mm"":320,""speed_cms"":0,""heading_cd"":59254,""pitch_cd"":-730,""roll_cd"":-593,""yaw_cd"":110,""bat_mv"":0,""status"":2}"
2026-08-12T19:47:40.892+00:00,BIN,"BIN,ver=1,type=1,seq=36431,ts=102,lat=0,lon=0,alt_mm=300,speed_cms=0,heading_cd=59254,pitch_cd=-744,roll_cd=-545,yaw_cd=194,bat_mv=0,status=0x02","{""ver"":1,""type"":1,""seq"":36431,""ts"":102,""lat"":0,""lon"":0,""alt_mm"":300,""speed_cms"":0,""heading_cd"":59254,""pitch_cd"":-744,""roll_cd"":-545,""yaw_cd"":194,""bat_mv"":0,""status"":2}"
2026-08-12T19:47:40.978+00:00,BIN,"BIN,ver=1,type=1,seq=36431,ts=102,lat=0,lon=0,alt_mm=270,speed_cms=0,heading_cd=59254,pitch_cd=-742,roll_cd=-748,yaw_cd=191,bat_mv=0,status=0x02","{""ver"":1,""type"":1,""seq"":36431,""ts"":102,""lat"":0,""lon"":0,""alt_mm"":270,""speed_cms"":0,""heading_cd"":59254,""pitch_cd"":-742,""roll_cd"":-748,""yaw_cd"":191,""bat_mv"":0,""status"":2}"
2026-08-12T19:47:41.061+00:00,BIN,"BIN,ver=1,type=1,seq=36555,ts=102,lat=0,lon=0,alt_mm=270,speed_cms=0,heading_cd=59254,pitch_cd=-724,roll_cd=-494,yaw_cd=196,bat_mv=0,status=0x02","{""ver"":1,""type"":1,""seq"":36555,""ts"":102,""lat"":0,""lon"":0,""alt_mm"":270,""speed_cms"":0,""heading_cd"":59254,""pitch_cd"":-724,""roll_cd"":-494,""yaw_cd"":196,""bat_mv"":0,""status"":2}"
2026-08-12T19:47:41.146+00:00,BIN,"BIN,ver=1,type=1,seq=36725,ts=102,lat=0,lon=0,alt_mm=290,speed_cms=0,heading_cd=59254,pitch_cd=-731,roll_cd=-477,yaw_cd=132,bat_mv=0,status=0x02","{""ver"":1,""type"":1,""seq"":36725,""ts"":102,""lat"":0,""lon"":0,""alt_mm"":290,""speed_cms"":0,""heading_cd"":59254,""pitch_cd"":-731,""roll_cd"":-477,""yaw_cd"":132,""bat_mv"":0,""status"":2}"
2026-08-12T19:47:41.232+00:00,BIN,"BIN,ver=1,type=1,seq=36725,ts=102,lat=0,lon=0,alt_mm=250,speed_cms=0,heading_cd=59254,pitch_cd=-731,roll_cd=-477,yaw_cd=132,bat_mv=0,status=0x02","{""ver"":1,""type"":1,""seq"":36725,""ts"":102,""lat"":0,""lon"":0,""alt_mm"":250,""speed_cms"":0,""heading_cd"":59254,""pitch_cd"":-731,""roll_cd"":-477,""yaw_cd"":132,""bat_mv"":0,""status"":2}"
2026-08-12T19:47:41.312+00:00,BIN,"BIN,ver=1,type=1,seq=36990,ts=102,lat=0,lon=0,alt_mm=210,speed_cms=0,heading_cd=59254,pitch_cd=-824,roll_cd=-562,yaw_cd=326,bat_mv=0,status=0x02","{""ver"":1,""type"":1,""seq"":36990,""ts"":102,""lat"":0,""lon"":0,""alt_mm"":210,""speed_cms"":0,""heading_cd"":59254,""pitch_cd"":-824,""roll_cd"":-562,""yaw_cd"":326,""bat_mv"":0,""status"":2}"
2026-08-12T19:47:41.395+00:00,BIN,"BIN,ver=1,type=1,seq=36990,ts=102,lat=0,lon=0,alt_mm=210,speed_cms=0,heading_cd=59254,pitch_cd=-803,roll_cd=-519,yaw_cd=259,bat_mv=0,status=0x02","{""ver"":1,""type"":1,""seq"":36990,""ts"":102,""lat"":0,""lon"":0,""alt_mm"":210,""speed_cms"":0,""heading_cd"":59254,""pitch_cd"":-803,""roll_cd"":-519,""yaw_cd"":259,""bat_mv"":0,""status"":2}"
2026-08-12T19:47:41.483+00:00,BIN,"BIN,ver=1,type=1,seq=36990,ts=102,lat=0,lon=0,alt_mm=210,speed_cms=0,heading_cd=59254,pitch_cd=-803,roll_cd=-519,yaw_cd=259,bat_mv=0,status=0x02","{""ver"":1,""type"":1,""seq"":36990,""ts"":102,""lat"":0,""lon"":0,""alt_mm"":210,""speed_cms"":0,""heading_cd"":59254,""pitch_cd"":-803,""roll_cd"":-519,""yaw_cd"":259,""bat_mv"":0,""status"":2}"
2026-08-12T19:47:41.563+00:00,BIN,"BIN,ver=1,type=1,seq=37116,ts=102,lat=0,lon=0,alt_mm=200,speed_cms=0,heading_cd=59254,pitch_cd=-803,roll_cd=-519,yaw_cd=259,bat_mv=0,status=0x02","{""ver"":1,""type"":1,""seq"":37116,""ts"":102,""lat"":0,""lon"":0,""alt_mm"":200,""speed_cms"":0,""heading_cd"":59254,""pitch_cd"":-803,""roll_cd"":-519,""yaw_cd"":259,""bat_mv"":0,""status"":2}"
2026-08-12T19:47:41.647+00:00,BIN,"BIN,ver=1,type=1,seq=37116,ts=102,lat=0,lon=0,alt_mm=200,speed_cms=0,heading_cd=59254,pitch_cd=-773,roll_cd=-560,yaw_cd=230,bat_mv=0,status=0x02","{""ver"":1,""type"":1,""seq"":37116,""ts"":102,""lat"":0,""lon"":0,""alt_mm"":200,""speed_cms"":0,""heading_cd"":59254,""pitch_cd"":-773,""roll_cd"":-560,""yaw_cd"":230,""bat_mv"":0,""status"":2}"
2026-08-12T19:47:41.734+00:00,BIN,"BIN,ver=1,type=1,seq=37271,ts=102,lat=0,lon=0,alt_mm=200,speed_cms=0,heading_cd=59254,pitch_cd=-776,roll_cd=-463,yaw_cd=209,bat_mv=0,status=0x02","{""ver"":1,""type"":1,""seq"":37271,""ts"":102,""lat"":0,""lon"":0,""alt_mm"":200,""speed_cms"":0,""heading_cd"":59254,""pitch_cd"":-776,""roll_cd"":-463,""yaw_cd"":209,""bat_mv"":0,""status"":2}"
2026-08-12T19:47:41.818+00:00,BIN,"BIN,ver=1,type=1,seq=37271,ts=102,lat=0,lon=0,alt_mm=180,speed_cms=0,heading_cd=59254,pitch_cd=-744,roll_cd=-437,yaw_cd=230,bat_mv=0,status=0x02","{""ver"":1,""type"":1,""seq"":37271,""ts"":102,""lat"":0,""lon"":0,""alt_mm"":180,""speed_cms"":0,""heading_cd"":59254,""pitch_cd"":-744,""roll_cd"":-437,""yaw_cd"":230,""bat_mv"":0,""status"":2}"
2026-08-12T19:47:41.901+00:00,BIN,"BIN,ver=1,type=1,seq=37395,ts=103,lat=0,lon=0,alt_mm=180,speed_cms=0,heading_cd=59254,pitch_cd=-792,roll_cd=-464,yaw_cd=236,bat_mv=0,status=0x02","{""ver"":1,""type"":1,""seq"":37395,""ts"":103,""lat"":0,""lon"":0,""alt_mm"":180,""speed_cms"":0,""heading_cd"":59254,""pitch_cd"":-792,""roll_cd"":-464,""yaw_cd"":236,""bat_mv"":0,""status"":2}"
2026-08-12T19:47:41.984+00:00,BIN,"BIN,ver=1,type=1,seq=37562,ts=103,lat=0,lon=0,alt_mm=160,speed_cms=0,heading_cd=59254,pitch_cd=-847,roll_cd=-496,yaw_cd=261,bat_mv=0,status=0x02","{""ver"":1,""type"":1,""seq"":37562,""ts"":103,""lat"":0,""lon"":0,""alt_mm"":160,""speed_cms"":0,""heading_cd"":59254,""pitch_cd"":-847,""roll_cd"":-496,""yaw_cd"":261,""bat_mv"":0,""status"":2}"
2026-08-12T19:47:42.070+00:00,BIN,"BIN,ver=1,type=1,seq=37562,ts=103,lat=0,lon=0,alt_mm=160,speed_cms=0,heading_cd=59254,pitch_cd=-780,roll_cd=-475,yaw_cd=272,bat_mv=0,status=0x02","{""ver"":1,""type"":1,""seq"":37562,""ts"":103,""lat"":0,""lon"":0,""alt_mm"":160,""speed_cms"":0,""heading_cd"":59254,""pitch_cd"":-780,""roll_cd"":-475,""yaw_cd"":272,""bat_mv"":0,""status"":2}"
2026-08-12T19:47:42.154+00:00,BIN,"BIN,ver=1,type=1,seq=37675,ts=103,lat=0,lon=0,alt_mm=160,speed_cms=0,heading_cd=59254,pitch_cd=-780,roll_cd=-475,yaw_cd=272,bat_mv=0,status=0x02","{""ver"":1,""type"":1,""seq"":37675,""ts"":103,""lat"":0,""lon"":0,""alt_mm"":160,""speed_cms"":0,""heading_cd"":59254,""pitch_cd"":-780,""roll_cd"":-475,""yaw_cd"":272,""bat_mv"":0,""status"":2}"
2026-08-12T19:47:42.235+00:00,BIN,"BIN,ver=1,type=1,seq=37975,ts=103,lat=0,lon=0,alt_mm=70,speed_cms=0,heading_cd=59254,pitch_cd=-686,roll_cd=-549,yaw_cd=153,bat_mv=0,status=0x02","{""ver"":1,""type"":1,""seq"":37975,""ts"":103,""lat"":0,""lon"":0,""alt_mm"":70,""speed_cms"":0,""heading_cd"":59254,""pitch_cd"":-686,""roll_cd"":-549,""yaw_cd"":153,""bat_mv"":0,""status"":2}"
2026-08-12T19:47:42.322+00:00,BIN,"BIN,ver=1,type=1,seq=37975,ts=103,lat=0,lon=0,alt_mm=70,speed_cms=0,heading_cd=59254,pitch_cd=-761,roll_cd=-648,yaw_cd=184,bat_mv=0,status=0x02","{""ver"":1,""type"":1,""seq"":37975,""ts"":103,""lat"":0,""lon"":0,""alt_mm"":70,""speed_cms"":0,""heading_cd"":59254,""pitch_cd"":-761,""roll_cd"":-648,""yaw_cd"":184,""bat_mv"":0,""status"":2}"
2026-08-12T19:47:42.404+00:00,BIN,"BIN,ver=1,type=1,seq=37975,ts=103,lat=0,lon=0,alt_mm=70,speed_cms=0,heading_cd=59254,pitch_cd=-761,roll_cd=-648,yaw_cd=184,bat_mv=0,status=0x02","{""ver"":1,""type"":1,""seq"":37975,""ts"":103,""lat"":0,""lon"":0,""alt_mm"":70,""speed_cms"":0,""heading_cd"":59254,""pitch_cd"":-761,""roll_cd"":-648,""yaw_cd"":184,""bat_mv"":0,""status"":2}"
2026-08-12T19:47:42.487+00:00,BIN,"BIN,ver=1,type=1,seq=37975,ts=103,lat=0,lon=0,alt_mm=40,speed_cms=0,heading_cd=59254,pitch_cd=-730,roll_cd=-580,yaw_cd=166,bat_mv=0,status=0x02","{""ver"":1,""type"":1,""seq"":37975,""ts"":103,""lat"":0,""lon"":0,""alt_mm"":40,""speed_cms"":0,""heading_cd"":59254,""pitch_cd"":-730,""roll_cd"":-580,""yaw_cd"":166,""bat_mv"":0,""status"":2}"
2026-08-12T19:47:42.573+00:00,BIN,"BIN,ver=1,type=1,seq=38093,ts=103,lat=0,lon=0,alt_mm=40,speed_cms=0,heading_cd=59254,pitch_cd=-730,roll_cd=-580,yaw_cd=166,bat_mv=0,status=0x02","{""ver"":1,""type"":1,""seq"":38093,""ts"":103,""lat"":0,""lon"":0,""alt_mm"":40,""speed_cms"":0,""heading_cd"":59254,""pitch_cd"":-730,""roll_cd"":-580,""yaw_cd"":166,""bat_mv"":0,""status"":2}"
2026-08-12T19:47:42.657+00:00,BIN,"BIN,ver=1,type=1,seq=38215,ts=103,lat=0,lon=0,alt_mm=60,speed_cms=0,heading_cd=59254,pitch_cd=-722,roll_cd=-668,yaw_cd=287,bat_mv=0,status=0x02","{""ver"":1,""type"":1,""seq"":38215,""ts"":103,""lat"":0,""lon"":0,""alt_mm"":60,""speed_cms"":0,""heading_cd"":59254,""pitch_cd"":-722,""roll_cd"":-668,""yaw_cd"":287,""bat_mv"":0,""status"":2}"
2026-08-12T19:47:42.740+00:00,BIN,"BIN,ver=1,type=1,seq=38215,ts=103,lat=0,lon=0,alt_mm=60,speed_cms=0,heading_cd=59254,pitch_cd=-732,roll_cd=-598,yaw_cd=242,bat_mv=0,status=0x02","{""ver"":1,""type"":1,""seq"":38215,""ts"":103,""lat"":0,""lon"":0,""alt_mm"":60,""speed_cms"":0,""heading_cd"":59254,""pitch_cd"":-732,""roll_cd"":-598,""yaw_cd"":242,""bat_mv"":0,""status"":2}"
2026-08-12T19:47:42.825+00:00,BIN,"BIN,ver=1,type=1,seq=38215,ts=103,lat=0,lon=0,alt_mm=40,speed_cms=0,heading_cd=59254,pitch_cd=-732,roll_cd=-598,yaw_cd=242,bat_mv=0,status=0x02","{""ver"":1,""type"":1,""seq"":38215,""ts"":103,""lat"":0,""lon"":0,""alt_mm"":40,""speed_cms"":0,""heading_cd"":59254,""pitch_cd"":-732,""roll_cd"":-598,""yaw_cd"":242,""bat_mv"":0,""status"":2}"
2026-08-12T19:47:42.909+00:00,BIN,"BIN,ver=1,type=1,seq=38373,ts=103,lat=0,lon=0,alt_mm=40,speed_cms=0,heading_cd=59254,pitch_cd=-803,roll_cd=-508,yaw_cd=245,bat_mv=0,status=0x02","{""ver"":1,""type"":1,""seq"":38373,""ts"":103,""lat"":0,""lon"":0,""alt_mm"":40,""speed_cms"":0,""heading_cd"":59254,""pitch_cd"":-803,""roll_cd"":-508,""yaw_cd"":245,""bat_mv"":0,""status"":2}"
2026-08-12T19:47:42.992+00:00,BIN,"BIN,ver=1,type=1,seq=38495,ts=104,lat=0,lon=0,alt_mm=20,speed_cms=0,heading_cd=59254,pitch_cd=-744,roll_cd=-551,yaw_cd=245,bat_mv=0,status=0x02","{""ver"":1,""type"":1,""seq"":38495,""ts"":104,""lat"":0,""lon"":0,""alt_mm"":20,""speed_cms"":0,""heading_cd"":59254,""pitch_cd"":-744,""roll_cd"":-551,""yaw_cd"":245,""bat_mv"":0,""status"":2}"
2026-08-12T19:47:43.073+00:00,BIN,"BIN,ver=1,type=1,seq=38495,ts=104,lat=0,lon=0,alt_mm=0,speed_cms=0,heading_cd=59254,pitch_cd=-763,roll_cd=-560,yaw_cd=228,bat_mv=0,status=0x02","{""ver"":1,""type"":1,""seq"":38495,""ts"":104,""lat"":0,""lon"":0,""alt_mm"":0,""speed_cms"":0,""heading_cd"":59254,""pitch_cd"":-763,""roll_cd"":-560,""yaw_cd"":228,""bat_mv"":0,""status"":2}"
2026-08-12T19:47:43.160+00:00,BIN,"BIN,ver=1,type=1,seq=38719,ts=104,lat=0,lon=0,alt_mm=0,speed_cms=0,heading_cd=59254,pitch_cd=-769,roll_cd=-502,yaw_cd=274,bat_mv=0,status=0x02","{""ver"":1,""type"":1,""seq"":38719,""ts"":104,""lat"":0,""lon"":0,""alt_mm"":0,""speed_cms"":0,""heading_cd"":59254,""pitch_cd"":-769,""roll_cd"":-502,""yaw_cd"":274,""bat_mv"":0,""status"":2}"
2026-08-12T19:47:43.242+00:00,BIN,"BIN,ver=1,type=1,seq=38942,ts=104,lat=0,lon=0,alt_mm=-30,speed_cms=0,heading_cd=59254,pitch_cd=-759,roll_cd=-505,yaw_cd=230,bat_mv=0,status=0x02","{""ver"":1,""type"":1,""seq"":38942,""ts"":104,""lat"":0,""lon"":0,""alt_mm"":-30,""speed_cms"":0,""heading_cd"":59254,""pitch_cd"":-759,""roll_cd"":-505,""yaw_cd"":230,""bat_mv"":0,""status"":2}"
2026-08-12T19:47:43.326+00:00,BIN,"BIN,ver=1,type=1,seq=38942,ts=104,lat=0,lon=0,alt_mm=-30,speed_cms=0,heading_cd=59254,pitch_cd=-756,roll_cd=-517,yaw_cd=233,bat_mv=0,status=0x02","{""ver"":1,""type"":1,""seq"":38942,""ts"":104,""lat"":0,""lon"":0,""alt_mm"":-30,""speed_cms"":0,""heading_cd"":59254,""pitch_cd"":-756,""roll_cd"":-517,""yaw_cd"":233,""bat_mv"":0,""status"":2}"
2026-08-12T19:47:43.410+00:00,BIN,"BIN,ver=1,type=1,seq=38942,ts=104,lat=0,lon=0,alt_mm=10,speed_cms=0,heading_cd=59254,pitch_cd=-756,roll_cd=-517,yaw_cd=233,bat_mv=0,status=0x02","{""ver"":1,""type"":1,""seq"":38942,""ts"":104,""lat"":0,""lon"":0,""alt_mm"":10,""speed_cms"":0,""heading_cd"":59254,""pitch_cd"":-756,""roll_cd"":-517,""yaw_cd"":233,""bat_mv"":0,""status"":2}"
2026-08-12T19:47:43.494+00:00,BIN,"BIN,ver=1,type=1,seq=39076,ts=104,lat=0,lon=0,alt_mm=10,speed_cms=0,heading_cd=59254,pitch_cd=-797,roll_cd=-618,yaw_cd=281,bat_mv=0,status=0x02","{""ver"":1,""type"":1,""seq"":39076,""ts"":104,""lat"":0,""lon"":0,""alt_mm"":10,""speed_cms"":0,""heading_cd"":59254,""pitch_cd"":-797,""roll_cd"":-618,""yaw_cd"":281,""bat_mv"":0,""status"":2}"
2026-08-12T19:47:43.576+00:00,BIN,"BIN,ver=1,type=1,seq=39076,ts=104,lat=0,lon=0,alt_mm=10,speed_cms=0,heading_cd=59254,pitch_cd=-797,roll_cd=-618,yaw_cd=281,bat_mv=0,status=0x02","{""ver"":1,""type"":1,""seq"":39076,""ts"":104,""lat"":0,""lon"":0,""alt_mm"":10,""speed_cms"":0,""heading_cd"":59254,""pitch_cd"":-797,""roll_cd"":-618,""yaw_cd"":281,""bat_mv"":0,""status"":2}"
2026-08-12T19:47:43.661+00:00,BIN,"BIN,ver=1,type=1,seq=39191,ts=104,lat=0,lon=0,alt_mm=-30,speed_cms=0,heading_cd=59254,pitch_cd=-729,roll_cd=-552,yaw_cd=256,bat_mv=0,status=0x02","{""ver"":1,""type"":1,""seq"":39191,""ts"":104,""lat"":0,""lon"":0,""alt_mm"":-30,""speed_cms"":0,""heading_cd"":59254,""pitch_cd"":-729,""roll_cd"":-552,""yaw_cd"":256,""bat_mv"":0,""status"":2}"
2026-08-12T19:47:43.748+00:00,BIN,"BIN,ver=1,type=1,seq=39191,ts=104,lat=0,lon=0,alt_mm=-40,speed_cms=0,heading_cd=59254,pitch_cd=-818,roll_cd=-460,yaw_cd=291,bat_mv=0,status=0x02","{""ver"":1,""type"":1,""seq"":39191,""ts"":104,""lat"":0,""lon"":0,""alt_mm"":-40,""speed_cms"":0,""heading_cd"":59254,""pitch_cd"":-818,""roll_cd"":-460,""yaw_cd"":291,""bat_mv"":0,""status"":2}"
2026-08-12T19:47:43.831+00:00,BIN,"BIN,ver=1,type=1,seq=39315,ts=104,lat=0,lon=0,alt_mm=-40,speed_cms=0,heading_cd=59254,pitch_cd=-764,roll_cd=-521,yaw_cd=285,bat_mv=0,status=0x02","{""ver"":1,""type"":1,""seq"":39315,""ts"":104,""lat"":0,""lon"":0,""alt_mm"":-40,""speed_cms"":0,""heading_cd"":59254,""pitch_cd"":-764,""roll_cd"":-521,""yaw_cd"":285,""bat_mv"":0,""status"":2}"
2026-08-12T19:47:43.912+00:00,BIN,"BIN,ver=1,type=1,seq=39471,ts=105,lat=0,lon=0,alt_mm=-80,speed_cms=0,heading_cd=59254,pitch_cd=-770,roll_cd=-488,yaw_cd=273,bat_mv=0,status=0x02","{""ver"":1,""type"":1,""seq"":39471,""ts"":105,""lat"":0,""lon"":0,""alt_mm"":-80,""speed_cms"":0,""heading_cd"":59254,""pitch_cd"":-770,""roll_cd"":-488,""yaw_cd"":273,""bat_mv"":0,""status"":2}"
2026-08-12T19:47:43.995+00:00,BIN,"BIN,ver=1,type=1,seq=39471,ts=105,lat=0,lon=0,alt_mm=-80,speed_cms=0,heading_cd=59254,pitch_cd=-773,roll_cd=-467,yaw_cd=289,bat_mv=0,status=0x02","{""ver"":1,""type"":1,""seq"":39471,""ts"":105,""lat"":0,""lon"":0,""alt_mm"":-80,""speed_cms"":0,""heading_cd"":59254,""pitch_cd"":-773,""roll_cd"":-467,""yaw_cd"":289,""bat_mv"":0,""status"":2}"
2026-08-12T19:47:44.083+00:00,BIN,"BIN,ver=1,type=1,seq=39595,ts=105,lat=0,lon=0,alt_mm=-80,speed_cms=0,heading_cd=59254,pitch_cd=-773,roll_cd=-467,yaw_cd=289,bat_mv=0,status=0x02","{""ver"":1,""type"":1,""seq"":39595,""ts"":105,""lat"":0,""lon"":0,""alt_mm"":-80,""speed_cms"":0,""heading_cd"":59254,""pitch_cd"":-773,""roll_cd"":-467,""yaw_cd"":289,""bat_mv"":0,""status"":2}"
2026-08-12T19:47:44.250+00:00,BIN,"BIN,ver=1,type=1,seq=39895,ts=105,lat=0,lon=0,alt_mm=-130,speed_cms=0,heading_cd=59254,pitch_cd=-772,roll_cd=-511,yaw_cd=294,bat_mv=0,status=0x02","{""ver"":1,""type"":1,""seq"":39895,""ts"":105,""lat"":0,""lon"":0,""alt_mm"":-130,""speed_cms"":0,""heading_cd"":59254,""pitch_cd"":-772,""roll_cd"":-511,""yaw_cd"":294,""bat_mv"":0,""status"":2}"
2026-08-12T19:47:44.332+00:00,BIN,"BIN,ver=1,type=1,seq=40026,ts=105,lat=0,lon=0,alt_mm=-130,speed_cms=0,heading_cd=59254,pitch_cd=-772,roll_cd=-511,yaw_cd=294,bat_mv=0,status=0x02","{""ver"":1,""type"":1,""seq"":40026,""ts"":105,""lat"":0,""lon"":0,""alt_mm"":-130,""speed_cms"":0,""heading_cd"":59254,""pitch_cd"":-772,""roll_cd"":-511,""yaw_cd"":294,""bat_mv"":0,""status"":2}"
2026-08-12T19:47:44.417+00:00,BIN,"BIN,ver=1,type=1,seq=40026,ts=105,lat=0,lon=0,alt_mm=-130,speed_cms=0,heading_cd=59254,pitch_cd=-776,roll_cd=-493,yaw_cd=345,bat_mv=0,status=0x02","{""ver"":1,""type"":1,""seq"":40026,""ts"":105,""lat"":0,""lon"":0,""alt_mm"":-130,""speed_cms"":0,""heading_cd"":59254,""pitch_cd"":-776,""roll_cd"":-493,""yaw_cd"":345,""bat_mv"":0,""status"":2}"
2026-08-12T19:47:44.502+00:00,BIN,"BIN,ver=1,type=1,seq=40026,ts=105,lat=0,lon=0,alt_mm=-130,speed_cms=0,heading_cd=59254,pitch_cd=-776,roll_cd=-493,yaw_cd=345,bat_mv=0,status=0x02","{""ver"":1,""type"":1,""seq"":40026,""ts"":105,""lat"":0,""lon"":0,""alt_mm"":-130,""speed_cms"":0,""heading_cd"":59254,""pitch_cd"":-776,""roll_cd"":-493,""yaw_cd"":345,""bat_mv"":0,""status"":2}"
2026-08-12T19:47:44.584+00:00,BIN,"BIN,ver=1,type=1,seq=40135,ts=105,lat=0,lon=0,alt_mm=-120,speed_cms=0,heading_cd=59254,pitch_cd=-776,roll_cd=-493,yaw_cd=345,bat_mv=0,status=0x02","{""ver"":1,""type"":1,""seq"":40135,""ts"":105,""lat"":0,""lon"":0,""alt_mm"":-120,""speed_cms"":0,""heading_cd"":59254,""pitch_cd"":-776,""roll_cd"":-493,""yaw_cd"":345,""bat_mv"":0,""status"":2}"
2026-08-12T19:47:44.670+00:00,BIN,"BIN,ver=1,type=1,seq=40135,ts=105,lat=0,lon=0,alt_mm=-120,speed_cms=0,heading_cd=59254,pitch_cd=-756,roll_cd=-449,yaw_cd=308,bat_mv=0,status=0x02","{""ver"":1,""type"":1,""seq"":40135,""ts"":105,""lat"":0,""lon"":0,""alt_mm"":-120,""speed_cms"":0,""heading_cd"":59254,""pitch_cd"":-756,""roll_cd"":-449,""yaw_cd"":308,""bat_mv"":0,""status"":2}"
2026-08-12T19:47:44.751+00:00,BIN,"BIN,ver=1,type=1,seq=40290,ts=105,lat=0,lon=0,alt_mm=-80,speed_cms=0,heading_cd=59254,pitch_cd=-764,roll_cd=-490,yaw_cd=332,bat_mv=0,status=0x02","{""ver"":1,""type"":1,""seq"":40290,""ts"":105,""lat"":0,""lon"":0,""alt_mm"":-80,""speed_cms"":0,""heading_cd"":59254,""pitch_cd"":-764,""roll_cd"":-490,""yaw_cd"":332,""bat_mv"":0,""status"":2}"
2026-08-12T19:47:44.838+00:00,BIN,"BIN,ver=1,type=1,seq=40290,ts=105,lat=0,lon=0,alt_mm=-90,speed_cms=0,heading_cd=59254,pitch_cd=-789,roll_cd=-506,yaw_cd=337,bat_mv=0,status=0x02","{""ver"":1,""type"":1,""seq"":40290,""ts"":105,""lat"":0,""lon"":0,""alt_mm"":-90,""speed_cms"":0,""heading_cd"":59254,""pitch_cd"":-789,""roll_cd"":-506,""yaw_cd"":337,""bat_mv"":0,""status"":2}"
2026-08-12T19:47:44.921+00:00,BIN,"BIN,ver=1,type=1,seq=40415,ts=106,lat=0,lon=0,alt_mm=-90,speed_cms=0,heading_cd=59254,pitch_cd=-768,roll_cd=-430,yaw_cd=339,bat_mv=0,status=0x02","{""ver"":1,""type"":1,""seq"":40415,""ts"":106,""lat"":0,""lon"":0,""alt_mm"":-90,""speed_cms"":0,""heading_cd"":59254,""pitch_cd"":-768,""roll_cd"":-430,""yaw_cd"":339,""bat_mv"":0,""status"":2}"
2026-08-12T19:47:45.003+00:00,BIN,"BIN,ver=1,type=1,seq=40570,ts=106,lat=0,lon=0,alt_mm=-90,speed_cms=0,heading_cd=59254,pitch_cd=-737,roll_cd=-477,yaw_cd=316,bat_mv=0,status=0x02","{""ver"":1,""type"":1,""seq"":40570,""ts"":106,""lat"":0,""lon"":0,""alt_mm"":-90,""speed_cms"":0,""heading_cd"":59254,""pitch_cd"":-737,""roll_cd"":-477,""yaw_cd"":316,""bat_mv"":0,""status"":2}"
2026-08-12T19:47:45.089+00:00,BIN,"BIN,ver=1,type=1,seq=40570,ts=106,lat=0,lon=0,alt_mm=-60,speed_cms=0,heading_cd=59254,pitch_cd=-729,roll_cd=-467,yaw_cd=345,bat_mv=0,status=0x02","{""ver"":1,""type"":1,""seq"":40570,""ts"":106,""lat"":0,""lon"":0,""alt_mm"":-60,""speed_cms"":0,""heading_cd"":59254,""pitch_cd"":-729,""roll_cd"":-467,""yaw_cd"":345,""bat_mv"":0,""status"":2}"
2026-08-12T19:47:45.173+00:00,BIN,"BIN,ver=1,type=1,seq=40695,ts=106,lat=0,lon=0,alt_mm=-80,speed_cms=0,heading_cd=59254,pitch_cd=-815,roll_cd=-484,yaw_cd=343,bat_mv=0,status=0x02","{""ver"":1,""type"":1,""seq"":40695,""ts"":106,""lat"":0,""lon"":0,""alt_mm"":-80,""speed_cms"":0,""heading_cd"":59254,""pitch_cd"":-815,""roll_cd"":-484,""yaw_cd"":343,""bat_mv"":0,""status"":2}"
2026-08-12T19:47:45.254+00:00,BIN,"BIN,ver=1,type=1,seq=40975,ts=106,lat=0,lon=0,alt_mm=-60,speed_cms=0,heading_cd=59254,pitch_cd=-704,roll_cd=-459,yaw_cd=360,bat_mv=0,status=0x02","{""ver"":1,""type"":1,""seq"":40975,""ts"":106,""lat"":0,""lon"":0,""alt_mm"":-60,""speed_cms"":0,""heading_cd"":59254,""pitch_cd"":-704,""roll_cd"":-459,""yaw_cd"":360,""bat_mv"":0,""status"":2}"
2026-08-12T19:47:45.337+00:00,BIN,"BIN,ver=1,type=1,seq=40975,ts=106,lat=0,lon=0,alt_mm=-60,speed_cms=0,heading_cd=59254,pitch_cd=-791,roll_cd=-420,yaw_cd=385,bat_mv=0,status=0x02","{""ver"":1,""type"":1,""seq"":40975,""ts"":106,""lat"":0,""lon"":0,""alt_mm"":-60,""speed_cms"":0,""heading_cd"":59254,""pitch_cd"":-791,""roll_cd"":-420,""yaw_cd"":385,""bat_mv"":0,""status"":2}"
2026-08-12T19:47:45.424+00:00,BIN,"BIN,ver=1,type=1,seq=40975,ts=106,lat=0,lon=0,alt_mm=-60,speed_cms=0,heading_cd=59254,pitch_cd=-791,roll_cd=-420,yaw_cd=385,bat_mv=0,status=0x02","{""ver"":1,""type"":1,""seq"":40975,""ts"":106,""lat"":0,""lon"":0,""alt_mm"":-60,""speed_cms"":0,""heading_cd"":59254,""pitch_cd"":-791,""roll_cd"":-420,""yaw_cd"":385,""bat_mv"":0,""status"":2}"
2026-08-12T19:47:45.508+00:00,BIN,"BIN,ver=1,type=1,seq=40975,ts=106,lat=0,lon=0,alt_mm=-60,speed_cms=0,heading_cd=59254,pitch_cd=-791,roll_cd=-420,yaw_cd=385,bat_mv=0,status=0x02","{""ver"":1,""type"":1,""seq"":40975,""ts"":106,""lat"":0,""lon"":0,""alt_mm"":-60,""speed_cms"":0,""heading_cd"":59254,""pitch_cd"":-791,""roll_cd"":-420,""yaw_cd"":385,""bat_mv"":0,""status"":2}"
2026-08-12T19:47:45.592+00:00,BIN,"BIN,ver=1,type=1,seq=41132,ts=106,lat=0,lon=0,alt_mm=-60,speed_cms=0,heading_cd=59254,pitch_cd=-757,roll_cd=-477,yaw_cd=366,bat_mv=0,status=0x02","{""ver"":1,""type"":1,""seq"":41132,""ts"":106,""lat"":0,""lon"":0,""alt_mm"":-60,""speed_cms"":0,""heading_cd"":59254,""pitch_cd"":-757,""roll_cd"":-477,""yaw_cd"":366,""bat_mv"":0,""status"":2}"
2026-08-12T19:47:45.676+00:00,BIN,"BIN,ver=1,type=1,seq=41132,ts=106,lat=0,lon=0,alt_mm=-50,speed_cms=0,heading_cd=59254,pitch_cd=-733,roll_cd=-520,yaw_cd=326,bat_mv=0,status=0x02","{""ver"":1,""type"":1,""seq"":41132,""ts"":106,""lat"":0,""lon"":0,""alt_mm"":-50,""speed_cms"":0,""heading_cd"":59254,""pitch_cd"":-733,""roll_cd"":-520,""yaw_cd"":326,""bat_mv"":0,""status"":2}"
2026-08-12T19:47:45.760+00:00,BIN,"BIN,ver=1,type=1,seq=41255,ts=106,lat=0,lon=0,alt_mm=-50,speed_cms=0,heading_cd=59254,pitch_cd=-799,roll_cd=-457,yaw_cd=409,bat_mv=0,status=0x02","{""ver"":1,""type"":1,""seq"":41255,""ts"":106,""lat"":0,""lon"":0,""alt_mm"":-50,""speed_cms"":0,""heading_cd"":59254,""pitch_cd"":-799,""roll_cd"":-457,""yaw_cd"":409,""bat_mv"":0,""status"":2}"
2026-08-12T19:47:45.843+00:00,BIN,"BIN,ver=1,type=1,seq=41411,ts=107,lat=0,lon=0,alt_mm=-60,speed_cms=0,heading_cd=59254,pitch_cd=-747,roll_cd=-501,yaw_cd=385,bat_mv=0,status=0x02","{""ver"":1,""type"":1,""seq"":41411,""ts"":107,""lat"":0,""lon"":0,""alt_mm"":-60,""speed_cms"":0,""heading_cd"":59254,""pitch_cd"":-747,""roll_cd"":-501,""yaw_cd"":385,""bat_mv"":0,""status"":2}"
2026-08-12T19:47:45.927+00:00,BIN,"BIN,ver=1,type=1,seq=41411,ts=107,lat=0,lon=0,alt_mm=-70,speed_cms=0,heading_cd=59254,pitch_cd=-733,roll_cd=-550,yaw_cd=265,bat_mv=0,status=0x02","{""ver"":1,""type"":1,""seq"":41411,""ts"":107,""lat"":0,""lon"":0,""alt_mm"":-70,""speed_cms"":0,""heading_cd"":59254,""pitch_cd"":-733,""roll_cd"":-550,""yaw_cd"":265,""bat_mv"":0,""status"":2}"
2026-08-12T19:47:46.011+00:00,BIN,"BIN,ver=1,type=1,seq=41535,ts=107,lat=0,lon=0,alt_mm=-70,speed_cms=0,heading_cd=59254,pitch_cd=-776,roll_cd=-468,yaw_cd=398,bat_mv=0,status=0x02","{""ver"":1,""type"":1,""seq"":41535,""ts"":107,""lat"":0,""lon"":0,""alt_mm"":-70,""speed_cms"":0,""heading_cd"":59254,""pitch_cd"":-776,""roll_cd"":-468,""yaw_cd"":398,""bat_mv"":0,""status"":2}"
2026-08-12T19:47:46.093+00:00,BIN,"BIN,ver=1,type=1,seq=41535,ts=107,lat=0,lon=0,alt_mm=-50,speed_cms=0,heading_cd=59254,pitch_cd=-776,roll_cd=-468,yaw_cd=398,bat_mv=0,status=0x02","{""ver"":1,""type"":1,""seq"":41535,""ts"":107,""lat"":0,""lon"":0,""alt_mm"":-50,""speed_cms"":0,""heading_cd"":59254,""pitch_cd"":-776,""roll_cd"":-468,""yaw_cd"":398,""bat_mv"":0,""status"":2}"
2026-08-12T19:47:46.180+00:00,BIN,"BIN,ver=1,type=1,seq=41693,ts=107,lat=0,lon=0,alt_mm=-50,speed_cms=0,heading_cd=59254,pitch_cd=-799,roll_cd=-439,yaw_cd=314,bat_mv=0,status=0x02","{""ver"":1,""type"":1,""seq"":41693,""ts"":107,""lat"":0,""lon"":0,""alt_mm"":-50,""speed_cms"":0,""heading_cd"":59254,""pitch_cd"":-799,""roll_cd"":-439,""yaw_cd"":314,""bat_mv"":0,""status"":2}"
2026-08-12T19:47:46.263+00:00,BIN,"BIN,ver=1,type=1,seq=41815,ts=107,lat=0,lon=0,alt_mm=-80,speed_cms=0,heading_cd=59254,pitch_cd=-743,roll_cd=-501,yaw_cd=363,bat_mv=0,status=0x02","{""ver"":1,""type"":1,""seq"":41815,""ts"":107,""lat"":0,""lon"":0,""alt_mm"":-80,""speed_cms"":0,""heading_cd"":59254,""pitch_cd"":-743,""roll_cd"":-501,""yaw_cd"":363,""bat_mv"":0,""status"":2}"
2026-08-12T19:47:46.346+00:00,BIN,"BIN,ver=1,type=1,seq=42014,ts=107,lat=0,lon=0,alt_mm=-80,speed_cms=0,heading_cd=59254,pitch_cd=-858,roll_cd=-434,yaw_cd=382,bat_mv=0,status=0x02","{""ver"":1,""type"":1,""seq"":42014,""ts"":107,""lat"":0,""lon"":0,""alt_mm"":-80,""speed_cms"":0,""heading_cd"":59254,""pitch_cd"":-858,""roll_cd"":-434,""yaw_cd"":382,""bat_mv"":0,""status"":2}"
2026-08-12T19:47:46.429+00:00,BIN,"BIN,ver=1,type=1,seq=42014,ts=107,lat=0,lon=0,alt_mm=-80,speed_cms=0,heading_cd=59254,pitch_cd=-720,roll_cd=-457,yaw_cd=325,bat_mv=0,status=0x02","{""ver"":1,""type"":1,""seq"":42014,""ts"":107,""lat"":0,""lon"":0,""alt_mm"":-80,""speed_cms"":0,""heading_cd"":59254,""pitch_cd"":-720,""roll_cd"":-457,""yaw_cd"":325,""bat_mv"":0,""status"":2}"
2026-08-12T19:47:46.515+00:00,BIN,"BIN,ver=1,type=1,seq=42014,ts=107,lat=0,lon=0,alt_mm=-80,speed_cms=0,heading_cd=59254,pitch_cd=-720,roll_cd=-457,yaw_cd=325,bat_mv=0,status=0x02","{""ver"":1,""type"":1,""seq"":42014,""ts"":107,""lat"":0,""lon"":0,""alt_mm"":-80,""speed_cms"":0,""heading_cd"":59254,""pitch_cd"":-720,""roll_cd"":-457,""yaw_cd"":325,""bat_mv"":0,""status"":2}"
2026-08-12T19:47:46.596+00:00,BIN,"BIN,ver=1,type=1,seq=42136,ts=107,lat=0,lon=0,alt_mm=-80,speed_cms=0,heading_cd=59254,pitch_cd=-721,roll_cd=-411,yaw_cd=325,bat_mv=0,status=0x02","{""ver"":1,""type"":1,""seq"":42136,""ts"":107,""lat"":0,""lon"":0,""alt_mm"":-80,""speed_cms"":0,""heading_cd"":59254,""pitch_cd"":-721,""roll_cd"":-411,""yaw_cd"":325,""bat_mv"":0,""status"":2}"
2026-08-12T19:47:46.682+00:00,BIN,"BIN,ver=1,type=1,seq=42251,ts=107,lat=0,lon=0,alt_mm=-50,speed_cms=0,heading_cd=59254,pitch_cd=-801,roll_cd=-537,yaw_cd=325,bat_mv=0,status=0x02","{""ver"":1,""type"":1,""seq"":42251,""ts"":107,""lat"":0,""lon"":0,""alt_mm"":-50,""speed_cms"":0,""heading_cd"":59254,""pitch_cd"":-801,""roll_cd"":-537,""yaw_cd"":325,""bat_mv"":0,""status"":2}"
2026-08-12T19:47:46.764+00:00,BIN,"BIN,ver=1,type=1,seq=42251,ts=107,lat=0,lon=0,alt_mm=-50,speed_cms=0,heading_cd=59254,pitch_cd=-760,roll_cd=-462,yaw_cd=324,bat_mv=0,status=0x02","{""ver"":1,""type"":1,""seq"":42251,""ts"":107,""lat"":0,""lon"":0,""alt_mm"":-50,""speed_cms"":0,""heading_cd"":59254,""pitch_cd"":-760,""roll_cd"":-462,""yaw_cd"":324,""bat_mv"":0,""status"":2}"
2026-08-12T19:47:46.850+00:00,BIN,"BIN,ver=1,type=1,seq=42375,ts=108,lat=0,lon=0,alt_mm=-110,speed_cms=0,heading_cd=59254,pitch_cd=-797,roll_cd=-440,yaw_cd=308,bat_mv=0,status=0x02","{""ver"":1,""type"":1,""seq"":42375,""ts"":108,""lat"":0,""lon"":0,""alt_mm"":-110,""speed_cms"":0,""heading_cd"":59254,""pitch_cd"":-797,""roll_cd"":-440,""yaw_cd"":308,""bat_mv"":0,""status"":2}"
2026-08-12T19:47:46.935+00:00,BIN,"BIN,ver=1,type=1,seq=42375,ts=108,lat=0,lon=0,alt_mm=-90,speed_cms=0,heading_cd=59254,pitch_cd=-797,roll_cd=-440,yaw_cd=308,bat_mv=0,status=0x02","{""ver"":1,""type"":1,""seq"":42375,""ts"":108,""lat"":0,""lon"":0,""alt_mm"":-90,""speed_cms"":0,""heading_cd"":59254,""pitch_cd"":-797,""roll_cd"":-440,""yaw_cd"":308,""bat_mv"":0,""status"":2}"
2026-08-12T19:47:47.017+00:00,BIN,"BIN,ver=1,type=1,seq=42531,ts=108,lat=0,lon=0,alt_mm=-90,speed_cms=0,heading_cd=59254,pitch_cd=-742,roll_cd=-504,yaw_cd=319,bat_mv=0,status=0x02","{""ver"":1,""type"":1,""seq"":42531,""ts"":108,""lat"":0,""lon"":0,""alt_mm"":-90,""speed_cms"":0,""heading_cd"":59254,""pitch_cd"":-742,""roll_cd"":-504,""yaw_cd"":319,""bat_mv"":0,""status"":2}"
2026-08-12T19:47:47.102+00:00,BIN,"BIN,ver=1,type=1,seq=42655,ts=108,lat=0,lon=0,alt_mm=-110,speed_cms=0,heading_cd=59254,pitch_cd=-775,roll_cd=-499,yaw_cd=286,bat_mv=0,status=0x02","{""ver"":1,""type"":1,""seq"":42655,""ts"":108,""lat"":0,""lon"":0,""alt_mm"":-110,""speed_cms"":0,""heading_cd"":59254,""pitch_cd"":-775,""roll_cd"":-499,""yaw_cd"":286,""bat_mv"":0,""status"":2}"
2026-08-12T19:47:47.186+00:00,BIN,"BIN,ver=1,type=1,seq=42655,ts=108,lat=0,lon=0,alt_mm=-110,speed_cms=0,heading_cd=59254,pitch_cd=-686,roll_cd=-550,yaw_cd=298,bat_mv=0,status=0x02","{""ver"":1,""type"":1,""seq"":42655,""ts"":108,""lat"":0,""lon"":0,""alt_mm"":-110,""speed_cms"":0,""heading_cd"":59254,""pitch_cd"":-686,""roll_cd"":-550,""yaw_cd"":298,""bat_mv"":0,""status"":2}"
2026-08-12T19:47:47.271+00:00,BIN,"BIN,ver=1,type=1,seq=42935,ts=108,lat=0,lon=0,alt_mm=-80,speed_cms=0,heading_cd=59254,pitch_cd=-757,roll_cd=-532,yaw_cd=246,bat_mv=0,status=0x02","{""ver"":1,""type"":1,""seq"":42935,""ts"":108,""lat"":0,""lon"":0,""alt_mm"":-80,""speed_cms"":0,""heading_cd"":59254,""pitch_cd"":-757,""roll_cd"":-532,""yaw_cd"":246,""bat_mv"":0,""status"":2}"
2026-08-12T19:47:47.354+00:00,BIN,"BIN,ver=1,type=1,seq=42935,ts=108,lat=0,lon=0,alt_mm=-80,speed_cms=0,heading_cd=59254,pitch_cd=-745,roll_cd=-479,yaw_cd=350,bat_mv=0,status=0x02","{""ver"":1,""type"":1,""seq"":42935,""ts"":108,""lat"":0,""lon"":0,""alt_mm"":-80,""speed_cms"":0,""heading_cd"":59254,""pitch_cd"":-745,""roll_cd"":-479,""yaw_cd"":350,""bat_mv"":0,""status"":2}"
2026-08-12T19:47:47.438+00:00,BIN,"BIN,ver=1,type=1,seq=42935,ts=108,lat=0,lon=0,alt_mm=-100,speed_cms=0,heading_cd=59254,pitch_cd=-745,roll_cd=-479,yaw_cd=350,bat_mv=0,status=0x02","{""ver"":1,""type"":1,""seq"":42935,""ts"":108,""lat"":0,""lon"":0,""alt_mm"":-100,""speed_cms"":0,""heading_cd"":59254,""pitch_cd"":-745,""roll_cd"":-479,""yaw_cd"":350,""bat_mv"":0,""status"":2}"
2026-08-12T19:47:47.519+00:00,BIN,"BIN,ver=1,type=1,seq=43093,ts=108,lat=0,lon=0,alt_mm=-100,speed_cms=0,heading_cd=59254,pitch_cd=-864,roll_cd=-493,yaw_cd=384,bat_mv=0,status=0x02","{""ver"":1,""type"":1,""seq"":43093,""ts"":108,""lat"":0,""lon"":0,""alt_mm"":-100,""speed_cms"":0,""heading_cd"":59254,""pitch_cd"":-864,""roll_cd"":-493,""yaw_cd"":384,""bat_mv"":0,""status"":2}"
2026-08-12T19:47:47.603+00:00,BIN,"BIN,ver=1,type=1,seq=43093,ts=108,lat=0,lon=0,alt_mm=-100,speed_cms=0,heading_cd=59254,pitch_cd=-777,roll_cd=-532,yaw_cd=324,bat_mv=0,status=0x02","{""ver"":1,""type"":1,""seq"":43093,""ts"":108,""lat"":0,""lon"":0,""alt_mm"":-100,""speed_cms"":0,""heading_cd"":59254,""pitch_cd"":-777,""roll_cd"":-532,""yaw_cd"":324,""bat_mv"":0,""status"":2}"
2026-08-12T19:47:47.687+00:00,BIN,"BIN,ver=1,type=1,seq=43215,ts=108,lat=0,lon=0,alt_mm=-100,speed_cms=0,heading_cd=59254,pitch_cd=-578,roll_cd=-464,yaw_cd=269,bat_mv=0,status=0x02","{""ver"":1,""type"":1,""seq"":43215,""ts"":108,""lat"":0,""lon"":0,""alt_mm"":-100,""speed_cms"":0,""heading_cd"":59254,""pitch_cd"":-578,""roll_cd"":-464,""yaw_cd"":269,""bat_mv"":0,""status"":2}"
2026-08-12T19:47:47.773+00:00,BIN,"BIN,ver=1,type=1,seq=43215,ts=108,lat=0,lon=0,alt_mm=-70,speed_cms=0,heading_cd=59254,pitch_cd=-578,roll_cd=-464,yaw_cd=269,bat_mv=0,status=0x02","{""ver"":1,""type"":1,""seq"":43215,""ts"":108,""lat"":0,""lon"":0,""alt_mm"":-70,""speed_cms"":0,""heading_cd"":59254,""pitch_cd"":-578,""roll_cd"":-464,""yaw_cd"":269,""bat_mv"":0,""status"":2}"
2026-08-12T19:47:47.854+00:00,BIN,"BIN,ver=1,type=1,seq=43373,ts=108,lat=0,lon=0,alt_mm=-70,speed_cms=0,heading_cd=59254,pitch_cd=-835,roll_cd=-488,yaw_cd=377,bat_mv=0,status=0x02","{""ver"":1,""type"":1,""seq"":43373,""ts"":108,""lat"":0,""lon"":0,""alt_mm"":-70,""speed_cms"":0,""heading_cd"":59254,""pitch_cd"":-835,""roll_cd"":-488,""yaw_cd"":377,""bat_mv"":0,""status"":2}"
2026-08-12T19:47:47.940+00:00,BIN,"BIN,ver=1,type=1,seq=43495,ts=109,lat=0,lon=0,alt_mm=-100,speed_cms=0,heading_cd=59254,pitch_cd=-730,roll_cd=-580,yaw_cd=274,bat_mv=0,status=0x02","{""ver"":1,""type"":1,""seq"":43495,""ts"":109,""lat"":0,""lon"":0,""alt_mm"":-100,""speed_cms"":0,""heading_cd"":59254,""pitch_cd"":-730,""roll_cd"":-580,""yaw_cd"":274,""bat_mv"":0,""status"":2}"
2026-08-12T19:47:48.024+00:00,BIN,"BIN,ver=1,type=1,seq=43495,ts=109,lat=0,lon=0,alt_mm=-100,speed_cms=0,heading_cd=59254,pitch_cd=-708,roll_cd=-420,yaw_cd=302,bat_mv=0,status=0x02","{""ver"":1,""type"":1,""seq"":43495,""ts"":109,""lat"":0,""lon"":0,""alt_mm"":-100,""speed_cms"":0,""heading_cd"":59254,""pitch_cd"":-708,""roll_cd"":-420,""yaw_cd"":302,""bat_mv"":0,""status"":2}"
2026-08-12T19:47:48.108+00:00,BIN,"BIN,ver=1,type=1,seq=43662,ts=109,lat=0,lon=0,alt_mm=-110,speed_cms=0,heading_cd=59254,pitch_cd=-743,roll_cd=-601,yaw_cd=318,bat_mv=0,status=0x02","{""ver"":1,""type"":1,""seq"":43662,""ts"":109,""lat"":0,""lon"":0,""alt_mm"":-110,""speed_cms"":0,""heading_cd"":59254,""pitch_cd"":-743,""roll_cd"":-601,""yaw_cd"":318,""bat_mv"":0,""status"":2}"
2026-08-12T19:47:48.191+00:00,BIN,"BIN,ver=1,type=1,seq=43775,ts=109,lat=0,lon=0,alt_mm=-110,speed_cms=0,heading_cd=59254,pitch_cd=-708,roll_cd=-533,yaw_cd=299,bat_mv=0,status=0x02","{""ver"":1,""type"":1,""seq"":43775,""ts"":109,""lat"":0,""lon"":0,""alt_mm"":-110,""speed_cms"":0,""heading_cd"":59254,""pitch_cd"":-708,""roll_cd"":-533,""yaw_cd"":299,""bat_mv"":0,""status"":2}"
2026-08-12T19:47:48.275+00:00,BIN,"BIN,ver=1,type=1,seq=43963,ts=109,lat=0,lon=0,alt_mm=-150,speed_cms=0,heading_cd=59254,pitch_cd=-714,roll_cd=-581,yaw_cd=316,bat_mv=0,status=0x02","{""ver"":1,""type"":1,""seq"":43963,""ts"":109,""lat"":0,""lon"":0,""alt_mm"":-150,""speed_cms"":0,""heading_cd"":59254,""pitch_cd"":-714,""roll_cd"":-581,""yaw_cd"":316,""bat_mv"":0,""status"":2}"
2026-08-12T19:47:48.358+00:00,BIN,"BIN,ver=1,type=1,seq=43963,ts=109,lat=0,lon=0,alt_mm=-150,speed_cms=0,heading_cd=59254,pitch_cd=-706,roll_cd=-550,yaw_cd=282,bat_mv=0,status=0x02","{""ver"":1,""type"":1,""seq"":43963,""ts"":109,""lat"":0,""lon"":0,""alt_mm"":-150,""speed_cms"":0,""heading_cd"":59254,""pitch_cd"":-706,""roll_cd"":-550,""yaw_cd"":282,""bat_mv"":0,""status"":2}"
2026-08-12T19:47:48.442+00:00,BIN,"BIN,ver=1,type=1,seq=44076,ts=109,lat=0,lon=0,alt_mm=-120,speed_cms=0,heading_cd=59254,pitch_cd=-706,roll_cd=-550,yaw_cd=282,bat_mv=0,status=0x02","{""ver"":1,""type"":1,""seq"":44076,""ts"":109,""lat"":0,""lon"":0,""alt_mm"":-120,""speed_cms"":0,""heading_cd"":59254,""pitch_cd"":-706,""roll_cd"":-550,""yaw_cd"":282,""bat_mv"":0,""status"":2}"
2026-08-12T19:47:48.529+00:00,BIN,"BIN,ver=1,type=1,seq=44076,ts=109,lat=0,lon=0,alt_mm=-120,speed_cms=0,heading_cd=59254,pitch_cd=-725,roll_cd=-611,yaw_cd=289,bat_mv=0,status=0x02","{""ver"":1,""type"":1,""seq"":44076,""ts"":109,""lat"":0,""lon"":0,""alt_mm"":-120,""speed_cms"":0,""heading_cd"":59254,""pitch_cd"":-725,""roll_cd"":-611,""yaw_cd"":289,""bat_mv"":0,""status"":2}"
2026-08-12T19:47:48.612+00:00,BIN,"BIN,ver=1,type=1,seq=44191,ts=109,lat=0,lon=0,alt_mm=-110,speed_cms=0,heading_cd=59254,pitch_cd=-718,roll_cd=-565,yaw_cd=286,bat_mv=0,status=0x02","{""ver"":1,""type"":1,""seq"":44191,""ts"":109,""lat"":0,""lon"":0,""alt_mm"":-110,""speed_cms"":0,""heading_cd"":59254,""pitch_cd"":-718,""roll_cd"":-565,""yaw_cd"":286,""bat_mv"":0,""status"":2}"
2026-08-12T19:47:48.692+00:00,BIN,"BIN,ver=1,type=1,seq=44191,ts=109,lat=0,lon=0,alt_mm=-110,speed_cms=0,heading_cd=59254,pitch_cd=-734,roll_cd=-533,yaw_cd=295,bat_mv=0,status=0x02","{""ver"":1,""type"":1,""seq"":44191,""ts"":109,""lat"":0,""lon"":0,""alt_mm"":-110,""speed_cms"":0,""heading_cd"":59254,""pitch_cd"":-734,""roll_cd"":-533,""yaw_cd"":295,""bat_mv"":0,""status"":2}"
2026-08-12T19:47:48.779+00:00,BIN,"BIN,ver=1,type=1,seq=44315,ts=109,lat=0,lon=0,alt_mm=-120,speed_cms=0,heading_cd=59254,pitch_cd=-734,roll_cd=-533,yaw_cd=295,bat_mv=0,status=0x02","{""ver"":1,""type"":1,""seq"":44315,""ts"":109,""lat"":0,""lon"":0,""alt_mm"":-120,""speed_cms"":0,""heading_cd"":59254,""pitch_cd"":-734,""roll_cd"":-533,""yaw_cd"":295,""bat_mv"":0,""status"":2}"
2026-08-12T19:47:48.862+00:00,BIN,"BIN,ver=1,type=1,seq=44315,ts=109,lat=0,lon=0,alt_mm=-120,speed_cms=0,heading_cd=59254,pitch_cd=-722,roll_cd=-541,yaw_cd=298,bat_mv=0,status=0x02","{""ver"":1,""type"":1,""seq"":44315,""ts"":109,""lat"":0,""lon"":0,""alt_mm"":-120,""speed_cms"":0,""heading_cd"":59254,""pitch_cd"":-722,""roll_cd"":-541,""yaw_cd"":298,""bat_mv"":0,""status"":2}"
2026-08-12T19:47:48.945+00:00,BIN,"BIN,ver=1,type=1,seq=44471,ts=110,lat=0,lon=0,alt_mm=-150,speed_cms=0,heading_cd=59254,pitch_cd=-737,roll_cd=-535,yaw_cd=293,bat_mv=0,status=0x02","{""ver"":1,""type"":1,""seq"":44471,""ts"":110,""lat"":0,""lon"":0,""alt_mm"":-150,""speed_cms"":0,""heading_cd"":59254,""pitch_cd"":-737,""roll_cd"":-535,""yaw_cd"":293,""bat_mv"":0,""status"":2}"
2026-08-12T19:47:49.028+00:00,BIN,"BIN,ver=1,type=1,seq=44595,ts=110,lat=0,lon=0,alt_mm=-150,speed_cms=0,heading_cd=59254,pitch_cd=-728,roll_cd=-511,yaw_cd=281,bat_mv=0,status=0x02","{""ver"":1,""type"":1,""seq"":44595,""ts"":110,""lat"":0,""lon"":0,""alt_mm"":-150,""speed_cms"":0,""heading_cd"":59254,""pitch_cd"":-728,""roll_cd"":-511,""yaw_cd"":281,""bat_mv"":0,""status"":2}"
2026-08-12T19:47:49.115+00:00,BIN,"BIN,ver=1,type=1,seq=44595,ts=110,lat=0,lon=0,alt_mm=-150,speed_cms=0,heading_cd=59254,pitch_cd=-784,roll_cd=-637,yaw_cd=274,bat_mv=0,status=0x02","{""ver"":1,""type"":1,""seq"":44595,""ts"":110,""lat"":0,""lon"":0,""alt_mm"":-150,""speed_cms"":0,""heading_cd"":59254,""pitch_cd"":-784,""roll_cd"":-637,""yaw_cd"":274,""bat_mv"":0,""status"":2}"
2026-08-12T19:47:49.196+00:00,BIN,"BIN,ver=1,type=1,seq=44762,ts=110,lat=0,lon=0,alt_mm=-120,speed_cms=0,heading_cd=59254,pitch_cd=-751,roll_cd=-635,yaw_cd=37,bat_mv=0,status=0x02","{""ver"":1,""type"":1,""seq"":44762,""ts"":110,""lat"":0,""lon"":0,""alt_mm"":-120,""speed_cms"":0,""heading_cd"":59254,""pitch_cd"":-751,""roll_cd"":-635,""yaw_cd"":37,""bat_mv"":0,""status"":2}"
2026-08-12T19:47:49.282+00:00,BIN,"BIN,ver=1,type=1,seq=44875,ts=110,lat=0,lon=0,alt_mm=-110,speed_cms=0,heading_cd=59254,pitch_cd=-634,roll_cd=-596,yaw_cd=-106,bat_mv=0,status=0x02","{""ver"":1,""type"":1,""seq"":44875,""ts"":110,""lat"":0,""lon"":0,""alt_mm"":-110,""speed_cms"":0,""heading_cd"":59254,""pitch_cd"":-634,""roll_cd"":-596,""yaw_cd"":-106,""bat_mv"":0,""status"":2}"
2026-08-12T19:47:49.367+00:00,BIN,"BIN,ver=1,type=1,seq=45035,ts=110,lat=0,lon=0,alt_mm=-110,speed_cms=0,heading_cd=59254,pitch_cd=-590,roll_cd=-683,yaw_cd=103,bat_mv=0,status=0x02","{""ver"":1,""type"":1,""seq"":45035,""ts"":110,""lat"":0,""lon"":0,""alt_mm"":-110,""speed_cms"":0,""heading_cd"":59254,""pitch_cd"":-590,""roll_cd"":-683,""yaw_cd"":103,""bat_mv"":0,""status"":2}"
2026-08-12T19:47:49.449+00:00,BIN,"BIN,ver=1,type=1,seq=45035,ts=110,lat=0,lon=0,alt_mm=-110,speed_cms=0,heading_cd=59254,pitch_cd=-580,roll_cd=-741,yaw_cd=-15,bat_mv=0,status=0x02","{""ver"":1,""type"":1,""seq"":45035,""ts"":110,""lat"":0,""lon"":0,""alt_mm"":-110,""speed_cms"":0,""heading_cd"":59254,""pitch_cd"":-580,""roll_cd"":-741,""yaw_cd"":-15,""bat_mv"":0,""status"":2}"
2026-08-12T19:47:49.534+00:00,BIN,"BIN,ver=1,type=1,seq=45035,ts=110,lat=0,lon=0,alt_mm=-110,speed_cms=0,heading_cd=59254,pitch_cd=-580,roll_cd=-741,yaw_cd=-15,bat_mv=0,status=0x02","{""ver"":1,""type"":1,""seq"":45035,""ts"":110,""lat"":0,""lon"":0,""alt_mm"":-110,""speed_cms"":0,""heading_cd"":59254,""pitch_cd"":-580,""roll_cd"":-741,""yaw_cd"":-15,""bat_mv"":0,""status"":2}"
2026-08-12T19:47:49.620+00:00,BIN,"BIN,ver=1,type=1,seq=45155,ts=110,lat=0,lon=0,alt_mm=-140,speed_cms=0,heading_cd=59254,pitch_cd=-580,roll_cd=-741,yaw_cd=-15,bat_mv=0,status=0x02","{""ver"":1,""type"":1,""seq"":45155,""ts"":110,""lat"":0,""lon"":0,""alt_mm"":-140,""speed_cms"":0,""heading_cd"":59254,""pitch_cd"":-580,""roll_cd"":-741,""yaw_cd"":-15,""bat_mv"":0,""status"":2}"
2026-08-12T19:47:49.703+00:00,BIN,"BIN,ver=1,type=1,seq=45155,ts=110,lat=0,lon=0,alt_mm=-140,speed_cms=0,heading_cd=59254,pitch_cd=-640,roll_cd=-613,yaw_cd=-199,bat_mv=0,status=0x02","{""ver"":1,""type"":1,""seq"":45155,""ts"":110,""lat"":0,""lon"":0,""alt_mm"":-140,""speed_cms"":0,""heading_cd"":59254,""pitch_cd"":-640,""roll_cd"":-613,""yaw_cd"":-199,""bat_mv"":0,""status"":2}"
2026-08-12T19:47:49.787+00:00,BIN,"BIN,ver=1,type=1,seq=45310,ts=110,lat=0,lon=0,alt_mm=-100,speed_cms=0,heading_cd=59254,pitch_cd=-769,roll_cd=-558,yaw_cd=-157,bat_mv=0,status=0x02","{""ver"":1,""type"":1,""seq"":45310,""ts"":110,""lat"":0,""lon"":0,""alt_mm"":-100,""speed_cms"":0,""heading_cd"":59254,""pitch_cd"":-769,""roll_cd"":-558,""yaw_cd"":-157,""bat_mv"":0,""status"":2}"
2026-08-12T19:47:49.868+00:00,BIN,"BIN,ver=1,type=1,seq=45435,ts=111,lat=0,lon=0,alt_mm=-80,speed_cms=0,heading_cd=59254,pitch_cd=-722,roll_cd=-746,yaw_cd=121,bat_mv=0,status=0x02","{""ver"":1,""type"":1,""seq"":45435,""ts"":111,""lat"":0,""lon"":0,""alt_mm"":-80,""speed_cms"":0,""heading_cd"":59254,""pitch_cd"":-722,""roll_cd"":-746,""yaw_cd"":121,""bat_mv"":0,""status"":2}"
2026-08-12T19:47:49.954+00:00,BIN,"BIN,ver=1,type=1,seq=45435,ts=111,lat=0,lon=0,alt_mm=-80,speed_cms=0,heading_cd=59254,pitch_cd=-714,roll_cd=-573,yaw_cd=-81,bat_mv=0,status=0x02","{""ver"":1,""type"":1,""seq"":45435,""ts"":111,""lat"":0,""lon"":0,""alt_mm"":-80,""speed_cms"":0,""heading_cd"":59254,""pitch_cd"":-714,""roll_cd"":-573,""yaw_cd"":-81,""bat_mv"":0,""status"":2}"
2026-08-12T19:47:50.035+00:00,BIN,"BIN,ver=1,type=1,seq=45602,ts=111,lat=0,lon=0,alt_mm=-70,speed_cms=0,heading_cd=59254,pitch_cd=-713,roll_cd=-617,yaw_cd=-102,bat_mv=0,status=0x02","{""ver"":1,""type"":1,""seq"":45602,""ts"":111,""lat"":0,""lon"":0,""alt_mm"":-70,""speed_cms"":0,""heading_cd"":59254,""pitch_cd"":-713,""roll_cd"":-617,""yaw_cd"":-102,""bat_mv"":0,""status"":2}"
2026-08-12T19:47:50.120+00:00,BIN,"BIN,ver=1,type=1,seq=45602,ts=111,lat=0,lon=0,alt_mm=-70,speed_cms=0,heading_cd=59254,pitch_cd=-751,roll_cd=-589,yaw_cd=-132,bat_mv=0,status=0x02","{""ver"":1,""type"":1,""seq"":45602,""ts"":111,""lat"":0,""lon"":0,""alt_mm"":-70,""speed_cms"":0,""heading_cd"":59254,""pitch_cd"":-751,""roll_cd"":-589,""yaw_cd"":-132,""bat_mv"":0,""status"":2}"
2026-08-12T19:47:50.205+00:00,BIN,"BIN,ver=1,type=1,seq=45715,ts=111,lat=0,lon=0,alt_mm=-100,speed_cms=0,heading_cd=59254,pitch_cd=-697,roll_cd=-526,yaw_cd=-154,bat_mv=0,status=0x02","{""ver"":1,""type"":1,""seq"":45715,""ts"":111,""lat"":0,""lon"":0,""alt_mm"":-100,""speed_cms"":0,""heading_cd"":59254,""pitch_cd"":-697,""roll_cd"":-526,""yaw_cd"":-154,""bat_mv"":0,""status"":2}"
2026-08-12T19:47:50.290+00:00,BIN,"BIN,ver=1,type=1,seq=46016,ts=111,lat=0,lon=0,alt_mm=-80,speed_cms=0,heading_cd=59254,pitch_cd=-773,roll_cd=-587,yaw_cd=-191,bat_mv=0,status=0x02","{""ver"":1,""type"":1,""seq"":46016,""ts"":111,""lat"":0,""lon"":0,""alt_mm"":-80,""speed_cms"":0,""heading_cd"":59254,""pitch_cd"":-773,""roll_cd"":-587,""yaw_cd"":-191,""bat_mv"":0,""status"":2}"
2026-08-12T19:47:50.374+00:00,BIN,"BIN,ver=1,type=1,seq=46016,ts=111,lat=0,lon=0,alt_mm=-80,speed_cms=0,heading_cd=59254,pitch_cd=-753,roll_cd=-548,yaw_cd=-178,bat_mv=0,status=0x02","{""ver"":1,""type"":1,""seq"":46016,""ts"":111,""lat"":0,""lon"":0,""alt_mm"":-80,""speed_cms"":0,""heading_cd"":59254,""pitch_cd"":-753,""roll_cd"":-548,""yaw_cd"":-178,""bat_mv"":0,""status"":2}"
2026-08-12T19:47:50.457+00:00,BIN,"BIN,ver=1,type=1,seq=46016,ts=111,lat=0,lon=0,alt_mm=-80,speed_cms=0,heading_cd=59254,pitch_cd=-753,roll_cd=-548,yaw_cd=-178,bat_mv=0,status=0x02","{""ver"":1,""type"":1,""seq"":46016,""ts"":111,""lat"":0,""lon"":0,""alt_mm"":-80,""speed_cms"":0,""heading_cd"":59254,""pitch_cd"":-753,""roll_cd"":-548,""yaw_cd"":-178,""bat_mv"":0,""status"":2}"
2026-08-12T19:47:50.537+00:00,BIN,"BIN,ver=1,type=1,seq=46132,ts=111,lat=0,lon=0,alt_mm=-100,speed_cms=0,heading_cd=59254,pitch_cd=-741,roll_cd=-579,yaw_cd=-185,bat_mv=0,status=0x02","{""ver"":1,""type"":1,""seq"":46132,""ts"":111,""lat"":0,""lon"":0,""alt_mm"":-100,""speed_cms"":0,""heading_cd"":59254,""pitch_cd"":-741,""roll_cd"":-579,""yaw_cd"":-185,""bat_mv"":0,""status"":2}"
2026-08-12T19:47:50.624+00:00,BIN,"BIN,ver=1,type=1,seq=46132,ts=111,lat=0,lon=0,alt_mm=-100,speed_cms=0,heading_cd=59254,pitch_cd=-770,roll_cd=-604,yaw_cd=-200,bat_mv=0,status=0x02","{""ver"":1,""type"":1,""seq"":46132,""ts"":111,""lat"":0,""lon"":0,""alt_mm"":-100,""speed_cms"":0,""heading_cd"":59254,""pitch_cd"":-770,""roll_cd"":-604,""yaw_cd"":-200,""bat_mv"":0,""status"":2}"
2026-08-12T19:47:50.706+00:00,BIN,"BIN,ver=1,type=1,seq=46255,ts=111,lat=0,lon=0,alt_mm=-70,speed_cms=0,heading_cd=59254,pitch_cd=-770,roll_cd=-604,yaw_cd=-200,bat_mv=0,status=0x02","{""ver"":1,""type"":1,""seq"":46255,""ts"":111,""lat"":0,""lon"":0,""alt_mm"":-70,""speed_cms"":0,""heading_cd"":59254,""pitch_cd"":-770,""roll_cd"":-604,""yaw_cd"":-200,""bat_mv"":0,""status"":2}"
2026-08-12T19:47:50.792+00:00,BIN,"BIN,ver=1,type=1,seq=46255,ts=111,lat=0,lon=0,alt_mm=-70,speed_cms=0,heading_cd=59254,pitch_cd=-742,roll_cd=-585,yaw_cd=-156,bat_mv=0,status=0x02","{""ver"":1,""type"":1,""seq"":46255,""ts"":111,""lat"":0,""lon"":0,""alt_mm"":-70,""speed_cms"":0,""heading_cd"":59254,""pitch_cd"":-742,""roll_cd"":-585,""yaw_cd"":-156,""bat_mv"":0,""status"":2}"
2026-08-12T19:47:50.873+00:00,BIN,"BIN,ver=1,type=1,seq=46411,ts=112,lat=0,lon=0,alt_mm=-100,speed_cms=0,heading_cd=59254,pitch_cd=-769,roll_cd=-539,yaw_cd=-292,bat_mv=0,status=0x02","{""ver"":1,""type"":1,""seq"":46411,""ts"":112,""lat"":0,""lon"":0,""alt_mm"":-100,""speed_cms"":0,""heading_cd"":59254,""pitch_cd"":-769,""roll_cd"":-539,""yaw_cd"":-292,""bat_mv"":0,""status"":2}"
2026-08-12T19:47:50.961+00:00,BIN,"BIN,ver=1,type=1,seq=46411,ts=112,lat=0,lon=0,alt_mm=-80,speed_cms=0,heading_cd=59254,pitch_cd=-768,roll_cd=-559,yaw_cd=-261,bat_mv=0,status=0x02","{""ver"":1,""type"":1,""seq"":46411,""ts"":112,""lat"":0,""lon"":0,""alt_mm"":-80,""speed_cms"":0,""heading_cd"":59254,""pitch_cd"":-768,""roll_cd"":-559,""yaw_cd"":-261,""bat_mv"":0,""status"":2}"
2026-08-12T19:47:51.044+00:00,BIN,"BIN,ver=1,type=1,seq=46535,ts=112,lat=0,lon=0,alt_mm=-80,speed_cms=0,heading_cd=59254,pitch_cd=-781,roll_cd=-580,yaw_cd=-294,bat_mv=0,status=0x02","{""ver"":1,""type"":1,""seq"":46535,""ts"":112,""lat"":0,""lon"":0,""alt_mm"":-80,""speed_cms"":0,""heading_cd"":59254,""pitch_cd"":-781,""roll_cd"":-580,""yaw_cd"":-294,""bat_mv"":0,""status"":2}"
2026-08-12T19:47:51.127+00:00,BIN,"BIN,ver=1,type=1,seq=46705,ts=112,lat=0,lon=0,alt_mm=-50,speed_cms=0,heading_cd=59254,pitch_cd=-791,roll_cd=-496,yaw_cd=-205,bat_mv=0,status=0x02","{""ver"":1,""type"":1,""seq"":46705,""ts"":112,""lat"":0,""lon"":0,""alt_mm"":-50,""speed_cms"":0,""heading_cd"":59254,""pitch_cd"":-791,""roll_cd"":-496,""yaw_cd"":-205,""bat_mv"":0,""status"":2}"
2026-08-12T19:47:51.211+00:00,BIN,"BIN,ver=1,type=1,seq=46815,ts=112,lat=0,lon=0,alt_mm=-60,speed_cms=0,heading_cd=59254,pitch_cd=-770,roll_cd=-529,yaw_cd=-228,bat_mv=0,status=0x02","{""ver"":1,""type"":1,""seq"":46815,""ts"":112,""lat"":0,""lon"":0,""alt_mm"":-60,""speed_cms"":0,""heading_cd"":59254,""pitch_cd"":-770,""roll_cd"":-529,""yaw_cd"":-228,""bat_mv"":0,""status"":2}"
2026-08-12T19:47:51.296+00:00,BIN,"BIN,ver=1,type=1,seq=46970,ts=112,lat=0,lon=0,alt_mm=-70,speed_cms=0,heading_cd=59254,pitch_cd=-788,roll_cd=-517,yaw_cd=-225,bat_mv=0,status=0x02","{""ver"":1,""type"":1,""seq"":46970,""ts"":112,""lat"":0,""lon"":0,""alt_mm"":-70,""speed_cms"":0,""heading_cd"":59254,""pitch_cd"":-788,""roll_cd"":-517,""yaw_cd"":-225,""bat_mv"":0,""status"":2}"
2026-08-12T19:47:51.379+00:00,BIN,"BIN,ver=1,type=1,seq=46970,ts=112,lat=0,lon=0,alt_mm=-70,speed_cms=0,heading_cd=59254,pitch_cd=-787,roll_cd=-509,yaw_cd=-203,bat_mv=0,status=0x02","{""ver"":1,""type"":1,""seq"":46970,""ts"":112,""lat"":0,""lon"":0,""alt_mm"":-70,""speed_cms"":0,""heading_cd"":59254,""pitch_cd"":-787,""roll_cd"":-509,""yaw_cd"":-203,""bat_mv"":0,""status"":2}"
2026-08-12T19:47:51.545+00:00,BIN,"BIN,ver=1,type=1,seq=46970,ts=112,lat=0,lon=0,alt_mm=-80,speed_cms=0,heading_cd=59254,pitch_cd=-787,roll_cd=-509,yaw_cd=-203,bat_mv=0,status=0x02","{""ver"":1,""type"":1,""seq"":46970,""ts"":112,""lat"":0,""lon"":0,""alt_mm"":-80,""speed_cms"":0,""heading_cd"":59254,""pitch_cd"":-787,""roll_cd"":-509,""yaw_cd"":-203,""bat_mv"":0,""status"":2}"
2026-08-12T19:47:51.548+00:00,BIN,"BIN,ver=1,type=1,seq=47096,ts=112,lat=0,lon=0,alt_mm=-80,speed_cms=0,heading_cd=59254,pitch_cd=-787,roll_cd=-509,yaw_cd=-203,bat_mv=0,status=0x02","{""ver"":1,""type"":1,""seq"":47096,""ts"":112,""lat"":0,""lon"":0,""alt_mm"":-80,""speed_cms"":0,""heading_cd"":59254,""pitch_cd"":-787,""roll_cd"":-509,""yaw_cd"":-203,""bat_mv"":0,""status"":2}"
2026-08-12T19:47:51.631+00:00,BIN,"BIN,ver=1,type=1,seq=47096,ts=112,lat=0,lon=0,alt_mm=-80,speed_cms=0,heading_cd=59254,pitch_cd=-776,roll_cd=-486,yaw_cd=-231,bat_mv=0,status=0x02","{""ver"":1,""type"":1,""seq"":47096,""ts"":112,""lat"":0,""lon"":0,""alt_mm"":-80,""speed_cms"":0,""heading_cd"":59254,""pitch_cd"":-776,""roll_cd"":-486,""yaw_cd"":-231,""bat_mv"":0,""status"":2}"
2026-08-12T19:47:51.715+00:00,BIN,"BIN,ver=1,type=1,seq=47250,ts=112,lat=0,lon=0,alt_mm=-70,speed_cms=0,heading_cd=59254,pitch_cd=-785,roll_cd=-508,yaw_cd=-217,bat_mv=0,status=0x02","{""ver"":1,""type"":1,""seq"":47250,""ts"":112,""lat"":0,""lon"":0,""alt_mm"":-70,""speed_cms"":0,""heading_cd"":59254,""pitch_cd"":-785,""roll_cd"":-508,""yaw_cd"":-217,""bat_mv"":0,""status"":2}"
2026-08-12T19:47:51.800+00:00,BIN,"BIN,ver=1,type=1,seq=47250,ts=112,lat=0,lon=0,alt_mm=-60,speed_cms=0,heading_cd=59254,pitch_cd=-794,roll_cd=-513,yaw_cd=-211,bat_mv=0,status=0x02","{""ver"":1,""type"":1,""seq"":47250,""ts"":112,""lat"":0,""lon"":0,""alt_mm"":-60,""speed_cms"":0,""heading_cd"":59254,""pitch_cd"":-794,""roll_cd"":-513,""yaw_cd"":-211,""bat_mv"":0,""status"":2}"
2026-08-12T19:47:51.883+00:00,BIN,"BIN,ver=1,type=1,seq=47375,ts=113,lat=0,lon=0,alt_mm=-60,speed_cms=0,heading_cd=59254,pitch_cd=-788,roll_cd=-507,yaw_cd=-203,bat_mv=0,status=0x02","{""ver"":1,""type"":1,""seq"":47375,""ts"":113,""lat"":0,""lon"":0,""alt_mm"":-60,""speed_cms"":0,""heading_cd"":59254,""pitch_cd"":-788,""roll_cd"":-507,""yaw_cd"":-203,""bat_mv"":0,""status"":2}"
2026-08-12T19:47:51.967+00:00,BIN,"BIN,ver=1,type=1,seq=47542,ts=113,lat=0,lon=0,alt_mm=-60,speed_cms=0,heading_cd=59254,pitch_cd=-802,roll_cd=-488,yaw_cd=-213,bat_mv=0,status=0x02","{""ver"":1,""type"":1,""seq"":47542,""ts"":113,""lat"":0,""lon"":0,""alt_mm"":-60,""speed_cms"":0,""heading_cd"":59254,""pitch_cd"":-802,""roll_cd"":-488,""yaw_cd"":-213,""bat_mv"":0,""status"":2}"
2026-08-12T19:47:52.049+00:00,BIN,"BIN,ver=1,type=1,seq=47542,ts=113,lat=0,lon=0,alt_mm=-60,speed_cms=0,heading_cd=59254,pitch_cd=-788,roll_cd=-502,yaw_cd=-200,bat_mv=0,status=0x02","{""ver"":1,""type"":1,""seq"":47542,""ts"":113,""lat"":0,""lon"":0,""alt_mm"":-60,""speed_cms"":0,""heading_cd"":59254,""pitch_cd"":-788,""roll_cd"":-502,""yaw_cd"":-200,""bat_mv"":0,""status"":2}"
2026-08-12T19:47:52.132+00:00,BIN,"BIN,ver=1,type=1,seq=47655,ts=113,lat=0,lon=0,alt_mm=-90,speed_cms=0,heading_cd=59254,pitch_cd=-788,roll_cd=-502,yaw_cd=-200,bat_mv=0,status=0x02","{""ver"":1,""type"":1,""seq"":47655,""ts"":113,""lat"":0,""lon"":0,""alt_mm"":-90,""speed_cms"":0,""heading_cd"":59254,""pitch_cd"":-788,""roll_cd"":-502,""yaw_cd"":-200,""bat_mv"":0,""status"":2}"
2026-08-12T19:47:52.215+00:00,BIN,"BIN,ver=1,type=1,seq=47841,ts=113,lat=0,lon=0,alt_mm=-40,speed_cms=0,heading_cd=59254,pitch_cd=-788,roll_cd=-505,yaw_cd=-208,bat_mv=0,status=0x02","{""ver"":1,""type"":1,""seq"":47841,""ts"":113,""lat"":0,""lon"":0,""alt_mm"":-40,""speed_cms"":0,""heading_cd"":59254,""pitch_cd"":-788,""roll_cd"":-505,""yaw_cd"":-208,""bat_mv"":0,""status"":2}"
2026-08-12T19:47:52.299+00:00,BIN,"BIN,ver=1,type=1,seq=47955,ts=113,lat=0,lon=0,alt_mm=-40,speed_cms=0,heading_cd=59254,pitch_cd=-788,roll_cd=-505,yaw_cd=-208,bat_mv=0,status=0x02","{""ver"":1,""type"":1,""seq"":47955,""ts"":113,""lat"":0,""lon"":0,""alt_mm"":-40,""speed_cms"":0,""heading_cd"":59254,""pitch_cd"":-788,""roll_cd"":-505,""yaw_cd"":-208,""bat_mv"":0,""status"":2}"
2026-08-12T19:47:52.384+00:00,BIN,"BIN,ver=1,type=1,seq=47955,ts=113,lat=0,lon=0,alt_mm=-40,speed_cms=0,heading_cd=59254,pitch_cd=-791,roll_cd=-507,yaw_cd=-205,bat_mv=0,status=0x02","{""ver"":1,""type"":1,""seq"":47955,""ts"":113,""lat"":0,""lon"":0,""alt_mm"":-40,""speed_cms"":0,""heading_cd"":59254,""pitch_cd"":-791,""roll_cd"":-507,""yaw_cd"":-205,""bat_mv"":0,""status"":2}"
2026-08-12T19:47:52.468+00:00,BIN,"BIN,ver=1,type=1,seq=47955,ts=113,lat=0,lon=0,alt_mm=-50,speed_cms=0,heading_cd=59254,pitch_cd=-793,roll_cd=-526,yaw_cd=-207,bat_mv=0,status=0x02","{""ver"":1,""type"":1,""seq"":47955,""ts"":113,""lat"":0,""lon"":0,""alt_mm"":-50,""speed_cms"":0,""heading_cd"":59254,""pitch_cd"":-793,""roll_cd"":-526,""yaw_cd"":-207,""bat_mv"":0,""status"":2}"
2026-08-12T19:47:52.551+00:00,BIN,"BIN,ver=1,type=1,seq=48073,ts=113,lat=0,lon=0,alt_mm=-50,speed_cms=0,heading_cd=59254,pitch_cd=-793,roll_cd=-526,yaw_cd=-207,bat_mv=0,status=0x02","{""ver"":1,""type"":1,""seq"":48073,""ts"":113,""lat"":0,""lon"":0,""alt_mm"":-50,""speed_cms"":0,""heading_cd"":59254,""pitch_cd"":-793,""roll_cd"":-526,""yaw_cd"":-207,""bat_mv"":0,""status"":2}"
2026-08-12T19:47:52.636+00:00,BIN,"BIN,ver=1,type=1,seq=48195,ts=113,lat=0,lon=0,alt_mm=-60,speed_cms=0,heading_cd=59254,pitch_cd=-799,roll_cd=-520,yaw_cd=-195,bat_mv=0,status=0x02","{""ver"":1,""type"":1,""seq"":48195,""ts"":113,""lat"":0,""lon"":0,""alt_mm"":-60,""speed_cms"":0,""heading_cd"":59254,""pitch_cd"":-799,""roll_cd"":-520,""yaw_cd"":-195,""bat_mv"":0,""status"":2}"
2026-08-12T19:47:52.717+00:00,BIN,"BIN,ver=1,type=1,seq=48195,ts=113,lat=0,lon=0,alt_mm=-60,speed_cms=0,heading_cd=59254,pitch_cd=-824,roll_cd=-477,yaw_cd=-167,bat_mv=0,status=0x02","{""ver"":1,""type"":1,""seq"":48195,""ts"":113,""lat"":0,""lon"":0,""alt_mm"":-60,""speed_cms"":0,""heading_cd"":59254,""pitch_cd"":-824,""roll_cd"":-477,""yaw_cd"":-167,""bat_mv"":0,""status"":2}"
2026-08-12T19:47:52.806+00:00,BIN,"BIN,ver=1,type=1,seq=48353,ts=113,lat=0,lon=0,alt_mm=-40,speed_cms=0,heading_cd=59254,pitch_cd=-780,roll_cd=-553,yaw_cd=-176,bat_mv=0,status=0x02","{""ver"":1,""type"":1,""seq"":48353,""ts"":113,""lat"":0,""lon"":0,""alt_mm"":-40,""speed_cms"":0,""heading_cd"":59254,""pitch_cd"":-780,""roll_cd"":-553,""yaw_cd"":-176,""bat_mv"":0,""status"":2}"
2026-08-12T19:47:52.890+00:00,BIN,"BIN,ver=1,type=1,seq=48353,ts=114,lat=0,lon=0,alt_mm=-40,speed_cms=0,heading_cd=59254,pitch_cd=-763,roll_cd=-595,yaw_cd=-166,bat_mv=0,status=0x02","{""ver"":1,""type"":1,""seq"":48353,""ts"":114,""lat"":0,""lon"":0,""alt_mm"":-40,""speed_cms"":0,""heading_cd"":59254,""pitch_cd"":-763,""roll_cd"":-595,""yaw_cd"":-166,""bat_mv"":0,""status"":2}"
2026-08-12T19:47:52.973+00:00,BIN,"BIN,ver=1,type=1,seq=48475,ts=114,lat=0,lon=0,alt_mm=-40,speed_cms=0,heading_cd=59254,pitch_cd=-768,roll_cd=-559,yaw_cd=-126,bat_mv=0,status=0x02","{""ver"":1,""type"":1,""seq"":48475,""ts"":114,""lat"":0,""lon"":0,""alt_mm"":-40,""speed_cms"":0,""heading_cd"":59254,""pitch_cd"":-768,""roll_cd"":-559,""yaw_cd"":-126,""bat_mv"":0,""status"":2}"
2026-08-12T19:47:53.056+00:00,BIN,"BIN,ver=1,type=1,seq=48642,ts=114,lat=0,lon=0,alt_mm=-80,speed_cms=0,heading_cd=59254,pitch_cd=-801,roll_cd=-523,yaw_cd=-137,bat_mv=0,status=0x02","{""ver"":1,""type"":1,""seq"":48642,""ts"":114,""lat"":0,""lon"":0,""alt_mm"":-80,""speed_cms"":0,""heading_cd"":59254,""pitch_cd"":-801,""roll_cd"":-523,""yaw_cd"":-137,""bat_mv"":0,""status"":2}"
2026-08-12T19:47:53.141+00:00,BIN,"BIN,ver=1,type=1,seq=48642,ts=114,lat=0,lon=0,alt_mm=-80,speed_cms=0,heading_cd=59254,pitch_cd=-711,roll_cd=-468,yaw_cd=-74,bat_mv=0,status=0x02","{""ver"":1,""type"":1,""seq"":48642,""ts"":114,""lat"":0,""lon"":0,""alt_mm"":-80,""speed_cms"":0,""heading_cd"":59254,""pitch_cd"":-711,""roll_cd"":-468,""yaw_cd"":-74,""bat_mv"":0,""status"":2}"
2026-08-12T19:47:53.224+00:00,BIN,"BIN,ver=1,type=1,seq=48755,ts=114,lat=0,lon=0,alt_mm=-100,speed_cms=0,heading_cd=59254,pitch_cd=-866,roll_cd=-512,yaw_cd=-174,bat_mv=0,status=0x02","{""ver"":1,""type"":1,""seq"":48755,""ts"":114,""lat"":0,""lon"":0,""alt_mm"":-100,""speed_cms"":0,""heading_cd"":59254,""pitch_cd"":-866,""roll_cd"":-512,""yaw_cd"":-174,""bat_mv"":0,""status"":2}"
2026-08-12T19:47:53.308+00:00,BIN,"BIN,ver=1,type=1,seq=48910,ts=114,lat=0,lon=0,alt_mm=-100,speed_cms=0,heading_cd=59254,pitch_cd=-812,roll_cd=-469,yaw_cd=-134,bat_mv=0,status=0x02","{""ver"":1,""type"":1,""seq"":48910,""ts"":114,""lat"":0,""lon"":0,""alt_mm"":-100,""speed_cms"":0,""heading_cd"":59254,""pitch_cd"":-812,""roll_cd"":-469,""yaw_cd"":-134,""bat_mv"":0,""status"":2}"
2026-08-12T19:47:53.393+00:00,BIN,"BIN,ver=1,type=1,seq=48910,ts=114,lat=0,lon=0,alt_mm=-100,speed_cms=0,heading_cd=59254,pitch_cd=-812,roll_cd=-469,yaw_cd=-134,bat_mv=0,status=0x02","{""ver"":1,""type"":1,""seq"":48910,""ts"":114,""lat"":0,""lon"":0,""alt_mm"":-100,""speed_cms"":0,""heading_cd"":59254,""pitch_cd"":-812,""roll_cd"":-469,""yaw_cd"":-134,""bat_mv"":0,""status"":2}"
2026-08-12T19:47:53.476+00:00,BIN,"BIN,ver=1,type=1,seq=49036,ts=114,lat=0,lon=0,alt_mm=-100,speed_cms=0,heading_cd=59254,pitch_cd=-828,roll_cd=-653,yaw_cd=-141,bat_mv=0,status=0x02","{""ver"":1,""type"":1,""seq"":49036,""ts"":114,""lat"":0,""lon"":0,""alt_mm"":-100,""speed_cms"":0,""heading_cd"":59254,""pitch_cd"":-828,""roll_cd"":-653,""yaw_cd"":-141,""bat_mv"":0,""status"":2}"
2026-08-12T19:47:53.560+00:00,BIN,"BIN,ver=1,type=1,seq=49036,ts=114,lat=0,lon=0,alt_mm=-100,speed_cms=0,heading_cd=59254,pitch_cd=-828,roll_cd=-653,yaw_cd=-141,bat_mv=0,status=0x02","{""ver"":1,""type"":1,""seq"":49036,""ts"":114,""lat"":0,""lon"":0,""alt_mm"":-100,""speed_cms"":0,""heading_cd"":59254,""pitch_cd"":-828,""roll_cd"":-653,""yaw_cd"":-141,""bat_mv"":0,""status"":2}"
2026-08-12T19:47:53.727+00:00,BIN,"BIN,ver=1,type=1,seq=49191,ts=114,lat=0,lon=0,alt_mm=-30,speed_cms=0,heading_cd=59254,pitch_cd=-781,roll_cd=-370,yaw_cd=-110,bat_mv=0,status=0x02","{""ver"":1,""type"":1,""seq"":49191,""ts"":114,""lat"":0,""lon"":0,""alt_mm"":-30,""speed_cms"":0,""heading_cd"":59254,""pitch_cd"":-781,""roll_cd"":-370,""yaw_cd"":-110,""bat_mv"":0,""status"":2}"
2026-08-12T19:47:53.812+00:00,BIN,"BIN,ver=1,type=1,seq=49315,ts=114,lat=0,lon=0,alt_mm=-30,speed_cms=0,heading_cd=59254,pitch_cd=-824,roll_cd=-587,yaw_cd=-148,bat_mv=0,status=0x02","{""ver"":1,""type"":1,""seq"":49315,""ts"":114,""lat"":0,""lon"":0,""alt_mm"":-30,""speed_cms"":0,""heading_cd"":59254,""pitch_cd"":-824,""roll_cd"":-587,""yaw_cd"":-148,""bat_mv"":0,""status"":2}"
2026-08-12T19:47:53.896+00:00,BIN,"BIN,ver=1,type=1,seq=49482,ts=115,lat=0,lon=0,alt_mm=-20,speed_cms=0,heading_cd=59254,pitch_cd=-803,roll_cd=-368,yaw_cd=-34,bat_mv=0,status=0x02","{""ver"":1,""type"":1,""seq"":49482,""ts"":115,""lat"":0,""lon"":0,""alt_mm"":-20,""speed_cms"":0,""heading_cd"":59254,""pitch_cd"":-803,""roll_cd"":-368,""yaw_cd"":-34,""bat_mv"":0,""status"":2}"
2026-08-12T19:47:53.980+00:00,BIN,"BIN,ver=1,type=1,seq=49482,ts=115,lat=0,lon=0,alt_mm=-20,speed_cms=0,heading_cd=59254,pitch_cd=-828,roll_cd=-346,yaw_cd=-146,bat_mv=0,status=0x02","{""ver"":1,""type"":1,""seq"":49482,""ts"":115,""lat"":0,""lon"":0,""alt_mm"":-20,""speed_cms"":0,""heading_cd"":59254,""pitch_cd"":-828,""roll_cd"":-346,""yaw_cd"":-146,""bat_mv"":0,""status"":2}"
2026-08-12T19:47:54.063+00:00,BIN,"BIN,ver=1,type=1,seq=49595,ts=115,lat=0,lon=0,alt_mm=20,speed_cms=0,heading_cd=59254,pitch_cd=-828,roll_cd=-346,yaw_cd=-146,bat_mv=0,status=0x02","{""ver"":1,""type"":1,""seq"":49595,""ts"":115,""lat"":0,""lon"":0,""alt_mm"":20,""speed_cms"":0,""heading_cd"":59254,""pitch_cd"":-828,""roll_cd"":-346,""yaw_cd"":-146,""bat_mv"":0,""status"":2}"
2026-08-12T19:47:54.145+00:00,BIN,"BIN,ver=1,type=1,seq=49595,ts=115,lat=0,lon=0,alt_mm=20,speed_cms=0,heading_cd=59254,pitch_cd=-820,roll_cd=-780,yaw_cd=-111,bat_mv=0,status=0x02","{""ver"":1,""type"":1,""seq"":49595,""ts"":115,""lat"":0,""lon"":0,""alt_mm"":20,""speed_cms"":0,""heading_cd"":59254,""pitch_cd"":-820,""roll_cd"":-780,""yaw_cd"":-111,""bat_mv"":0,""status"":2}"
2026-08-12T19:47:54.232+00:00,BIN,"BIN,ver=1,type=1,seq=49875,ts=115,lat=0,lon=0,alt_mm=10,speed_cms=0,heading_cd=59254,pitch_cd=-770,roll_cd=-787,yaw_cd=-54,bat_mv=0,status=0x02","{""ver"":1,""type"":1,""seq"":49875,""ts"":115,""lat"":0,""lon"":0,""alt_mm"":10,""speed_cms"":0,""heading_cd"":59254,""pitch_cd"":-770,""roll_cd"":-787,""yaw_cd"":-54,""bat_mv"":0,""status"":2}"
2026-08-12T19:47:54.316+00:00,BIN,"BIN,ver=1,type=1,seq=49875,ts=115,lat=0,lon=0,alt_mm=10,speed_cms=0,heading_cd=59254,pitch_cd=-880,roll_cd=-405,yaw_cd=-79,bat_mv=0,status=0x02","{""ver"":1,""type"":1,""seq"":49875,""ts"":115,""lat"":0,""lon"":0,""alt_mm"":10,""speed_cms"":0,""heading_cd"":59254,""pitch_cd"":-880,""roll_cd"":-405,""yaw_cd"":-79,""bat_mv"":0,""status"":2}"
2026-08-12T19:47:54.400+00:00,BIN,"BIN,ver=1,type=1,seq=49875,ts=115,lat=0,lon=0,alt_mm=-20,speed_cms=0,heading_cd=59254,pitch_cd=-838,roll_cd=-511,yaw_cd=-122,bat_mv=0,status=0x02","{""ver"":1,""type"":1,""seq"":49875,""ts"":115,""lat"":0,""lon"":0,""alt_mm"":-20,""speed_cms"":0,""heading_cd"":59254,""pitch_cd"":-838,""roll_cd"":-511,""yaw_cd"":-122,""bat_mv"":0,""status"":2}"
2026-08-12T19:47:54.482+00:00,BIN,"BIN,ver=1,type=1,seq=50069,ts=115,lat=0,lon=0,alt_mm=-20,speed_cms=0,heading_cd=59254,pitch_cd=-838,roll_cd=-511,yaw_cd=-122,bat_mv=0,status=0x02","{""ver"":1,""type"":1,""seq"":50069,""ts"":115,""lat"":0,""lon"":0,""alt_mm"":-20,""speed_cms"":0,""heading_cd"":59254,""pitch_cd"":-838,""roll_cd"":-511,""yaw_cd"":-122,""bat_mv"":0,""status"":2}"
2026-08-12T19:47:54.566+00:00,BIN,"BIN,ver=1,type=1,seq=50069,ts=115,lat=0,lon=0,alt_mm=-20,speed_cms=0,heading_cd=59254,pitch_cd=-841,roll_cd=-453,yaw_cd=-99,bat_mv=0,status=0x02","{""ver"":1,""type"":1,""seq"":50069,""ts"":115,""lat"":0,""lon"":0,""alt_mm"":-20,""speed_cms"":0,""heading_cd"":59254,""pitch_cd"":-841,""roll_cd"":-453,""yaw_cd"":-99,""bat_mv"":0,""status"":2}"
2026-08-12T19:47:54.648+00:00,BIN,"BIN,ver=1,type=1,seq=50195,ts=115,lat=0,lon=0,alt_mm=-20,speed_cms=0,heading_cd=59254,pitch_cd=-806,roll_cd=-463,yaw_cd=-102,bat_mv=0,status=0x02","{""ver"":1,""type"":1,""seq"":50195,""ts"":115,""lat"":0,""lon"":0,""alt_mm"":-20,""speed_cms"":0,""heading_cd"":59254,""pitch_cd"":-806,""roll_cd"":-463,""yaw_cd"":-102,""bat_mv"":0,""status"":2}"
2026-08-12T19:47:54.736+00:00,BIN,"BIN,ver=1,type=1,seq=50322,ts=115,lat=0,lon=0,alt_mm=-10,speed_cms=0,heading_cd=59254,pitch_cd=-849,roll_cd=-480,yaw_cd=-119,bat_mv=0,status=0x02","{""ver"":1,""type"":1,""seq"":50322,""ts"":115,""lat"":0,""lon"":0,""alt_mm"":-10,""speed_cms"":0,""heading_cd"":59254,""pitch_cd"":-849,""roll_cd"":-480,""yaw_cd"":-119,""bat_mv"":0,""status"":2}"
2026-08-12T19:47:54.817+00:00,BIN,"BIN,ver=1,type=1,seq=50322,ts=116,lat=0,lon=0,alt_mm=-10,speed_cms=0,heading_cd=59254,pitch_cd=-845,roll_cd=-435,yaw_cd=-90,bat_mv=0,status=0x02","{""ver"":1,""type"":1,""seq"":50322,""ts"":116,""lat"":0,""lon"":0,""alt_mm"":-10,""speed_cms"":0,""heading_cd"":59254,""pitch_cd"":-845,""roll_cd"":-435,""yaw_cd"":-90,""bat_mv"":0,""status"":2}"
2026-08-12T19:47:54.901+00:00,BIN,"BIN,ver=1,type=1,seq=50435,ts=116,lat=0,lon=0,alt_mm=10,speed_cms=0,heading_cd=59254,pitch_cd=-845,roll_cd=-435,yaw_cd=-90,bat_mv=0,status=0x02","{""ver"":1,""type"":1,""seq"":50435,""ts"":116,""lat"":0,""lon"":0,""alt_mm"":10,""speed_cms"":0,""heading_cd"":59254,""pitch_cd"":-845,""roll_cd"":-435,""yaw_cd"":-90,""bat_mv"":0,""status"":2}"
2026-08-12T19:47:54.987+00:00,BIN,"BIN,ver=1,type=1,seq=50435,ts=116,lat=0,lon=0,alt_mm=-10,speed_cms=0,heading_cd=59254,pitch_cd=-855,roll_cd=-407,yaw_cd=-144,bat_mv=0,status=0x02","{""ver"":1,""type"":1,""seq"":50435,""ts"":116,""lat"":0,""lon"":0,""alt_mm"":-10,""speed_cms"":0,""heading_cd"":59254,""pitch_cd"":-855,""roll_cd"":-407,""yaw_cd"":-144,""bat_mv"":0,""status"":2}"
2026-08-12T19:47:55.068+00:00,BIN,"BIN,ver=1,type=1,seq=50590,ts=116,lat=0,lon=0,alt_mm=-10,speed_cms=0,heading_cd=59254,pitch_cd=-779,roll_cd=-685,yaw_cd=-116,bat_mv=0,status=0x02","{""ver"":1,""type"":1,""seq"":50590,""ts"":116,""lat"":0,""lon"":0,""alt_mm"":-10,""speed_cms"":0,""heading_cd"":59254,""pitch_cd"":-779,""roll_cd"":-685,""yaw_cd"":-116,""bat_mv"":0,""status"":2}"
2026-08-12T19:47:55.155+00:00,BIN,"BIN,ver=1,type=1,seq=50715,ts=116,lat=0,lon=0,alt_mm=-30,speed_cms=0,heading_cd=59254,pitch_cd=-782,roll_cd=-602,yaw_cd=-33,bat_mv=0,status=0x02","{""ver"":1,""type"":1,""seq"":50715,""ts"":116,""lat"":0,""lon"":0,""alt_mm"":-30,""speed_cms"":0,""heading_cd"":59254,""pitch_cd"":-782,""roll_cd"":-602,""yaw_cd"":-33,""bat_mv"":0,""status"":2}"
2026-08-12T19:47:55.237+00:00,BIN,"BIN,ver=1,type=1,seq=50715,ts=116,lat=0,lon=0,alt_mm=-30,speed_cms=0,heading_cd=59254,pitch_cd=-784,roll_cd=-618,yaw_cd=7,bat_mv=0,status=0x02","{""ver"":1,""type"":1,""seq"":50715,""ts"":116,""lat"":0,""lon"":0,""alt_mm"":-30,""speed_cms"":0,""heading_cd"":59254,""pitch_cd"":-784,""roll_cd"":-618,""yaw_cd"":7,""bat_mv"":0,""status"":2}"
2026-08-12T19:47:55.321+00:00,BIN,"BIN,ver=1,type=1,seq=50995,ts=116,lat=0,lon=0,alt_mm=-30,speed_cms=0,heading_cd=59254,pitch_cd=-778,roll_cd=-563,yaw_cd=70,bat_mv=0,status=0x02","{""ver"":1,""type"":1,""seq"":50995,""ts"":116,""lat"":0,""lon"":0,""alt_mm"":-30,""speed_cms"":0,""heading_cd"":59254,""pitch_cd"":-778,""roll_cd"":-563,""yaw_cd"":70,""bat_mv"":0,""status"":2}"
2026-08-12T19:47:55.405+00:00,BIN,"BIN,ver=1,type=1,seq=50995,ts=116,lat=0,lon=0,alt_mm=-30,speed_cms=0,heading_cd=59254,pitch_cd=-782,roll_cd=-506,yaw_cd=67,bat_mv=0,status=0x02","{""ver"":1,""type"":1,""seq"":50995,""ts"":116,""lat"":0,""lon"":0,""alt_mm"":-30,""speed_cms"":0,""heading_cd"":59254,""pitch_cd"":-782,""roll_cd"":-506,""yaw_cd"":67,""bat_mv"":0,""status"":2}"
2026-08-12T19:47:55.490+00:00,BIN,"BIN,ver=1,type=1,seq=50995,ts=116,lat=0,lon=0,alt_mm=-30,speed_cms=0,heading_cd=59254,pitch_cd=-782,roll_cd=-506,yaw_cd=67,bat_mv=0,status=0x02","{""ver"":1,""type"":1,""seq"":50995,""ts"":116,""lat"":0,""lon"":0,""alt_mm"":-30,""speed_cms"":0,""heading_cd"":59254,""pitch_cd"":-782,""roll_cd"":-506,""yaw_cd"":67,""bat_mv"":0,""status"":2}"
2026-08-12T19:47:55.573+00:00,BIN,"BIN,ver=1,type=1,seq=51163,ts=116,lat=0,lon=0,alt_mm=-10,speed_cms=0,heading_cd=59254,pitch_cd=-799,roll_cd=-539,yaw_cd=32,bat_mv=0,status=0x02","{""ver"":1,""type"":1,""seq"":51163,""ts"":116,""lat"":0,""lon"":0,""alt_mm"":-10,""speed_cms"":0,""heading_cd"":59254,""pitch_cd"":-799,""roll_cd"":-539,""yaw_cd"":32,""bat_mv"":0,""status"":2}"
2026-08-12T19:47:55.657+00:00,BIN,"BIN,ver=1,type=1,seq=51163,ts=116,lat=0,lon=0,alt_mm=-10,speed_cms=0,heading_cd=59254,pitch_cd=-799,roll_cd=-539,yaw_cd=32,bat_mv=0,status=0x02","{""ver"":1,""type"":1,""seq"":51163,""ts"":116,""lat"":0,""lon"":0,""alt_mm"":-10,""speed_cms"":0,""heading_cd"":59254,""pitch_cd"":-799,""roll_cd"":-539,""yaw_cd"":32,""bat_mv"":0,""status"":2}"
2026-08-12T19:47:55.741+00:00,BIN,"BIN,ver=1,type=1,seq=51275,ts=116,lat=0,lon=0,alt_mm=-10,speed_cms=0,heading_cd=59254,pitch_cd=-801,roll_cd=-526,yaw_cd=44,bat_mv=0,status=0x02","{""ver"":1,""type"":1,""seq"":51275,""ts"":116,""lat"":0,""lon"":0,""alt_mm"":-10,""speed_cms"":0,""heading_cd"":59254,""pitch_cd"":-801,""roll_cd"":-526,""yaw_cd"":44,""bat_mv"":0,""status"":2}"
2026-08-12T19:47:55.824+00:00,BIN,"BIN,ver=1,type=1,seq=51275,ts=117,lat=0,lon=0,alt_mm=-10,speed_cms=0,heading_cd=59254,pitch_cd=-810,roll_cd=-504,yaw_cd=44,bat_mv=0,status=0x02","{""ver"":1,""type"":1,""seq"":51275,""ts"":117,""lat"":0,""lon"":0,""alt_mm"":-10,""speed_cms"":0,""heading_cd"":59254,""pitch_cd"":-810,""roll_cd"":-504,""yaw_cd"":44,""bat_mv"":0,""status"":2}"
2026-08-12T19:47:55.905+00:00,BIN,"BIN,ver=1,type=1,seq=51431,ts=117,lat=0,lon=0,alt_mm=-10,speed_cms=0,heading_cd=59254,pitch_cd=-811,roll_cd=-479,yaw_cd=32,bat_mv=0,status=0x02","{""ver"":1,""type"":1,""seq"":51431,""ts"":117,""lat"":0,""lon"":0,""alt_mm"":-10,""speed_cms"":0,""heading_cd"":59254,""pitch_cd"":-811,""roll_cd"":-479,""yaw_cd"":32,""bat_mv"":0,""status"":2}"
2026-08-12T19:47:55.993+00:00,BIN,"BIN,ver=1,type=1,seq=51555,ts=117,lat=0,lon=0,alt_mm=-10,speed_cms=0,heading_cd=59254,pitch_cd=-818,roll_cd=-516,yaw_cd=51,bat_mv=0,status=0x02","{""ver"":1,""type"":1,""seq"":51555,""ts"":117,""lat"":0,""lon"":0,""alt_mm"":-10,""speed_cms"":0,""heading_cd"":59254,""pitch_cd"":-818,""roll_cd"":-516,""yaw_cd"":51,""bat_mv"":0,""status"":2}"
2026-08-12T19:47:56.075+00:00,BIN,"BIN,ver=1,type=1,seq=51555,ts=117,lat=0,lon=0,alt_mm=-10,speed_cms=0,heading_cd=59254,pitch_cd=-813,roll_cd=-518,yaw_cd=46,bat_mv=0,status=0x02","{""ver"":1,""type"":1,""seq"":51555,""ts"":117,""lat"":0,""lon"":0,""alt_mm"":-10,""speed_cms"":0,""heading_cd"":59254,""pitch_cd"":-813,""roll_cd"":-518,""yaw_cd"":46,""bat_mv"":0,""status"":2}"
2026-08-12T19:47:56.161+00:00,BIN,"BIN,ver=1,type=1,seq=51713,ts=117,lat=0,lon=0,alt_mm=-10,speed_cms=0,heading_cd=59254,pitch_cd=-814,roll_cd=-504,yaw_cd=34,bat_mv=0,status=0x02","{""ver"":1,""type"":1,""seq"":51713,""ts"":117,""lat"":0,""lon"":0,""alt_mm"":-10,""speed_cms"":0,""heading_cd"":59254,""pitch_cd"":-814,""roll_cd"":-504,""yaw_cd"":34,""bat_mv"":0,""status"":2}"
2026-08-12T19:47:56.244+00:00,BIN,"BIN,ver=1,type=1,seq=51713,ts=117,lat=0,lon=0,alt_mm=-10,speed_cms=0,heading_cd=59254,pitch_cd=-814,roll_cd=-504,yaw_cd=34,bat_mv=0,status=0x02","{""ver"":1,""type"":1,""seq"":51713,""ts"":117,""lat"":0,""lon"":0,""alt_mm"":-10,""speed_cms"":0,""heading_cd"":59254,""pitch_cd"":-814,""roll_cd"":-504,""yaw_cd"":34,""bat_mv"":0,""status"":2}"
2026-08-12T19:47:56.328+00:00,BIN,"BIN,ver=1,type=1,seq=52025,ts=117,lat=0,lon=0,alt_mm=-10,speed_cms=0,heading_cd=59254,pitch_cd=-810,roll_cd=-522,yaw_cd=27,bat_mv=0,status=0x02","{""ver"":1,""type"":1,""seq"":52025,""ts"":117,""lat"":0,""lon"":0,""alt_mm"":-10,""speed_cms"":0,""heading_cd"":59254,""pitch_cd"":-810,""roll_cd"":-522,""yaw_cd"":27,""bat_mv"":0,""status"":2}"
2026-08-12T19:47:56.412+00:00,BIN,"BIN,ver=1,type=1,seq=52025,ts=117,lat=0,lon=0,alt_mm=-10,speed_cms=0,heading_cd=59254,pitch_cd=-801,roll_cd=-525,yaw_cd=47,bat_mv=0,status=0x02","{""ver"":1,""type"":1,""seq"":52025,""ts"":117,""lat"":0,""lon"":0,""alt_mm"":-10,""speed_cms"":0,""heading_cd"":59254,""pitch_cd"":-801,""roll_cd"":-525,""yaw_cd"":47,""bat_mv"":0,""status"":2}"
2026-08-12T19:47:56.496+00:00,BIN,"BIN,ver=1,type=1,seq=52025,ts=117,lat=0,lon=0,alt_mm=-30,speed_cms=0,heading_cd=59254,pitch_cd=-801,roll_cd=-525,yaw_cd=47,bat_mv=0,status=0x02","{""ver"":1,""type"":1,""seq"":52025,""ts"":117,""lat"":0,""lon"":0,""alt_mm"":-30,""speed_cms"":0,""heading_cd"":59254,""pitch_cd"":-801,""roll_cd"":-525,""yaw_cd"":47,""bat_mv"":0,""status"":2}"
2026-08-12T19:47:56.578+00:00,BIN,"BIN,ver=1,type=1,seq=52135,ts=117,lat=0,lon=0,alt_mm=-30,speed_cms=0,heading_cd=59254,pitch_cd=-808,roll_cd=-490,yaw_cd=27,bat_mv=0,status=0x02","{""ver"":1,""type"":1,""seq"":52135,""ts"":117,""lat"":0,""lon"":0,""alt_mm"":-30,""speed_cms"":0,""heading_cd"":59254,""pitch_cd"":-808,""roll_cd"":-490,""yaw_cd"":27,""bat_mv"":0,""status"":2}"
2026-08-12T19:47:56.662+00:00,BIN,"BIN,ver=1,type=1,seq=52135,ts=117,lat=0,lon=0,alt_mm=-10,speed_cms=0,heading_cd=59254,pitch_cd=-808,roll_cd=-490,yaw_cd=27,bat_mv=0,status=0x02","{""ver"":1,""type"":1,""seq"":52135,""ts"":117,""lat"":0,""lon"":0,""alt_mm"":-10,""speed_cms"":0,""heading_cd"":59254,""pitch_cd"":-808,""roll_cd"":-490,""yaw_cd"":27,""bat_mv"":0,""status"":2}"
2026-08-12T19:47:56.745+00:00,BIN,"BIN,ver=1,type=1,seq=52262,ts=117,lat=0,lon=0,alt_mm=-10,speed_cms=0,heading_cd=59254,pitch_cd=-806,roll_cd=-529,yaw_cd=30,bat_mv=0,status=0x02","{""ver"":1,""type"":1,""seq"":52262,""ts"":117,""lat"":0,""lon"":0,""alt_mm"":-10,""speed_cms"":0,""heading_cd"":59254,""pitch_cd"":-806,""roll_cd"":-529,""yaw_cd"":30,""bat_mv"":0,""status"":2}"
2026-08-12T19:47:56.829+00:00,BIN,"BIN,ver=1,type=1,seq=52262,ts=117,lat=0,lon=0,alt_mm=-20,speed_cms=0,heading_cd=59254,pitch_cd=-798,roll_cd=-527,yaw_cd=21,bat_mv=0,status=0x02","{""ver"":1,""type"":1,""seq"":52262,""ts"":117,""lat"":0,""lon"":0,""alt_mm"":-20,""speed_cms"":0,""heading_cd"":59254,""pitch_cd"":-798,""roll_cd"":-527,""yaw_cd"":21,""bat_mv"":0,""status"":2}"
2026-08-12T19:47:56.914+00:00,BIN,"BIN,ver=1,type=1,seq=52375,ts=118,lat=0,lon=0,alt_mm=-20,speed_cms=0,heading_cd=59254,pitch_cd=-811,roll_cd=-490,yaw_cd=20,bat_mv=0,status=0x02","{""ver"":1,""type"":1,""seq"":52375,""ts"":118,""lat"":0,""lon"":0,""alt_mm"":-20,""speed_cms"":0,""heading_cd"":59254,""pitch_cd"":-811,""roll_cd"":-490,""yaw_cd"":20,""bat_mv"":0,""status"":2}"
2026-08-12T19:47:56.999+00:00,BIN,"BIN,ver=1,type=1,seq=52588,ts=118,lat=0,lon=0,alt_mm=-20,speed_cms=0,heading_cd=59254,pitch_cd=-881,roll_cd=-592,yaw_cd=-32,bat_mv=0,status=0x02","{""ver"":1,""type"":1,""seq"":52588,""ts"":118,""lat"":0,""lon"":0,""alt_mm"":-20,""speed_cms"":0,""heading_cd"":59254,""pitch_cd"":-881,""roll_cd"":-592,""yaw_cd"":-32,""bat_mv"":0,""status"":2}"
2026-08-12T19:47:57.083+00:00,BIN,"BIN,ver=1,type=1,seq=52588,ts=118,lat=0,lon=0,alt_mm=-20,speed_cms=0,heading_cd=59254,pitch_cd=-778,roll_cd=-599,yaw_cd=103,bat_mv=0,status=0x02","{""ver"":1,""type"":1,""seq"":52588,""ts"":118,""lat"":0,""lon"":0,""alt_mm"":-20,""speed_cms"":0,""heading_cd"":59254,""pitch_cd"":-778,""roll_cd"":-599,""yaw_cd"":103,""bat_mv"":0,""status"":2}"
2026-08-12T19:47:57.164+00:00,BIN,"BIN,ver=1,type=1,seq=52695,ts=118,lat=0,lon=0,alt_mm=-20,speed_cms=0,heading_cd=59254,pitch_cd=-749,roll_cd=-678,yaw_cd=335,bat_mv=0,status=0x02","{""ver"":1,""type"":1,""seq"":52695,""ts"":118,""lat"":0,""lon"":0,""alt_mm"":-20,""speed_cms"":0,""heading_cd"":59254,""pitch_cd"":-749,""roll_cd"":-678,""yaw_cd"":335,""bat_mv"":0,""status"":2}"
2026-08-12T19:47:57.248+00:00,BIN,"BIN,ver=1,type=1,seq=52935,ts=118,lat=0,lon=0,alt_mm=10,speed_cms=0,heading_cd=59254,pitch_cd=-722,roll_cd=-211,yaw_cd=424,bat_mv=0,status=0x02","{""ver"":1,""type"":1,""seq"":52935,""ts"":118,""lat"":0,""lon"":0,""alt_mm"":10,""speed_cms"":0,""heading_cd"":59254,""pitch_cd"":-722,""roll_cd"":-211,""yaw_cd"":424,""bat_mv"":0,""status"":2}"
2026-08-12T19:47:57.332+00:00,BIN,"BIN,ver=1,type=1,seq=52935,ts=118,lat=0,lon=0,alt_mm=10,speed_cms=0,heading_cd=59254,pitch_cd=-807,roll_cd=-279,yaw_cd=366,bat_mv=0,status=0x02","{""ver"":1,""type"":1,""seq"":52935,""ts"":118,""lat"":0,""lon"":0,""alt_mm"":10,""speed_cms"":0,""heading_cd"":59254,""pitch_cd"":-807,""roll_cd"":-279,""yaw_cd"":366,""bat_mv"":0,""status"":2}"
2026-08-12T19:47:57.418+00:00,BIN,"BIN,ver=1,type=1,seq=52935,ts=118,lat=0,lon=0,alt_mm=-10,speed_cms=0,heading_cd=59254,pitch_cd=-807,roll_cd=-279,yaw_cd=366,bat_mv=0,status=0x02","{""ver"":1,""type"":1,""seq"":52935,""ts"":118,""lat"":0,""lon"":0,""alt_mm"":-10,""speed_cms"":0,""heading_cd"":59254,""pitch_cd"":-807,""roll_cd"":-279,""yaw_cd"":366,""bat_mv"":0,""status"":2}"
2026-08-12T19:47:57.499+00:00,BIN,"BIN,ver=1,type=1,seq=52935,ts=118,lat=0,lon=0,alt_mm=-10,speed_cms=0,heading_cd=59254,pitch_cd=-803,roll_cd=-375,yaw_cd=416,bat_mv=0,status=0x02","{""ver"":1,""type"":1,""seq"":52935,""ts"":118,""lat"":0,""lon"":0,""alt_mm"":-10,""speed_cms"":0,""heading_cd"":59254,""pitch_cd"":-803,""roll_cd"":-375,""yaw_cd"":416,""bat_mv"":0,""status"":2}"
2026-08-12T19:47:57.586+00:00,BIN,"BIN,ver=1,type=1,seq=53093,ts=118,lat=0,lon=0,alt_mm=-10,speed_cms=0,heading_cd=59254,pitch_cd=-803,roll_cd=-375,yaw_cd=416,bat_mv=0,status=0x02","{""ver"":1,""type"":1,""seq"":53093,""ts"":118,""lat"":0,""lon"":0,""alt_mm"":-10,""speed_cms"":0,""heading_cd"":59254,""pitch_cd"":-803,""roll_cd"":-375,""yaw_cd"":416,""bat_mv"":0,""status"":2}"
2026-08-12T19:47:57.670+00:00,BIN,"BIN,ver=1,type=1,seq=53215,ts=118,lat=0,lon=0,alt_mm=-10,speed_cms=0,heading_cd=59254,pitch_cd=-772,roll_cd=-373,yaw_cd=416,bat_mv=0,status=0x02","{""ver"":1,""type"":1,""seq"":53215,""ts"":118,""lat"":0,""lon"":0,""alt_mm"":-10,""speed_cms"":0,""heading_cd"":59254,""pitch_cd"":-772,""roll_cd"":-373,""yaw_cd"":416,""bat_mv"":0,""status"":2}"
2026-08-12T19:47:57.753+00:00,BIN,"BIN,ver=1,type=1,seq=53215,ts=118,lat=0,lon=0,alt_mm=-10,speed_cms=0,heading_cd=59254,pitch_cd=-789,roll_cd=-369,yaw_cd=386,bat_mv=0,status=0x02","{""ver"":1,""type"":1,""seq"":53215,""ts"":118,""lat"":0,""lon"":0,""alt_mm"":-10,""speed_cms"":0,""heading_cd"":59254,""pitch_cd"":-789,""roll_cd"":-369,""yaw_cd"":386,""bat_mv"":0,""status"":2}"
2026-08-12T19:47:57.835+00:00,BIN,"BIN,ver=1,type=1,seq=53385,ts=118,lat=0,lon=0,alt_mm=20,speed_cms=0,heading_cd=59254,pitch_cd=-793,roll_cd=-520,yaw_cd=276,bat_mv=0,status=0x02","{""ver"":1,""type"":1,""seq"":53385,""ts"":118,""lat"":0,""lon"":0,""alt_mm"":20,""speed_cms"":0,""heading_cd"":59254,""pitch_cd"":-793,""roll_cd"":-520,""yaw_cd"":276,""bat_mv"":0,""status"":2}"
2026-08-12T19:47:57.921+00:00,BIN,"BIN,ver=1,type=1,seq=53385,ts=119,lat=0,lon=0,alt_mm=-20,speed_cms=0,heading_cd=59254,pitch_cd=-797,roll_cd=-534,yaw_cd=256,bat_mv=0,status=0x02","{""ver"":1,""type"":1,""seq"":53385,""ts"":119,""lat"":0,""lon"":0,""alt_mm"":-20,""speed_cms"":0,""heading_cd"":59254,""pitch_cd"":-797,""roll_cd"":-534,""yaw_cd"":256,""bat_mv"":0,""status"":2}"
2026-08-12T19:47:58.006+00:00,BIN,"BIN,ver=1,type=1,seq=53495,ts=119,lat=0,lon=0,alt_mm=-20,speed_cms=0,heading_cd=59254,pitch_cd=-777,roll_cd=-478,yaw_cd=269,bat_mv=0,status=0x02","{""ver"":1,""type"":1,""seq"":53495,""ts"":119,""lat"":0,""lon"":0,""alt_mm"":-20,""speed_cms"":0,""heading_cd"":59254,""pitch_cd"":-777,""roll_cd"":-478,""yaw_cd"":269,""bat_mv"":0,""status"":2}"
2026-08-12T19:47:58.089+00:00,BIN,"BIN,ver=1,type=1,seq=53681,ts=119,lat=0,lon=0,alt_mm=30,speed_cms=0,heading_cd=59254,pitch_cd=-830,roll_cd=-431,yaw_cd=152,bat_mv=0,status=0x02","{""ver"":1,""type"":1,""seq"":53681,""ts"":119,""lat"":0,""lon"":0,""alt_mm"":30,""speed_cms"":0,""heading_cd"":59254,""pitch_cd"":-830,""roll_cd"":-431,""yaw_cd"":152,""bat_mv"":0,""status"":2}"
2026-08-12T19:47:58.172+00:00,BIN,"BIN,ver=1,type=1,seq=53795,ts=119,lat=0,lon=0,alt_mm=20,speed_cms=0,heading_cd=59254,pitch_cd=-833,roll_cd=-442,yaw_cd=164,bat_mv=0,status=0x02","{""ver"":1,""type"":1,""seq"":53795,""ts"":119,""lat"":0,""lon"":0,""alt_mm"":20,""speed_cms"":0,""heading_cd"":59254,""pitch_cd"":-833,""roll_cd"":-442,""yaw_cd"":164,""bat_mv"":0,""status"":2}"
2026-08-12T19:47:58.256+00:00,BIN,"BIN,ver=1,type=1,seq=53911,ts=119,lat=0,lon=0,alt_mm=10,speed_cms=0,heading_cd=59254,pitch_cd=-829,roll_cd=-438,yaw_cd=168,bat_mv=0,status=0x02","{""ver"":1,""type"":1,""seq"":53911,""ts"":119,""lat"":0,""lon"":0,""alt_mm"":10,""speed_cms"":0,""heading_cd"":59254,""pitch_cd"":-829,""roll_cd"":-438,""yaw_cd"":168,""bat_mv"":0,""status"":2}"
2026-08-12T19:47:58.339+00:00,BIN,"BIN,ver=1,type=1,seq=53911,ts=119,lat=0,lon=0,alt_mm=30,speed_cms=0,heading_cd=59254,pitch_cd=-839,roll_cd=-423,yaw_cd=170,bat_mv=0,status=0x02","{""ver"":1,""type"":1,""seq"":53911,""ts"":119,""lat"":0,""lon"":0,""alt_mm"":30,""speed_cms"":0,""heading_cd"":59254,""pitch_cd"":-839,""roll_cd"":-423,""yaw_cd"":170,""bat_mv"":0,""status"":2}"
2026-08-12T19:47:58.424+00:00,BIN,"BIN,ver=1,type=1,seq=54036,ts=119,lat=0,lon=0,alt_mm=30,speed_cms=0,heading_cd=59254,pitch_cd=-839,roll_cd=-423,yaw_cd=170,bat_mv=0,status=0x02","{""ver"":1,""type"":1,""seq"":54036,""ts"":119,""lat"":0,""lon"":0,""alt_mm"":30,""speed_cms"":0,""heading_cd"":59254,""pitch_cd"":-839,""roll_cd"":-423,""yaw_cd"":170,""bat_mv"":0,""status"":2}"
2026-08-12T19:47:58.508+00:00,BIN,"BIN,ver=1,type=1,seq=54036,ts=119,lat=0,lon=0,alt_mm=30,speed_cms=0,heading_cd=59254,pitch_cd=-853,roll_cd=-401,yaw_cd=149,bat_mv=0,status=0x02","{""ver"":1,""type"":1,""seq"":54036,""ts"":119,""lat"":0,""lon"":0,""alt_mm"":30,""speed_cms"":0,""heading_cd"":59254,""pitch_cd"":-853,""roll_cd"":-401,""yaw_cd"":149,""bat_mv"":0,""status"":2}"
2026-08-12T19:47:58.589+00:00,BIN,"BIN,ver=1,type=1,seq=54036,ts=119,lat=0,lon=0,alt_mm=40,speed_cms=0,heading_cd=59254,pitch_cd=-853,roll_cd=-401,yaw_cd=149,bat_mv=0,status=0x02","{""ver"":1,""type"":1,""seq"":54036,""ts"":119,""lat"":0,""lon"":0,""alt_mm"":40,""speed_cms"":0,""heading_cd"":59254,""pitch_cd"":-853,""roll_cd"":-401,""yaw_cd"":149,""bat_mv"":0,""status"":2}"
2026-08-12T19:47:58.674+00:00,BIN,"BIN,ver=1,type=1,seq=54191,ts=119,lat=0,lon=0,alt_mm=40,speed_cms=0,heading_cd=59254,pitch_cd=-854,roll_cd=-414,yaw_cd=123,bat_mv=0,status=0x02","{""ver"":1,""type"":1,""seq"":54191,""ts"":119,""lat"":0,""lon"":0,""alt_mm"":40,""speed_cms"":0,""heading_cd"":59254,""pitch_cd"":-854,""roll_cd"":-414,""yaw_cd"":123,""bat_mv"":0,""status"":2}"
2026-08-12T19:47:58.761+00:00,BIN,"BIN,ver=1,type=1,seq=54315,ts=119,lat=0,lon=0,alt_mm=20,speed_cms=0,heading_cd=59254,pitch_cd=-850,roll_cd=-402,yaw_cd=122,bat_mv=0,status=0x02","{""ver"":1,""type"":1,""seq"":54315,""ts"":119,""lat"":0,""lon"":0,""alt_mm"":20,""speed_cms"":0,""heading_cd"":59254,""pitch_cd"":-850,""roll_cd"":-402,""yaw_cd"":122,""bat_mv"":0,""status"":2}"
2026-08-12T19:47:58.840+00:00,BIN,"BIN,ver=1,type=1,seq=54315,ts=119,lat=0,lon=0,alt_mm=20,speed_cms=0,heading_cd=59254,pitch_cd=-856,roll_cd=-397,yaw_cd=137,bat_mv=0,status=0x02","{""ver"":1,""type"":1,""seq"":54315,""ts"":119,""lat"":0,""lon"":0,""alt_mm"":20,""speed_cms"":0,""heading_cd"":59254,""pitch_cd"":-856,""roll_cd"":-397,""yaw_cd"":137,""bat_mv"":0,""status"":2}"
2026-08-12T19:47:58.925+00:00,BIN,"BIN,ver=1,type=1,seq=54482,ts=120,lat=0,lon=0,alt_mm=30,speed_cms=0,heading_cd=59254,pitch_cd=-851,roll_cd=-412,yaw_cd=150,bat_mv=0,status=0x02","{""ver"":1,""type"":1,""seq"":54482,""ts"":120,""lat"":0,""lon"":0,""alt_mm"":30,""speed_cms"":0,""heading_cd"":59254,""pitch_cd"":-851,""roll_cd"":-412,""yaw_cd"":150,""bat_mv"":0,""status"":2}"
2026-08-12T19:47:59.008+00:00,BIN,"BIN,ver=1,type=1,seq=54482,ts=120,lat=0,lon=0,alt_mm=30,speed_cms=0,heading_cd=59254,pitch_cd=-860,roll_cd=-434,yaw_cd=154,bat_mv=0,status=0x02","{""ver"":1,""type"":1,""seq"":54482,""ts"":120,""lat"":0,""lon"":0,""alt_mm"":30,""speed_cms"":0,""heading_cd"":59254,""pitch_cd"":-860,""roll_cd"":-434,""yaw_cd"":154,""bat_mv"":0,""status"":2}"
2026-08-12T19:47:59.094+00:00,BIN,"BIN,ver=1,type=1,seq=54595,ts=120,lat=0,lon=0,alt_mm=30,speed_cms=0,heading_cd=59254,pitch_cd=-840,roll_cd=-424,yaw_cd=142,bat_mv=0,status=0x02","{""ver"":1,""type"":1,""seq"":54595,""ts"":120,""lat"":0,""lon"":0,""alt_mm"":30,""speed_cms"":0,""heading_cd"":59254,""pitch_cd"":-840,""roll_cd"":-424,""yaw_cd"":142,""bat_mv"":0,""status"":2}"
2026-08-12T19:47:59.180+00:00,BIN,"BIN,ver=1,type=1,seq=54751,ts=120,lat=0,lon=0,alt_mm=30,speed_cms=0,heading_cd=59254,pitch_cd=-855,roll_cd=-380,yaw_cd=134,bat_mv=0,status=0x02","{""ver"":1,""type"":1,""seq"":54751,""ts"":120,""lat"":0,""lon"":0,""alt_mm"":30,""speed_cms"":0,""heading_cd"":59254,""pitch_cd"":-855,""roll_cd"":-380,""yaw_cd"":134,""bat_mv"":0,""status"":2}"
2026-08-12T19:47:59.259+00:00,BIN,"BIN,ver=1,type=1,seq=54875,ts=120,lat=0,lon=0,alt_mm=50,speed_cms=0,heading_cd=59254,pitch_cd=-855,roll_cd=-380,yaw_cd=134,bat_mv=0,status=0x02","{""ver"":1,""type"":1,""seq"":54875,""ts"":120,""lat"":0,""lon"":0,""alt_mm"":50,""speed_cms"":0,""heading_cd"":59254,""pitch_cd"":-855,""roll_cd"":-380,""yaw_cd"":134,""bat_mv"":0,""status"":2}"
2026-08-12T19:47:59.345+00:00,BIN,"BIN,ver=1,type=1,seq=55035,ts=120,lat=0,lon=0,alt_mm=20,speed_cms=0,heading_cd=59254,pitch_cd=-848,roll_cd=-395,yaw_cd=133,bat_mv=0,status=0x02","{""ver"":1,""type"":1,""seq"":55035,""ts"":120,""lat"":0,""lon"":0,""alt_mm"":20,""speed_cms"":0,""heading_cd"":59254,""pitch_cd"":-848,""roll_cd"":-395,""yaw_cd"":133,""bat_mv"":0,""status"":2}"
2026-08-12T19:47:59.431+00:00,BIN,"BIN,ver=1,type=1,seq=55035,ts=120,lat=0,lon=0,alt_mm=20,speed_cms=0,heading_cd=59254,pitch_cd=-848,roll_cd=-395,yaw_cd=133,bat_mv=0,status=0x02","{""ver"":1,""type"":1,""seq"":55035,""ts"":120,""lat"":0,""lon"":0,""alt_mm"":20,""speed_cms"":0,""heading_cd"":59254,""pitch_cd"":-848,""roll_cd"":-395,""yaw_cd"":133,""bat_mv"":0,""status"":2}"
2026-08-12T19:47:59.517+00:00,BIN,"BIN,ver=1,type=1,seq=55035,ts=120,lat=0,lon=0,alt_mm=20,speed_cms=0,heading_cd=59254,pitch_cd=-891,roll_cd=-442,yaw_cd=72,bat_mv=0,status=0x02","{""ver"":1,""type"":1,""seq"":55035,""ts"":120,""lat"":0,""lon"":0,""alt_mm"":20,""speed_cms"":0,""heading_cd"":59254,""pitch_cd"":-891,""roll_cd"":-442,""yaw_cd"":72,""bat_mv"":0,""status"":2}"
2026-08-12T19:47:59.598+00:00,BIN,"BIN,ver=1,type=1,seq=55155,ts=120,lat=0,lon=0,alt_mm=10,speed_cms=0,heading_cd=59254,pitch_cd=-891,roll_cd=-442,yaw_cd=72,bat_mv=0,status=0x02","{""ver"":1,""type"":1,""seq"":55155,""ts"":120,""lat"":0,""lon"":0,""alt_mm"":10,""speed_cms"":0,""heading_cd"":59254,""pitch_cd"":-891,""roll_cd"":-442,""yaw_cd"":72,""bat_mv"":0,""status"":2}"
2026-08-12T19:47:59.679+00:00,BIN,"BIN,ver=1,type=1,seq=55155,ts=120,lat=0,lon=0,alt_mm=10,speed_cms=0,heading_cd=59254,pitch_cd=-848,roll_cd=-395,yaw_cd=19,bat_mv=0,status=0x02","{""ver"":1,""type"":1,""seq"":55155,""ts"":120,""lat"":0,""lon"":0,""alt_mm"":10,""speed_cms"":0,""heading_cd"":59254,""pitch_cd"":-848,""roll_cd"":-395,""yaw_cd"":19,""bat_mv"":0,""status"":2}"
2026-08-12T19:47:59.765+00:00,BIN,"BIN,ver=1,type=1,seq=55322,ts=120,lat=0,lon=0,alt_mm=-10,speed_cms=0,heading_cd=59254,pitch_cd=-845,roll_cd=-439,yaw_cd=73,bat_mv=0,status=0x02","{""ver"":1,""type"":1,""seq"":55322,""ts"":120,""lat"":0,""lon"":0,""alt_mm"":-10,""speed_cms"":0,""heading_cd"":59254,""pitch_cd"":-845,""roll_cd"":-439,""yaw_cd"":73,""bat_mv"":0,""status"":2}"
2026-08-12T19:47:59.848+00:00,BIN,"BIN,ver=1,type=1,seq=55322,ts=121,lat=0,lon=0,alt_mm=30,speed_cms=0,heading_cd=59254,pitch_cd=-876,roll_cd=-412,yaw_cd=8,bat_mv=0,status=0x02","{""ver"":1,""type"":1,""seq"":55322,""ts"":121,""lat"":0,""lon"":0,""alt_mm"":30,""speed_cms"":0,""heading_cd"":59254,""pitch_cd"":-876,""roll_cd"":-412,""yaw_cd"":8,""bat_mv"":0,""status"":2}"
2026-08-12T19:47:59.931+00:00,BIN,"BIN,ver=1,type=1,seq=55435,ts=121,lat=0,lon=0,alt_mm=30,speed_cms=0,heading_cd=59254,pitch_cd=-896,roll_cd=-356,yaw_cd=55,bat_mv=0,status=0x02","{""ver"":1,""type"":1,""seq"":55435,""ts"":121,""lat"":0,""lon"":0,""alt_mm"":30,""speed_cms"":0,""heading_cd"":59254,""pitch_cd"":-896,""roll_cd"":-356,""yaw_cd"":55,""bat_mv"":0,""status"":2}"
2026-08-12T19:48:00.014+00:00,BIN,"BIN,ver=1,type=1,seq=55435,ts=121,lat=0,lon=0,alt_mm=30,speed_cms=0,heading_cd=59254,pitch_cd=-896,roll_cd=-356,yaw_cd=55,bat_mv=0,status=0x02","{""ver"":1,""type"":1,""seq"":55435,""ts"":121,""lat"":0,""lon"":0,""alt_mm"":30,""speed_cms"":0,""heading_cd"":59254,""pitch_cd"":-896,""roll_cd"":-356,""yaw_cd"":55,""bat_mv"":0,""status"":2}"
2026-08-12T19:48:00.098+00:00,BIN,"BIN,ver=1,type=1,seq=55590,ts=121,lat=0,lon=0,alt_mm=30,speed_cms=0,heading_cd=59254,pitch_cd=-860,roll_cd=-383,yaw_cd=63,bat_mv=0,status=0x02","{""ver"":1,""type"":1,""seq"":55590,""ts"":121,""lat"":0,""lon"":0,""alt_mm"":30,""speed_cms"":0,""heading_cd"":59254,""pitch_cd"":-860,""roll_cd"":-383,""yaw_cd"":63,""bat_mv"":0,""status"":2}"
2026-08-12T19:48:00.185+00:00,BIN,"BIN,ver=1,type=1,seq=55715,ts=121,lat=0,lon=0,alt_mm=40,speed_cms=0,heading_cd=59254,pitch_cd=-885,roll_cd=-419,yaw_cd=35,bat_mv=0,status=0x02","{""ver"":1,""type"":1,""seq"":55715,""ts"":121,""lat"":0,""lon"":0,""alt_mm"":40,""speed_cms"":0,""heading_cd"":59254,""pitch_cd"":-885,""roll_cd"":-419,""yaw_cd"":35,""bat_mv"":0,""status"":2}"
2026-08-12T19:48:00.269+00:00,BIN,"BIN,ver=1,type=1,seq=56016,ts=121,lat=0,lon=0,alt_mm=40,speed_cms=0,heading_cd=59254,pitch_cd=-975,roll_cd=-322,yaw_cd=10,bat_mv=0,status=0x02","{""ver"":1,""type"":1,""seq"":56016,""ts"":121,""lat"":0,""lon"":0,""alt_mm"":40,""speed_cms"":0,""heading_cd"":59254,""pitch_cd"":-975,""roll_cd"":-322,""yaw_cd"":10,""bat_mv"":0,""status"":2}"
2026-08-12T19:48:00.350+00:00,BIN,"BIN,ver=1,type=1,seq=56016,ts=121,lat=0,lon=0,alt_mm=40,speed_cms=0,heading_cd=59254,pitch_cd=-975,roll_cd=-322,yaw_cd=10,bat_mv=0,status=0x02","{""ver"":1,""type"":1,""seq"":56016,""ts"":121,""lat"":0,""lon"":0,""alt_mm"":40,""speed_cms"":0,""heading_cd"":59254,""pitch_cd"":-975,""roll_cd"":-322,""yaw_cd"":10,""bat_mv"":0,""status"":2}"
2026-08-12T19:48:00.438+00:00,BIN,"BIN,ver=1,type=1,seq=56016,ts=121,lat=0,lon=0,alt_mm=40,speed_cms=0,heading_cd=59254,pitch_cd=-890,roll_cd=-375,yaw_cd=83,bat_mv=0,status=0x02","{""ver"":1,""type"":1,""seq"":56016,""ts"":121,""lat"":0,""lon"":0,""alt_mm"":40,""speed_cms"":0,""heading_cd"":59254,""pitch_cd"":-890,""roll_cd"":-375,""yaw_cd"":83,""bat_mv"":0,""status"":2}"
2026-08-12T19:48:00.521+00:00,BIN,"BIN,ver=1,type=1,seq=56016,ts=121,lat=0,lon=0,alt_mm=40,speed_cms=0,heading_cd=59254,pitch_cd=-890,roll_cd=-375,yaw_cd=83,bat_mv=0,status=0x02","{""ver"":1,""type"":1,""seq"":56016,""ts"":121,""lat"":0,""lon"":0,""alt_mm"":40,""speed_cms"":0,""heading_cd"":59254,""pitch_cd"":-890,""roll_cd"":-375,""yaw_cd"":83,""bat_mv"":0,""status"":2}"
2026-08-12T19:48:00.605+00:00,BIN,"BIN,ver=1,type=1,seq=56132,ts=121,lat=0,lon=0,alt_mm=50,speed_cms=0,heading_cd=59254,pitch_cd=-877,roll_cd=-381,yaw_cd=105,bat_mv=0,status=0x02","{""ver"":1,""type"":1,""seq"":56132,""ts"":121,""lat"":0,""lon"":0,""alt_mm"":50,""speed_cms"":0,""heading_cd"":59254,""pitch_cd"":-877,""roll_cd"":-381,""yaw_cd"":105,""bat_mv"":0,""status"":2}"
2026-08-12T19:48:00.689+00:00,BIN,"BIN,ver=1,type=1,seq=56255,ts=121,lat=0,lon=0,alt_mm=40,speed_cms=0,heading_cd=59254,pitch_cd=-896,roll_cd=-395,yaw_cd=80,bat_mv=0,status=0x02","{""ver"":1,""type"":1,""seq"":56255,""ts"":121,""lat"":0,""lon"":0,""alt_mm"":40,""speed_cms"":0,""heading_cd"":59254,""pitch_cd"":-896,""roll_cd"":-395,""yaw_cd"":80,""bat_mv"":0,""status"":2}"
2026-08-12T19:48:00.770+00:00,BIN,"BIN,ver=1,type=1,seq=56255,ts=121,lat=0,lon=0,alt_mm=40,speed_cms=0,heading_cd=59254,pitch_cd=-894,roll_cd=-370,yaw_cd=79,bat_mv=0,status=0x02","{""ver"":1,""type"":1,""seq"":56255,""ts"":121,""lat"":0,""lon"":0,""alt_mm"":40,""speed_cms"":0,""heading_cd"":59254,""pitch_cd"":-894,""roll_cd"":-370,""yaw_cd"":79,""bat_mv"":0,""status"":2}"
2026-08-12T19:48:00.855+00:00,BIN,"BIN,ver=1,type=1,seq=56422,ts=122,lat=0,lon=0,alt_mm=40,speed_cms=0,heading_cd=59254,pitch_cd=-1121,roll_cd=-310,yaw_cd=-66,bat_mv=0,status=0x02","{""ver"":1,""type"":1,""seq"":56422,""ts"":122,""lat"":0,""lon"":0,""alt_mm"":40,""speed_cms"":0,""heading_cd"":59254,""pitch_cd"":-1121,""roll_cd"":-310,""yaw_cd"":-66,""bat_mv"":0,""status"":2}"
2026-08-12T19:48:00.940+00:00,BIN,"BIN,ver=1,type=1,seq=56422,ts=122,lat=0,lon=0,alt_mm=30,speed_cms=0,heading_cd=59254,pitch_cd=-1089,roll_cd=-227,yaw_cd=-36,bat_mv=0,status=0x02","{""ver"":1,""type"":1,""seq"":56422,""ts"":122,""lat"":0,""lon"":0,""alt_mm"":30,""speed_cms"":0,""heading_cd"":59254,""pitch_cd"":-1089,""roll_cd"":-227,""yaw_cd"":-36,""bat_mv"":0,""status"":2}"
2026-08-12T19:48:01.024+00:00,BIN,"BIN,ver=1,type=1,seq=56535,ts=122,lat=0,lon=0,alt_mm=30,speed_cms=0,heading_cd=59254,pitch_cd=-905,roll_cd=-548,yaw_cd=-241,bat_mv=0,status=0x02","{""ver"":1,""type"":1,""seq"":56535,""ts"":122,""lat"":0,""lon"":0,""alt_mm"":30,""speed_cms"":0,""heading_cd"":59254,""pitch_cd"":-905,""roll_cd"":-548,""yaw_cd"":-241,""bat_mv"":0,""status"":2}"
2026-08-12T19:48:01.108+00:00,BIN,"BIN,ver=1,type=1,seq=56693,ts=122,lat=0,lon=0,alt_mm=110,speed_cms=0,heading_cd=59254,pitch_cd=-787,roll_cd=-570,yaw_cd=-180,bat_mv=0,status=0x02","{""ver"":1,""type"":1,""seq"":56693,""ts"":122,""lat"":0,""lon"":0,""alt_mm"":110,""speed_cms"":0,""heading_cd"":59254,""pitch_cd"":-787,""roll_cd"":-570,""yaw_cd"":-180,""bat_mv"":0,""status"":2}"
2026-08-12T19:48:01.192+00:00,BIN,"BIN,ver=1,type=1,seq=56693,ts=122,lat=0,lon=0,alt_mm=110,speed_cms=0,heading_cd=59254,pitch_cd=-320,roll_cd=-468,yaw_cd=-19,bat_mv=0,status=0x02","{""ver"":1,""type"":1,""seq"":56693,""ts"":122,""lat"":0,""lon"":0,""alt_mm"":110,""speed_cms"":0,""heading_cd"":59254,""pitch_cd"":-320,""roll_cd"":-468,""yaw_cd"":-19,""bat_mv"":0,""status"":2}"
2026-08-12T19:48:01.274+00:00,BIN,"BIN,ver=1,type=1,seq=56815,ts=122,lat=0,lon=0,alt_mm=90,speed_cms=0,heading_cd=59254,pitch_cd=306,roll_cd=-1000,yaw_cd=-646,bat_mv=0,status=0x02","{""ver"":1,""type"":1,""seq"":56815,""ts"":122,""lat"":0,""lon"":0,""alt_mm"":90,""speed_cms"":0,""heading_cd"":59254,""pitch_cd"":306,""roll_cd"":-1000,""yaw_cd"":-646,""bat_mv"":0,""status"":2}"
2026-08-12T19:48:01.360+00:00,BIN,"BIN,ver=1,type=1,seq=56970,ts=122,lat=0,lon=0,alt_mm=90,speed_cms=0,heading_cd=59254,pitch_cd=306,roll_cd=-1000,yaw_cd=-646,bat_mv=0,status=0x02","{""ver"":1,""type"":1,""seq"":56970,""ts"":122,""lat"":0,""lon"":0,""alt_mm"":90,""speed_cms"":0,""heading_cd"":59254,""pitch_cd"":306,""roll_cd"":-1000,""yaw_cd"":-646,""bat_mv"":0,""status"":2}"
2026-08-12T19:48:01.443+00:00,BIN,"BIN,ver=1,type=1,seq=56970,ts=122,lat=0,lon=0,alt_mm=90,speed_cms=0,heading_cd=59254,pitch_cd=383,roll_cd=-676,yaw_cd=-807,bat_mv=0,status=0x02","{""ver"":1,""type"":1,""seq"":56970,""ts"":122,""lat"":0,""lon"":0,""alt_mm"":90,""speed_cms"":0,""heading_cd"":59254,""pitch_cd"":383,""roll_cd"":-676,""yaw_cd"":-807,""bat_mv"":0,""status"":2}"
2026-08-12T19:48:01.527+00:00,BIN,"BIN,ver=1,type=1,seq=57096,ts=122,lat=0,lon=0,alt_mm=-50,speed_cms=0,heading_cd=59254,pitch_cd=383,roll_cd=-676,yaw_cd=-807,bat_mv=0,status=0x02","{""ver"":1,""type"":1,""seq"":57096,""ts"":122,""lat"":0,""lon"":0,""alt_mm"":-50,""speed_cms"":0,""heading_cd"":59254,""pitch_cd"":383,""roll_cd"":-676,""yaw_cd"":-807,""bat_mv"":0,""status"":2}"
2026-08-12T19:48:01.607+00:00,BIN,"BIN,ver=1,type=1,seq=57096,ts=122,lat=0,lon=0,alt_mm=-50,speed_cms=0,heading_cd=59254,pitch_cd=421,roll_cd=-1315,yaw_cd=-282,bat_mv=0,status=0x02","{""ver"":1,""type"":1,""seq"":57096,""ts"":122,""lat"":0,""lon"":0,""alt_mm"":-50,""speed_cms"":0,""heading_cd"":59254,""pitch_cd"":421,""roll_cd"":-1315,""yaw_cd"":-282,""bat_mv"":0,""status"":2}"
2026-08-12T19:48:01.693+00:00,BIN,"BIN,ver=1,type=1,seq=57262,ts=122,lat=0,lon=0,alt_mm=-140,speed_cms=0,heading_cd=59254,pitch_cd=506,roll_cd=-712,yaw_cd=-232,bat_mv=0,status=0x02","{""ver"":1,""type"":1,""seq"":57262,""ts"":122,""lat"":0,""lon"":0,""alt_mm"":-140,""speed_cms"":0,""heading_cd"":59254,""pitch_cd"":506,""roll_cd"":-712,""yaw_cd"":-232,""bat_mv"":0,""status"":2}"
2026-08-12T19:48:01.776+00:00,BIN,"BIN,ver=1,type=1,seq=57262,ts=122,lat=0,lon=0,alt_mm=-160,speed_cms=0,heading_cd=59254,pitch_cd=442,roll_cd=-1039,yaw_cd=-174,bat_mv=0,status=0x02","{""ver"":1,""type"":1,""seq"":57262,""ts"":122,""lat"":0,""lon"":0,""alt_mm"":-160,""speed_cms"":0,""heading_cd"":59254,""pitch_cd"":442,""roll_cd"":-1039,""yaw_cd"":-174,""bat_mv"":0,""status"":2}"
2026-08-12T19:48:01.862+00:00,BIN,"BIN,ver=1,type=1,seq=57375,ts=123,lat=0,lon=0,alt_mm=-160,speed_cms=0,heading_cd=59254,pitch_cd=569,roll_cd=-847,yaw_cd=-73,bat_mv=0,status=0x02","{""ver"":1,""type"":1,""seq"":57375,""ts"":123,""lat"":0,""lon"":0,""alt_mm"":-160,""speed_cms"":0,""heading_cd"":59254,""pitch_cd"":569,""roll_cd"":-847,""yaw_cd"":-73,""bat_mv"":0,""status"":2}"
2026-08-12T19:48:01.946+00:00,BIN,"BIN,ver=1,type=1,seq=57375,ts=123,lat=0,lon=0,alt_mm=-180,speed_cms=0,heading_cd=59254,pitch_cd=569,roll_cd=-847,yaw_cd=-73,bat_mv=0,status=0x02","{""ver"":1,""type"":1,""seq"":57375,""ts"":123,""lat"":0,""lon"":0,""alt_mm"":-180,""speed_cms"":0,""heading_cd"":59254,""pitch_cd"":569,""roll_cd"":-847,""yaw_cd"":-73,""bat_mv"":0,""status"":2}"
2026-08-12T19:48:02.029+00:00,BIN,"BIN,ver=1,type=1,seq=57530,ts=123,lat=0,lon=0,alt_mm=-180,speed_cms=0,heading_cd=59254,pitch_cd=772,roll_cd=-693,yaw_cd=56,bat_mv=0,status=0x02","{""ver"":1,""type"":1,""seq"":57530,""ts"":123,""lat"":0,""lon"":0,""alt_mm"":-180,""speed_cms"":0,""heading_cd"":59254,""pitch_cd"":772,""roll_cd"":-693,""yaw_cd"":56,""bat_mv"":0,""status"":2}"
2026-08-12T19:48:02.115+00:00,BIN,"BIN,ver=1,type=1,seq=57655,ts=123,lat=0,lon=0,alt_mm=-200,speed_cms=0,heading_cd=59254,pitch_cd=863,roll_cd=-666,yaw_cd=-3,bat_mv=0,status=0x02","{""ver"":1,""type"":1,""seq"":57655,""ts"":123,""lat"":0,""lon"":0,""alt_mm"":-200,""speed_cms"":0,""heading_cd"":59254,""pitch_cd"":863,""roll_cd"":-666,""yaw_cd"":-3,""bat_mv"":0,""status"":2}"
2026-08-12T19:48:02.200+00:00,BIN,"BIN,ver=1,type=1,seq=57841,ts=123,lat=0,lon=0,alt_mm=-210,speed_cms=0,heading_cd=59254,pitch_cd=844,roll_cd=-1022,yaw_cd=-192,bat_mv=0,status=0x02","{""ver"":1,""type"":1,""seq"":57841,""ts"":123,""lat"":0,""lon"":0,""alt_mm"":-210,""speed_cms"":0,""heading_cd"":59254,""pitch_cd"":844,""roll_cd"":-1022,""yaw_cd"":-192,""bat_mv"":0,""status"":2}"
2026-08-12T19:48:02.283+00:00,BIN,"BIN,ver=1,type=1,seq=57955,ts=123,lat=0,lon=0,alt_mm=-200,speed_cms=0,heading_cd=59254,pitch_cd=890,roll_cd=-622,yaw_cd=98,bat_mv=0,status=0x02","{""ver"":1,""type"":1,""seq"":57955,""ts"":123,""lat"":0,""lon"":0,""alt_mm"":-200,""speed_cms"":0,""heading_cd"":59254,""pitch_cd"":890,""roll_cd"":-622,""yaw_cd"":98,""bat_mv"":0,""status"":2}"
2026-08-12T19:48:02.367+00:00,BIN,"BIN,ver=1,type=1,seq=57955,ts=123,lat=0,lon=0,alt_mm=-200,speed_cms=0,heading_cd=59254,pitch_cd=711,roll_cd=-492,yaw_cd=-93,bat_mv=0,status=0x02","{""ver"":1,""type"":1,""seq"":57955,""ts"":123,""lat"":0,""lon"":0,""alt_mm"":-200,""speed_cms"":0,""heading_cd"":59254,""pitch_cd"":711,""roll_cd"":-492,""yaw_cd"":-93,""bat_mv"":0,""status"":2}"
2026-08-12T19:48:02.451+00:00,BIN,"BIN,ver=1,type=1,seq=57955,ts=123,lat=0,lon=0,alt_mm=-160,speed_cms=0,heading_cd=59254,pitch_cd=711,roll_cd=-492,yaw_cd=-93,bat_mv=0,status=0x02","{""ver"":1,""type"":1,""seq"":57955,""ts"":123,""lat"":0,""lon"":0,""alt_mm"":-160,""speed_cms"":0,""heading_cd"":59254,""pitch_cd"":711,""roll_cd"":-492,""yaw_cd"":-93,""bat_mv"":0,""status"":2}"
2026-08-12T19:48:02.534+00:00,BIN,"BIN,ver=1,type=1,seq=58085,ts=123,lat=0,lon=0,alt_mm=-160,speed_cms=0,heading_cd=59254,pitch_cd=614,roll_cd=-439,yaw_cd=-180,bat_mv=0,status=0x02","{""ver"":1,""type"":1,""seq"":58085,""ts"":123,""lat"":0,""lon"":0,""alt_mm"":-160,""speed_cms"":0,""heading_cd"":59254,""pitch_cd"":614,""roll_cd"":-439,""yaw_cd"":-180,""bat_mv"":0,""status"":2}"
2026-08-12T19:48:02.619+00:00,BIN,"BIN,ver=1,type=1,seq=58085,ts=123,lat=0,lon=0,alt_mm=-140,speed_cms=0,heading_cd=59254,pitch_cd=760,roll_cd=-387,yaw_cd=-137,bat_mv=0,status=0x02","{""ver"":1,""type"":1,""seq"":58085,""ts"":123,""lat"":0,""lon"":0,""alt_mm"":-140,""speed_cms"":0,""heading_cd"":59254,""pitch_cd"":760,""roll_cd"":-387,""yaw_cd"":-137,""bat_mv"":0,""status"":2}"
2026-08-12T19:48:02.703+00:00,BIN,"BIN,ver=1,type=1,seq=58195,ts=123,lat=0,lon=0,alt_mm=-140,speed_cms=0,heading_cd=59254,pitch_cd=866,roll_cd=-452,yaw_cd=-144,bat_mv=0,status=0x02","{""ver"":1,""type"":1,""seq"":58195,""ts"":123,""lat"":0,""lon"":0,""alt_mm"":-140,""speed_cms"":0,""heading_cd"":59254,""pitch_cd"":866,""roll_cd"":-452,""yaw_cd"":-144,""bat_mv"":0,""status"":2}"
2026-08-12T19:48:02.786+00:00,BIN,"BIN,ver=1,type=1,seq=58353,ts=123,lat=0,lon=0,alt_mm=-130,speed_cms=0,heading_cd=59254,pitch_cd=857,roll_cd=-466,yaw_cd=-85,bat_mv=0,status=0x02","{""ver"":1,""type"":1,""seq"":58353,""ts"":123,""lat"":0,""lon"":0,""alt_mm"":-130,""speed_cms"":0,""heading_cd"":59254,""pitch_cd"":857,""roll_cd"":-466,""yaw_cd"":-85,""bat_mv"":0,""status"":2}"
2026-08-12T19:48:02.866+00:00,BIN,"BIN,ver=1,type=1,seq=58353,ts=124,lat=0,lon=0,alt_mm=-120,speed_cms=0,heading_cd=59254,pitch_cd=906,roll_cd=-404,yaw_cd=-113,bat_mv=0,status=0x02","{""ver"":1,""type"":1,""seq"":58353,""ts"":124,""lat"":0,""lon"":0,""alt_mm"":-120,""speed_cms"":0,""heading_cd"":59254,""pitch_cd"":906,""roll_cd"":-404,""yaw_cd"":-113,""bat_mv"":0,""status"":2}"
2026-08-12T19:48:02.952+00:00,BIN,"BIN,ver=1,type=1,seq=58475,ts=124,lat=0,lon=0,alt_mm=-120,speed_cms=0,heading_cd=59254,pitch_cd=809,roll_cd=-447,yaw_cd=-137,bat_mv=0,status=0x02","{""ver"":1,""type"":1,""seq"":58475,""ts"":124,""lat"":0,""lon"":0,""alt_mm"":-120,""speed_cms"":0,""heading_cd"":59254,""pitch_cd"":809,""roll_cd"":-447,""yaw_cd"":-137,""bat_mv"":0,""status"":2}"
2026-08-12T19:48:03.035+00:00,BIN,"BIN,ver=1,type=1,seq=58630,ts=124,lat=0,lon=0,alt_mm=-100,speed_cms=0,heading_cd=59254,pitch_cd=827,roll_cd=-457,yaw_cd=-181,bat_mv=0,status=0x02","{""ver"":1,""type"":1,""seq"":58630,""ts"":124,""lat"":0,""lon"":0,""alt_mm"":-100,""speed_cms"":0,""heading_cd"":59254,""pitch_cd"":827,""roll_cd"":-457,""yaw_cd"":-181,""bat_mv"":0,""status"":2}"
2026-08-12T19:48:03.122+00:00,BIN,"BIN,ver=1,type=1,seq=58630,ts=124,lat=0,lon=0,alt_mm=-100,speed_cms=0,heading_cd=59254,pitch_cd=863,roll_cd=-468,yaw_cd=-111,bat_mv=0,status=0x02","{""ver"":1,""type"":1,""seq"":58630,""ts"":124,""lat"":0,""lon"":0,""alt_mm"":-100,""speed_cms"":0,""heading_cd"":59254,""pitch_cd"":863,""roll_cd"":-468,""yaw_cd"":-111,""bat_mv"":0,""status"":2}"
2026-08-12T19:48:03.205+00:00,BIN,"BIN,ver=1,type=1,seq=58755,ts=124,lat=0,lon=0,alt_mm=-100,speed_cms=0,heading_cd=59254,pitch_cd=911,roll_cd=-449,yaw_cd=-56,bat_mv=0,status=0x02","{""ver"":1,""type"":1,""seq"":58755,""ts"":124,""lat"":0,""lon"":0,""alt_mm"":-100,""speed_cms"":0,""heading_cd"":59254,""pitch_cd"":911,""roll_cd"":-449,""yaw_cd"":-56,""bat_mv"":0,""status"":2}"
2026-08-12T19:48:03.287+00:00,BIN,"BIN,ver=1,type=1,seq=58910,ts=124,lat=0,lon=0,alt_mm=-100,speed_cms=0,heading_cd=59254,pitch_cd=848,roll_cd=-518,yaw_cd=44,bat_mv=0,status=0x02","{""ver"":1,""type"":1,""seq"":58910,""ts"":124,""lat"":0,""lon"":0,""alt_mm"":-100,""speed_cms"":0,""heading_cd"":59254,""pitch_cd"":848,""roll_cd"":-518,""yaw_cd"":44,""bat_mv"":0,""status"":2}"
2026-08-12T19:48:03.372+00:00,BIN,"BIN,ver=1,type=1,seq=58910,ts=124,lat=0,lon=0,alt_mm=-110,speed_cms=0,heading_cd=59254,pitch_cd=834,roll_cd=-564,yaw_cd=31,bat_mv=0,status=0x02","{""ver"":1,""type"":1,""seq"":58910,""ts"":124,""lat"":0,""lon"":0,""alt_mm"":-110,""speed_cms"":0,""heading_cd"":59254,""pitch_cd"":834,""roll_cd"":-564,""yaw_cd"":31,""bat_mv"":0,""status"":2}"
2026-08-12T19:48:03.459+00:00,BIN,"BIN,ver=1,type=1,seq=59036,ts=124,lat=0,lon=0,alt_mm=-110,speed_cms=0,heading_cd=59254,pitch_cd=834,roll_cd=-564,yaw_cd=31,bat_mv=0,status=0x02","{""ver"":1,""type"":1,""seq"":59036,""ts"":124,""lat"":0,""lon"":0,""alt_mm"":-110,""speed_cms"":0,""heading_cd"":59254,""pitch_cd"":834,""roll_cd"":-564,""yaw_cd"":31,""bat_mv"":0,""status"":2}"
2026-08-12T19:48:03.541+00:00,BIN,"BIN,ver=1,type=1,seq=59036,ts=124,lat=0,lon=0,alt_mm=-110,speed_cms=0,heading_cd=59254,pitch_cd=821,roll_cd=-510,yaw_cd=-30,bat_mv=0,status=0x02","{""ver"":1,""type"":1,""seq"":59036,""ts"":124,""lat"":0,""lon"":0,""alt_mm"":-110,""speed_cms"":0,""heading_cd"":59254,""pitch_cd"":821,""roll_cd"":-510,""yaw_cd"":-30,""bat_mv"":0,""status"":2}"
2026-08-12T19:48:03.625+00:00,BIN,"BIN,ver=1,type=1,seq=59202,ts=124,lat=0,lon=0,alt_mm=-80,speed_cms=0,heading_cd=59254,pitch_cd=834,roll_cd=-545,yaw_cd=-50,bat_mv=0,status=0x02","{""ver"":1,""type"":1,""seq"":59202,""ts"":124,""lat"":0,""lon"":0,""alt_mm"":-80,""speed_cms"":0,""heading_cd"":59254,""pitch_cd"":834,""roll_cd"":-545,""yaw_cd"":-50,""bat_mv"":0,""status"":2}"
2026-08-12T19:48:03.709+00:00,BIN,"BIN,ver=1,type=1,seq=59202,ts=124,lat=0,lon=0,alt_mm=-80,speed_cms=0,heading_cd=59254,pitch_cd=810,roll_cd=-586,yaw_cd=28,bat_mv=0,status=0x02","{""ver"":1,""type"":1,""seq"":59202,""ts"":124,""lat"":0,""lon"":0,""alt_mm"":-80,""speed_cms"":0,""heading_cd"":59254,""pitch_cd"":810,""roll_cd"":-586,""yaw_cd"":28,""bat_mv"":0,""status"":2}"
2026-08-12T19:48:03.792+00:00,BIN,"BIN,ver=1,type=1,seq=59315,ts=124,lat=0,lon=0,alt_mm=-80,speed_cms=0,heading_cd=59254,pitch_cd=727,roll_cd=-572,yaw_cd=45,bat_mv=0,status=0x02","{""ver"":1,""type"":1,""seq"":59315,""ts"":124,""lat"":0,""lon"":0,""alt_mm"":-80,""speed_cms"":0,""heading_cd"":59254,""pitch_cd"":727,""roll_cd"":-572,""yaw_cd"":45,""bat_mv"":0,""status"":2}"
2026-08-12T19:48:03.875+00:00,BIN,"BIN,ver=1,type=1,seq=59315,ts=125,lat=0,lon=0,alt_mm=-110,speed_cms=0,heading_cd=59254,pitch_cd=727,roll_cd=-572,yaw_cd=45,bat_mv=0,status=0x02","{""ver"":1,""type"":1,""seq"":59315,""ts"":125,""lat"":0,""lon"":0,""alt_mm"":-110,""speed_cms"":0,""heading_cd"":59254,""pitch_cd"":727,""roll_cd"":-572,""yaw_cd"":45,""bat_mv"":0,""status"":2}"
2026-08-12T19:48:03.959+00:00,BIN,"BIN,ver=1,type=1,seq=59471,ts=125,lat=0,lon=0,alt_mm=-110,speed_cms=0,heading_cd=59254,pitch_cd=662,roll_cd=-672,yaw_cd=64,bat_mv=0,status=0x02","{""ver"":1,""type"":1,""seq"":59471,""ts"":125,""lat"":0,""lon"":0,""alt_mm"":-110,""speed_cms"":0,""heading_cd"":59254,""pitch_cd"":662,""roll_cd"":-672,""yaw_cd"":64,""bat_mv"":0,""status"":2}"
2026-08-12T19:48:04.044+00:00,BIN,"BIN,ver=1,type=1,seq=59471,ts=125,lat=0,lon=0,alt_mm=-70,speed_cms=0,heading_cd=59254,pitch_cd=690,roll_cd=-719,yaw_cd=197,bat_mv=0,status=0x02","{""ver"":1,""type"":1,""seq"":59471,""ts"":125,""lat"":0,""lon"":0,""alt_mm"":-70,""speed_cms"":0,""heading_cd"":59254,""pitch_cd"":690,""roll_cd"":-719,""yaw_cd"":197,""bat_mv"":0,""status"":2}"
2026-08-12T19:48:04.129+00:00,BIN,"BIN,ver=1,type=1,seq=59595,ts=125,lat=0,lon=0,alt_mm=-70,speed_cms=0,heading_cd=59254,pitch_cd=736,roll_cd=-642,yaw_cd=213,bat_mv=0,status=0x02","{""ver"":1,""type"":1,""seq"":59595,""ts"":125,""lat"":0,""lon"":0,""alt_mm"":-70,""speed_cms"":0,""heading_cd"":59254,""pitch_cd"":736,""roll_cd"":-642,""yaw_cd"":213,""bat_mv"":0,""status"":2}"
2026-08-12T19:48:04.209+00:00,BIN,"BIN,ver=1,type=1,seq=59895,ts=125,lat=0,lon=0,alt_mm=-100,speed_cms=0,heading_cd=59254,pitch_cd=318,roll_cd=-871,yaw_cd=284,bat_mv=0,status=0x02","{""ver"":1,""type"":1,""seq"":59895,""ts"":125,""lat"":0,""lon"":0,""alt_mm"":-100,""speed_cms"":0,""heading_cd"":59254,""pitch_cd"":318,""roll_cd"":-871,""yaw_cd"":284,""bat_mv"":0,""status"":2}"
2026-08-12T19:48:04.293+00:00,BIN,"BIN,ver=1,type=1,seq=60026,ts=125,lat=0,lon=0,alt_mm=-70,speed_cms=0,heading_cd=59254,pitch_cd=-180,roll_cd=-734,yaw_cd=293,bat_mv=0,status=0x02","{""ver"":1,""type"":1,""seq"":60026,""ts"":125,""lat"":0,""lon"":0,""alt_mm"":-70,""speed_cms"":0,""heading_cd"":59254,""pitch_cd"":-180,""roll_cd"":-734,""yaw_cd"":293,""bat_mv"":0,""status"":2}"
2026-08-12T19:48:04.376+00:00,BIN,"BIN,ver=1,type=1,seq=60026,ts=125,lat=0,lon=0,alt_mm=-70,speed_cms=0,heading_cd=59254,pitch_cd=-180,roll_cd=-734,yaw_cd=293,bat_mv=0,status=0x02","{""ver"":1,""type"":1,""seq"":60026,""ts"":125,""lat"":0,""lon"":0,""alt_mm"":-70,""speed_cms"":0,""heading_cd"":59254,""pitch_cd"":-180,""roll_cd"":-734,""yaw_cd"":293,""bat_mv"":0,""status"":2}"
2026-08-12T19:48:04.462+00:00,BIN,"BIN,ver=1,type=1,seq=60026,ts=125,lat=0,lon=0,alt_mm=-70,speed_cms=0,heading_cd=59254,pitch_cd=-403,roll_cd=-1786,yaw_cd=1344,bat_mv=0,status=0x02","{""ver"":1,""type"":1,""seq"":60026,""ts"":125,""lat"":0,""lon"":0,""alt_mm"":-70,""speed_cms"":0,""heading_cd"":59254,""pitch_cd"":-403,""roll_cd"":-1786,""yaw_cd"":1344,""bat_mv"":0,""status"":2}"
2026-08-12T19:48:04.548+00:00,BIN,"BIN,ver=1,type=1,seq=60026,ts=125,lat=0,lon=0,alt_mm=-60,speed_cms=0,heading_cd=59254,pitch_cd=-403,roll_cd=-1786,yaw_cd=1344,bat_mv=0,status=0x02","{""ver"":1,""type"":1,""seq"":60026,""ts"":125,""lat"":0,""lon"":0,""alt_mm"":-60,""speed_cms"":0,""heading_cd"":59254,""pitch_cd"":-403,""roll_cd"":-1786,""yaw_cd"":1344,""bat_mv"":0,""status"":2}"
2026-08-12T19:48:04.631+00:00,BIN,"BIN,ver=1,type=1,seq=60136,ts=125,lat=0,lon=0,alt_mm=-60,speed_cms=0,heading_cd=59254,pitch_cd=-278,roll_cd=-235,yaw_cd=244,bat_mv=0,status=0x02","{""ver"":1,""type"":1,""seq"":60136,""ts"":125,""lat"":0,""lon"":0,""alt_mm"":-60,""speed_cms"":0,""heading_cd"":59254,""pitch_cd"":-278,""roll_cd"":-235,""yaw_cd"":244,""bat_mv"":0,""status"":2}"
2026-08-12T19:48:04.715+00:00,BIN,"BIN,ver=1,type=1,seq=60290,ts=125,lat=0,lon=0,alt_mm=-50,speed_cms=0,heading_cd=59254,pitch_cd=-545,roll_cd=-599,yaw_cd=312,bat_mv=0,status=0x02","{""ver"":1,""type"":1,""seq"":60290,""ts"":125,""lat"":0,""lon"":0,""alt_mm"":-50,""speed_cms"":0,""heading_cd"":59254,""pitch_cd"":-545,""roll_cd"":-599,""yaw_cd"":312,""bat_mv"":0,""status"":2}"
2026-08-12T19:48:04.798+00:00,BIN,"BIN,ver=1,type=1,seq=60290,ts=125,lat=0,lon=0,alt_mm=-50,speed_cms=0,heading_cd=59254,pitch_cd=-441,roll_cd=-651,yaw_cd=435,bat_mv=0,status=0x02","{""ver"":1,""type"":1,""seq"":60290,""ts"":125,""lat"":0,""lon"":0,""alt_mm"":-50,""speed_cms"":0,""heading_cd"":59254,""pitch_cd"":-441,""roll_cd"":-651,""yaw_cd"":435,""bat_mv"":0,""status"":2}"
2026-08-12T19:48:04.883+00:00,BIN,"BIN,ver=1,type=1,seq=60415,ts=126,lat=0,lon=0,alt_mm=-60,speed_cms=0,heading_cd=59254,pitch_cd=-441,roll_cd=-651,yaw_cd=435,bat_mv=0,status=0x02","{""ver"":1,""type"":1,""seq"":60415,""ts"":126,""lat"":0,""lon"":0,""alt_mm"":-60,""speed_cms"":0,""heading_cd"":59254,""pitch_cd"":-441,""roll_cd"":-651,""yaw_cd"":435,""bat_mv"":0,""status"":2}"
2026-08-12T19:48:04.966+00:00,BIN,"BIN,ver=1,type=1,seq=60415,ts=126,lat=0,lon=0,alt_mm=-60,speed_cms=0,heading_cd=59254,pitch_cd=-372,roll_cd=-812,yaw_cd=247,bat_mv=0,status=0x02","{""ver"":1,""type"":1,""seq"":60415,""ts"":126,""lat"":0,""lon"":0,""alt_mm"":-60,""speed_cms"":0,""heading_cd"":59254,""pitch_cd"":-372,""roll_cd"":-812,""yaw_cd"":247,""bat_mv"":0,""status"":2}"
2026-08-12T19:48:05.051+00:00,BIN,"BIN,ver=1,type=1,seq=60570,ts=126,lat=0,lon=0,alt_mm=-30,speed_cms=0,heading_cd=59254,pitch_cd=-446,roll_cd=-716,yaw_cd=430,bat_mv=0,status=0x02","{""ver"":1,""type"":1,""seq"":60570,""ts"":126,""lat"":0,""lon"":0,""alt_mm"":-30,""speed_cms"":0,""heading_cd"":59254,""pitch_cd"":-446,""roll_cd"":-716,""yaw_cd"":430,""bat_mv"":0,""status"":2}"
2026-08-12T19:48:05.133+00:00,BIN,"BIN,ver=1,type=1,seq=60695,ts=126,lat=0,lon=0,alt_mm=-40,speed_cms=0,heading_cd=59254,pitch_cd=-394,roll_cd=-753,yaw_cd=502,bat_mv=0,status=0x02","{""ver"":1,""type"":1,""seq"":60695,""ts"":126,""lat"":0,""lon"":0,""alt_mm"":-40,""speed_cms"":0,""heading_cd"":59254,""pitch_cd"":-394,""roll_cd"":-753,""yaw_cd"":502,""bat_mv"":0,""status"":2}"
2026-08-12T19:48:05.217+00:00,BIN,"BIN,ver=1,type=1,seq=60695,ts=126,lat=0,lon=0,alt_mm=-10,speed_cms=0,heading_cd=59254,pitch_cd=-361,roll_cd=-694,yaw_cd=523,bat_mv=0,status=0x02","{""ver"":1,""type"":1,""seq"":60695,""ts"":126,""lat"":0,""lon"":0,""alt_mm"":-10,""speed_cms"":0,""heading_cd"":59254,""pitch_cd"":-361,""roll_cd"":-694,""yaw_cd"":523,""bat_mv"":0,""status"":2}"
2026-08-12T19:48:05.303+00:00,BIN,"BIN,ver=1,type=1,seq=60975,ts=126,lat=0,lon=0,alt_mm=-20,speed_cms=0,heading_cd=59254,pitch_cd=-423,roll_cd=-591,yaw_cd=698,bat_mv=0,status=0x02","{""ver"":1,""type"":1,""seq"":60975,""ts"":126,""lat"":0,""lon"":0,""alt_mm"":-20,""speed_cms"":0,""heading_cd"":59254,""pitch_cd"":-423,""roll_cd"":-591,""yaw_cd"":698,""bat_mv"":0,""status"":2}"
2026-08-12T19:48:05.387+00:00,BIN,"BIN,ver=1,type=1,seq=60975,ts=126,lat=0,lon=0,alt_mm=-20,speed_cms=0,heading_cd=59254,pitch_cd=-410,roll_cd=-515,yaw_cd=701,bat_mv=0,status=0x02","{""ver"":1,""type"":1,""seq"":60975,""ts"":126,""lat"":0,""lon"":0,""alt_mm"":-20,""speed_cms"":0,""heading_cd"":59254,""pitch_cd"":-410,""roll_cd"":-515,""yaw_cd"":701,""bat_mv"":0,""status"":2}"
2026-08-12T19:48:05.471+00:00,BIN,"BIN,ver=1,type=1,seq=60975,ts=126,lat=0,lon=0,alt_mm=-20,speed_cms=0,heading_cd=59254,pitch_cd=-410,roll_cd=-515,yaw_cd=701,bat_mv=0,status=0x02","{""ver"":1,""type"":1,""seq"":60975,""ts"":126,""lat"":0,""lon"":0,""alt_mm"":-20,""speed_cms"":0,""heading_cd"":59254,""pitch_cd"":-410,""roll_cd"":-515,""yaw_cd"":701,""bat_mv"":0,""status"":2}"
2026-08-12T19:48:05.554+00:00,BIN,"BIN,ver=1,type=1,seq=61132,ts=126,lat=0,lon=0,alt_mm=-20,speed_cms=0,heading_cd=59254,pitch_cd=-422,roll_cd=-583,yaw_cd=799,bat_mv=0,status=0x02","{""ver"":1,""type"":1,""seq"":61132,""ts"":126,""lat"":0,""lon"":0,""alt_mm"":-20,""speed_cms"":0,""heading_cd"":59254,""pitch_cd"":-422,""roll_cd"":-583,""yaw_cd"":799,""bat_mv"":0,""status"":2}"
2026-08-12T19:48:05.639+00:00,BIN,"BIN,ver=1,type=1,seq=61132,ts=126,lat=0,lon=0,alt_mm=-20,speed_cms=0,heading_cd=59254,pitch_cd=-504,roll_cd=-598,yaw_cd=642,bat_mv=0,status=0x02","{""ver"":1,""type"":1,""seq"":61132,""ts"":126,""lat"":0,""lon"":0,""alt_mm"":-20,""speed_cms"":0,""heading_cd"":59254,""pitch_cd"":-504,""roll_cd"":-598,""yaw_cd"":642,""bat_mv"":0,""status"":2}"
2026-08-12T19:48:05.721+00:00,BIN,"BIN,ver=1,type=1,seq=61255,ts=126,lat=0,lon=0,alt_mm=-20,speed_cms=0,heading_cd=59254,pitch_cd=-504,roll_cd=-598,yaw_cd=642,bat_mv=0,status=0x02","{""ver"":1,""type"":1,""seq"":61255,""ts"":126,""lat"":0,""lon"":0,""alt_mm"":-20,""speed_cms"":0,""heading_cd"":59254,""pitch_cd"":-504,""roll_cd"":-598,""yaw_cd"":642,""bat_mv"":0,""status"":2}"
2026-08-12T19:48:05.807+00:00,BIN,"BIN,ver=1,type=1,seq=61255,ts=126,lat=0,lon=0,alt_mm=-20,speed_cms=0,heading_cd=59254,pitch_cd=4,roll_cd=-388,yaw_cd=267,bat_mv=0,status=0x02","{""ver"":1,""type"":1,""seq"":61255,""ts"":126,""lat"":0,""lon"":0,""alt_mm"":-20,""speed_cms"":0,""heading_cd"":59254,""pitch_cd"":4,""roll_cd"":-388,""yaw_cd"":267,""bat_mv"":0,""status"":2}"
2026-08-12T19:48:05.889+00:00,BIN,"BIN,ver=1,type=1,seq=61411,ts=127,lat=0,lon=0,alt_mm=-60,speed_cms=0,heading_cd=59254,pitch_cd=-680,roll_cd=-891,yaw_cd=454,bat_mv=0,status=0x02","{""ver"":1,""type"":1,""seq"":61411,""ts"":127,""lat"":0,""lon"":0,""alt_mm"":-60,""speed_cms"":0,""heading_cd"":59254,""pitch_cd"":-680,""roll_cd"":-891,""yaw_cd"":454,""bat_mv"":0,""status"":2}"
2026-08-12T19:48:05.974+00:00,BIN,"BIN,ver=1,type=1,seq=61411,ts=127,lat=0,lon=0,alt_mm=-60,speed_cms=0,heading_cd=59254,pitch_cd=-500,roll_cd=-849,yaw_cd=235,bat_mv=0,status=0x02","{""ver"":1,""type"":1,""seq"":61411,""ts"":127,""lat"":0,""lon"":0,""alt_mm"":-60,""speed_cms"":0,""heading_cd"":59254,""pitch_cd"":-500,""roll_cd"":-849,""yaw_cd"":235,""bat_mv"":0,""status"":2}"
2026-08-12T19:48:06.056+00:00,BIN,"BIN,ver=1,type=1,seq=61535,ts=127,lat=0,lon=0,alt_mm=-60,speed_cms=0,heading_cd=59254,pitch_cd=-322,roll_cd=-893,yaw_cd=134,bat_mv=0,status=0x02","{""ver"":1,""type"":1,""seq"":61535,""ts"":127,""lat"":0,""lon"":0,""alt_mm"":-60,""speed_cms"":0,""heading_cd"":59254,""pitch_cd"":-322,""roll_cd"":-893,""yaw_cd"":134,""bat_mv"":0,""status"":2}"
2026-08-12T19:48:06.139+00:00,BIN,"BIN,ver=1,type=1,seq=61734,ts=127,lat=0,lon=0,alt_mm=-80,speed_cms=0,heading_cd=59254,pitch_cd=-405,roll_cd=-823,yaw_cd=168,bat_mv=0,status=0x02","{""ver"":1,""type"":1,""seq"":61734,""ts"":127,""lat"":0,""lon"":0,""alt_mm"":-80,""speed_cms"":0,""heading_cd"":59254,""pitch_cd"":-405,""roll_cd"":-823,""yaw_cd"":168,""bat_mv"":0,""status"":2}"
2026-08-12T19:48:06.225+00:00,BIN,"BIN,ver=1,type=1,seq=61855,ts=127,lat=0,lon=0,alt_mm=-60,speed_cms=0,heading_cd=59254,pitch_cd=-595,roll_cd=-756,yaw_cd=168,bat_mv=0,status=0x02","{""ver"":1,""type"":1,""seq"":61855,""ts"":127,""lat"":0,""lon"":0,""alt_mm"":-60,""speed_cms"":0,""heading_cd"":59254,""pitch_cd"":-595,""roll_cd"":-756,""yaw_cd"":168,""bat_mv"":0,""status"":2}"
2026-08-12T19:48:06.309+00:00,BIN,"BIN,ver=1,type=1,seq=61971,ts=127,lat=0,lon=0,alt_mm=-60,speed_cms=0,heading_cd=59254,pitch_cd=-291,roll_cd=-983,yaw_cd=34,bat_mv=0,status=0x02","{""ver"":1,""type"":1,""seq"":61971,""ts"":127,""lat"":0,""lon"":0,""alt_mm"":-60,""speed_cms"":0,""heading_cd"":59254,""pitch_cd"":-291,""roll_cd"":-983,""yaw_cd"":34,""bat_mv"":0,""status"":2}"
2026-08-12T19:48:06.392+00:00,BIN,"BIN,ver=1,type=1,seq=61971,ts=127,lat=0,lon=0,alt_mm=-60,speed_cms=0,heading_cd=59254,pitch_cd=-426,roll_cd=-780,yaw_cd=157,bat_mv=0,status=0x02","{""ver"":1,""type"":1,""seq"":61971,""ts"":127,""lat"":0,""lon"":0,""alt_mm"":-60,""speed_cms"":0,""heading_cd"":59254,""pitch_cd"":-426,""roll_cd"":-780,""yaw_cd"":157,""bat_mv"":0,""status"":2}"
2026-08-12T19:48:06.476+00:00,BIN,"BIN,ver=1,type=1,seq=61971,ts=127,lat=0,lon=0,alt_mm=-50,speed_cms=0,heading_cd=59254,pitch_cd=-426,roll_cd=-780,yaw_cd=157,bat_mv=0,status=0x02","{""ver"":1,""type"":1,""seq"":61971,""ts"":127,""lat"":0,""lon"":0,""alt_mm"":-50,""speed_cms"":0,""heading_cd"":59254,""pitch_cd"":-426,""roll_cd"":-780,""yaw_cd"":157,""bat_mv"":0,""status"":2}"
2026-08-12T19:48:06.560+00:00,BIN,"BIN,ver=1,type=1,seq=62096,ts=127,lat=0,lon=0,alt_mm=-50,speed_cms=0,heading_cd=59254,pitch_cd=-383,roll_cd=-849,yaw_cd=-41,bat_mv=0,status=0x02","{""ver"":1,""type"":1,""seq"":62096,""ts"":127,""lat"":0,""lon"":0,""alt_mm"":-50,""speed_cms"":0,""heading_cd"":59254,""pitch_cd"":-383,""roll_cd"":-849,""yaw_cd"":-41,""bat_mv"":0,""status"":2}"
2026-08-12T19:48:06.644+00:00,BIN,"BIN,ver=1,type=1,seq=62096,ts=127,lat=0,lon=0,alt_mm=-10,speed_cms=0,heading_cd=59254,pitch_cd=-416,roll_cd=-916,yaw_cd=-96,bat_mv=0,status=0x02","{""ver"":1,""type"":1,""seq"":62096,""ts"":127,""lat"":0,""lon"":0,""alt_mm"":-10,""speed_cms"":0,""heading_cd"":59254,""pitch_cd"":-416,""roll_cd"":-916,""yaw_cd"":-96,""bat_mv"":0,""status"":2}"
2026-08-12T19:48:06.726+00:00,BIN,"BIN,ver=1,type=1,seq=62250,ts=127,lat=0,lon=0,alt_mm=-10,speed_cms=0,heading_cd=59254,pitch_cd=-459,roll_cd=-823,yaw_cd=-111,bat_mv=0,status=0x02","{""ver"":1,""type"":1,""seq"":62250,""ts"":127,""lat"":0,""lon"":0,""alt_mm"":-10,""speed_cms"":0,""heading_cd"":59254,""pitch_cd"":-459,""roll_cd"":-823,""yaw_cd"":-111,""bat_mv"":0,""status"":2}"
2026-08-12T19:48:06.813+00:00,BIN,"BIN,ver=1,type=1,seq=62375,ts=128,lat=0,lon=0,alt_mm=-40,speed_cms=0,heading_cd=59254,pitch_cd=-490,roll_cd=-867,yaw_cd=-162,bat_mv=0,status=0x02","{""ver"":1,""type"":1,""seq"":62375,""ts"":128,""lat"":0,""lon"":0,""alt_mm"":-40,""speed_cms"":0,""heading_cd"":59254,""pitch_cd"":-490,""roll_cd"":-867,""yaw_cd"":-162,""bat_mv"":0,""status"":2}"
2026-08-12T19:48:06.896+00:00,BIN,"BIN,ver=1,type=1,seq=62375,ts=128,lat=0,lon=0,alt_mm=-40,speed_cms=0,heading_cd=59254,pitch_cd=-382,roll_cd=-878,yaw_cd=-155,bat_mv=0,status=0x02","{""ver"":1,""type"":1,""seq"":62375,""ts"":128,""lat"":0,""lon"":0,""alt_mm"":-40,""speed_cms"":0,""heading_cd"":59254,""pitch_cd"":-382,""roll_cd"":-878,""yaw_cd"":-155,""bat_mv"":0,""status"":2}"
2026-08-12T19:48:06.980+00:00,BIN,"BIN,ver=1,type=1,seq=62531,ts=128,lat=0,lon=0,alt_mm=-10,speed_cms=0,heading_cd=59254,pitch_cd=-493,roll_cd=-776,yaw_cd=-273,bat_mv=0,status=0x02","{""ver"":1,""type"":1,""seq"":62531,""ts"":128,""lat"":0,""lon"":0,""alt_mm"":-10,""speed_cms"":0,""heading_cd"":59254,""pitch_cd"":-493,""roll_cd"":-776,""yaw_cd"":-273,""bat_mv"":0,""status"":2}"
2026-08-12T19:48:07.061+00:00,BIN,"BIN,ver=1,type=1,seq=62531,ts=128,lat=0,lon=0,alt_mm=-30,speed_cms=0,heading_cd=59254,pitch_cd=-485,roll_cd=-850,yaw_cd=58,bat_mv=0,status=0x02","{""ver"":1,""type"":1,""seq"":62531,""ts"":128,""lat"":0,""lon"":0,""alt_mm"":-30,""speed_cms"":0,""heading_cd"":59254,""pitch_cd"":-485,""roll_cd"":-850,""yaw_cd"":58,""bat_mv"":0,""status"":2}"
2026-08-12T19:48:07.144+00:00,BIN,"BIN,ver=1,type=1,seq=62655,ts=128,lat=0,lon=0,alt_mm=-30,speed_cms=0,heading_cd=59254,pitch_cd=-209,roll_cd=-805,yaw_cd=-21,bat_mv=0,status=0x02","{""ver"":1,""type"":1,""seq"":62655,""ts"":128,""lat"":0,""lon"":0,""alt_mm"":-30,""speed_cms"":0,""heading_cd"":59254,""pitch_cd"":-209,""roll_cd"":-805,""yaw_cd"":-21,""bat_mv"":0,""status"":2}"
2026-08-12T19:48:07.230+00:00,BIN,"BIN,ver=1,type=1,seq=62935,ts=128,lat=0,lon=0,alt_mm=-10,speed_cms=0,heading_cd=59254,pitch_cd=-382,roll_cd=-895,yaw_cd=8,bat_mv=0,status=0x02","{""ver"":1,""type"":1,""seq"":62935,""ts"":128,""lat"":0,""lon"":0,""alt_mm"":-10,""speed_cms"":0,""heading_cd"":59254,""pitch_cd"":-382,""roll_cd"":-895,""yaw_cd"":8,""bat_mv"":0,""status"":2}"
2026-08-12T19:48:07.314+00:00,BIN,"BIN,ver=1,type=1,seq=62935,ts=128,lat=0,lon=0,alt_mm=-10,speed_cms=0,heading_cd=59254,pitch_cd=-340,roll_cd=-856,yaw_cd=-5,bat_mv=0,status=0x02","{""ver"":1,""type"":1,""seq"":62935,""ts"":128,""lat"":0,""lon"":0,""alt_mm"":-10,""speed_cms"":0,""heading_cd"":59254,""pitch_cd"":-340,""roll_cd"":-856,""yaw_cd"":-5,""bat_mv"":0,""status"":2}"
2026-08-12T19:48:07.399+00:00,BIN,"BIN,ver=1,type=1,seq=62935,ts=128,lat=0,lon=0,alt_mm=-10,speed_cms=0,heading_cd=59254,pitch_cd=-340,roll_cd=-856,yaw_cd=-5,bat_mv=0,status=0x02","{""ver"":1,""type"":1,""seq"":62935,""ts"":128,""lat"":0,""lon"":0,""alt_mm"":-10,""speed_cms"":0,""heading_cd"":59254,""pitch_cd"":-340,""roll_cd"":-856,""yaw_cd"":-5,""bat_mv"":0,""status"":2}"
2026-08-12T19:48:07.483+00:00,BIN,"BIN,ver=1,type=1,seq=62935,ts=128,lat=0,lon=0,alt_mm=-30,speed_cms=0,heading_cd=59254,pitch_cd=-340,roll_cd=-856,yaw_cd=-5,bat_mv=0,status=0x02","{""ver"":1,""type"":1,""seq"":62935,""ts"":128,""lat"":0,""lon"":0,""alt_mm"":-30,""speed_cms"":0,""heading_cd"":59254,""pitch_cd"":-340,""roll_cd"":-856,""yaw_cd"":-5,""bat_mv"":0,""status"":2}"
2026-08-12T19:48:07.567+00:00,BIN,"BIN,ver=1,type=1,seq=63093,ts=128,lat=0,lon=0,alt_mm=-30,speed_cms=0,heading_cd=59254,pitch_cd=-442,roll_cd=-870,yaw_cd=47,bat_mv=0,status=0x02","{""ver"":1,""type"":1,""seq"":63093,""ts"":128,""lat"":0,""lon"":0,""alt_mm"":-30,""speed_cms"":0,""heading_cd"":59254,""pitch_cd"":-442,""roll_cd"":-870,""yaw_cd"":47,""bat_mv"":0,""status"":2}"
2026-08-12T19:48:07.651+00:00,BIN,"BIN,ver=1,type=1,seq=63215,ts=128,lat=0,lon=0,alt_mm=-10,speed_cms=0,heading_cd=59254,pitch_cd=-369,roll_cd=-834,yaw_cd=86,bat_mv=0,status=0x02","{""ver"":1,""type"":1,""seq"":63215,""ts"":128,""lat"":0,""lon"":0,""alt_mm"":-10,""speed_cms"":0,""heading_cd"":59254,""pitch_cd"":-369,""roll_cd"":-834,""yaw_cd"":86,""bat_mv"":0,""status"":2}"
2026-08-12T19:48:07.734+00:00,BIN,"BIN,ver=1,type=1,seq=63215,ts=128,lat=0,lon=0,alt_mm=-10,speed_cms=0,heading_cd=59254,pitch_cd=-433,roll_cd=-882,yaw_cd=49,bat_mv=0,status=0x02","{""ver"":1,""type"":1,""seq"":63215,""ts"":128,""lat"":0,""lon"":0,""alt_mm"":-10,""speed_cms"":0,""heading_cd"":59254,""pitch_cd"":-433,""roll_cd"":-882,""yaw_cd"":49,""bat_mv"":0,""status"":2}"
2026-08-12T19:48:07.818+00:00,BIN,"BIN,ver=1,type=1,seq=63380,ts=128,lat=0,lon=0,alt_mm=-30,speed_cms=0,heading_cd=59254,pitch_cd=-381,roll_cd=-855,yaw_cd=9,bat_mv=0,status=0x02","{""ver"":1,""type"":1,""seq"":63380,""ts"":128,""lat"":0,""lon"":0,""alt_mm"":-30,""speed_cms"":0,""heading_cd"":59254,""pitch_cd"":-381,""roll_cd"":-855,""yaw_cd"":9,""bat_mv"":0,""status"":2}"
2026-08-12T19:48:07.902+00:00,BIN,"BIN,ver=1,type=1,seq=63380,ts=129,lat=0,lon=0,alt_mm=-30,speed_cms=0,heading_cd=59254,pitch_cd=-178,roll_cd=-795,yaw_cd=-7,bat_mv=0,status=0x02","{""ver"":1,""type"":1,""seq"":63380,""ts"":129,""lat"":0,""lon"":0,""alt_mm"":-30,""speed_cms"":0,""heading_cd"":59254,""pitch_cd"":-178,""roll_cd"":-795,""yaw_cd"":-7,""bat_mv"":0,""status"":2}"
2026-08-12T19:48:07.986+00:00,BIN,"BIN,ver=1,type=1,seq=63495,ts=129,lat=0,lon=0,alt_mm=-30,speed_cms=0,heading_cd=59254,pitch_cd=-741,roll_cd=-963,yaw_cd=428,bat_mv=0,status=0x02","{""ver"":1,""type"":1,""seq"":63495,""ts"":129,""lat"":0,""lon"":0,""alt_mm"":-30,""speed_cms"":0,""heading_cd"":59254,""pitch_cd"":-741,""roll_cd"":-963,""yaw_cd"":428,""bat_mv"":0,""status"":2}"
2026-08-12T19:48:08.070+00:00,BIN,"BIN,ver=1,type=1,seq=63495,ts=129,lat=0,lon=0,alt_mm=10,speed_cms=0,heading_cd=59254,pitch_cd=-741,roll_cd=-963,yaw_cd=428,bat_mv=0,status=0x02","{""ver"":1,""type"":1,""seq"":63495,""ts"":129,""lat"":0,""lon"":0,""alt_mm"":10,""speed_cms"":0,""heading_cd"":59254,""pitch_cd"":-741,""roll_cd"":-963,""yaw_cd"":428,""bat_mv"":0,""status"":2}"
2026-08-12T19:48:08.155+00:00,BIN,"BIN,ver=1,type=1,seq=63662,ts=129,lat=0,lon=0,alt_mm=10,speed_cms=0,heading_cd=59254,pitch_cd=-446,roll_cd=-825,yaw_cd=183,bat_mv=0,status=0x02","{""ver"":1,""type"":1,""seq"":63662,""ts"":129,""lat"":0,""lon"":0,""alt_mm"":10,""speed_cms"":0,""heading_cd"":59254,""pitch_cd"":-446,""roll_cd"":-825,""yaw_cd"":183,""bat_mv"":0,""status"":2}"
2026-08-12T19:48:08.238+00:00,BIN,"BIN,ver=1,type=1,seq=63775,ts=129,lat=0,lon=0,alt_mm=-20,speed_cms=0,heading_cd=59254,pitch_cd=-374,roll_cd=-844,yaw_cd=164,bat_mv=0,status=0x02","{""ver"":1,""type"":1,""seq"":63775,""ts"":129,""lat"":0,""lon"":0,""alt_mm"":-20,""speed_cms"":0,""heading_cd"":59254,""pitch_cd"":-374,""roll_cd"":-844,""yaw_cd"":164,""bat_mv"":0,""status"":2}"
2026-08-12T19:48:08.319+00:00,BIN,"BIN,ver=1,type=1,seq=63962,ts=129,lat=0,lon=0,alt_mm=-20,speed_cms=0,heading_cd=59254,pitch_cd=-409,roll_cd=-884,yaw_cd=80,bat_mv=0,status=0x02","{""ver"":1,""type"":1,""seq"":63962,""ts"":129,""lat"":0,""lon"":0,""alt_mm"":-20,""speed_cms"":0,""heading_cd"":59254,""pitch_cd"":-409,""roll_cd"":-884,""yaw_cd"":80,""bat_mv"":0,""status"":2}"
2026-08-12T19:48:08.406+00:00,BIN,"BIN,ver=1,type=1,seq=63962,ts=129,lat=0,lon=0,alt_mm=-10,speed_cms=0,heading_cd=59254,pitch_cd=-409,roll_cd=-884,yaw_cd=80,bat_mv=0,status=0x02","{""ver"":1,""type"":1,""seq"":63962,""ts"":129,""lat"":0,""lon"":0,""alt_mm"":-10,""speed_cms"":0,""heading_cd"":59254,""pitch_cd"":-409,""roll_cd"":-884,""yaw_cd"":80,""bat_mv"":0,""status"":2}"
2026-08-12T19:48:08.488+00:00,BIN,"BIN,ver=1,type=1,seq=64076,ts=129,lat=0,lon=0,alt_mm=-10,speed_cms=0,heading_cd=59254,pitch_cd=-409,roll_cd=-884,yaw_cd=80,bat_mv=0,status=0x02","{""ver"":1,""type"":1,""seq"":64076,""ts"":129,""lat"":0,""lon"":0,""alt_mm"":-10,""speed_cms"":0,""heading_cd"":59254,""pitch_cd"":-409,""roll_cd"":-884,""yaw_cd"":80,""bat_mv"":0,""status"":2}"
2026-08-12T19:48:08.571+00:00,BIN,"BIN,ver=1,type=1,seq=64076,ts=129,lat=0,lon=0,alt_mm=-10,speed_cms=0,heading_cd=59254,pitch_cd=-401,roll_cd=-861,yaw_cd=112,bat_mv=0,status=0x02","{""ver"":1,""type"":1,""seq"":64076,""ts"":129,""lat"":0,""lon"":0,""alt_mm"":-10,""speed_cms"":0,""heading_cd"":59254,""pitch_cd"":-401,""roll_cd"":-861,""yaw_cd"":112,""bat_mv"":0,""status"":2}"
2026-08-12T19:48:08.655+00:00,BIN,"BIN,ver=1,type=1,seq=64191,ts=129,lat=0,lon=0,alt_mm=-30,speed_cms=0,heading_cd=59254,pitch_cd=-332,roll_cd=-900,yaw_cd=36,bat_mv=0,status=0x02","{""ver"":1,""type"":1,""seq"":64191,""ts"":129,""lat"":0,""lon"":0,""alt_mm"":-30,""speed_cms"":0,""heading_cd"":59254,""pitch_cd"":-332,""roll_cd"":-900,""yaw_cd"":36,""bat_mv"":0,""status"":2}"
2026-08-12T19:48:08.741+00:00,BIN,"BIN,ver=1,type=1,seq=64191,ts=129,lat=0,lon=0,alt_mm=-20,speed_cms=0,heading_cd=59254,pitch_cd=-420,roll_cd=-863,yaw_cd=156,bat_mv=0,status=0x02","{""ver"":1,""type"":1,""seq"":64191,""ts"":129,""lat"":0,""lon"":0,""alt_mm"":-20,""speed_cms"":0,""heading_cd"":59254,""pitch_cd"":-420,""roll_cd"":-863,""yaw_cd"":156,""bat_mv"":0,""status"":2}"
2026-08-12T19:48:08.823+00:00,BIN,"BIN,ver=1,type=1,seq=64315,ts=129,lat=0,lon=0,alt_mm=-20,speed_cms=0,heading_cd=59254,pitch_cd=-367,roll_cd=-881,yaw_cd=-52,bat_mv=0,status=0x02","{""ver"":1,""type"":1,""seq"":64315,""ts"":129,""lat"":0,""lon"":0,""alt_mm"":-20,""speed_cms"":0,""heading_cd"":59254,""pitch_cd"":-367,""roll_cd"":-881,""yaw_cd"":-52,""bat_mv"":0,""status"":2}"
2026-08-12T19:48:08.908+00:00,BIN,"BIN,ver=1,type=1,seq=64471,ts=130,lat=0,lon=0,alt_mm=-40,speed_cms=0,heading_cd=59254,pitch_cd=-390,roll_cd=-856,yaw_cd=99,bat_mv=0,status=0x02","{""ver"":1,""type"":1,""seq"":64471,""ts"":130,""lat"":0,""lon"":0,""alt_mm"":-40,""speed_cms"":0,""heading_cd"":59254,""pitch_cd"":-390,""roll_cd"":-856,""yaw_cd"":99,""bat_mv"":0,""status"":2}"
2026-08-12T19:48:08.992+00:00,BIN,"BIN,ver=1,type=1,seq=64471,ts=130,lat=0,lon=0,alt_mm=-20,speed_cms=0,heading_cd=59254,pitch_cd=-394,roll_cd=-904,yaw_cd=31,bat_mv=0,status=0x02","{""ver"":1,""type"":1,""seq"":64471,""ts"":130,""lat"":0,""lon"":0,""alt_mm"":-20,""speed_cms"":0,""heading_cd"":59254,""pitch_cd"":-394,""roll_cd"":-904,""yaw_cd"":31,""bat_mv"":0,""status"":2}"
2026-08-12T19:48:09.074+00:00,BIN,"BIN,ver=1,type=1,seq=64595,ts=130,lat=0,lon=0,alt_mm=-20,speed_cms=0,heading_cd=59254,pitch_cd=-371,roll_cd=-970,yaw_cd=-114,bat_mv=0,status=0x02","{""ver"":1,""type"":1,""seq"":64595,""ts"":130,""lat"":0,""lon"":0,""alt_mm"":-20,""speed_cms"":0,""heading_cd"":59254,""pitch_cd"":-371,""roll_cd"":-970,""yaw_cd"":-114,""bat_mv"":0,""status"":2}"
2026-08-12T19:48:09.159+00:00,BIN,"BIN,ver=1,type=1,seq=64762,ts=130,lat=0,lon=0,alt_mm=-30,speed_cms=0,heading_cd=59254,pitch_cd=-331,roll_cd=-850,yaw_cd=-599,bat_mv=0,status=0x02","{""ver"":1,""type"":1,""seq"":64762,""ts"":130,""lat"":0,""lon"":0,""alt_mm"":-30,""speed_cms"":0,""heading_cd"":59254,""pitch_cd"":-331,""roll_cd"":-850,""yaw_cd"":-599,""bat_mv"":0,""status"":2}"
2026-08-12T19:48:09.244+00:00,BIN,"BIN,ver=1,type=1,seq=64875,ts=130,lat=0,lon=0,alt_mm=-40,speed_cms=0,heading_cd=59254,pitch_cd=-331,roll_cd=-850,yaw_cd=-599,bat_mv=0,status=0x02","{""ver"":1,""type"":1,""seq"":64875,""ts"":130,""lat"":0,""lon"":0,""alt_mm"":-40,""speed_cms"":0,""heading_cd"":59254,""pitch_cd"":-331,""roll_cd"":-850,""yaw_cd"":-599,""bat_mv"":0,""status"":2}"
2026-08-12T19:48:09.328+00:00,BIN,"BIN,ver=1,type=1,seq=64875,ts=130,lat=0,lon=0,alt_mm=-50,speed_cms=0,heading_cd=59254,pitch_cd=-356,roll_cd=-668,yaw_cd=-662,bat_mv=0,status=0x02","{""ver"":1,""type"":1,""seq"":64875,""ts"":130,""lat"":0,""lon"":0,""alt_mm"":-50,""speed_cms"":0,""heading_cd"":59254,""pitch_cd"":-356,""roll_cd"":-668,""yaw_cd"":-662,""bat_mv"":0,""status"":2}"
2026-08-12T19:48:09.411+00:00,BIN,"BIN,ver=1,type=1,seq=65035,ts=130,lat=0,lon=0,alt_mm=-50,speed_cms=0,heading_cd=59254,pitch_cd=-356,roll_cd=-668,yaw_cd=-662,bat_mv=0,status=0x02","{""ver"":1,""type"":1,""seq"":65035,""ts"":130,""lat"":0,""lon"":0,""alt_mm"":-50,""speed_cms"":0,""heading_cd"":59254,""pitch_cd"":-356,""roll_cd"":-668,""yaw_cd"":-662,""bat_mv"":0,""status"":2}"
2026-08-12T19:48:09.494+00:00,BIN,"BIN,ver=1,type=1,seq=65035,ts=130,lat=0,lon=0,alt_mm=-50,speed_cms=0,heading_cd=59254,pitch_cd=-293,roll_cd=-872,yaw_cd=-524,bat_mv=0,status=0x02","{""ver"":1,""type"":1,""seq"":65035,""ts"":130,""lat"":0,""lon"":0,""alt_mm"":-50,""speed_cms"":0,""heading_cd"":59254,""pitch_cd"":-293,""roll_cd"":-872,""yaw_cd"":-524,""bat_mv"":0,""status"":2}"
2026-08-12T19:48:09.577+00:00,BIN,"BIN,ver=1,type=1,seq=65035,ts=130,lat=0,lon=0,alt_mm=-30,speed_cms=0,heading_cd=59254,pitch_cd=-293,roll_cd=-872,yaw_cd=-524,bat_mv=0,status=0x02","{""ver"":1,""type"":1,""seq"":65035,""ts"":130,""lat"":0,""lon"":0,""alt_mm"":-30,""speed_cms"":0,""heading_cd"":59254,""pitch_cd"":-293,""roll_cd"":-872,""yaw_cd"":-524,""bat_mv"":0,""status"":2}"
2026-08-12T19:48:09.664+00:00,BIN,"BIN,ver=1,type=1,seq=65155,ts=130,lat=0,lon=0,alt_mm=-30,speed_cms=0,heading_cd=59254,pitch_cd=-330,roll_cd=-832,yaw_cd=-532,bat_mv=0,status=0x02","{""ver"":1,""type"":1,""seq"":65155,""ts"":130,""lat"":0,""lon"":0,""alt_mm"":-30,""speed_cms"":0,""heading_cd"":59254,""pitch_cd"":-330,""roll_cd"":-832,""yaw_cd"":-532,""bat_mv"":0,""status"":2}"
2026-08-12T19:48:09.747+00:00,BIN,"BIN,ver=1,type=1,seq=65310,ts=130,lat=0,lon=0,alt_mm=-30,speed_cms=0,heading_cd=59254,pitch_cd=-252,roll_cd=-738,yaw_cd=-485,bat_mv=0,status=0x02","{""ver"":1,""type"":1,""seq"":65310,""ts"":130,""lat"":0,""lon"":0,""alt_mm"":-30,""speed_cms"":0,""heading_cd"":59254,""pitch_cd"":-252,""roll_cd"":-738,""yaw_cd"":-485,""bat_mv"":0,""status"":2}"
2026-08-12T19:48:09.831+00:00,BIN,"BIN,ver=1,type=1,seq=65310,ts=131,lat=0,lon=0,alt_mm=-10,speed_cms=0,heading_cd=59254,pitch_cd=-293,roll_cd=-967,yaw_cd=-479,bat_mv=0,status=0x02","{""ver"":1,""type"":1,""seq"":65310,""ts"":131,""lat"":0,""lon"":0,""alt_mm"":-10,""speed_cms"":0,""heading_cd"":59254,""pitch_cd"":-293,""roll_cd"":-967,""yaw_cd"":-479,""bat_mv"":0,""status"":2}"
2026-08-12T19:48:09.914+00:00,BIN,"BIN,ver=1,type=1,seq=65435,ts=131,lat=0,lon=0,alt_mm=-10,speed_cms=0,heading_cd=59254,pitch_cd=-352,roll_cd=-698,yaw_cd=-553,bat_mv=0,status=0x02","{""ver"":1,""type"":1,""seq"":65435,""ts"":131,""lat"":0,""lon"":0,""alt_mm"":-10,""speed_cms"":0,""heading_cd"":59254,""pitch_cd"":-352,""roll_cd"":-698,""yaw_cd"":-553,""bat_mv"":0,""status"":2}"
2026-08-12T19:48:09.999+00:00,BIN,"BIN,ver=1,type=1,seq=65435,ts=131,lat=0,lon=0,alt_mm=-10,speed_cms=0,heading_cd=59254,pitch_cd=-352,roll_cd=-698,yaw_cd=-553,bat_mv=0,status=0x02","{""ver"":1,""type"":1,""seq"":65435,""ts"":131,""lat"":0,""lon"":0,""alt_mm"":-10,""speed_cms"":0,""heading_cd"":59254,""pitch_cd"":-352,""roll_cd"":-698,""yaw_cd"":-553,""bat_mv"":0,""status"":2}"
2026-08-12T19:48:10.081+00:00,BIN,"BIN,ver=1,type=1,seq=66,ts=131,lat=0,lon=0,alt_mm=-10,speed_cms=0,heading_cd=59254,pitch_cd=-288,roll_cd=-626,yaw_cd=-428,bat_mv=0,status=0x02","{""ver"":1,""type"":1,""seq"":66,""ts"":131,""lat"":0,""lon"":0,""alt_mm"":-10,""speed_cms"":0,""heading_cd"":59254,""pitch_cd"":-288,""roll_cd"":-626,""yaw_cd"":-428,""bat_mv"":0,""status"":2}"
2026-08-12T19:48:10.164+00:00,BIN,"BIN,ver=1,type=1,seq=66,ts=131,lat=0,lon=0,alt_mm=-20,speed_cms=0,heading_cd=59254,pitch_cd=-407,roll_cd=-1006,yaw_cd=-718,bat_mv=0,status=0x02","{""ver"":1,""type"":1,""seq"":66,""ts"":131,""lat"":0,""lon"":0,""alt_mm"":-20,""speed_cms"":0,""heading_cd"":59254,""pitch_cd"":-407,""roll_cd"":-1006,""yaw_cd"":-718,""bat_mv"":0,""status"":2}"
2026-08-12T19:48:10.251+00:00,BIN,"BIN,ver=1,type=1,seq=367,ts=131,lat=0,lon=0,alt_mm=-30,speed_cms=0,heading_cd=59254,pitch_cd=-275,roll_cd=-549,yaw_cd=-474,bat_mv=0,status=0x02","{""ver"":1,""type"":1,""seq"":367,""ts"":131,""lat"":0,""lon"":0,""alt_mm"":-30,""speed_cms"":0,""heading_cd"":59254,""pitch_cd"":-275,""roll_cd"":-549,""yaw_cd"":-474,""bat_mv"":0,""status"":2}"
2026-08-12T19:48:10.332+00:00,BIN,"BIN,ver=1,type=1,seq=480,ts=131,lat=0,lon=0,alt_mm=-20,speed_cms=0,heading_cd=59254,pitch_cd=-275,roll_cd=-549,yaw_cd=-474,bat_mv=0,status=0x02","{""ver"":1,""type"":1,""seq"":480,""ts"":131,""lat"":0,""lon"":0,""alt_mm"":-20,""speed_cms"":0,""heading_cd"":59254,""pitch_cd"":-275,""roll_cd"":-549,""yaw_cd"":-474,""bat_mv"":0,""status"":2}"
2026-08-12T19:48:10.419+00:00,BIN,"BIN,ver=1,type=1,seq=480,ts=131,lat=0,lon=0,alt_mm=-20,speed_cms=0,heading_cd=59254,pitch_cd=-276,roll_cd=-685,yaw_cd=-539,bat_mv=0,status=0x02","{""ver"":1,""type"":1,""seq"":480,""ts"":131,""lat"":0,""lon"":0,""alt_mm"":-20,""speed_cms"":0,""heading_cd"":59254,""pitch_cd"":-276,""roll_cd"":-685,""yaw_cd"":-539,""bat_mv"":0,""status"":2}"
2026-08-12T19:48:10.502+00:00,BIN,"BIN,ver=1,type=1,seq=480,ts=131,lat=0,lon=0,alt_mm=-20,speed_cms=0,heading_cd=59254,pitch_cd=-276,roll_cd=-685,yaw_cd=-539,bat_mv=0,status=0x02","{""ver"":1,""type"":1,""seq"":480,""ts"":131,""lat"":0,""lon"":0,""alt_mm"":-20,""speed_cms"":0,""heading_cd"":59254,""pitch_cd"":-276,""roll_cd"":-685,""yaw_cd"":-539,""bat_mv"":0,""status"":2}"
2026-08-12T19:48:10.587+00:00,BIN,"BIN,ver=1,type=1,seq=480,ts=131,lat=0,lon=0,alt_mm=-20,speed_cms=0,heading_cd=59254,pitch_cd=-276,roll_cd=-685,yaw_cd=-539,bat_mv=0,status=0x02","{""ver"":1,""type"":1,""seq"":480,""ts"":131,""lat"":0,""lon"":0,""alt_mm"":-20,""speed_cms"":0,""heading_cd"":59254,""pitch_cd"":-276,""roll_cd"":-685,""yaw_cd"":-539,""bat_mv"":0,""status"":2}"
2026-08-12T19:48:10.671+00:00,BIN,"BIN,ver=1,type=1,seq=596,ts=131,lat=0,lon=0,alt_mm=-20,speed_cms=0,heading_cd=59254,pitch_cd=-299,roll_cd=-790,yaw_cd=-630,bat_mv=0,status=0x02","{""ver"":1,""type"":1,""seq"":596,""ts"":131,""lat"":0,""lon"":0,""alt_mm"":-20,""speed_cms"":0,""heading_cd"":59254,""pitch_cd"":-299,""roll_cd"":-790,""yaw_cd"":-630,""bat_mv"":0,""status"":2}"
2026-08-12T19:48:10.754+00:00,BIN,"BIN,ver=1,type=1,seq=719,ts=131,lat=0,lon=0,alt_mm=-30,speed_cms=0,heading_cd=59254,pitch_cd=-411,roll_cd=-590,yaw_cd=-581,bat_mv=0,status=0x02","{""ver"":1,""type"":1,""seq"":719,""ts"":131,""lat"":0,""lon"":0,""alt_mm"":-30,""speed_cms"":0,""heading_cd"":59254,""pitch_cd"":-411,""roll_cd"":-590,""yaw_cd"":-581,""bat_mv"":0,""status"":2}"
2026-08-12T19:48:10.836+00:00,BIN,"BIN,ver=1,type=1,seq=719,ts=132,lat=0,lon=0,alt_mm=-10,speed_cms=0,heading_cd=59254,pitch_cd=-439,roll_cd=-868,yaw_cd=-409,bat_mv=0,status=0x02","{""ver"":1,""type"":1,""seq"":719,""ts"":132,""lat"":0,""lon"":0,""alt_mm"":-10,""speed_cms"":0,""heading_cd"":59254,""pitch_cd"":-439,""roll_cd"":-868,""yaw_cd"":-409,""bat_mv"":0,""status"":2}"
2026-08-12T19:48:10.923+00:00,BIN,"BIN,ver=1,type=1,seq=946,ts=132,lat=0,lon=0,alt_mm=-10,speed_cms=0,heading_cd=59254,pitch_cd=-439,roll_cd=-868,yaw_cd=-409,bat_mv=0,status=0x02","{""ver"":1,""type"":1,""seq"":946,""ts"":132,""lat"":0,""lon"":0,""alt_mm"":-10,""speed_cms"":0,""heading_cd"":59254,""pitch_cd"":-439,""roll_cd"":-868,""yaw_cd"":-409,""bat_mv"":0,""status"":2}"
2026-08-12T19:48:11.006+00:00,BIN,"BIN,ver=1,type=1,seq=1059,ts=132,lat=0,lon=0,alt_mm=20,speed_cms=0,heading_cd=59254,pitch_cd=-493,roll_cd=-893,yaw_cd=-298,bat_mv=0,status=0x02","{""ver"":1,""type"":1,""seq"":1059,""ts"":132,""lat"":0,""lon"":0,""alt_mm"":20,""speed_cms"":0,""heading_cd"":59254,""pitch_cd"":-493,""roll_cd"":-893,""yaw_cd"":-298,""bat_mv"":0,""status"":2}"
2026-08-12T19:48:11.089+00:00,BIN,"BIN,ver=1,type=1,seq=1166,ts=132,lat=0,lon=0,alt_mm=0,speed_cms=0,heading_cd=59254,pitch_cd=-664,roll_cd=-749,yaw_cd=-8,bat_mv=0,status=0x02","{""ver"":1,""type"":1,""seq"":1166,""ts"":132,""lat"":0,""lon"":0,""alt_mm"":0,""speed_cms"":0,""heading_cd"":59254,""pitch_cd"":-664,""roll_cd"":-749,""yaw_cd"":-8,""bat_mv"":0,""status"":2}"
2026-08-12T19:48:11.170+00:00,BIN,"BIN,ver=1,type=1,seq=1166,ts=132,lat=0,lon=0,alt_mm=0,speed_cms=0,heading_cd=59254,pitch_cd=-555,roll_cd=-698,yaw_cd=-200,bat_mv=0,status=0x02","{""ver"":1,""type"":1,""seq"":1166,""ts"":132,""lat"":0,""lon"":0,""alt_mm"":0,""speed_cms"":0,""heading_cd"":59254,""pitch_cd"":-555,""roll_cd"":-698,""yaw_cd"":-200,""bat_mv"":0,""status"":2}"
2026-08-12T19:48:11.257+00:00,BIN,"BIN,ver=1,type=1,seq=1299,ts=132,lat=0,lon=0,alt_mm=60,speed_cms=0,heading_cd=59254,pitch_cd=-620,roll_cd=-585,yaw_cd=-220,bat_mv=0,status=0x02","{""ver"":1,""type"":1,""seq"":1299,""ts"":132,""lat"":0,""lon"":0,""alt_mm"":60,""speed_cms"":0,""heading_cd"":59254,""pitch_cd"":-620,""roll_cd"":-585,""yaw_cd"":-220,""bat_mv"":0,""status"":2}"
2026-08-12T19:48:11.340+00:00,BIN,"BIN,ver=1,type=1,seq=1414,ts=132,lat=0,lon=0,alt_mm=60,speed_cms=0,heading_cd=59254,pitch_cd=-620,roll_cd=-585,yaw_cd=-220,bat_mv=0,status=0x02","{""ver"":1,""type"":1,""seq"":1414,""ts"":132,""lat"":0,""lon"":0,""alt_mm"":60,""speed_cms"":0,""heading_cd"":59254,""pitch_cd"":-620,""roll_cd"":-585,""yaw_cd"":-220,""bat_mv"":0,""status"":2}"
2026-08-12T19:48:11.425+00:00,BIN,"BIN,ver=1,type=1,seq=1414,ts=132,lat=0,lon=0,alt_mm=60,speed_cms=0,heading_cd=59254,pitch_cd=-477,roll_cd=-634,yaw_cd=-486,bat_mv=0,status=0x02","{""ver"":1,""type"":1,""seq"":1414,""ts"":132,""lat"":0,""lon"":0,""alt_mm"":60,""speed_cms"":0,""heading_cd"":59254,""pitch_cd"":-477,""roll_cd"":-634,""yaw_cd"":-486,""bat_mv"":0,""status"":2}"
2026-08-12T19:48:11.509+00:00,BIN,"BIN,ver=1,type=1,seq=1540,ts=132,lat=0,lon=0,alt_mm=20,speed_cms=0,heading_cd=59254,pitch_cd=-477,roll_cd=-634,yaw_cd=-486,bat_mv=0,status=0x02","{""ver"":1,""type"":1,""seq"":1540,""ts"":132,""lat"":0,""lon"":0,""alt_mm"":20,""speed_cms"":0,""heading_cd"":59254,""pitch_cd"":-477,""roll_cd"":-634,""yaw_cd"":-486,""bat_mv"":0,""status"":2}"
2026-08-12T19:48:11.591+00:00,BIN,"BIN,ver=1,type=1,seq=1540,ts=132,lat=0,lon=0,alt_mm=20,speed_cms=0,heading_cd=59254,pitch_cd=-981,roll_cd=-305,yaw_cd=-422,bat_mv=0,status=0x02","{""ver"":1,""type"":1,""seq"":1540,""ts"":132,""lat"":0,""lon"":0,""alt_mm"":20,""speed_cms"":0,""heading_cd"":59254,""pitch_cd"":-981,""roll_cd"":-305,""yaw_cd"":-422,""bat_mv"":0,""status"":2}"
2026-08-12T19:48:11.759+00:00,BIN,"BIN,ver=1,type=1,seq=1540,ts=132,lat=0,lon=0,alt_mm=-20,speed_cms=0,heading_cd=59254,pitch_cd=-981,roll_cd=-305,yaw_cd=-422,bat_mv=0,status=0x02","{""ver"":1,""type"":1,""seq"":1540,""ts"":132,""lat"":0,""lon"":0,""alt_mm"":-20,""speed_cms"":0,""heading_cd"":59254,""pitch_cd"":-981,""roll_cd"":-305,""yaw_cd"":-422,""bat_mv"":0,""status"":2}"
2026-08-12T19:48:11.762+00:00,BIN,"BIN,ver=1,type=1,seq=1694,ts=132,lat=0,lon=0,alt_mm=-20,speed_cms=0,heading_cd=59254,pitch_cd=-759,roll_cd=-614,yaw_cd=-336,bat_mv=0,status=0x02","{""ver"":1,""type"":1,""seq"":1694,""ts"":132,""lat"":0,""lon"":0,""alt_mm"":-20,""speed_cms"":0,""heading_cd"":59254,""pitch_cd"":-759,""roll_cd"":-614,""yaw_cd"":-336,""bat_mv"":0,""status"":2}"
2026-08-12T19:48:11.842+00:00,BIN,"BIN,ver=1,type=1,seq=1819,ts=132,lat=0,lon=0,alt_mm=0,speed_cms=0,heading_cd=59254,pitch_cd=-763,roll_cd=-489,yaw_cd=-295,bat_mv=0,status=0x02","{""ver"":1,""type"":1,""seq"":1819,""ts"":132,""lat"":0,""lon"":0,""alt_mm"":0,""speed_cms"":0,""heading_cd"":59254,""pitch_cd"":-763,""roll_cd"":-489,""yaw_cd"":-295,""bat_mv"":0,""status"":2}"
2026-08-12T19:48:11.925+00:00,BIN,"BIN,ver=1,type=1,seq=2019,ts=133,lat=0,lon=0,alt_mm=-30,speed_cms=0,heading_cd=59254,pitch_cd=-773,roll_cd=-501,yaw_cd=-378,bat_mv=0,status=0x02","{""ver"":1,""type"":1,""seq"":2019,""ts"":133,""lat"":0,""lon"":0,""alt_mm"":-30,""speed_cms"":0,""heading_cd"":59254,""pitch_cd"":-773,""roll_cd"":-501,""yaw_cd"":-378,""bat_mv"":0,""status"":2}"
2026-08-12T19:48:12.012+00:00,BIN,"BIN,ver=1,type=1,seq=2019,ts=133,lat=0,lon=0,alt_mm=-30,speed_cms=0,heading_cd=59254,pitch_cd=-793,roll_cd=-498,yaw_cd=-314,bat_mv=0,status=0x02","{""ver"":1,""type"":1,""seq"":2019,""ts"":133,""lat"":0,""lon"":0,""alt_mm"":-30,""speed_cms"":0,""heading_cd"":59254,""pitch_cd"":-793,""roll_cd"":-498,""yaw_cd"":-314,""bat_mv"":0,""status"":2}"
2026-08-12T19:48:12.094+00:00,BIN,"BIN,ver=1,type=1,seq=2139,ts=133,lat=0,lon=0,alt_mm=-30,speed_cms=0,heading_cd=59254,pitch_cd=-793,roll_cd=-498,yaw_cd=-314,bat_mv=0,status=0x02","{""ver"":1,""type"":1,""seq"":2139,""ts"":133,""lat"":0,""lon"":0,""alt_mm"":-30,""speed_cms"":0,""heading_cd"":59254,""pitch_cd"":-793,""roll_cd"":-498,""yaw_cd"":-314,""bat_mv"":0,""status"":2}"
2026-08-12T19:48:12.179+00:00,BIN,"BIN,ver=1,type=1,seq=2139,ts=133,lat=0,lon=0,alt_mm=-30,speed_cms=0,heading_cd=59254,pitch_cd=-784,roll_cd=-541,yaw_cd=-328,bat_mv=0,status=0x02","{""ver"":1,""type"":1,""seq"":2139,""ts"":133,""lat"":0,""lon"":0,""alt_mm"":-30,""speed_cms"":0,""heading_cd"":59254,""pitch_cd"":-784,""roll_cd"":-541,""yaw_cd"":-328,""bat_mv"":0,""status"":2}"
2026-08-12T19:48:12.264+00:00,BIN,"BIN,ver=1,type=1,seq=2379,ts=133,lat=0,lon=0,alt_mm=-40,speed_cms=0,heading_cd=59254,pitch_cd=-774,roll_cd=-532,yaw_cd=-364,bat_mv=0,status=0x02","{""ver"":1,""type"":1,""seq"":2379,""ts"":133,""lat"":0,""lon"":0,""alt_mm"":-40,""speed_cms"":0,""heading_cd"":59254,""pitch_cd"":-774,""roll_cd"":-532,""yaw_cd"":-364,""bat_mv"":0,""status"":2}"
2026-08-12T19:48:12.345+00:00,BIN,"BIN,ver=1,type=1,seq=2379,ts=133,lat=0,lon=0,alt_mm=-40,speed_cms=0,heading_cd=59254,pitch_cd=-810,roll_cd=-462,yaw_cd=-296,bat_mv=0,status=0x02","{""ver"":1,""type"":1,""seq"":2379,""ts"":133,""lat"":0,""lon"":0,""alt_mm"":-40,""speed_cms"":0,""heading_cd"":59254,""pitch_cd"":-810,""roll_cd"":-462,""yaw_cd"":-296,""bat_mv"":0,""status"":2}"
2026-08-12T19:48:12.430+00:00,BIN,"BIN,ver=1,type=1,seq=2379,ts=133,lat=0,lon=0,alt_mm=-30,speed_cms=0,heading_cd=59254,pitch_cd=-810,roll_cd=-462,yaw_cd=-296,bat_mv=0,status=0x02","{""ver"":1,""type"":1,""seq"":2379,""ts"":133,""lat"":0,""lon"":0,""alt_mm"":-30,""speed_cms"":0,""heading_cd"":59254,""pitch_cd"":-810,""roll_cd"":-462,""yaw_cd"":-296,""bat_mv"":0,""status"":2}"
2026-08-12T19:48:12.516+00:00,BIN,"BIN,ver=1,type=1,seq=2539,ts=133,lat=0,lon=0,alt_mm=-30,speed_cms=0,heading_cd=59254,pitch_cd=-807,roll_cd=-456,yaw_cd=-308,bat_mv=0,status=0x02","{""ver"":1,""type"":1,""seq"":2539,""ts"":133,""lat"":0,""lon"":0,""alt_mm"":-30,""speed_cms"":0,""heading_cd"":59254,""pitch_cd"":-807,""roll_cd"":-456,""yaw_cd"":-308,""bat_mv"":0,""status"":2}"
2026-08-12T19:48:12.599+00:00,BIN,"BIN,ver=1,type=1,seq=2539,ts=133,lat=0,lon=0,alt_mm=-20,speed_cms=0,heading_cd=59254,pitch_cd=-800,roll_cd=-478,yaw_cd=-277,bat_mv=0,status=0x02","{""ver"":1,""type"":1,""seq"":2539,""ts"":133,""lat"":0,""lon"":0,""alt_mm"":-20,""speed_cms"":0,""heading_cd"":59254,""pitch_cd"":-800,""roll_cd"":-478,""yaw_cd"":-277,""bat_mv"":0,""status"":2}"
2026-08-12T19:48:12.682+00:00,BIN,"BIN,ver=1,type=1,seq=2659,ts=133,lat=0,lon=0,alt_mm=-20,speed_cms=0,heading_cd=59254,pitch_cd=-874,roll_cd=-466,yaw_cd=-265,bat_mv=0,status=0x02","{""ver"":1,""type"":1,""seq"":2659,""ts"":133,""lat"":0,""lon"":0,""alt_mm"":-20,""speed_cms"":0,""heading_cd"":59254,""pitch_cd"":-874,""roll_cd"":-466,""yaw_cd"":-265,""bat_mv"":0,""status"":2}"
2026-08-12T19:48:12.767+00:00,BIN,"BIN,ver=1,type=1,seq=2814,ts=133,lat=0,lon=0,alt_mm=-30,speed_cms=0,heading_cd=59254,pitch_cd=-815,roll_cd=-380,yaw_cd=-230,bat_mv=0,status=0x02","{""ver"":1,""type"":1,""seq"":2814,""ts"":133,""lat"":0,""lon"":0,""alt_mm"":-30,""speed_cms"":0,""heading_cd"":59254,""pitch_cd"":-815,""roll_cd"":-380,""yaw_cd"":-230,""bat_mv"":0,""status"":2}"
2026-08-12T19:48:12.847+00:00,BIN,"BIN,ver=1,type=1,seq=2814,ts=134,lat=0,lon=0,alt_mm=-30,speed_cms=0,heading_cd=59254,pitch_cd=-827,roll_cd=-381,yaw_cd=-262,bat_mv=0,status=0x02","{""ver"":1,""type"":1,""seq"":2814,""ts"":134,""lat"":0,""lon"":0,""alt_mm"":-30,""speed_cms"":0,""heading_cd"":59254,""pitch_cd"":-827,""roll_cd"":-381,""yaw_cd"":-262,""bat_mv"":0,""status"":2}"
2026-08-12T19:48:12.932+00:00,BIN,"BIN,ver=1,type=1,seq=2939,ts=134,lat=0,lon=0,alt_mm=-40,speed_cms=0,heading_cd=59254,pitch_cd=-827,roll_cd=-381,yaw_cd=-262,bat_mv=0,status=0x02","{""ver"":1,""type"":1,""seq"":2939,""ts"":134,""lat"":0,""lon"":0,""alt_mm"":-40,""speed_cms"":0,""heading_cd"":59254,""pitch_cd"":-827,""roll_cd"":-381,""yaw_cd"":-262,""bat_mv"":0,""status"":2}"
2026-08-12T19:48:13.019+00:00,BIN,"BIN,ver=1,type=1,seq=2939,ts=134,lat=0,lon=0,alt_mm=-40,speed_cms=0,heading_cd=59254,pitch_cd=-884,roll_cd=-406,yaw_cd=-233,bat_mv=0,status=0x02","{""ver"":1,""type"":1,""seq"":2939,""ts"":134,""lat"":0,""lon"":0,""alt_mm"":-40,""speed_cms"":0,""heading_cd"":59254,""pitch_cd"":-884,""roll_cd"":-406,""yaw_cd"":-233,""bat_mv"":0,""status"":2}"
2026-08-12T19:48:13.102+00:00,BIN,"BIN,ver=1,type=1,seq=3106,ts=134,lat=0,lon=0,alt_mm=-30,speed_cms=0,heading_cd=59254,pitch_cd=-978,roll_cd=-484,yaw_cd=-10,bat_mv=0,status=0x02","{""ver"":1,""type"":1,""seq"":3106,""ts"":134,""lat"":0,""lon"":0,""alt_mm"":-30,""speed_cms"":0,""heading_cd"":59254,""pitch_cd"":-978,""roll_cd"":-484,""yaw_cd"":-10,""bat_mv"":0,""status"":2}"
2026-08-12T19:48:13.185+00:00,BIN,"BIN,ver=1,type=1,seq=3219,ts=134,lat=0,lon=0,alt_mm=-40,speed_cms=0,heading_cd=59254,pitch_cd=-876,roll_cd=-496,yaw_cd=-141,bat_mv=0,status=0x02","{""ver"":1,""type"":1,""seq"":3219,""ts"":134,""lat"":0,""lon"":0,""alt_mm"":-40,""speed_cms"":0,""heading_cd"":59254,""pitch_cd"":-876,""roll_cd"":-496,""yaw_cd"":-141,""bat_mv"":0,""status"":2}"
2026-08-12T19:48:13.269+00:00,BIN,"BIN,ver=1,type=1,seq=3374,ts=134,lat=0,lon=0,alt_mm=-20,speed_cms=0,heading_cd=59254,pitch_cd=-1169,roll_cd=-384,yaw_cd=-92,bat_mv=0,status=0x02","{""ver"":1,""type"":1,""seq"":3374,""ts"":134,""lat"":0,""lon"":0,""alt_mm"":-20,""speed_cms"":0,""heading_cd"":59254,""pitch_cd"":-1169,""roll_cd"":-384,""yaw_cd"":-92,""bat_mv"":0,""status"":2}"
2026-08-12T19:48:13.352+00:00,BIN,"BIN,ver=1,type=1,seq=3374,ts=134,lat=0,lon=0,alt_mm=60,speed_cms=0,heading_cd=59254,pitch_cd=-1036,roll_cd=-310,yaw_cd=56,bat_mv=0,status=0x02","{""ver"":1,""type"":1,""seq"":3374,""ts"":134,""lat"":0,""lon"":0,""alt_mm"":60,""speed_cms"":0,""heading_cd"":59254,""pitch_cd"":-1036,""roll_cd"":-310,""yaw_cd"":56,""bat_mv"":0,""status"":2}"
2026-08-12T19:48:13.438+00:00,BIN,"BIN,ver=1,type=1,seq=3500,ts=134,lat=0,lon=0,alt_mm=60,speed_cms=0,heading_cd=59254,pitch_cd=-1036,roll_cd=-310,yaw_cd=56,bat_mv=0,status=0x02","{""ver"":1,""type"":1,""seq"":3500,""ts"":134,""lat"":0,""lon"":0,""alt_mm"":60,""speed_cms"":0,""heading_cd"":59254,""pitch_cd"":-1036,""roll_cd"":-310,""yaw_cd"":56,""bat_mv"":0,""status"":2}"
2026-08-12T19:48:13.522+00:00,BIN,"BIN,ver=1,type=1,seq=3500,ts=134,lat=0,lon=0,alt_mm=60,speed_cms=0,heading_cd=59254,pitch_cd=-926,roll_cd=-250,yaw_cd=46,bat_mv=0,status=0x02","{""ver"":1,""type"":1,""seq"":3500,""ts"":134,""lat"":0,""lon"":0,""alt_mm"":60,""speed_cms"":0,""heading_cd"":59254,""pitch_cd"":-926,""roll_cd"":-250,""yaw_cd"":46,""bat_mv"":0,""status"":2}"
2026-08-12T19:48:13.607+00:00,BIN,"BIN,ver=1,type=1,seq=3655,ts=134,lat=0,lon=0,alt_mm=130,speed_cms=0,heading_cd=59254,pitch_cd=-827,roll_cd=-171,yaw_cd=-196,bat_mv=0,status=0x02","{""ver"":1,""type"":1,""seq"":3655,""ts"":134,""lat"":0,""lon"":0,""alt_mm"":130,""speed_cms"":0,""heading_cd"":59254,""pitch_cd"":-827,""roll_cd"":-171,""yaw_cd"":-196,""bat_mv"":0,""status"":2}"
2026-08-12T19:48:13.692+00:00,BIN,"BIN,ver=1,type=1,seq=3655,ts=134,lat=0,lon=0,alt_mm=130,speed_cms=0,heading_cd=59254,pitch_cd=-620,roll_cd=-48,yaw_cd=-4,bat_mv=0,status=0x02","{""ver"":1,""type"":1,""seq"":3655,""ts"":134,""lat"":0,""lon"":0,""alt_mm"":130,""speed_cms"":0,""heading_cd"":59254,""pitch_cd"":-620,""roll_cd"":-48,""yaw_cd"":-4,""bat_mv"":0,""status"":2}"
2026-08-12T19:48:13.774+00:00,BIN,"BIN,ver=1,type=1,seq=3779,ts=134,lat=0,lon=0,alt_mm=250,speed_cms=0,heading_cd=59254,pitch_cd=-620,roll_cd=-48,yaw_cd=-4,bat_mv=0,status=0x02","{""ver"":1,""type"":1,""seq"":3779,""ts"":134,""lat"":0,""lon"":0,""alt_mm"":250,""speed_cms"":0,""heading_cd"":59254,""pitch_cd"":-620,""roll_cd"":-48,""yaw_cd"":-4,""bat_mv"":0,""status"":2}"
2026-08-12T19:48:13.857+00:00,BIN,"BIN,ver=1,type=1,seq=3779,ts=134,lat=0,lon=0,alt_mm=250,speed_cms=0,heading_cd=59254,pitch_cd=-512,roll_cd=49,yaw_cd=110,bat_mv=0,status=0x02","{""ver"":1,""type"":1,""seq"":3779,""ts"":134,""lat"":0,""lon"":0,""alt_mm"":250,""speed_cms"":0,""heading_cd"":59254,""pitch_cd"":-512,""roll_cd"":49,""yaw_cd"":110,""bat_mv"":0,""status"":2}"
2026-08-12T19:48:13.941+00:00,BIN,"BIN,ver=1,type=1,seq=3946,ts=135,lat=0,lon=0,alt_mm=250,speed_cms=0,heading_cd=59254,pitch_cd=-1176,roll_cd=-56,yaw_cd=-115,bat_mv=0,status=0x02","{""ver"":1,""type"":1,""seq"":3946,""ts"":135,""lat"":0,""lon"":0,""alt_mm"":250,""speed_cms"":0,""heading_cd"":59254,""pitch_cd"":-1176,""roll_cd"":-56,""yaw_cd"":-115,""bat_mv"":0,""status"":2}"
2026-08-12T19:48:14.027+00:00,BIN,"BIN,ver=1,type=1,seq=3946,ts=135,lat=0,lon=0,alt_mm=190,speed_cms=0,heading_cd=59254,pitch_cd=-1181,roll_cd=-75,yaw_cd=-138,bat_mv=0,status=0x02","{""ver"":1,""type"":1,""seq"":3946,""ts"":135,""lat"":0,""lon"":0,""alt_mm"":190,""speed_cms"":0,""heading_cd"":59254,""pitch_cd"":-1181,""roll_cd"":-75,""yaw_cd"":-138,""bat_mv"":0,""status"":2}"
2026-08-12T19:48:14.109+00:00,BIN,"BIN,ver=1,type=1,seq=4059,ts=135,lat=0,lon=0,alt_mm=190,speed_cms=0,heading_cd=59254,pitch_cd=-892,roll_cd=-182,yaw_cd=-147,bat_mv=0,status=0x02","{""ver"":1,""type"":1,""seq"":4059,""ts"":135,""lat"":0,""lon"":0,""alt_mm"":190,""speed_cms"":0,""heading_cd"":59254,""pitch_cd"":-892,""roll_cd"":-182,""yaw_cd"":-147,""bat_mv"":0,""status"":2}"
2026-08-12T19:48:14.192+00:00,BIN,"BIN,ver=1,type=1,seq=4250,ts=135,lat=0,lon=0,alt_mm=220,speed_cms=0,heading_cd=59254,pitch_cd=-1026,roll_cd=-93,yaw_cd=65,bat_mv=0,status=0x02","{""ver"":1,""type"":1,""seq"":4250,""ts"":135,""lat"":0,""lon"":0,""alt_mm"":220,""speed_cms"":0,""heading_cd"":59254,""pitch_cd"":-1026,""roll_cd"":-93,""yaw_cd"":65,""bat_mv"":0,""status"":2}"
2026-08-12T19:48:14.278+00:00,BIN,"BIN,ver=1,type=1,seq=4359,ts=135,lat=0,lon=0,alt_mm=130,speed_cms=0,heading_cd=59254,pitch_cd=-1032,roll_cd=-102,yaw_cd=39,bat_mv=0,status=0x02","{""ver"":1,""type"":1,""seq"":4359,""ts"":135,""lat"":0,""lon"":0,""alt_mm"":130,""speed_cms"":0,""heading_cd"":59254,""pitch_cd"":-1032,""roll_cd"":-102,""yaw_cd"":39,""bat_mv"":0,""status"":2}"
2026-08-12T19:48:14.363+00:00,BIN,"BIN,ver=1,type=1,seq=4475,ts=135,lat=0,lon=0,alt_mm=130,speed_cms=0,heading_cd=59254,pitch_cd=-1032,roll_cd=-102,yaw_cd=39,bat_mv=0,status=0x02","{""ver"":1,""type"":1,""seq"":4475,""ts"":135,""lat"":0,""lon"":0,""alt_mm"":130,""speed_cms"":0,""heading_cd"":59254,""pitch_cd"":-1032,""roll_cd"":-102,""yaw_cd"":39,""bat_mv"":0,""status"":2}"
2026-08-12T19:48:14.446+00:00,BIN,"BIN,ver=1,type=1,seq=4475,ts=135,lat=0,lon=0,alt_mm=130,speed_cms=0,heading_cd=59254,pitch_cd=-915,roll_cd=-72,yaw_cd=123,bat_mv=0,status=0x02","{""ver"":1,""type"":1,""seq"":4475,""ts"":135,""lat"":0,""lon"":0,""alt_mm"":130,""speed_cms"":0,""heading_cd"":59254,""pitch_cd"":-915,""roll_cd"":-72,""yaw_cd"":123,""bat_mv"":0,""status"":2}"
2026-08-12T19:48:14.530+00:00,BIN,"BIN,ver=1,type=1,seq=4475,ts=135,lat=0,lon=0,alt_mm=140,speed_cms=0,heading_cd=59254,pitch_cd=-915,roll_cd=-72,yaw_cd=123,bat_mv=0,status=0x02","{""ver"":1,""type"":1,""seq"":4475,""ts"":135,""lat"":0,""lon"":0,""alt_mm"":140,""speed_cms"":0,""heading_cd"":59254,""pitch_cd"":-915,""roll_cd"":-72,""yaw_cd"":123,""bat_mv"":0,""status"":2}"
2026-08-12T19:48:14.612+00:00,BIN,"BIN,ver=1,type=1,seq=4600,ts=135,lat=0,lon=0,alt_mm=140,speed_cms=0,heading_cd=59254,pitch_cd=-914,roll_cd=-1,yaw_cd=72,bat_mv=0,status=0x02","{""ver"":1,""type"":1,""seq"":4600,""ts"":135,""lat"":0,""lon"":0,""alt_mm"":140,""speed_cms"":0,""heading_cd"":59254,""pitch_cd"":-914,""roll_cd"":-1,""yaw_cd"":72,""bat_mv"":0,""status"":2}"
2026-08-12T19:48:14.695+00:00,BIN,"BIN,ver=1,type=1,seq=4766,ts=135,lat=0,lon=0,alt_mm=180,speed_cms=0,heading_cd=59254,pitch_cd=-987,roll_cd=9,yaw_cd=133,bat_mv=0,status=0x02","{""ver"":1,""type"":1,""seq"":4766,""ts"":135,""lat"":0,""lon"":0,""alt_mm"":180,""speed_cms"":0,""heading_cd"":59254,""pitch_cd"":-987,""roll_cd"":9,""yaw_cd"":133,""bat_mv"":0,""status"":2}"
2026-08-12T19:48:14.781+00:00,BIN,"BIN,ver=1,type=1,seq=4766,ts=135,lat=0,lon=0,alt_mm=180,speed_cms=0,heading_cd=59254,pitch_cd=-916,roll_cd=22,yaw_cd=113,bat_mv=0,status=0x02","{""ver"":1,""type"":1,""seq"":4766,""ts"":135,""lat"":0,""lon"":0,""alt_mm"":180,""speed_cms"":0,""heading_cd"":59254,""pitch_cd"":-916,""roll_cd"":22,""yaw_cd"":113,""bat_mv"":0,""status"":2}"
2026-08-12T19:48:14.861+00:00,BIN,"BIN,ver=1,type=1,seq=4879,ts=136,lat=0,lon=0,alt_mm=180,speed_cms=0,heading_cd=59254,pitch_cd=-916,roll_cd=22,yaw_cd=113,bat_mv=0,status=0x02","{""ver"":1,""type"":1,""seq"":4879,""ts"":136,""lat"":0,""lon"":0,""alt_mm"":180,""speed_cms"":0,""heading_cd"":59254,""pitch_cd"":-916,""roll_cd"":22,""yaw_cd"":113,""bat_mv"":0,""status"":2}"
2026-08-12T19:48:14.950+00:00,BIN,"BIN,ver=1,type=1,seq=4879,ts=136,lat=0,lon=0,alt_mm=180,speed_cms=0,heading_cd=59254,pitch_cd=-956,roll_cd=28,yaw_cd=128,bat_mv=0,status=0x02","{""ver"":1,""type"":1,""seq"":4879,""ts"":136,""lat"":0,""lon"":0,""alt_mm"":180,""speed_cms"":0,""heading_cd"":59254,""pitch_cd"":-956,""roll_cd"":28,""yaw_cd"":128,""bat_mv"":0,""status"":2}"
2026-08-12T19:48:15.033+00:00,BIN,"BIN,ver=1,type=1,seq=5034,ts=136,lat=0,lon=0,alt_mm=170,speed_cms=0,heading_cd=59254,pitch_cd=-960,roll_cd=-7,yaw_cd=38,bat_mv=0,status=0x02","{""ver"":1,""type"":1,""seq"":5034,""ts"":136,""lat"":0,""lon"":0,""alt_mm"":170,""speed_cms"":0,""heading_cd"":59254,""pitch_cd"":-960,""roll_cd"":-7,""yaw_cd"":38,""bat_mv"":0,""status"":2}"
2026-08-12T19:48:15.117+00:00,BIN,"BIN,ver=1,type=1,seq=5034,ts=136,lat=0,lon=0,alt_mm=170,speed_cms=0,heading_cd=59254,pitch_cd=-966,roll_cd=-33,yaw_cd=105,bat_mv=0,status=0x02","{""ver"":1,""type"":1,""seq"":5034,""ts"":136,""lat"":0,""lon"":0,""alt_mm"":170,""speed_cms"":0,""heading_cd"":59254,""pitch_cd"":-966,""roll_cd"":-33,""yaw_cd"":105,""bat_mv"":0,""status"":2}"
2026-08-12T19:48:15.199+00:00,BIN,"BIN,ver=1,type=1,seq=5159,ts=136,lat=0,lon=0,alt_mm=140,speed_cms=0,heading_cd=59254,pitch_cd=-966,roll_cd=-39,yaw_cd=89,bat_mv=0,status=0x02","{""ver"":1,""type"":1,""seq"":5159,""ts"":136,""lat"":0,""lon"":0,""alt_mm"":140,""speed_cms"":0,""heading_cd"":59254,""pitch_cd"":-966,""roll_cd"":-39,""yaw_cd"":89,""bat_mv"":0,""status"":2}"
2026-08-12T19:48:15.283+00:00,BIN,"BIN,ver=1,type=1,seq=5439,ts=136,lat=0,lon=0,alt_mm=180,speed_cms=0,heading_cd=59254,pitch_cd=-978,roll_cd=-93,yaw_cd=116,bat_mv=0,status=0x02","{""ver"":1,""type"":1,""seq"":5439,""ts"":136,""lat"":0,""lon"":0,""alt_mm"":180,""speed_cms"":0,""heading_cd"":59254,""pitch_cd"":-978,""roll_cd"":-93,""yaw_cd"":116,""bat_mv"":0,""status"":2}"
2026-08-12T19:48:15.367+00:00,BIN,"BIN,ver=1,type=1,seq=5439,ts=136,lat=0,lon=0,alt_mm=180,speed_cms=0,heading_cd=59254,pitch_cd=-952,roll_cd=-78,yaw_cd=114,bat_mv=0,status=0x02","{""ver"":1,""type"":1,""seq"":5439,""ts"":136,""lat"":0,""lon"":0,""alt_mm"":180,""speed_cms"":0,""heading_cd"":59254,""pitch_cd"":-952,""roll_cd"":-78,""yaw_cd"":114,""bat_mv"":0,""status"":2}"
2026-08-12T19:48:15.450+00:00,BIN,"BIN,ver=1,type=1,seq=5439,ts=136,lat=0,lon=0,alt_mm=180,speed_cms=0,heading_cd=59254,pitch_cd=-952,roll_cd=-78,yaw_cd=114,bat_mv=0,status=0x02","{""ver"":1,""type"":1,""seq"":5439,""ts"":136,""lat"":0,""lon"":0,""alt_mm"":180,""speed_cms"":0,""heading_cd"":59254,""pitch_cd"":-952,""roll_cd"":-78,""yaw_cd"":114,""bat_mv"":0,""status"":2}"
2026-08-12T19:48:15.537+00:00,BIN,"BIN,ver=1,type=1,seq=5439,ts=136,lat=0,lon=0,alt_mm=180,speed_cms=0,heading_cd=59254,pitch_cd=-952,roll_cd=-78,yaw_cd=114,bat_mv=0,status=0x02","{""ver"":1,""type"":1,""seq"":5439,""ts"":136,""lat"":0,""lon"":0,""alt_mm"":180,""speed_cms"":0,""heading_cd"":59254,""pitch_cd"":-952,""roll_cd"":-78,""yaw_cd"":114,""bat_mv"":0,""status"":2}"
2026-08-12T19:48:15.619+00:00,BIN,"BIN,ver=1,type=1,seq=5596,ts=136,lat=0,lon=0,alt_mm=180,speed_cms=0,heading_cd=59254,pitch_cd=-934,roll_cd=-55,yaw_cd=88,bat_mv=0,status=0x02","{""ver"":1,""type"":1,""seq"":5596,""ts"":136,""lat"":0,""lon"":0,""alt_mm"":180,""speed_cms"":0,""heading_cd"":59254,""pitch_cd"":-934,""roll_cd"":-55,""yaw_cd"":88,""bat_mv"":0,""status"":2}"
2026-08-12T19:48:15.701+00:00,BIN,"BIN,ver=1,type=1,seq=5719,ts=136,lat=0,lon=0,alt_mm=190,speed_cms=0,heading_cd=59254,pitch_cd=-890,roll_cd=22,yaw_cd=55,bat_mv=0,status=0x02","{""ver"":1,""type"":1,""seq"":5719,""ts"":136,""lat"":0,""lon"":0,""alt_mm"":190,""speed_cms"":0,""heading_cd"":59254,""pitch_cd"":-890,""roll_cd"":22,""yaw_cd"":55,""bat_mv"":0,""status"":2}"
2026-08-12T19:48:15.787+00:00,BIN,"BIN,ver=1,type=1,seq=5719,ts=136,lat=0,lon=0,alt_mm=190,speed_cms=0,heading_cd=59254,pitch_cd=-1026,roll_cd=-36,yaw_cd=184,bat_mv=0,status=0x02","{""ver"":1,""type"":1,""seq"":5719,""ts"":136,""lat"":0,""lon"":0,""alt_mm"":190,""speed_cms"":0,""heading_cd"":59254,""pitch_cd"":-1026,""roll_cd"":-36,""yaw_cd"":184,""bat_mv"":0,""status"":2}"
2026-08-12T19:48:15.871+00:00,BIN,"BIN,ver=1,type=1,seq=5889,ts=137,lat=0,lon=0,alt_mm=180,speed_cms=0,heading_cd=59254,pitch_cd=-947,roll_cd=-44,yaw_cd=92,bat_mv=0,status=0x02","{""ver"":1,""type"":1,""seq"":5889,""ts"":137,""lat"":0,""lon"":0,""alt_mm"":180,""speed_cms"":0,""heading_cd"":59254,""pitch_cd"":-947,""roll_cd"":-44,""yaw_cd"":92,""bat_mv"":0,""status"":2}"
2026-08-12T19:48:15.956+00:00,BIN,"BIN,ver=1,type=1,seq=5889,ts=137,lat=0,lon=0,alt_mm=180,speed_cms=0,heading_cd=59254,pitch_cd=-965,roll_cd=-34,yaw_cd=156,bat_mv=0,status=0x02","{""ver"":1,""type"":1,""seq"":5889,""ts"":137,""lat"":0,""lon"":0,""alt_mm"":180,""speed_cms"":0,""heading_cd"":59254,""pitch_cd"":-965,""roll_cd"":-34,""yaw_cd"":156,""bat_mv"":0,""status"":2}"
2026-08-12T19:48:16.040+00:00,BIN,"BIN,ver=1,type=1,seq=5999,ts=137,lat=0,lon=0,alt_mm=180,speed_cms=0,heading_cd=59254,pitch_cd=-938,roll_cd=-6,yaw_cd=119,bat_mv=0,status=0x02","{""ver"":1,""type"":1,""seq"":5999,""ts"":137,""lat"":0,""lon"":0,""alt_mm"":180,""speed_cms"":0,""heading_cd"":59254,""pitch_cd"":-938,""roll_cd"":-6,""yaw_cd"":119,""bat_mv"":0,""status"":2}"
2026-08-12T19:48:16.124+00:00,BIN,"BIN,ver=1,type=1,seq=6188,ts=137,lat=0,lon=0,alt_mm=180,speed_cms=0,heading_cd=59254,pitch_cd=-934,roll_cd=64,yaw_cd=163,bat_mv=0,status=0x02","{""ver"":1,""type"":1,""seq"":6188,""ts"":137,""lat"":0,""lon"":0,""alt_mm"":180,""speed_cms"":0,""heading_cd"":59254,""pitch_cd"":-934,""roll_cd"":64,""yaw_cd"":163,""bat_mv"":0,""status"":2}"
2026-08-12T19:48:16.206+00:00,BIN,"BIN,ver=1,type=1,seq=6299,ts=137,lat=0,lon=0,alt_mm=170,speed_cms=0,heading_cd=59254,pitch_cd=-992,roll_cd=54,yaw_cd=176,bat_mv=0,status=0x02","{""ver"":1,""type"":1,""seq"":6299,""ts"":137,""lat"":0,""lon"":0,""alt_mm"":170,""speed_cms"":0,""heading_cd"":59254,""pitch_cd"":-992,""roll_cd"":54,""yaw_cd"":176,""bat_mv"":0,""status"":2}"
2026-08-12T19:48:16.290+00:00,BIN,"BIN,ver=1,type=1,seq=6415,ts=137,lat=0,lon=0,alt_mm=170,speed_cms=0,heading_cd=59254,pitch_cd=-913,roll_cd=11,yaw_cd=124,bat_mv=0,status=0x02","{""ver"":1,""type"":1,""seq"":6415,""ts"":137,""lat"":0,""lon"":0,""alt_mm"":170,""speed_cms"":0,""heading_cd"":59254,""pitch_cd"":-913,""roll_cd"":11,""yaw_cd"":124,""bat_mv"":0,""status"":2}"
2026-08-12T19:48:16.372+00:00,BIN,"BIN,ver=1,type=1,seq=6415,ts=137,lat=0,lon=0,alt_mm=170,speed_cms=0,heading_cd=59254,pitch_cd=-1013,roll_cd=-171,yaw_cd=49,bat_mv=0,status=0x02","{""ver"":1,""type"":1,""seq"":6415,""ts"":137,""lat"":0,""lon"":0,""alt_mm"":170,""speed_cms"":0,""heading_cd"":59254,""pitch_cd"":-1013,""roll_cd"":-171,""yaw_cd"":49,""bat_mv"":0,""status"":2}"
2026-08-12T19:48:16.455+00:00,BIN,"BIN,ver=1,type=1,seq=6415,ts=137,lat=0,lon=0,alt_mm=190,speed_cms=0,heading_cd=59254,pitch_cd=-1013,roll_cd=-171,yaw_cd=49,bat_mv=0,status=0x02","{""ver"":1,""type"":1,""seq"":6415,""ts"":137,""lat"":0,""lon"":0,""alt_mm"":190,""speed_cms"":0,""heading_cd"":59254,""pitch_cd"":-1013,""roll_cd"":-171,""yaw_cd"":49,""bat_mv"":0,""status"":2}"
2026-08-12T19:48:16.541+00:00,BIN,"BIN,ver=1,type=1,seq=6540,ts=137,lat=0,lon=0,alt_mm=190,speed_cms=0,heading_cd=59254,pitch_cd=-1013,roll_cd=-171,yaw_cd=49,bat_mv=0,status=0x02","{""ver"":1,""type"":1,""seq"":6540,""ts"":137,""lat"":0,""lon"":0,""alt_mm"":190,""speed_cms"":0,""heading_cd"":59254,""pitch_cd"":-1013,""roll_cd"":-171,""yaw_cd"":49,""bat_mv"":0,""status"":2}"
2026-08-12T19:48:16.623+00:00,BIN,"BIN,ver=1,type=1,seq=6540,ts=137,lat=0,lon=0,alt_mm=190,speed_cms=0,heading_cd=59254,pitch_cd=-970,roll_cd=88,yaw_cd=130,bat_mv=0,status=0x02","{""ver"":1,""type"":1,""seq"":6540,""ts"":137,""lat"":0,""lon"":0,""alt_mm"":190,""speed_cms"":0,""heading_cd"":59254,""pitch_cd"":-970,""roll_cd"":88,""yaw_cd"":130,""bat_mv"":0,""status"":2}"
2026-08-12T19:48:16.708+00:00,BIN,"BIN,ver=1,type=1,seq=6695,ts=137,lat=0,lon=0,alt_mm=200,speed_cms=0,heading_cd=59254,pitch_cd=-1125,roll_cd=187,yaw_cd=-12,bat_mv=0,status=0x02","{""ver"":1,""type"":1,""seq"":6695,""ts"":137,""lat"":0,""lon"":0,""alt_mm"":200,""speed_cms"":0,""heading_cd"":59254,""pitch_cd"":-1125,""roll_cd"":187,""yaw_cd"":-12,""bat_mv"":0,""status"":2}"
2026-08-12T19:48:16.793+00:00,BIN,"BIN,ver=1,type=1,seq=6819,ts=137,lat=0,lon=0,alt_mm=190,speed_cms=0,heading_cd=59254,pitch_cd=-667,roll_cd=-175,yaw_cd=403,bat_mv=0,status=0x02","{""ver"":1,""type"":1,""seq"":6819,""ts"":137,""lat"":0,""lon"":0,""alt_mm"":190,""speed_cms"":0,""heading_cd"":59254,""pitch_cd"":-667,""roll_cd"":-175,""yaw_cd"":403,""bat_mv"":0,""status"":2}"
2026-08-12T19:48:16.875+00:00,BIN,"BIN,ver=1,type=1,seq=6819,ts=138,lat=0,lon=0,alt_mm=190,speed_cms=0,heading_cd=59254,pitch_cd=-877,roll_cd=62,yaw_cd=14,bat_mv=0,status=0x02","{""ver"":1,""type"":1,""seq"":6819,""ts"":138,""lat"":0,""lon"":0,""alt_mm"":190,""speed_cms"":0,""heading_cd"":59254,""pitch_cd"":-877,""roll_cd"":62,""yaw_cd"":14,""bat_mv"":0,""status"":2}"
2026-08-12T19:48:16.961+00:00,BIN,"BIN,ver=1,type=1,seq=6986,ts=138,lat=0,lon=0,alt_mm=180,speed_cms=0,heading_cd=59254,pitch_cd=-982,roll_cd=131,yaw_cd=189,bat_mv=0,status=0x02","{""ver"":1,""type"":1,""seq"":6986,""ts"":138,""lat"":0,""lon"":0,""alt_mm"":180,""speed_cms"":0,""heading_cd"":59254,""pitch_cd"":-982,""roll_cd"":131,""yaw_cd"":189,""bat_mv"":0,""status"":2}"
2026-08-12T19:48:17.044+00:00,BIN,"BIN,ver=1,type=1,seq=6986,ts=138,lat=0,lon=0,alt_mm=220,speed_cms=0,heading_cd=59254,pitch_cd=-901,roll_cd=85,yaw_cd=24,bat_mv=0,status=0x02","{""ver"":1,""type"":1,""seq"":6986,""ts"":138,""lat"":0,""lon"":0,""alt_mm"":220,""speed_cms"":0,""heading_cd"":59254,""pitch_cd"":-901,""roll_cd"":85,""yaw_cd"":24,""bat_mv"":0,""status"":2}"
2026-08-12T19:48:17.128+00:00,BIN,"BIN,ver=1,type=1,seq=7099,ts=138,lat=0,lon=0,alt_mm=220,speed_cms=0,heading_cd=59254,pitch_cd=-927,roll_cd=92,yaw_cd=75,bat_mv=0,status=0x02","{""ver"":1,""type"":1,""seq"":7099,""ts"":138,""lat"":0,""lon"":0,""alt_mm"":220,""speed_cms"":0,""heading_cd"":59254,""pitch_cd"":-927,""roll_cd"":92,""yaw_cd"":75,""bat_mv"":0,""status"":2}"
2026-08-12T19:48:17.213+00:00,BIN,"BIN,ver=1,type=1,seq=7255,ts=138,lat=0,lon=0,alt_mm=230,speed_cms=0,heading_cd=59254,pitch_cd=-932,roll_cd=123,yaw_cd=109,bat_mv=0,status=0x02","{""ver"":1,""type"":1,""seq"":7255,""ts"":138,""lat"":0,""lon"":0,""alt_mm"":230,""speed_cms"":0,""heading_cd"":59254,""pitch_cd"":-932,""roll_cd"":123,""yaw_cd"":109,""bat_mv"":0,""status"":2}"
2026-08-12T19:48:17.298+00:00,BIN,"BIN,ver=1,type=1,seq=7379,ts=138,lat=0,lon=0,alt_mm=230,speed_cms=0,heading_cd=59254,pitch_cd=-932,roll_cd=123,yaw_cd=109,bat_mv=0,status=0x02","{""ver"":1,""type"":1,""seq"":7379,""ts"":138,""lat"":0,""lon"":0,""alt_mm"":230,""speed_cms"":0,""heading_cd"":59254,""pitch_cd"":-932,""roll_cd"":123,""yaw_cd"":109,""bat_mv"":0,""status"":2}"
2026-08-12T19:48:17.379+00:00,BIN,"BIN,ver=1,type=1,seq=7379,ts=138,lat=0,lon=0,alt_mm=230,speed_cms=0,heading_cd=59254,pitch_cd=-957,roll_cd=132,yaw_cd=103,bat_mv=0,status=0x02","{""ver"":1,""type"":1,""seq"":7379,""ts"":138,""lat"":0,""lon"":0,""alt_mm"":230,""speed_cms"":0,""heading_cd"":59254,""pitch_cd"":-957,""roll_cd"":132,""yaw_cd"":103,""bat_mv"":0,""status"":2}"
2026-08-12T19:48:17.463+00:00,BIN,"BIN,ver=1,type=1,seq=7379,ts=138,lat=0,lon=0,alt_mm=300,speed_cms=0,heading_cd=59254,pitch_cd=-957,roll_cd=132,yaw_cd=103,bat_mv=0,status=0x02","{""ver"":1,""type"":1,""seq"":7379,""ts"":138,""lat"":0,""lon"":0,""alt_mm"":300,""speed_cms"":0,""heading_cd"":59254,""pitch_cd"":-957,""roll_cd"":132,""yaw_cd"":103,""bat_mv"":0,""status"":2}"
2026-08-12T19:48:17.549+00:00,BIN,"BIN,ver=1,type=1,seq=7537,ts=138,lat=0,lon=0,alt_mm=300,speed_cms=0,heading_cd=59254,pitch_cd=-958,roll_cd=79,yaw_cd=107,bat_mv=0,status=0x02","{""ver"":1,""type"":1,""seq"":7537,""ts"":138,""lat"":0,""lon"":0,""alt_mm"":300,""speed_cms"":0,""heading_cd"":59254,""pitch_cd"":-958,""roll_cd"":79,""yaw_cd"":107,""bat_mv"":0,""status"":2}"
2026-08-12T19:48:17.633+00:00,BIN,"BIN,ver=1,type=1,seq=7659,ts=138,lat=0,lon=0,alt_mm=400,speed_cms=0,heading_cd=59254,pitch_cd=-958,roll_cd=79,yaw_cd=107,bat_mv=0,status=0x02","{""ver"":1,""type"":1,""seq"":7659,""ts"":138,""lat"":0,""lon"":0,""alt_mm"":400,""speed_cms"":0,""heading_cd"":59254,""pitch_cd"":-958,""roll_cd"":79,""yaw_cd"":107,""bat_mv"":0,""status"":2}"
2026-08-12T19:48:17.717+00:00,BIN,"BIN,ver=1,type=1,seq=7659,ts=138,lat=0,lon=0,alt_mm=400,speed_cms=0,heading_cd=59254,pitch_cd=-966,roll_cd=97,yaw_cd=113,bat_mv=0,status=0x02","{""ver"":1,""type"":1,""seq"":7659,""ts"":138,""lat"":0,""lon"":0,""alt_mm"":400,""speed_cms"":0,""heading_cd"":59254,""pitch_cd"":-966,""roll_cd"":97,""yaw_cd"":113,""bat_mv"":0,""status"":2}"
2026-08-12T19:48:17.799+00:00,BIN,"BIN,ver=1,type=1,seq=7829,ts=138,lat=0,lon=0,alt_mm=610,speed_cms=0,heading_cd=59254,pitch_cd=-955,roll_cd=119,yaw_cd=109,bat_mv=0,status=0x02","{""ver"":1,""type"":1,""seq"":7829,""ts"":138,""lat"":0,""lon"":0,""alt_mm"":610,""speed_cms"":0,""heading_cd"":59254,""pitch_cd"":-955,""roll_cd"":119,""yaw_cd"":109,""bat_mv"":0,""status"":2}"
2026-08-12T19:48:17.883+00:00,BIN,"BIN,ver=1,type=1,seq=7829,ts=139,lat=0,lon=0,alt_mm=610,speed_cms=0,heading_cd=59254,pitch_cd=-942,roll_cd=-7,yaw_cd=100,bat_mv=0,status=0x02","{""ver"":1,""type"":1,""seq"":7829,""ts"":139,""lat"":0,""lon"":0,""alt_mm"":610,""speed_cms"":0,""heading_cd"":59254,""pitch_cd"":-942,""roll_cd"":-7,""yaw_cd"":100,""bat_mv"":0,""status"":2}"
2026-08-12T19:48:17.967+00:00,BIN,"BIN,ver=1,type=1,seq=7939,ts=139,lat=0,lon=0,alt_mm=690,speed_cms=0,heading_cd=59254,pitch_cd=-978,roll_cd=163,yaw_cd=73,bat_mv=0,status=0x02","{""ver"":1,""type"":1,""seq"":7939,""ts"":139,""lat"":0,""lon"":0,""alt_mm"":690,""speed_cms"":0,""heading_cd"":59254,""pitch_cd"":-978,""roll_cd"":163,""yaw_cd"":73,""bat_mv"":0,""status"":2}"
2026-08-12T19:48:18.053+00:00,BIN,"BIN,ver=1,type=1,seq=8128,ts=139,lat=0,lon=0,alt_mm=760,speed_cms=0,heading_cd=59254,pitch_cd=-921,roll_cd=72,yaw_cd=34,bat_mv=0,status=0x02","{""ver"":1,""type"":1,""seq"":8128,""ts"":139,""lat"":0,""lon"":0,""alt_mm"":760,""speed_cms"":0,""heading_cd"":59254,""pitch_cd"":-921,""roll_cd"":72,""yaw_cd"":34,""bat_mv"":0,""status"":2}"
2026-08-12T19:48:18.136+00:00,BIN,"BIN,ver=1,type=1,seq=8128,ts=139,lat=0,lon=0,alt_mm=790,speed_cms=0,heading_cd=59254,pitch_cd=-957,roll_cd=88,yaw_cd=85,bat_mv=0,status=0x02","{""ver"":1,""type"":1,""seq"":8128,""ts"":139,""lat"":0,""lon"":0,""alt_mm"":790,""speed_cms"":0,""heading_cd"":59254,""pitch_cd"":-957,""roll_cd"":88,""yaw_cd"":85,""bat_mv"":0,""status"":2}"
2026-08-12T19:48:18.220+00:00,BIN,"BIN,ver=1,type=1,seq=8239,ts=139,lat=0,lon=0,alt_mm=820,speed_cms=0,heading_cd=59254,pitch_cd=-953,roll_cd=-43,yaw_cd=46,bat_mv=0,status=0x02","{""ver"":1,""type"":1,""seq"":8239,""ts"":139,""lat"":0,""lon"":0,""alt_mm"":820,""speed_cms"":0,""heading_cd"":59254,""pitch_cd"":-953,""roll_cd"":-43,""yaw_cd"":46,""bat_mv"":0,""status"":2}"
2026-08-12T19:48:18.303+00:00,BIN,"BIN,ver=1,type=1,seq=8480,ts=139,lat=0,lon=0,alt_mm=770,speed_cms=0,heading_cd=59254,pitch_cd=-995,roll_cd=254,yaw_cd=13,bat_mv=0,status=0x02","{""ver"":1,""type"":1,""seq"":8480,""ts"":139,""lat"":0,""lon"":0,""alt_mm"":770,""speed_cms"":0,""heading_cd"":59254,""pitch_cd"":-995,""roll_cd"":254,""yaw_cd"":13,""bat_mv"":0,""status"":2}"
2026-08-12T19:48:18.384+00:00,BIN,"BIN,ver=1,type=1,seq=8480,ts=139,lat=0,lon=0,alt_mm=770,speed_cms=0,heading_cd=59254,pitch_cd=-995,roll_cd=254,yaw_cd=13,bat_mv=0,status=0x02","{""ver"":1,""type"":1,""seq"":8480,""ts"":139,""lat"":0,""lon"":0,""alt_mm"":770,""speed_cms"":0,""heading_cd"":59254,""pitch_cd"":-995,""roll_cd"":254,""yaw_cd"":13,""bat_mv"":0,""status"":2}"
2026-08-12T19:48:18.470+00:00,BIN,"BIN,ver=1,type=1,seq=8480,ts=139,lat=0,lon=0,alt_mm=770,speed_cms=0,heading_cd=59254,pitch_cd=-889,roll_cd=264,yaw_cd=125,bat_mv=0,status=0x02","{""ver"":1,""type"":1,""seq"":8480,""ts"":139,""lat"":0,""lon"":0,""alt_mm"":770,""speed_cms"":0,""heading_cd"":59254,""pitch_cd"":-889,""roll_cd"":264,""yaw_cd"":125,""bat_mv"":0,""status"":2}"
2026-08-12T19:48:18.557+00:00,BIN,"BIN,ver=1,type=1,seq=8480,ts=139,lat=0,lon=0,alt_mm=770,speed_cms=0,heading_cd=59254,pitch_cd=-889,roll_cd=264,yaw_cd=125,bat_mv=0,status=0x02","{""ver"":1,""type"":1,""seq"":8480,""ts"":139,""lat"":0,""lon"":0,""alt_mm"":770,""speed_cms"":0,""heading_cd"":59254,""pitch_cd"":-889,""roll_cd"":264,""yaw_cd"":125,""bat_mv"":0,""status"":2}"
2026-08-12T19:48:18.639+00:00,BIN,"BIN,ver=1,type=1,seq=8635,ts=139,lat=0,lon=0,alt_mm=760,speed_cms=0,heading_cd=59254,pitch_cd=-1005,roll_cd=71,yaw_cd=49,bat_mv=0,status=0x02","{""ver"":1,""type"":1,""seq"":8635,""ts"":139,""lat"":0,""lon"":0,""alt_mm"":760,""speed_cms"":0,""heading_cd"":59254,""pitch_cd"":-1005,""roll_cd"":71,""yaw_cd"":49,""bat_mv"":0,""status"":2}"
2026-08-12T19:48:18.724+00:00,BIN,"BIN,ver=1,type=1,seq=8635,ts=139,lat=0,lon=0,alt_mm=710,speed_cms=0,heading_cd=59254,pitch_cd=-905,roll_cd=73,yaw_cd=63,bat_mv=0,status=0x02","{""ver"":1,""type"":1,""seq"":8635,""ts"":139,""lat"":0,""lon"":0,""alt_mm"":710,""speed_cms"":0,""heading_cd"":59254,""pitch_cd"":-905,""roll_cd"":73,""yaw_cd"":63,""bat_mv"":0,""status"":2}"
2026-08-12T19:48:18.806+00:00,BIN,"BIN,ver=1,type=1,seq=8759,ts=139,lat=0,lon=0,alt_mm=710,speed_cms=0,heading_cd=59254,pitch_cd=-939,roll_cd=252,yaw_cd=149,bat_mv=0,status=0x02","{""ver"":1,""type"":1,""seq"":8759,""ts"":139,""lat"":0,""lon"":0,""alt_mm"":710,""speed_cms"":0,""heading_cd"":59254,""pitch_cd"":-939,""roll_cd"":252,""yaw_cd"":149,""bat_mv"":0,""status"":2}"
2026-08-12T19:48:18.891+00:00,BIN,"BIN,ver=1,type=1,seq=8926,ts=140,lat=0,lon=0,alt_mm=720,speed_cms=0,heading_cd=59254,pitch_cd=-945,roll_cd=201,yaw_cd=85,bat_mv=0,status=0x02","{""ver"":1,""type"":1,""seq"":8926,""ts"":140,""lat"":0,""lon"":0,""alt_mm"":720,""speed_cms"":0,""heading_cd"":59254,""pitch_cd"":-945,""roll_cd"":201,""yaw_cd"":85,""bat_mv"":0,""status"":2}"
2026-08-12T19:48:18.974+00:00,BIN,"BIN,ver=1,type=1,seq=8926,ts=140,lat=0,lon=0,alt_mm=680,speed_cms=0,heading_cd=59254,pitch_cd=-951,roll_cd=142,yaw_cd=22,bat_mv=0,status=0x02","{""ver"":1,""type"":1,""seq"":8926,""ts"":140,""lat"":0,""lon"":0,""alt_mm"":680,""speed_cms"":0,""heading_cd"":59254,""pitch_cd"":-951,""roll_cd"":142,""yaw_cd"":22,""bat_mv"":0,""status"":2}"
2026-08-12T19:48:19.059+00:00,BIN,"BIN,ver=1,type=1,seq=9039,ts=140,lat=0,lon=0,alt_mm=680,speed_cms=0,heading_cd=59254,pitch_cd=-973,roll_cd=137,yaw_cd=113,bat_mv=0,status=0x02","{""ver"":1,""type"":1,""seq"":9039,""ts"":140,""lat"":0,""lon"":0,""alt_mm"":680,""speed_cms"":0,""heading_cd"":59254,""pitch_cd"":-973,""roll_cd"":137,""yaw_cd"":113,""bat_mv"":0,""status"":2}"
2026-08-12T19:48:19.143+00:00,BIN,"BIN,ver=1,type=1,seq=9195,ts=140,lat=0,lon=0,alt_mm=670,speed_cms=0,heading_cd=59254,pitch_cd=-887,roll_cd=44,yaw_cd=64,bat_mv=0,status=0x02","{""ver"":1,""type"":1,""seq"":9195,""ts"":140,""lat"":0,""lon"":0,""alt_mm"":670,""speed_cms"":0,""heading_cd"":59254,""pitch_cd"":-887,""roll_cd"":44,""yaw_cd"":64,""bat_mv"":0,""status"":2}"
2026-08-12T19:53:57.203+00:00,BIN,"BIN,ver=1,type=1,seq=0,ts=5,lat=0,lon=0,alt_mm=0,speed_cms=0,heading_cd=0,pitch_cd=0,roll_cd=0,yaw_cd=0,bat_mv=0,status=0x00","{""ver"":1,""type"":1,""seq"":0,""ts"":5,""lat"":0,""lon"":0,""alt_mm"":0,""speed_cms"":0,""heading_cd"":0,""pitch_cd"":0,""roll_cd"":0,""yaw_cd"":0,""bat_mv"":0,""status"":0}"
2026-08-12T19:53:57.288+00:00,BIN,"BIN,ver=1,type=1,seq=0,ts=5,lat=0,lon=0,alt_mm=0,speed_cms=0,heading_cd=0,pitch_cd=0,roll_cd=0,yaw_cd=0,bat_mv=0,status=0x00","{""ver"":1,""type"":1,""seq"":0,""ts"":5,""lat"":0,""lon"":0,""alt_mm"":0,""speed_cms"":0,""heading_cd"":0,""pitch_cd"":0,""roll_cd"":0,""yaw_cd"":0,""bat_mv"":0,""status"":0}"
2026-08-12T19:53:57.372+00:00,BIN,"BIN,ver=1,type=1,seq=0,ts=5,lat=0,lon=0,alt_mm=0,speed_cms=0,heading_cd=0,pitch_cd=0,roll_cd=0,yaw_cd=0,bat_mv=0,status=0x00","{""ver"":1,""type"":1,""seq"":0,""ts"":5,""lat"":0,""lon"":0,""alt_mm"":0,""speed_cms"":0,""heading_cd"":0,""pitch_cd"":0,""roll_cd"":0,""yaw_cd"":0,""bat_mv"":0,""status"":0}"
2026-08-12T19:53:57.457+00:00,BIN,"BIN,ver=1,type=1,seq=0,ts=5,lat=0,lon=0,alt_mm=120,speed_cms=0,heading_cd=0,pitch_cd=0,roll_cd=0,yaw_cd=0,bat_mv=0,status=0x02","{""ver"":1,""type"":1,""seq"":0,""ts"":5,""lat"":0,""lon"":0,""alt_mm"":120,""speed_cms"":0,""heading_cd"":0,""pitch_cd"":0,""roll_cd"":0,""yaw_cd"":0,""bat_mv"":0,""status"":2}"
2026-08-12T19:53:57.541+00:00,BIN,"BIN,ver=1,type=1,seq=5796,ts=5,lat=0,lon=0,alt_mm=120,speed_cms=0,heading_cd=310,pitch_cd=-8,roll_cd=838,yaw_cd=-555,bat_mv=0,status=0x02","{""ver"":1,""type"":1,""seq"":5796,""ts"":5,""lat"":0,""lon"":0,""alt_mm"":120,""speed_cms"":0,""heading_cd"":310,""pitch_cd"":-8,""roll_cd"":838,""yaw_cd"":-555,""bat_mv"":0,""status"":2}"
2026-08-12T19:53:57.625+00:00,BIN,"BIN,ver=1,type=1,seq=5913,ts=5,lat=0,lon=0,alt_mm=120,speed_cms=0,heading_cd=310,pitch_cd=-8,roll_cd=838,yaw_cd=-558,bat_mv=0,status=0x02","{""ver"":1,""type"":1,""seq"":5913,""ts"":5,""lat"":0,""lon"":0,""alt_mm"":120,""speed_cms"":0,""heading_cd"":310,""pitch_cd"":-8,""roll_cd"":838,""yaw_cd"":-558,""bat_mv"":0,""status"":2}"
2026-08-12T19:53:57.709+00:00,BIN,"BIN,ver=1,type=1,seq=5913,ts=6,lat=0,lon=0,alt_mm=130,speed_cms=0,heading_cd=310,pitch_cd=-11,roll_cd=844,yaw_cd=-553,bat_mv=0,status=0x02","{""ver"":1,""type"":1,""seq"":5913,""ts"":6,""lat"":0,""lon"":0,""alt_mm"":130,""speed_cms"":0,""heading_cd"":310,""pitch_cd"":-11,""roll_cd"":844,""yaw_cd"":-553,""bat_mv"":0,""status"":2}"
2026-08-12T19:53:57.793+00:00,BIN,"BIN,ver=1,type=1,seq=6031,ts=6,lat=0,lon=0,alt_mm=130,speed_cms=0,heading_cd=310,pitch_cd=-8,roll_cd=842,yaw_cd=-552,bat_mv=0,status=0x02","{""ver"":1,""type"":1,""seq"":6031,""ts"":6,""lat"":0,""lon"":0,""alt_mm"":130,""speed_cms"":0,""heading_cd"":310,""pitch_cd"":-8,""roll_cd"":842,""yaw_cd"":-552,""bat_mv"":0,""status"":2}"
2026-08-12T19:53:57.876+00:00,BIN,"BIN,ver=1,type=1,seq=6147,ts=6,lat=0,lon=0,alt_mm=80,speed_cms=0,heading_cd=310,pitch_cd=-9,roll_cd=840,yaw_cd=-553,bat_mv=0,status=0x02","{""ver"":1,""type"":1,""seq"":6147,""ts"":6,""lat"":0,""lon"":0,""alt_mm"":80,""speed_cms"":0,""heading_cd"":310,""pitch_cd"":-9,""roll_cd"":840,""yaw_cd"":-553,""bat_mv"":0,""status"":2}"
2026-08-12T19:53:58.045+00:00,BIN,"BIN,ver=1,type=1,seq=6147,ts=6,lat=0,lon=0,alt_mm=80,speed_cms=0,heading_cd=310,pitch_cd=-9,roll_cd=840,yaw_cd=-553,bat_mv=0,status=0x02","{""ver"":1,""type"":1,""seq"":6147,""ts"":6,""lat"":0,""lon"":0,""alt_mm"":80,""speed_cms"":0,""heading_cd"":310,""pitch_cd"":-9,""roll_cd"":840,""yaw_cd"":-553,""bat_mv"":0,""status"":2}"
2026-08-12T19:53:58.049+00:00,BIN,"BIN,ver=1,type=1,seq=6271,ts=6,lat=0,lon=0,alt_mm=80,speed_cms=0,heading_cd=310,pitch_cd=-10,roll_cd=838,yaw_cd=-556,bat_mv=0,status=0x02","{""ver"":1,""type"":1,""seq"":6271,""ts"":6,""lat"":0,""lon"":0,""alt_mm"":80,""speed_cms"":0,""heading_cd"":310,""pitch_cd"":-10,""roll_cd"":838,""yaw_cd"":-556,""bat_mv"":0,""status"":2}"
2026-08-12T19:53:58.128+00:00,BIN,"BIN,ver=1,type=1,seq=6427,ts=6,lat=0,lon=0,alt_mm=80,speed_cms=0,heading_cd=310,pitch_cd=-6,roll_cd=838,yaw_cd=-558,bat_mv=0,status=0x02","{""ver"":1,""type"":1,""seq"":6427,""ts"":6,""lat"":0,""lon"":0,""alt_mm"":80,""speed_cms"":0,""heading_cd"":310,""pitch_cd"":-6,""roll_cd"":838,""yaw_cd"":-558,""bat_mv"":0,""status"":2}"
2026-08-12T19:53:58.212+00:00,BIN,"BIN,ver=1,type=1,seq=6552,ts=6,lat=0,lon=0,alt_mm=90,speed_cms=0,heading_cd=310,pitch_cd=-6,roll_cd=838,yaw_cd=-558,bat_mv=0,status=0x02","{""ver"":1,""type"":1,""seq"":6552,""ts"":6,""lat"":0,""lon"":0,""alt_mm"":90,""speed_cms"":0,""heading_cd"":310,""pitch_cd"":-6,""roll_cd"":838,""yaw_cd"":-558,""bat_mv"":0,""status"":2}"
2026-08-12T19:53:58.294+00:00,BIN,"BIN,ver=1,type=1,seq=6552,ts=6,lat=0,lon=0,alt_mm=90,speed_cms=0,heading_cd=310,pitch_cd=-9,roll_cd=838,yaw_cd=-559,bat_mv=0,status=0x02","{""ver"":1,""type"":1,""seq"":6552,""ts"":6,""lat"":0,""lon"":0,""alt_mm"":90,""speed_cms"":0,""heading_cd"":310,""pitch_cd"":-9,""roll_cd"":838,""yaw_cd"":-559,""bat_mv"":0,""status"":2}"
2026-08-12T19:53:58.378+00:00,BIN,"BIN,ver=1,type=1,seq=6707,ts=6,lat=0,lon=0,alt_mm=70,speed_cms=0,heading_cd=310,pitch_cd=-9,roll_cd=838,yaw_cd=-557,bat_mv=0,status=0x02","{""ver"":1,""type"":1,""seq"":6707,""ts"":6,""lat"":0,""lon"":0,""alt_mm"":70,""speed_cms"":0,""heading_cd"":310,""pitch_cd"":-9,""roll_cd"":838,""yaw_cd"":-557,""bat_mv"":0,""status"":2}"
2026-08-12T19:53:58.464+00:00,BIN,"BIN,ver=1,type=1,seq=6707,ts=6,lat=0,lon=0,alt_mm=70,speed_cms=0,heading_cd=310,pitch_cd=-8,roll_cd=838,yaw_cd=-557,bat_mv=0,status=0x02","{""ver"":1,""type"":1,""seq"":6707,""ts"":6,""lat"":0,""lon"":0,""alt_mm"":70,""speed_cms"":0,""heading_cd"":310,""pitch_cd"":-8,""roll_cd"":838,""yaw_cd"":-557,""bat_mv"":0,""status"":2}"
2026-08-12T19:53:58.547+00:00,BIN,"BIN,ver=1,type=1,seq=6831,ts=6,lat=0,lon=0,alt_mm=80,speed_cms=0,heading_cd=310,pitch_cd=-8,roll_cd=838,yaw_cd=-557,bat_mv=0,status=0x02","{""ver"":1,""type"":1,""seq"":6831,""ts"":6,""lat"":0,""lon"":0,""alt_mm"":80,""speed_cms"":0,""heading_cd"":310,""pitch_cd"":-8,""roll_cd"":838,""yaw_cd"":-557,""bat_mv"":0,""status"":2}"
2026-08-12T19:53:58.632+00:00,BIN,"BIN,ver=1,type=1,seq=6831,ts=6,lat=0,lon=0,alt_mm=80,speed_cms=0,heading_cd=310,pitch_cd=-7,roll_cd=836,yaw_cd=-555,bat_mv=0,status=0x02","{""ver"":1,""type"":1,""seq"":6831,""ts"":6,""lat"":0,""lon"":0,""alt_mm"":80,""speed_cms"":0,""heading_cd"":310,""pitch_cd"":-7,""roll_cd"":836,""yaw_cd"":-555,""bat_mv"":0,""status"":2}"
2026-08-12T19:53:58.716+00:00,BIN,"BIN,ver=1,type=1,seq=6949,ts=7,lat=0,lon=0,alt_mm=90,speed_cms=0,heading_cd=310,pitch_cd=-6,roll_cd=842,yaw_cd=-557,bat_mv=0,status=0x02","{""ver"":1,""type"":1,""seq"":6949,""ts"":7,""lat"":0,""lon"":0,""alt_mm"":90,""speed_cms"":0,""heading_cd"":310,""pitch_cd"":-6,""roll_cd"":842,""yaw_cd"":-557,""bat_mv"":0,""status"":2}"
2026-08-12T19:53:58.800+00:00,BIN,"BIN,ver=1,type=1,seq=6949,ts=7,lat=0,lon=0,alt_mm=100,speed_cms=0,heading_cd=310,pitch_cd=-8,roll_cd=838,yaw_cd=-557,bat_mv=0,status=0x02","{""ver"":1,""type"":1,""seq"":6949,""ts"":7,""lat"":0,""lon"":0,""alt_mm"":100,""speed_cms"":0,""heading_cd"":310,""pitch_cd"":-8,""roll_cd"":838,""yaw_cd"":-557,""bat_mv"":0,""status"":2}"
2026-08-12T19:53:58.967+00:00,BIN,"BIN,ver=1,type=1,seq=7071,ts=7,lat=0,lon=0,alt_mm=90,speed_cms=0,heading_cd=310,pitch_cd=-8,roll_cd=838,yaw_cd=-556,bat_mv=0,status=0x02","{""ver"":1,""type"":1,""seq"":7071,""ts"":7,""lat"":0,""lon"":0,""alt_mm"":90,""speed_cms"":0,""heading_cd"":310,""pitch_cd"":-8,""roll_cd"":838,""yaw_cd"":-556,""bat_mv"":0,""status"":2}"
2026-08-12T19:53:58.972+00:00,BIN,"BIN,ver=1,type=1,seq=7238,ts=7,lat=0,lon=0,alt_mm=90,speed_cms=0,heading_cd=310,pitch_cd=-10,roll_cd=838,yaw_cd=-560,bat_mv=0,status=0x02","{""ver"":1,""type"":1,""seq"":7238,""ts"":7,""lat"":0,""lon"":0,""alt_mm"":90,""speed_cms"":0,""heading_cd"":310,""pitch_cd"":-10,""roll_cd"":838,""yaw_cd"":-560,""bat_mv"":0,""status"":2}"
2026-08-12T19:53:59.049+00:00,BIN,"BIN,ver=1,type=1,seq=7351,ts=7,lat=0,lon=0,alt_mm=110,speed_cms=0,heading_cd=310,pitch_cd=-8,roll_cd=836,yaw_cd=-556,bat_mv=0,status=0x02","{""ver"":1,""type"":1,""seq"":7351,""ts"":7,""lat"":0,""lon"":0,""alt_mm"":110,""speed_cms"":0,""heading_cd"":310,""pitch_cd"":-8,""roll_cd"":836,""yaw_cd"":-556,""bat_mv"":0,""status"":2}"
2026-08-12T19:53:59.134+00:00,BIN,"BIN,ver=1,type=1,seq=7467,ts=7,lat=0,lon=0,alt_mm=110,speed_cms=0,heading_cd=310,pitch_cd=-9,roll_cd=836,yaw_cd=-557,bat_mv=0,status=0x02","{""ver"":1,""type"":1,""seq"":7467,""ts"":7,""lat"":0,""lon"":0,""alt_mm"":110,""speed_cms"":0,""heading_cd"":310,""pitch_cd"":-9,""roll_cd"":836,""yaw_cd"":-557,""bat_mv"":0,""status"":2}"
2026-08-12T19:53:59.303+00:00,BIN,"BIN,ver=1,type=1,seq=7467,ts=7,lat=0,lon=0,alt_mm=100,speed_cms=0,heading_cd=310,pitch_cd=-9,roll_cd=837,yaw_cd=-557,bat_mv=0,status=0x02","{""ver"":1,""type"":1,""seq"":7467,""ts"":7,""lat"":0,""lon"":0,""alt_mm"":100,""speed_cms"":0,""heading_cd"":310,""pitch_cd"":-9,""roll_cd"":837,""yaw_cd"":-557,""bat_mv"":0,""status"":2}"
2026-08-12T19:53:59.306+00:00,BIN,"BIN,ver=1,type=1,seq=7592,ts=7,lat=0,lon=0,alt_mm=100,speed_cms=0,heading_cd=310,pitch_cd=-9,roll_cd=837,yaw_cd=-557,bat_mv=0,status=0x02","{""ver"":1,""type"":1,""seq"":7592,""ts"":7,""lat"":0,""lon"":0,""alt_mm"":100,""speed_cms"":0,""heading_cd"":310,""pitch_cd"":-9,""roll_cd"":837,""yaw_cd"":-557,""bat_mv"":0,""status"":2}"
2026-08-12T19:53:59.388+00:00,BIN,"BIN,ver=1,type=1,seq=7592,ts=7,lat=0,lon=0,alt_mm=100,speed_cms=0,heading_cd=310,pitch_cd=-7,roll_cd=837,yaw_cd=-557,bat_mv=0,status=0x02","{""ver"":1,""type"":1,""seq"":7592,""ts"":7,""lat"":0,""lon"":0,""alt_mm"":100,""speed_cms"":0,""heading_cd"":310,""pitch_cd"":-7,""roll_cd"":837,""yaw_cd"":-557,""bat_mv"":0,""status"":2}"
2026-08-12T19:53:59.473+00:00,BIN,"BIN,ver=1,type=1,seq=7747,ts=7,lat=0,lon=0,alt_mm=100,speed_cms=0,heading_cd=310,pitch_cd=-8,roll_cd=836,yaw_cd=-557,bat_mv=0,status=0x02","{""ver"":1,""type"":1,""seq"":7747,""ts"":7,""lat"":0,""lon"":0,""alt_mm"":100,""speed_cms"":0,""heading_cd"":310,""pitch_cd"":-8,""roll_cd"":836,""yaw_cd"":-557,""bat_mv"":0,""status"":2}"
2026-08-12T19:53:59.555+00:00,BIN,"BIN,ver=1,type=1,seq=7747,ts=7,lat=0,lon=0,alt_mm=90,speed_cms=0,heading_cd=310,pitch_cd=-9,roll_cd=839,yaw_cd=-555,bat_mv=0,status=0x02","{""ver"":1,""type"":1,""seq"":7747,""ts"":7,""lat"":0,""lon"":0,""alt_mm"":90,""speed_cms"":0,""heading_cd"":310,""pitch_cd"":-9,""roll_cd"":839,""yaw_cd"":-555,""bat_mv"":0,""status"":2}"
2026-08-12T19:53:59.723+00:00,BIN,"BIN,ver=1,type=1,seq=7871,ts=7,lat=0,lon=0,alt_mm=90,speed_cms=0,heading_cd=310,pitch_cd=-9,roll_cd=839,yaw_cd=-554,bat_mv=0,status=0x02","{""ver"":1,""type"":1,""seq"":7871,""ts"":7,""lat"":0,""lon"":0,""alt_mm"":90,""speed_cms"":0,""heading_cd"":310,""pitch_cd"":-9,""roll_cd"":839,""yaw_cd"":-554,""bat_mv"":0,""status"":2}"
2026-08-12T19:53:59.726+00:00,BIN,"BIN,ver=1,type=1,seq=8018,ts=8,lat=0,lon=0,alt_mm=110,speed_cms=0,heading_cd=310,pitch_cd=-9,roll_cd=838,yaw_cd=-556,bat_mv=0,status=0x02","{""ver"":1,""type"":1,""seq"":8018,""ts"":8,""lat"":0,""lon"":0,""alt_mm"":110,""speed_cms"":0,""heading_cd"":310,""pitch_cd"":-9,""roll_cd"":838,""yaw_cd"":-556,""bat_mv"":0,""status"":2}"
2026-08-12T19:53:59.807+00:00,BIN,"BIN,ver=1,type=1,seq=8018,ts=8,lat=0,lon=0,alt_mm=110,speed_cms=0,heading_cd=310,pitch_cd=-10,roll_cd=838,yaw_cd=-558,bat_mv=0,status=0x02","{""ver"":1,""type"":1,""seq"":8018,""ts"":8,""lat"":0,""lon"":0,""alt_mm"":110,""speed_cms"":0,""heading_cd"":310,""pitch_cd"":-10,""roll_cd"":838,""yaw_cd"":-558,""bat_mv"":0,""status"":2}"
2026-08-12T19:53:59.892+00:00,BIN,"BIN,ver=1,type=1,seq=8131,ts=8,lat=0,lon=0,alt_mm=70,speed_cms=0,heading_cd=310,pitch_cd=-8,roll_cd=839,yaw_cd=-556,bat_mv=0,status=0x02","{""ver"":1,""type"":1,""seq"":8131,""ts"":8,""lat"":0,""lon"":0,""alt_mm"":70,""speed_cms"":0,""heading_cd"":310,""pitch_cd"":-8,""roll_cd"":839,""yaw_cd"":-556,""bat_mv"":0,""status"":2}"
2026-08-12T19:54:00.057+00:00,BIN,"BIN,ver=1,type=1,seq=8131,ts=8,lat=0,lon=0,alt_mm=80,speed_cms=0,heading_cd=310,pitch_cd=-8,roll_cd=839,yaw_cd=-556,bat_mv=0,status=0x02","{""ver"":1,""type"":1,""seq"":8131,""ts"":8,""lat"":0,""lon"":0,""alt_mm"":80,""speed_cms"":0,""heading_cd"":310,""pitch_cd"":-8,""roll_cd"":839,""yaw_cd"":-556,""bat_mv"":0,""status"":2}"
2026-08-12T19:54:00.060+00:00,BIN,"BIN,ver=1,type=1,seq=8287,ts=8,lat=0,lon=0,alt_mm=90,speed_cms=0,heading_cd=310,pitch_cd=-10,roll_cd=838,yaw_cd=-555,bat_mv=0,status=0x02","{""ver"":1,""type"":1,""seq"":8287,""ts"":8,""lat"":0,""lon"":0,""alt_mm"":90,""speed_cms"":0,""heading_cd"":310,""pitch_cd"":-10,""roll_cd"":838,""yaw_cd"":-555,""bat_mv"":0,""status"":2}"
2026-08-12T19:54:00.143+00:00,BIN,"BIN,ver=1,type=1,seq=8423,ts=8,lat=0,lon=0,alt_mm=90,speed_cms=0,heading_cd=310,pitch_cd=-8,roll_cd=837,yaw_cd=-559,bat_mv=0,status=0x02","{""ver"":1,""type"":1,""seq"":8423,""ts"":8,""lat"":0,""lon"":0,""alt_mm"":90,""speed_cms"":0,""heading_cd"":310,""pitch_cd"":-8,""roll_cd"":837,""yaw_cd"":-559,""bat_mv"":0,""status"":2}"
2026-08-12T19:54:00.227+00:00,BIN,"BIN,ver=1,type=1,seq=8423,ts=8,lat=0,lon=0,alt_mm=70,speed_cms=0,heading_cd=310,pitch_cd=-6,roll_cd=833,yaw_cd=-559,bat_mv=0,status=0x02","{""ver"":1,""type"":1,""seq"":8423,""ts"":8,""lat"":0,""lon"":0,""alt_mm"":70,""speed_cms"":0,""heading_cd"":310,""pitch_cd"":-6,""roll_cd"":833,""yaw_cd"":-559,""bat_mv"":0,""status"":2}"
2026-08-12T19:54:00.312+00:00,BIN,"BIN,ver=1,type=1,seq=8571,ts=8,lat=0,lon=0,alt_mm=70,speed_cms=0,heading_cd=310,pitch_cd=-6,roll_cd=833,yaw_cd=-559,bat_mv=0,status=0x02","{""ver"":1,""type"":1,""seq"":8571,""ts"":8,""lat"":0,""lon"":0,""alt_mm"":70,""speed_cms"":0,""heading_cd"":310,""pitch_cd"":-6,""roll_cd"":833,""yaw_cd"":-559,""bat_mv"":0,""status"":2}"
2026-08-12T19:54:00.392+00:00,BIN,"BIN,ver=1,type=1,seq=8571,ts=8,lat=0,lon=0,alt_mm=80,speed_cms=0,heading_cd=310,pitch_cd=-8,roll_cd=836,yaw_cd=-559,bat_mv=0,status=0x02","{""ver"":1,""type"":1,""seq"":8571,""ts"":8,""lat"":0,""lon"":0,""alt_mm"":80,""speed_cms"":0,""heading_cd"":310,""pitch_cd"":-8,""roll_cd"":836,""yaw_cd"":-559,""bat_mv"":0,""status"":2}"
2026-08-12T19:54:00.479+00:00,BIN,"BIN,ver=1,type=1,seq=8691,ts=8,lat=0,lon=0,alt_mm=80,speed_cms=0,heading_cd=310,pitch_cd=-10,roll_cd=840,yaw_cd=-553,bat_mv=0,status=0x02","{""ver"":1,""type"":1,""seq"":8691,""ts"":8,""lat"":0,""lon"":0,""alt_mm"":80,""speed_cms"":0,""heading_cd"":310,""pitch_cd"":-10,""roll_cd"":840,""yaw_cd"":-553,""bat_mv"":0,""status"":2}"
2026-08-12T19:54:00.562+00:00,BIN,"BIN,ver=1,type=1,seq=8858,ts=8,lat=0,lon=0,alt_mm=70,speed_cms=0,heading_cd=310,pitch_cd=-7,roll_cd=831,yaw_cd=-557,bat_mv=0,status=0x02","{""ver"":1,""type"":1,""seq"":8858,""ts"":8,""lat"":0,""lon"":0,""alt_mm"":70,""speed_cms"":0,""heading_cd"":310,""pitch_cd"":-7,""roll_cd"":831,""yaw_cd"":-557,""bat_mv"":0,""status"":2}"
2026-08-12T19:54:00.647+00:00,BIN,"BIN,ver=1,type=1,seq=8858,ts=9,lat=0,lon=0,alt_mm=70,speed_cms=0,heading_cd=310,pitch_cd=-9,roll_cd=835,yaw_cd=-562,bat_mv=0,status=0x02","{""ver"":1,""type"":1,""seq"":8858,""ts"":9,""lat"":0,""lon"":0,""alt_mm"":70,""speed_cms"":0,""heading_cd"":310,""pitch_cd"":-9,""roll_cd"":835,""yaw_cd"":-562,""bat_mv"":0,""status"":2}"
2026-08-12T19:54:00.730+00:00,BIN,"BIN,ver=1,type=1,seq=8971,ts=9,lat=0,lon=0,alt_mm=40,speed_cms=0,heading_cd=310,pitch_cd=-9,roll_cd=835,yaw_cd=-562,bat_mv=0,status=0x02","{""ver"":1,""type"":1,""seq"":8971,""ts"":9,""lat"":0,""lon"":0,""alt_mm"":40,""speed_cms"":0,""heading_cd"":310,""pitch_cd"":-9,""roll_cd"":835,""yaw_cd"":-562,""bat_mv"":0,""status"":2}"
2026-08-12T19:54:00.815+00:00,BIN,"BIN,ver=1,type=1,seq=8971,ts=9,lat=0,lon=0,alt_mm=40,speed_cms=0,heading_cd=310,pitch_cd=-7,roll_cd=838,yaw_cd=-559,bat_mv=0,status=0x02","{""ver"":1,""type"":1,""seq"":8971,""ts"":9,""lat"":0,""lon"":0,""alt_mm"":40,""speed_cms"":0,""heading_cd"":310,""pitch_cd"":-7,""roll_cd"":838,""yaw_cd"":-559,""bat_mv"":0,""status"":2}"
2026-08-12T19:54:00.899+00:00,BIN,"BIN,ver=1,type=1,seq=9126,ts=9,lat=0,lon=0,alt_mm=60,speed_cms=0,heading_cd=310,pitch_cd=-9,roll_cd=839,yaw_cd=-553,bat_mv=0,status=0x02","{""ver"":1,""type"":1,""seq"":9126,""ts"":9,""lat"":0,""lon"":0,""alt_mm"":60,""speed_cms"":0,""heading_cd"":310,""pitch_cd"":-9,""roll_cd"":839,""yaw_cd"":-553,""bat_mv"":0,""status"":2}"
2026-08-12T19:54:00.982+00:00,BIN,"BIN,ver=1,type=1,seq=9126,ts=9,lat=0,lon=0,alt_mm=70,speed_cms=0,heading_cd=310,pitch_cd=-6,roll_cd=839,yaw_cd=-556,bat_mv=0,status=0x02","{""ver"":1,""type"":1,""seq"":9126,""ts"":9,""lat"":0,""lon"":0,""alt_mm"":70,""speed_cms"":0,""heading_cd"":310,""pitch_cd"":-6,""roll_cd"":839,""yaw_cd"":-556,""bat_mv"":0,""status"":2}"
2026-08-12T19:54:01.149+00:00,BIN,"BIN,ver=1,type=1,seq=9251,ts=9,lat=0,lon=0,alt_mm=70,speed_cms=0,heading_cd=310,pitch_cd=-7,roll_cd=837,yaw_cd=-557,bat_mv=0,status=0x02","{""ver"":1,""type"":1,""seq"":9251,""ts"":9,""lat"":0,""lon"":0,""alt_mm"":70,""speed_cms"":0,""heading_cd"":310,""pitch_cd"":-7,""roll_cd"":837,""yaw_cd"":-557,""bat_mv"":0,""status"":2}"
2026-08-12T19:54:01.152+00:00,BIN,"BIN,ver=1,type=1,seq=9531,ts=9,lat=0,lon=0,alt_mm=40,speed_cms=0,heading_cd=310,pitch_cd=-7,roll_cd=836,yaw_cd=-558,bat_mv=0,status=0x02","{""ver"":1,""type"":1,""seq"":9531,""ts"":9,""lat"":0,""lon"":0,""alt_mm"":40,""speed_cms"":0,""heading_cd"":310,""pitch_cd"":-7,""roll_cd"":836,""yaw_cd"":-558,""bat_mv"":0,""status"":2}"
2026-08-12T19:54:01.316+00:00,BIN,"BIN,ver=1,type=1,seq=9531,ts=9,lat=0,lon=0,alt_mm=40,speed_cms=0,heading_cd=310,pitch_cd=-8,roll_cd=838,yaw_cd=-557,bat_mv=0,status=0x02","{""ver"":1,""type"":1,""seq"":9531,""ts"":9,""lat"":0,""lon"":0,""alt_mm"":40,""speed_cms"":0,""heading_cd"":310,""pitch_cd"":-8,""roll_cd"":838,""yaw_cd"":-557,""bat_mv"":0,""status"":2}"
2026-08-12T19:54:01.319+00:00,BIN,"BIN,ver=1,type=1,seq=9531,ts=9,lat=0,lon=0,alt_mm=40,speed_cms=0,heading_cd=310,pitch_cd=-8,roll_cd=838,yaw_cd=-557,bat_mv=0,status=0x02","{""ver"":1,""type"":1,""seq"":9531,""ts"":9,""lat"":0,""lon"":0,""alt_mm"":40,""speed_cms"":0,""heading_cd"":310,""pitch_cd"":-8,""roll_cd"":838,""yaw_cd"":-557,""bat_mv"":0,""status"":2}"
2026-08-12T19:54:01.401+00:00,BIN,"BIN,ver=1,type=1,seq=9688,ts=9,lat=0,lon=0,alt_mm=40,speed_cms=0,heading_cd=310,pitch_cd=-10,roll_cd=836,yaw_cd=-560,bat_mv=0,status=0x02","{""ver"":1,""type"":1,""seq"":9688,""ts"":9,""lat"":0,""lon"":0,""alt_mm"":40,""speed_cms"":0,""heading_cd"":310,""pitch_cd"":-10,""roll_cd"":836,""yaw_cd"":-560,""bat_mv"":0,""status"":2}"
2026-08-12T19:54:01.482+00:00,BIN,"BIN,ver=1,type=1,seq=9688,ts=9,lat=0,lon=0,alt_mm=40,speed_cms=0,heading_cd=310,pitch_cd=-9,roll_cd=834,yaw_cd=-560,bat_mv=0,status=0x02","{""ver"":1,""type"":1,""seq"":9688,""ts"":9,""lat"":0,""lon"":0,""alt_mm"":40,""speed_cms"":0,""heading_cd"":310,""pitch_cd"":-9,""roll_cd"":834,""yaw_cd"":-560,""bat_mv"":0,""status"":2}"
2026-08-12T19:54:01.568+00:00,BIN,"BIN,ver=1,type=1,seq=9811,ts=9,lat=0,lon=0,alt_mm=60,speed_cms=0,heading_cd=310,pitch_cd=-9,roll_cd=834,yaw_cd=-560,bat_mv=0,status=0x02","{""ver"":1,""type"":1,""seq"":9811,""ts"":9,""lat"":0,""lon"":0,""alt_mm"":60,""speed_cms"":0,""heading_cd"":310,""pitch_cd"":-9,""roll_cd"":834,""yaw_cd"":-560,""bat_mv"":0,""status"":2}"
2026-08-12T19:54:01.653+00:00,BIN,"BIN,ver=1,type=1,seq=9811,ts=9,lat=0,lon=0,alt_mm=60,speed_cms=0,heading_cd=310,pitch_cd=-8,roll_cd=836,yaw_cd=-556,bat_mv=0,status=0x02","{""ver"":1,""type"":1,""seq"":9811,""ts"":9,""lat"":0,""lon"":0,""alt_mm"":60,""speed_cms"":0,""heading_cd"":310,""pitch_cd"":-8,""roll_cd"":836,""yaw_cd"":-556,""bat_mv"":0,""status"":2}"
2026-08-12T19:54:01.733+00:00,BIN,"BIN,ver=1,type=1,seq=9967,ts=10,lat=0,lon=0,alt_mm=60,speed_cms=0,heading_cd=310,pitch_cd=-8,roll_cd=838,yaw_cd=-560,bat_mv=0,status=0x02","{""ver"":1,""type"":1,""seq"":9967,""ts"":10,""lat"":0,""lon"":0,""alt_mm"":60,""speed_cms"":0,""heading_cd"":310,""pitch_cd"":-8,""roll_cd"":838,""yaw_cd"":-560,""bat_mv"":0,""status"":2}"
2026-08-12T19:54:01.821+00:00,BIN,"BIN,ver=1,type=1,seq=9967,ts=10,lat=0,lon=0,alt_mm=60,speed_cms=0,heading_cd=310,pitch_cd=-6,roll_cd=836,yaw_cd=-558,bat_mv=0,status=0x02","{""ver"":1,""type"":1,""seq"":9967,""ts"":10,""lat"":0,""lon"":0,""alt_mm"":60,""speed_cms"":0,""heading_cd"":310,""pitch_cd"":-6,""roll_cd"":836,""yaw_cd"":-558,""bat_mv"":0,""status"":2}"
2026-08-12T19:54:01.901+00:00,BIN,"BIN,ver=1,type=1,seq=10091,ts=10,lat=0,lon=0,alt_mm=40,speed_cms=0,heading_cd=310,pitch_cd=-6,roll_cd=836,yaw_cd=-558,bat_mv=0,status=0x02","{""ver"":1,""type"":1,""seq"":10091,""ts"":10,""lat"":0,""lon"":0,""alt_mm"":40,""speed_cms"":0,""heading_cd"":310,""pitch_cd"":-6,""roll_cd"":836,""yaw_cd"":-558,""bat_mv"":0,""status"":2}"
2026-08-12T19:54:01.986+00:00,BIN,"BIN,ver=1,type=1,seq=10291,ts=10,lat=0,lon=0,alt_mm=40,speed_cms=0,heading_cd=310,pitch_cd=-8,roll_cd=839,yaw_cd=-557,bat_mv=0,status=0x02","{""ver"":1,""type"":1,""seq"":10291,""ts"":10,""lat"":0,""lon"":0,""alt_mm"":40,""speed_cms"":0,""heading_cd"":310,""pitch_cd"":-8,""roll_cd"":839,""yaw_cd"":-557,""bat_mv"":0,""status"":2}"
2026-08-12T19:54:02.070+00:00,BIN,"BIN,ver=1,type=1,seq=10411,ts=10,lat=0,lon=0,alt_mm=30,speed_cms=0,heading_cd=310,pitch_cd=-6,roll_cd=836,yaw_cd=-557,bat_mv=0,status=0x02","{""ver"":1,""type"":1,""seq"":10411,""ts"":10,""lat"":0,""lon"":0,""alt_mm"":30,""speed_cms"":0,""heading_cd"":310,""pitch_cd"":-6,""roll_cd"":836,""yaw_cd"":-557,""bat_mv"":0,""status"":2}"
2026-08-12T19:54:02.155+00:00,BIN,"BIN,ver=1,type=1,seq=10527,ts=10,lat=0,lon=0,alt_mm=30,speed_cms=0,heading_cd=310,pitch_cd=-8,roll_cd=838,yaw_cd=-559,bat_mv=0,status=0x02","{""ver"":1,""type"":1,""seq"":10527,""ts"":10,""lat"":0,""lon"":0,""alt_mm"":30,""speed_cms"":0,""heading_cd"":310,""pitch_cd"":-8,""roll_cd"":838,""yaw_cd"":-559,""bat_mv"":0,""status"":2}"
2026-08-12T19:54:02.240+00:00,BIN,"BIN,ver=1,type=1,seq=10527,ts=10,lat=0,lon=0,alt_mm=30,speed_cms=0,heading_cd=310,pitch_cd=-9,roll_cd=837,yaw_cd=-558,bat_mv=0,status=0x02","{""ver"":1,""type"":1,""seq"":10527,""ts"":10,""lat"":0,""lon"":0,""alt_mm"":30,""speed_cms"":0,""heading_cd"":310,""pitch_cd"":-9,""roll_cd"":837,""yaw_cd"":-558,""bat_mv"":0,""status"":2}"
2026-08-12T19:54:02.324+00:00,BIN,"BIN,ver=1,type=1,seq=10527,ts=10,lat=0,lon=0,alt_mm=60,speed_cms=0,heading_cd=310,pitch_cd=-9,roll_cd=837,yaw_cd=-558,bat_mv=0,status=0x02","{""ver"":1,""type"":1,""seq"":10527,""ts"":10,""lat"":0,""lon"":0,""alt_mm"":60,""speed_cms"":0,""heading_cd"":310,""pitch_cd"":-9,""roll_cd"":837,""yaw_cd"":-558,""bat_mv"":0,""status"":2}"
2026-08-12T19:54:02.408+00:00,BIN,"BIN,ver=1,type=1,seq=10652,ts=10,lat=0,lon=0,alt_mm=60,speed_cms=0,heading_cd=310,pitch_cd=-9,roll_cd=837,yaw_cd=-558,bat_mv=0,status=0x02","{""ver"":1,""type"":1,""seq"":10652,""ts"":10,""lat"":0,""lon"":0,""alt_mm"":60,""speed_cms"":0,""heading_cd"":310,""pitch_cd"":-9,""roll_cd"":837,""yaw_cd"":-558,""bat_mv"":0,""status"":2}"
2026-08-12T19:54:02.490+00:00,BIN,"BIN,ver=1,type=1,seq=10652,ts=10,lat=0,lon=0,alt_mm=60,speed_cms=0,heading_cd=310,pitch_cd=-8,roll_cd=836,yaw_cd=-555,bat_mv=0,status=0x02","{""ver"":1,""type"":1,""seq"":10652,""ts"":10,""lat"":0,""lon"":0,""alt_mm"":60,""speed_cms"":0,""heading_cd"":310,""pitch_cd"":-8,""roll_cd"":836,""yaw_cd"":-555,""bat_mv"":0,""status"":2}"
2026-08-12T19:54:02.576+00:00,BIN,"BIN,ver=1,type=1,seq=10806,ts=10,lat=0,lon=0,alt_mm=50,speed_cms=0,heading_cd=310,pitch_cd=-10,roll_cd=835,yaw_cd=-558,bat_mv=0,status=0x02","{""ver"":1,""type"":1,""seq"":10806,""ts"":10,""lat"":0,""lon"":0,""alt_mm"":50,""speed_cms"":0,""heading_cd"":310,""pitch_cd"":-10,""roll_cd"":835,""yaw_cd"":-558,""bat_mv"":0,""status"":2}"
2026-08-12T19:54:02.660+00:00,BIN,"BIN,ver=1,type=1,seq=10806,ts=10,lat=0,lon=0,alt_mm=40,speed_cms=0,heading_cd=310,pitch_cd=-9,roll_cd=836,yaw_cd=-557,bat_mv=0,status=0x02","{""ver"":1,""type"":1,""seq"":10806,""ts"":10,""lat"":0,""lon"":0,""alt_mm"":40,""speed_cms"":0,""heading_cd"":310,""pitch_cd"":-9,""roll_cd"":836,""yaw_cd"":-557,""bat_mv"":0,""status"":2}"
2026-08-12T19:54:02.825+00:00,BIN,"BIN,ver=1,type=1,seq=10931,ts=11,lat=0,lon=0,alt_mm=40,speed_cms=0,heading_cd=310,pitch_cd=-8,roll_cd=837,yaw_cd=-557,bat_mv=0,status=0x02","{""ver"":1,""type"":1,""seq"":10931,""ts"":11,""lat"":0,""lon"":0,""alt_mm"":40,""speed_cms"":0,""heading_cd"":310,""pitch_cd"":-8,""roll_cd"":837,""yaw_cd"":-557,""bat_mv"":0,""status"":2}"
2026-08-12T19:54:02.826+00:00,BIN,"BIN,ver=1,type=1,seq=11086,ts=11,lat=0,lon=0,alt_mm=30,speed_cms=0,heading_cd=310,pitch_cd=-9,roll_cd=836,yaw_cd=-557,bat_mv=0,status=0x02","{""ver"":1,""type"":1,""seq"":11086,""ts"":11,""lat"":0,""lon"":0,""alt_mm"":30,""speed_cms"":0,""heading_cd"":310,""pitch_cd"":-9,""roll_cd"":836,""yaw_cd"":-557,""bat_mv"":0,""status"":2}"
2026-08-12T19:54:02.909+00:00,BIN,"BIN,ver=1,type=1,seq=11086,ts=11,lat=0,lon=0,alt_mm=40,speed_cms=0,heading_cd=310,pitch_cd=-7,roll_cd=837,yaw_cd=-557,bat_mv=0,status=0x02","{""ver"":1,""type"":1,""seq"":11086,""ts"":11,""lat"":0,""lon"":0,""alt_mm"":40,""speed_cms"":0,""heading_cd"":310,""pitch_cd"":-7,""roll_cd"":837,""yaw_cd"":-557,""bat_mv"":0,""status"":2}"
2026-08-12T19:54:02.995+00:00,BIN,"BIN,ver=1,type=1,seq=11211,ts=11,lat=0,lon=0,alt_mm=60,speed_cms=0,heading_cd=310,pitch_cd=-9,roll_cd=838,yaw_cd=-556,bat_mv=0,status=0x02","{""ver"":1,""type"":1,""seq"":11211,""ts"":11,""lat"":0,""lon"":0,""alt_mm"":60,""speed_cms"":0,""heading_cd"":310,""pitch_cd"":-9,""roll_cd"":838,""yaw_cd"":-556,""bat_mv"":0,""status"":2}"
2026-08-12T19:54:03.078+00:00,BIN,"BIN,ver=1,type=1,seq=11211,ts=11,lat=0,lon=0,alt_mm=60,speed_cms=0,heading_cd=310,pitch_cd=-9,roll_cd=838,yaw_cd=-559,bat_mv=0,status=0x02","{""ver"":1,""type"":1,""seq"":11211,""ts"":11,""lat"":0,""lon"":0,""alt_mm"":60,""speed_cms"":0,""heading_cd"":310,""pitch_cd"":-9,""roll_cd"":838,""yaw_cd"":-559,""bat_mv"":0,""status"":2}"
2026-08-12T19:54:03.163+00:00,BIN,"BIN,ver=1,type=1,seq=11491,ts=11,lat=0,lon=0,alt_mm=40,speed_cms=0,heading_cd=310,pitch_cd=-8,roll_cd=835,yaw_cd=-560,bat_mv=0,status=0x02","{""ver"":1,""type"":1,""seq"":11491,""ts"":11,""lat"":0,""lon"":0,""alt_mm"":40,""speed_cms"":0,""heading_cd"":310,""pitch_cd"":-8,""roll_cd"":835,""yaw_cd"":-560,""bat_mv"":0,""status"":2}"
2026-08-12T19:54:03.245+00:00,BIN,"BIN,ver=1,type=1,seq=11491,ts=11,lat=0,lon=0,alt_mm=40,speed_cms=0,heading_cd=310,pitch_cd=-9,roll_cd=838,yaw_cd=-556,bat_mv=0,status=0x02","{""ver"":1,""type"":1,""seq"":11491,""ts"":11,""lat"":0,""lon"":0,""alt_mm"":40,""speed_cms"":0,""heading_cd"":310,""pitch_cd"":-9,""roll_cd"":838,""yaw_cd"":-556,""bat_mv"":0,""status"":2}"
2026-08-12T19:54:03.330+00:00,BIN,"BIN,ver=1,type=1,seq=11491,ts=11,lat=0,lon=0,alt_mm=40,speed_cms=0,heading_cd=310,pitch_cd=-9,roll_cd=838,yaw_cd=-556,bat_mv=0,status=0x02","{""ver"":1,""type"":1,""seq"":11491,""ts"":11,""lat"":0,""lon"":0,""alt_mm"":40,""speed_cms"":0,""heading_cd"":310,""pitch_cd"":-9,""roll_cd"":838,""yaw_cd"":-556,""bat_mv"":0,""status"":2}"
2026-08-12T19:54:03.416+00:00,BIN,"BIN,ver=1,type=1,seq=11660,ts=11,lat=0,lon=0,alt_mm=50,speed_cms=0,heading_cd=310,pitch_cd=-10,roll_cd=836,yaw_cd=-557,bat_mv=0,status=0x02","{""ver"":1,""type"":1,""seq"":11660,""ts"":11,""lat"":0,""lon"":0,""alt_mm"":50,""speed_cms"":0,""heading_cd"":310,""pitch_cd"":-10,""roll_cd"":836,""yaw_cd"":-557,""bat_mv"":0,""status"":2}"
2026-08-12T19:54:03.500+00:00,BIN,"BIN,ver=1,type=1,seq=11660,ts=11,lat=0,lon=0,alt_mm=50,speed_cms=0,heading_cd=310,pitch_cd=-10,roll_cd=834,yaw_cd=-557,bat_mv=0,status=0x02","{""ver"":1,""type"":1,""seq"":11660,""ts"":11,""lat"":0,""lon"":0,""alt_mm"":50,""speed_cms"":0,""heading_cd"":310,""pitch_cd"":-10,""roll_cd"":834,""yaw_cd"":-557,""bat_mv"":0,""status"":2}"
2026-08-12T19:54:03.583+00:00,BIN,"BIN,ver=1,type=1,seq=11771,ts=11,lat=0,lon=0,alt_mm=50,speed_cms=0,heading_cd=310,pitch_cd=-8,roll_cd=838,yaw_cd=-559,bat_mv=0,status=0x02","{""ver"":1,""type"":1,""seq"":11771,""ts"":11,""lat"":0,""lon"":0,""alt_mm"":50,""speed_cms"":0,""heading_cd"":310,""pitch_cd"":-8,""roll_cd"":838,""yaw_cd"":-559,""bat_mv"":0,""status"":2}"
2026-08-12T19:54:03.666+00:00,BIN,"BIN,ver=1,type=1,seq=11929,ts=11,lat=0,lon=0,alt_mm=50,speed_cms=0,heading_cd=310,pitch_cd=-10,roll_cd=840,yaw_cd=-560,bat_mv=0,status=0x02","{""ver"":1,""type"":1,""seq"":11929,""ts"":11,""lat"":0,""lon"":0,""alt_mm"":50,""speed_cms"":0,""heading_cd"":310,""pitch_cd"":-10,""roll_cd"":840,""yaw_cd"":-560,""bat_mv"":0,""status"":2}"
2026-08-12T19:54:03.751+00:00,BIN,"BIN,ver=1,type=1,seq=11929,ts=12,lat=0,lon=0,alt_mm=50,speed_cms=0,heading_cd=310,pitch_cd=-8,roll_cd=834,yaw_cd=-560,bat_mv=0,status=0x02","{""ver"":1,""type"":1,""seq"":11929,""ts"":12,""lat"":0,""lon"":0,""alt_mm"":50,""speed_cms"":0,""heading_cd"":310,""pitch_cd"":-8,""roll_cd"":834,""yaw_cd"":-560,""bat_mv"":0,""status"":2}"
2026-08-12T19:54:03.832+00:00,BIN,"BIN,ver=1,type=1,seq=12051,ts=12,lat=0,lon=0,alt_mm=50,speed_cms=0,heading_cd=310,pitch_cd=-8,roll_cd=834,yaw_cd=-560,bat_mv=0,status=0x02","{""ver"":1,""type"":1,""seq"":12051,""ts"":12,""lat"":0,""lon"":0,""alt_mm"":50,""speed_cms"":0,""heading_cd"":310,""pitch_cd"":-8,""roll_cd"":834,""yaw_cd"":-560,""bat_mv"":0,""status"":2}"
2026-08-12T19:54:03.915+00:00,BIN,"BIN,ver=1,type=1,seq=12237,ts=12,lat=0,lon=0,alt_mm=40,speed_cms=0,heading_cd=310,pitch_cd=-9,roll_cd=836,yaw_cd=-558,bat_mv=0,status=0x02","{""ver"":1,""type"":1,""seq"":12237,""ts"":12,""lat"":0,""lon"":0,""alt_mm"":40,""speed_cms"":0,""heading_cd"":310,""pitch_cd"":-9,""roll_cd"":836,""yaw_cd"":-558,""bat_mv"":0,""status"":2}"
2026-08-12T19:54:04.000+00:00,BIN,"BIN,ver=1,type=1,seq=12237,ts=12,lat=0,lon=0,alt_mm=40,speed_cms=0,heading_cd=310,pitch_cd=-7,roll_cd=836,yaw_cd=-560,bat_mv=0,status=0x02","{""ver"":1,""type"":1,""seq"":12237,""ts"":12,""lat"":0,""lon"":0,""alt_mm"":40,""speed_cms"":0,""heading_cd"":310,""pitch_cd"":-7,""roll_cd"":836,""yaw_cd"":-560,""bat_mv"":0,""status"":2}"
2026-08-12T19:54:04.083+00:00,BIN,"BIN,ver=1,type=1,seq=12351,ts=12,lat=0,lon=0,alt_mm=40,speed_cms=0,heading_cd=310,pitch_cd=-8,roll_cd=836,yaw_cd=-559,bat_mv=0,status=0x02","{""ver"":1,""type"":1,""seq"":12351,""ts"":12,""lat"":0,""lon"":0,""alt_mm"":40,""speed_cms"":0,""heading_cd"":310,""pitch_cd"":-8,""roll_cd"":836,""yaw_cd"":-559,""bat_mv"":0,""status"":2}"
2026-08-12T19:54:04.168+00:00,BIN,"BIN,ver=1,type=1,seq=12467,ts=12,lat=0,lon=0,alt_mm=40,speed_cms=0,heading_cd=310,pitch_cd=-10,roll_cd=835,yaw_cd=-558,bat_mv=0,status=0x02","{""ver"":1,""type"":1,""seq"":12467,""ts"":12,""lat"":0,""lon"":0,""alt_mm"":40,""speed_cms"":0,""heading_cd"":310,""pitch_cd"":-10,""roll_cd"":835,""yaw_cd"":-558,""bat_mv"":0,""status"":2}"
2026-08-12T19:54:04.253+00:00,BIN,"BIN,ver=1,type=1,seq=12467,ts=12,lat=0,lon=0,alt_mm=50,speed_cms=0,heading_cd=310,pitch_cd=-10,roll_cd=835,yaw_cd=-558,bat_mv=0,status=0x02","{""ver"":1,""type"":1,""seq"":12467,""ts"":12,""lat"":0,""lon"":0,""alt_mm"":50,""speed_cms"":0,""heading_cd"":310,""pitch_cd"":-10,""roll_cd"":835,""yaw_cd"":-558,""bat_mv"":0,""status"":2}"
2026-08-12T19:54:04.337+00:00,BIN,"BIN,ver=1,type=1,seq=12592,ts=12,lat=0,lon=0,alt_mm=50,speed_cms=0,heading_cd=310,pitch_cd=-7,roll_cd=837,yaw_cd=-560,bat_mv=0,status=0x02","{""ver"":1,""type"":1,""seq"":12592,""ts"":12,""lat"":0,""lon"":0,""alt_mm"":50,""speed_cms"":0,""heading_cd"":310,""pitch_cd"":-7,""roll_cd"":837,""yaw_cd"":-560,""bat_mv"":0,""status"":2}"
2026-08-12T19:54:04.423+00:00,BIN,"BIN,ver=1,type=1,seq=12592,ts=12,lat=0,lon=0,alt_mm=50,speed_cms=0,heading_cd=310,pitch_cd=-7,roll_cd=837,yaw_cd=-560,bat_mv=0,status=0x02","{""ver"":1,""type"":1,""seq"":12592,""ts"":12,""lat"":0,""lon"":0,""alt_mm"":50,""speed_cms"":0,""heading_cd"":310,""pitch_cd"":-7,""roll_cd"":837,""yaw_cd"":-560,""bat_mv"":0,""status"":2}"
2026-08-12T19:54:04.503+00:00,BIN,"BIN,ver=1,type=1,seq=12746,ts=12,lat=0,lon=0,alt_mm=70,speed_cms=0,heading_cd=310,pitch_cd=-8,roll_cd=835,yaw_cd=-557,bat_mv=0,status=0x02","{""ver"":1,""type"":1,""seq"":12746,""ts"":12,""lat"":0,""lon"":0,""alt_mm"":70,""speed_cms"":0,""heading_cd"":310,""pitch_cd"":-8,""roll_cd"":835,""yaw_cd"":-557,""bat_mv"":0,""status"":2}"
2026-08-12T19:54:04.587+00:00,BIN,"BIN,ver=1,type=1,seq=12746,ts=12,lat=0,lon=0,alt_mm=80,speed_cms=0,heading_cd=310,pitch_cd=-8,roll_cd=836,yaw_cd=-556,bat_mv=0,status=0x02","{""ver"":1,""type"":1,""seq"":12746,""ts"":12,""lat"":0,""lon"":0,""alt_mm"":80,""speed_cms"":0,""heading_cd"":310,""pitch_cd"":-8,""roll_cd"":836,""yaw_cd"":-556,""bat_mv"":0,""status"":2}"
2026-08-12T19:54:04.673+00:00,BIN,"BIN,ver=1,type=1,seq=12871,ts=12,lat=0,lon=0,alt_mm=80,speed_cms=0,heading_cd=310,pitch_cd=-9,roll_cd=836,yaw_cd=-558,bat_mv=0,status=0x02","{""ver"":1,""type"":1,""seq"":12871,""ts"":12,""lat"":0,""lon"":0,""alt_mm"":80,""speed_cms"":0,""heading_cd"":310,""pitch_cd"":-9,""roll_cd"":836,""yaw_cd"":-558,""bat_mv"":0,""status"":2}"
2026-08-12T19:54:04.756+00:00,BIN,"BIN,ver=1,type=1,seq=13038,ts=13,lat=0,lon=0,alt_mm=80,speed_cms=0,heading_cd=310,pitch_cd=-9,roll_cd=838,yaw_cd=-559,bat_mv=0,status=0x02","{""ver"":1,""type"":1,""seq"":13038,""ts"":13,""lat"":0,""lon"":0,""alt_mm"":80,""speed_cms"":0,""heading_cd"":310,""pitch_cd"":-9,""roll_cd"":838,""yaw_cd"":-559,""bat_mv"":0,""status"":2}"
2026-08-12T19:54:04.841+00:00,BIN,"BIN,ver=1,type=1,seq=13038,ts=13,lat=0,lon=0,alt_mm=80,speed_cms=0,heading_cd=310,pitch_cd=-8,roll_cd=835,yaw_cd=-560,bat_mv=0,status=0x02","{""ver"":1,""type"":1,""seq"":13038,""ts"":13,""lat"":0,""lon"":0,""alt_mm"":80,""speed_cms"":0,""heading_cd"":310,""pitch_cd"":-8,""roll_cd"":835,""yaw_cd"":-560,""bat_mv"":0,""status"":2}"
2026-08-12T19:54:04.925+00:00,BIN,"BIN,ver=1,type=1,seq=13151,ts=13,lat=0,lon=0,alt_mm=90,speed_cms=0,heading_cd=310,pitch_cd=-8,roll_cd=835,yaw_cd=-560,bat_mv=0,status=0x02","{""ver"":1,""type"":1,""seq"":13151,""ts"":13,""lat"":0,""lon"":0,""alt_mm"":90,""speed_cms"":0,""heading_cd"":310,""pitch_cd"":-8,""roll_cd"":835,""yaw_cd"":-560,""bat_mv"":0,""status"":2}"
2026-08-12T19:54:05.009+00:00,BIN,"BIN,ver=1,type=1,seq=13151,ts=13,lat=0,lon=0,alt_mm=70,speed_cms=0,heading_cd=310,pitch_cd=-9,roll_cd=834,yaw_cd=-563,bat_mv=0,status=0x02","{""ver"":1,""type"":1,""seq"":13151,""ts"":13,""lat"":0,""lon"":0,""alt_mm"":70,""speed_cms"":0,""heading_cd"":310,""pitch_cd"":-9,""roll_cd"":834,""yaw_cd"":-563,""bat_mv"":0,""status"":2}"
2026-08-12T19:54:05.090+00:00,BIN,"BIN,ver=1,type=1,seq=13431,ts=13,lat=0,lon=0,alt_mm=70,speed_cms=0,heading_cd=310,pitch_cd=-10,roll_cd=839,yaw_cd=-560,bat_mv=0,status=0x02","{""ver"":1,""type"":1,""seq"":13431,""ts"":13,""lat"":0,""lon"":0,""alt_mm"":70,""speed_cms"":0,""heading_cd"":310,""pitch_cd"":-10,""roll_cd"":839,""yaw_cd"":-560,""bat_mv"":0,""status"":2}"
2026-08-12T19:54:05.176+00:00,BIN,"BIN,ver=1,type=1,seq=13431,ts=13,lat=0,lon=0,alt_mm=50,speed_cms=0,heading_cd=310,pitch_cd=-9,roll_cd=836,yaw_cd=-562,bat_mv=0,status=0x02","{""ver"":1,""type"":1,""seq"":13431,""ts"":13,""lat"":0,""lon"":0,""alt_mm"":50,""speed_cms"":0,""heading_cd"":310,""pitch_cd"":-9,""roll_cd"":836,""yaw_cd"":-562,""bat_mv"":0,""status"":2}"
2026-08-12T19:54:05.261+00:00,BIN,"BIN,ver=1,type=1,seq=13431,ts=13,lat=0,lon=0,alt_mm=50,speed_cms=0,heading_cd=310,pitch_cd=-8,roll_cd=836,yaw_cd=-562,bat_mv=0,status=0x02","{""ver"":1,""type"":1,""seq"":13431,""ts"":13,""lat"":0,""lon"":0,""alt_mm"":50,""speed_cms"":0,""heading_cd"":310,""pitch_cd"":-8,""roll_cd"":836,""yaw_cd"":-562,""bat_mv"":0,""status"":2}"
2026-08-12T19:54:05.343+00:00,BIN,"BIN,ver=1,type=1,seq=13588,ts=13,lat=0,lon=0,alt_mm=50,speed_cms=0,heading_cd=310,pitch_cd=-8,roll_cd=836,yaw_cd=-562,bat_mv=0,status=0x02","{""ver"":1,""type"":1,""seq"":13588,""ts"":13,""lat"":0,""lon"":0,""alt_mm"":50,""speed_cms"":0,""heading_cd"":310,""pitch_cd"":-8,""roll_cd"":836,""yaw_cd"":-562,""bat_mv"":0,""status"":2}"
2026-08-12T19:54:05.429+00:00,BIN,"BIN,ver=1,type=1,seq=13588,ts=13,lat=0,lon=0,alt_mm=70,speed_cms=0,heading_cd=310,pitch_cd=-9,roll_cd=835,yaw_cd=-558,bat_mv=0,status=0x02","{""ver"":1,""type"":1,""seq"":13588,""ts"":13,""lat"":0,""lon"":0,""alt_mm"":70,""speed_cms"":0,""heading_cd"":310,""pitch_cd"":-9,""roll_cd"":835,""yaw_cd"":-558,""bat_mv"":0,""status"":2}"
2026-08-12T19:54:05.512+00:00,BIN,"BIN,ver=1,type=1,seq=13711,ts=13,lat=0,lon=0,alt_mm=70,speed_cms=0,heading_cd=310,pitch_cd=-10,roll_cd=836,yaw_cd=-560,bat_mv=0,status=0x02","{""ver"":1,""type"":1,""seq"":13711,""ts"":13,""lat"":0,""lon"":0,""alt_mm"":70,""speed_cms"":0,""heading_cd"":310,""pitch_cd"":-10,""roll_cd"":836,""yaw_cd"":-560,""bat_mv"":0,""status"":2}"
2026-08-12T19:54:05.593+00:00,BIN,"BIN,ver=1,type=1,seq=13711,ts=13,lat=0,lon=0,alt_mm=50,speed_cms=0,heading_cd=310,pitch_cd=-10,roll_cd=836,yaw_cd=-560,bat_mv=0,status=0x02","{""ver"":1,""type"":1,""seq"":13711,""ts"":13,""lat"":0,""lon"":0,""alt_mm"":50,""speed_cms"":0,""heading_cd"":310,""pitch_cd"":-10,""roll_cd"":836,""yaw_cd"":-560,""bat_mv"":0,""status"":2}"
2026-08-12T19:54:05.681+00:00,BIN,"BIN,ver=1,type=1,seq=13869,ts=13,lat=0,lon=0,alt_mm=50,speed_cms=0,heading_cd=310,pitch_cd=-8,roll_cd=838,yaw_cd=-559,bat_mv=0,status=0x02","{""ver"":1,""type"":1,""seq"":13869,""ts"":13,""lat"":0,""lon"":0,""alt_mm"":50,""speed_cms"":0,""heading_cd"":310,""pitch_cd"":-8,""roll_cd"":838,""yaw_cd"":-559,""bat_mv"":0,""status"":2}"
2026-08-12T19:54:05.765+00:00,BIN,"BIN,ver=1,type=1,seq=13869,ts=14,lat=0,lon=0,alt_mm=60,speed_cms=0,heading_cd=310,pitch_cd=-9,roll_cd=836,yaw_cd=-558,bat_mv=0,status=0x02","{""ver"":1,""type"":1,""seq"":13869,""ts"":14,""lat"":0,""lon"":0,""alt_mm"":60,""speed_cms"":0,""heading_cd"":310,""pitch_cd"":-9,""roll_cd"":836,""yaw_cd"":-558,""bat_mv"":0,""status"":2}"
2026-08-12T19:54:05.849+00:00,BIN,"BIN,ver=1,type=1,seq=13991,ts=14,lat=0,lon=0,alt_mm=50,speed_cms=0,heading_cd=310,pitch_cd=-8,roll_cd=836,yaw_cd=-559,bat_mv=0,status=0x02","{""ver"":1,""type"":1,""seq"":13991,""ts"":14,""lat"":0,""lon"":0,""alt_mm"":50,""speed_cms"":0,""heading_cd"":310,""pitch_cd"":-8,""roll_cd"":836,""yaw_cd"":-559,""bat_mv"":0,""status"":2}"
2026-08-12T19:54:05.932+00:00,BIN,"BIN,ver=1,type=1,seq=14188,ts=14,lat=0,lon=0,alt_mm=50,speed_cms=0,heading_cd=310,pitch_cd=-7,roll_cd=833,yaw_cd=-560,bat_mv=0,status=0x02","{""ver"":1,""type"":1,""seq"":14188,""ts"":14,""lat"":0,""lon"":0,""alt_mm"":50,""speed_cms"":0,""heading_cd"":310,""pitch_cd"":-7,""roll_cd"":833,""yaw_cd"":-560,""bat_mv"":0,""status"":2}"
2026-08-12T19:54:06.016+00:00,BIN,"BIN,ver=1,type=1,seq=14311,ts=14,lat=0,lon=0,alt_mm=50,speed_cms=0,heading_cd=310,pitch_cd=-8,roll_cd=838,yaw_cd=-553,bat_mv=0,status=0x02","{""ver"":1,""type"":1,""seq"":14311,""ts"":14,""lat"":0,""lon"":0,""alt_mm"":50,""speed_cms"":0,""heading_cd"":310,""pitch_cd"":-8,""roll_cd"":838,""yaw_cd"":-553,""bat_mv"":0,""status"":2}"
2026-08-12T19:54:06.182+00:00,BIN,"BIN,ver=1,type=1,seq=14311,ts=14,lat=0,lon=0,alt_mm=60,speed_cms=0,heading_cd=310,pitch_cd=-6,roll_cd=835,yaw_cd=-559,bat_mv=0,status=0x02","{""ver"":1,""type"":1,""seq"":14311,""ts"":14,""lat"":0,""lon"":0,""alt_mm"":60,""speed_cms"":0,""heading_cd"":310,""pitch_cd"":-6,""roll_cd"":835,""yaw_cd"":-559,""bat_mv"":0,""status"":2}"
2026-08-12T19:54:06.186+00:00,BIN,"BIN,ver=1,type=1,seq=14552,ts=14,lat=0,lon=0,alt_mm=60,speed_cms=0,heading_cd=310,pitch_cd=-12,roll_cd=832,yaw_cd=-563,bat_mv=0,status=0x02","{""ver"":1,""type"":1,""seq"":14552,""ts"":14,""lat"":0,""lon"":0,""alt_mm"":60,""speed_cms"":0,""heading_cd"":310,""pitch_cd"":-12,""roll_cd"":832,""yaw_cd"":-563,""bat_mv"":0,""status"":2}"
2026-08-12T19:54:06.267+00:00,BIN,"BIN,ver=1,type=1,seq=14552,ts=14,lat=0,lon=0,alt_mm=60,speed_cms=0,heading_cd=310,pitch_cd=-6,roll_cd=836,yaw_cd=-559,bat_mv=0,status=0x02","{""ver"":1,""type"":1,""seq"":14552,""ts"":14,""lat"":0,""lon"":0,""alt_mm"":60,""speed_cms"":0,""heading_cd"":310,""pitch_cd"":-6,""roll_cd"":836,""yaw_cd"":-559,""bat_mv"":0,""status"":2}"
2026-08-12T19:54:06.352+00:00,BIN,"BIN,ver=1,type=1,seq=14552,ts=14,lat=0,lon=0,alt_mm=60,speed_cms=0,heading_cd=310,pitch_cd=-6,roll_cd=836,yaw_cd=-559,bat_mv=0,status=0x02","{""ver"":1,""type"":1,""seq"":14552,""ts"":14,""lat"":0,""lon"":0,""alt_mm"":60,""speed_cms"":0,""heading_cd"":310,""pitch_cd"":-6,""roll_cd"":836,""yaw_cd"":-559,""bat_mv"":0,""status"":2}"
2026-08-12T19:54:06.436+00:00,BIN,"BIN,ver=1,type=1,seq=14707,ts=14,lat=0,lon=0,alt_mm=80,speed_cms=0,heading_cd=310,pitch_cd=-8,roll_cd=838,yaw_cd=-555,bat_mv=0,status=0x02","{""ver"":1,""type"":1,""seq"":14707,""ts"":14,""lat"":0,""lon"":0,""alt_mm"":80,""speed_cms"":0,""heading_cd"":310,""pitch_cd"":-8,""roll_cd"":838,""yaw_cd"":-555,""bat_mv"":0,""status"":2}"
2026-08-12T19:54:06.520+00:00,BIN,"BIN,ver=1,type=1,seq=14707,ts=14,lat=0,lon=0,alt_mm=80,speed_cms=0,heading_cd=310,pitch_cd=-8,roll_cd=836,yaw_cd=-556,bat_mv=0,status=0x02","{""ver"":1,""type"":1,""seq"":14707,""ts"":14,""lat"":0,""lon"":0,""alt_mm"":80,""speed_cms"":0,""heading_cd"":310,""pitch_cd"":-8,""roll_cd"":836,""yaw_cd"":-556,""bat_mv"":0,""status"":2}"
2026-08-12T19:54:06.603+00:00,BIN,"BIN,ver=1,type=1,seq=14831,ts=14,lat=0,lon=0,alt_mm=70,speed_cms=0,heading_cd=310,pitch_cd=-8,roll_cd=836,yaw_cd=-556,bat_mv=0,status=0x02","{""ver"":1,""type"":1,""seq"":14831,""ts"":14,""lat"":0,""lon"":0,""alt_mm"":70,""speed_cms"":0,""heading_cd"":310,""pitch_cd"":-8,""roll_cd"":836,""yaw_cd"":-556,""bat_mv"":0,""status"":2}"
2026-08-12T19:54:06.687+00:00,BIN,"BIN,ver=1,type=1,seq=14831,ts=15,lat=0,lon=0,alt_mm=80,speed_cms=0,heading_cd=310,pitch_cd=-6,roll_cd=835,yaw_cd=-558,bat_mv=0,status=0x02","{""ver"":1,""type"":1,""seq"":14831,""ts"":15,""lat"":0,""lon"":0,""alt_mm"":80,""speed_cms"":0,""heading_cd"":310,""pitch_cd"":-6,""roll_cd"":835,""yaw_cd"":-558,""bat_mv"":0,""status"":2}"
2026-08-12T19:54:06.771+00:00,BIN,"BIN,ver=1,type=1,seq=14987,ts=15,lat=0,lon=0,alt_mm=80,speed_cms=0,heading_cd=310,pitch_cd=-10,roll_cd=834,yaw_cd=-557,bat_mv=0,status=0x02","{""ver"":1,""type"":1,""seq"":14987,""ts"":15,""lat"":0,""lon"":0,""alt_mm"":80,""speed_cms"":0,""heading_cd"":310,""pitch_cd"":-10,""roll_cd"":834,""yaw_cd"":-557,""bat_mv"":0,""status"":2}"
2026-08-12T19:54:06.854+00:00,BIN,"BIN,ver=1,type=1,seq=15111,ts=15,lat=0,lon=0,alt_mm=60,speed_cms=0,heading_cd=310,pitch_cd=-10,roll_cd=836,yaw_cd=-559,bat_mv=0,status=0x02","{""ver"":1,""type"":1,""seq"":15111,""ts"":15,""lat"":0,""lon"":0,""alt_mm"":60,""speed_cms"":0,""heading_cd"":310,""pitch_cd"":-10,""roll_cd"":836,""yaw_cd"":-559,""bat_mv"":0,""status"":2}"
2026-08-12T19:54:06.939+00:00,BIN,"BIN,ver=1,type=1,seq=15111,ts=15,lat=0,lon=0,alt_mm=60,speed_cms=0,heading_cd=310,pitch_cd=-9,roll_cd=836,yaw_cd=-561,bat_mv=0,status=0x02","{""ver"":1,""type"":1,""seq"":15111,""ts"":15,""lat"":0,""lon"":0,""alt_mm"":60,""speed_cms"":0,""heading_cd"":310,""pitch_cd"":-9,""roll_cd"":836,""yaw_cd"":-561,""bat_mv"":0,""status"":2}"
2026-08-12T19:54:07.024+00:00,BIN,"BIN,ver=1,type=1,seq=15267,ts=15,lat=0,lon=0,alt_mm=70,speed_cms=0,heading_cd=310,pitch_cd=-9,roll_cd=836,yaw_cd=-560,bat_mv=0,status=0x02","{""ver"":1,""type"":1,""seq"":15267,""ts"":15,""lat"":0,""lon"":0,""alt_mm"":70,""speed_cms"":0,""heading_cd"":310,""pitch_cd"":-9,""roll_cd"":836,""yaw_cd"":-560,""bat_mv"":0,""status"":2}"
2026-08-12T19:54:07.106+00:00,BIN,"BIN,ver=1,type=1,seq=15391,ts=15,lat=0,lon=0,alt_mm=60,speed_cms=0,heading_cd=310,pitch_cd=-9,roll_cd=835,yaw_cd=-561,bat_mv=0,status=0x02","{""ver"":1,""type"":1,""seq"":15391,""ts"":15,""lat"":0,""lon"":0,""alt_mm"":60,""speed_cms"":0,""heading_cd"":310,""pitch_cd"":-9,""roll_cd"":835,""yaw_cd"":-561,""bat_mv"":0,""status"":2}"
2026-08-12T19:54:07.191+00:00,BIN,"BIN,ver=1,type=1,seq=15562,ts=15,lat=0,lon=0,alt_mm=60,speed_cms=0,heading_cd=310,pitch_cd=-9,roll_cd=835,yaw_cd=-561,bat_mv=0,status=0x02","{""ver"":1,""type"":1,""seq"":15562,""ts"":15,""lat"":0,""lon"":0,""alt_mm"":60,""speed_cms"":0,""heading_cd"":310,""pitch_cd"":-9,""roll_cd"":835,""yaw_cd"":-561,""bat_mv"":0,""status"":2}"
2026-08-12T19:54:07.275+00:00,BIN,"BIN,ver=1,type=1,seq=15562,ts=15,lat=0,lon=0,alt_mm=60,speed_cms=0,heading_cd=310,pitch_cd=-9,roll_cd=835,yaw_cd=-557,bat_mv=0,status=0x02","{""ver"":1,""type"":1,""seq"":15562,""ts"":15,""lat"":0,""lon"":0,""alt_mm"":60,""speed_cms"":0,""heading_cd"":310,""pitch_cd"":-9,""roll_cd"":835,""yaw_cd"":-557,""bat_mv"":0,""status"":2}"
2026-08-12T19:54:09.956+00:00,BIN,"BIN,ver=1,type=1,seq=18171,ts=18,lat=0,lon=0,alt_mm=60,speed_cms=0,heading_cd=310,pitch_cd=-7,roll_cd=836,yaw_cd=-560,bat_mv=0,status=0x02","{""ver"":1,""type"":1,""seq"":18171,""ts"":18,""lat"":0,""lon"":0,""alt_mm"":60,""speed_cms"":0,""heading_cd"":310,""pitch_cd"":-7,""roll_cd"":836,""yaw_cd"":-560,""bat_mv"":0,""status"":2}"
2026-08-12T19:54:10.041+00:00,BIN,"BIN,ver=1,type=1,seq=18357,ts=18,lat=0,lon=0,alt_mm=80,speed_cms=0,heading_cd=310,pitch_cd=-8,roll_cd=835,yaw_cd=-559,bat_mv=0,status=0x02","{""ver"":1,""type"":1,""seq"":18357,""ts"":18,""lat"":0,""lon"":0,""alt_mm"":80,""speed_cms"":0,""heading_cd"":310,""pitch_cd"":-8,""roll_cd"":835,""yaw_cd"":-559,""bat_mv"":0,""status"":2}"
2026-08-12T19:54:10.128+00:00,BIN,"BIN,ver=1,type=1,seq=18471,ts=18,lat=0,lon=0,alt_mm=80,speed_cms=0,heading_cd=310,pitch_cd=-8,roll_cd=835,yaw_cd=-559,bat_mv=0,status=0x02","{""ver"":1,""type"":1,""seq"":18471,""ts"":18,""lat"":0,""lon"":0,""alt_mm"":80,""speed_cms"":0,""heading_cd"":310,""pitch_cd"":-8,""roll_cd"":835,""yaw_cd"":-559,""bat_mv"":0,""status"":2}"
2026-08-12T19:54:10.211+00:00,BIN,"BIN,ver=1,type=1,seq=18471,ts=18,lat=0,lon=0,alt_mm=90,speed_cms=0,heading_cd=310,pitch_cd=-9,roll_cd=833,yaw_cd=-562,bat_mv=0,status=0x02","{""ver"":1,""type"":1,""seq"":18471,""ts"":18,""lat"":0,""lon"":0,""alt_mm"":90,""speed_cms"":0,""heading_cd"":310,""pitch_cd"":-9,""roll_cd"":833,""yaw_cd"":-562,""bat_mv"":0,""status"":2}"
2026-08-12T19:54:10.295+00:00,BIN,"BIN,ver=1,type=1,seq=18588,ts=18,lat=0,lon=0,alt_mm=90,speed_cms=0,heading_cd=310,pitch_cd=-9,roll_cd=833,yaw_cd=-562,bat_mv=0,status=0x02","{""ver"":1,""type"":1,""seq"":18588,""ts"":18,""lat"":0,""lon"":0,""alt_mm"":90,""speed_cms"":0,""heading_cd"":310,""pitch_cd"":-9,""roll_cd"":833,""yaw_cd"":-562,""bat_mv"":0,""status"":2}"
2026-08-12T19:54:10.376+00:00,BIN,"BIN,ver=1,type=1,seq=18588,ts=18,lat=0,lon=0,alt_mm=90,speed_cms=0,heading_cd=310,pitch_cd=-9,roll_cd=833,yaw_cd=-562,bat_mv=0,status=0x02","{""ver"":1,""type"":1,""seq"":18588,""ts"":18,""lat"":0,""lon"":0,""alt_mm"":90,""speed_cms"":0,""heading_cd"":310,""pitch_cd"":-9,""roll_cd"":833,""yaw_cd"":-562,""bat_mv"":0,""status"":2}"
2026-08-12T19:54:10.463+00:00,BIN,"BIN,ver=1,type=1,seq=18711,ts=18,lat=0,lon=0,alt_mm=100,speed_cms=0,heading_cd=310,pitch_cd=-9,roll_cd=835,yaw_cd=-561,bat_mv=0,status=0x02","{""ver"":1,""type"":1,""seq"":18711,""ts"":18,""lat"":0,""lon"":0,""alt_mm"":100,""speed_cms"":0,""heading_cd"":310,""pitch_cd"":-9,""roll_cd"":835,""yaw_cd"":-561,""bat_mv"":0,""status"":2}"
2026-08-12T19:54:10.547+00:00,BIN,"BIN,ver=1,type=1,seq=18711,ts=18,lat=0,lon=0,alt_mm=100,speed_cms=0,heading_cd=310,pitch_cd=-9,roll_cd=837,yaw_cd=-558,bat_mv=0,status=0x02","{""ver"":1,""type"":1,""seq"":18711,""ts"":18,""lat"":0,""lon"":0,""alt_mm"":100,""speed_cms"":0,""heading_cd"":310,""pitch_cd"":-9,""roll_cd"":837,""yaw_cd"":-558,""bat_mv"":0,""status"":2}"
2026-08-12T19:54:10.632+00:00,BIN,"BIN,ver=1,type=1,seq=18869,ts=18,lat=0,lon=0,alt_mm=120,speed_cms=0,heading_cd=310,pitch_cd=-9,roll_cd=836,yaw_cd=-561,bat_mv=0,status=0x02","{""ver"":1,""type"":1,""seq"":18869,""ts"":18,""lat"":0,""lon"":0,""alt_mm"":120,""speed_cms"":0,""heading_cd"":310,""pitch_cd"":-9,""roll_cd"":836,""yaw_cd"":-561,""bat_mv"":0,""status"":2}"
2026-08-12T19:54:10.713+00:00,BIN,"BIN,ver=1,type=1,seq=18869,ts=19,lat=0,lon=0,alt_mm=140,speed_cms=0,heading_cd=310,pitch_cd=-7,roll_cd=835,yaw_cd=-559,bat_mv=0,status=0x02","{""ver"":1,""type"":1,""seq"":18869,""ts"":19,""lat"":0,""lon"":0,""alt_mm"":140,""speed_cms"":0,""heading_cd"":310,""pitch_cd"":-7,""roll_cd"":835,""yaw_cd"":-559,""bat_mv"":0,""status"":2}"
2026-08-12T19:54:10.800+00:00,BIN,"BIN,ver=1,type=1,seq=18991,ts=19,lat=0,lon=0,alt_mm=140,speed_cms=0,heading_cd=310,pitch_cd=-8,roll_cd=835,yaw_cd=-560,bat_mv=0,status=0x02","{""ver"":1,""type"":1,""seq"":18991,""ts"":19,""lat"":0,""lon"":0,""alt_mm"":140,""speed_cms"":0,""heading_cd"":310,""pitch_cd"":-8,""roll_cd"":835,""yaw_cd"":-560,""bat_mv"":0,""status"":2}"
2026-08-12T19:54:10.883+00:00,BIN,"BIN,ver=1,type=1,seq=19158,ts=19,lat=0,lon=0,alt_mm=170,speed_cms=0,heading_cd=310,pitch_cd=-10,roll_cd=836,yaw_cd=-562,bat_mv=0,status=0x02","{""ver"":1,""type"":1,""seq"":19158,""ts"":19,""lat"":0,""lon"":0,""alt_mm"":170,""speed_cms"":0,""heading_cd"":310,""pitch_cd"":-10,""roll_cd"":836,""yaw_cd"":-562,""bat_mv"":0,""status"":2}"
2026-08-12T19:54:10.967+00:00,BIN,"BIN,ver=1,type=1,seq=19158,ts=19,lat=0,lon=0,alt_mm=170,speed_cms=0,heading_cd=310,pitch_cd=-9,roll_cd=833,yaw_cd=-562,bat_mv=0,status=0x02","{""ver"":1,""type"":1,""seq"":19158,""ts"":19,""lat"":0,""lon"":0,""alt_mm"":170,""speed_cms"":0,""heading_cd"":310,""pitch_cd"":-9,""roll_cd"":833,""yaw_cd"":-562,""bat_mv"":0,""status"":2}"
2026-08-12T19:54:11.051+00:00,BIN,"BIN,ver=1,type=1,seq=19271,ts=19,lat=0,lon=0,alt_mm=250,speed_cms=0,heading_cd=310,pitch_cd=-10,roll_cd=835,yaw_cd=-560,bat_mv=0,status=0x02","{""ver"":1,""type"":1,""seq"":19271,""ts"":19,""lat"":0,""lon"":0,""alt_mm"":250,""speed_cms"":0,""heading_cd"":310,""pitch_cd"":-10,""roll_cd"":835,""yaw_cd"":-560,""bat_mv"":0,""status"":2}"
2026-08-12T19:54:11.134+00:00,BIN,"BIN,ver=1,type=1,seq=19426,ts=19,lat=0,lon=0,alt_mm=250,speed_cms=0,heading_cd=310,pitch_cd=-10,roll_cd=836,yaw_cd=-560,bat_mv=0,status=0x02","{""ver"":1,""type"":1,""seq"":19426,""ts"":19,""lat"":0,""lon"":0,""alt_mm"":250,""speed_cms"":0,""heading_cd"":310,""pitch_cd"":-10,""roll_cd"":836,""yaw_cd"":-560,""bat_mv"":0,""status"":2}"
2026-08-12T19:54:11.219+00:00,BIN,"BIN,ver=1,type=1,seq=19552,ts=19,lat=0,lon=0,alt_mm=320,speed_cms=0,heading_cd=310,pitch_cd=-10,roll_cd=836,yaw_cd=-560,bat_mv=0,status=0x02","{""ver"":1,""type"":1,""seq"":19552,""ts"":19,""lat"":0,""lon"":0,""alt_mm"":320,""speed_cms"":0,""heading_cd"":310,""pitch_cd"":-10,""roll_cd"":836,""yaw_cd"":-560,""bat_mv"":0,""status"":2}"
2026-08-12T19:54:11.300+00:00,BIN,"BIN,ver=1,type=1,seq=19552,ts=19,lat=0,lon=0,alt_mm=320,speed_cms=0,heading_cd=310,pitch_cd=-8,roll_cd=835,yaw_cd=-561,bat_mv=0,status=0x02","{""ver"":1,""type"":1,""seq"":19552,""ts"":19,""lat"":0,""lon"":0,""alt_mm"":320,""speed_cms"":0,""heading_cd"":310,""pitch_cd"":-8,""roll_cd"":835,""yaw_cd"":-561,""bat_mv"":0,""status"":2}"
2026-08-12T19:54:11.385+00:00,BIN,"BIN,ver=1,type=1,seq=19552,ts=19,lat=0,lon=0,alt_mm=320,speed_cms=0,heading_cd=310,pitch_cd=-8,roll_cd=835,yaw_cd=-561,bat_mv=0,status=0x02","{""ver"":1,""type"":1,""seq"":19552,""ts"":19,""lat"":0,""lon"":0,""alt_mm"":320,""speed_cms"":0,""heading_cd"":310,""pitch_cd"":-8,""roll_cd"":835,""yaw_cd"":-561,""bat_mv"":0,""status"":2}"
2026-08-12T19:54:11.470+00:00,BIN,"BIN,ver=1,type=1,seq=19707,ts=19,lat=0,lon=0,alt_mm=360,speed_cms=0,heading_cd=310,pitch_cd=-9,roll_cd=835,yaw_cd=-560,bat_mv=0,status=0x02","{""ver"":1,""type"":1,""seq"":19707,""ts"":19,""lat"":0,""lon"":0,""alt_mm"":360,""speed_cms"":0,""heading_cd"":310,""pitch_cd"":-9,""roll_cd"":835,""yaw_cd"":-560,""bat_mv"":0,""status"":2}"
2026-08-12T19:54:11.554+00:00,BIN,"BIN,ver=1,type=1,seq=19707,ts=19,lat=0,lon=0,alt_mm=340,speed_cms=0,heading_cd=310,pitch_cd=-8,roll_cd=835,yaw_cd=-560,bat_mv=0,status=0x02","{""ver"":1,""type"":1,""seq"":19707,""ts"":19,""lat"":0,""lon"":0,""alt_mm"":340,""speed_cms"":0,""heading_cd"":310,""pitch_cd"":-8,""roll_cd"":835,""yaw_cd"":-560,""bat_mv"":0,""status"":2}"
2026-08-12T19:54:11.638+00:00,BIN,"BIN,ver=1,type=1,seq=19831,ts=19,lat=0,lon=0,alt_mm=340,speed_cms=0,heading_cd=310,pitch_cd=-10,roll_cd=835,yaw_cd=-560,bat_mv=0,status=0x02","{""ver"":1,""type"":1,""seq"":19831,""ts"":19,""lat"":0,""lon"":0,""alt_mm"":340,""speed_cms"":0,""heading_cd"":310,""pitch_cd"":-10,""roll_cd"":835,""yaw_cd"":-560,""bat_mv"":0,""status"":2}"
2026-08-12T19:54:11.721+00:00,BIN,"BIN,ver=1,type=1,seq=19987,ts=20,lat=0,lon=0,alt_mm=400,speed_cms=0,heading_cd=310,pitch_cd=-8,roll_cd=833,yaw_cd=-561,bat_mv=0,status=0x02","{""ver"":1,""type"":1,""seq"":19987,""ts"":20,""lat"":0,""lon"":0,""alt_mm"":400,""speed_cms"":0,""heading_cd"":310,""pitch_cd"":-8,""roll_cd"":833,""yaw_cd"":-561,""bat_mv"":0,""status"":2}"
2026-08-12T19:54:11.803+00:00,BIN,"BIN,ver=1,type=1,seq=19987,ts=20,lat=0,lon=0,alt_mm=400,speed_cms=0,heading_cd=310,pitch_cd=-1,roll_cd=827,yaw_cd=-538,bat_mv=0,status=0x02","{""ver"":1,""type"":1,""seq"":19987,""ts"":20,""lat"":0,""lon"":0,""alt_mm"":400,""speed_cms"":0,""heading_cd"":310,""pitch_cd"":-1,""roll_cd"":827,""yaw_cd"":-538,""bat_mv"":0,""status"":2}"
2026-08-12T19:54:11.887+00:00,BIN,"BIN,ver=1,type=1,seq=20111,ts=20,lat=0,lon=0,alt_mm=440,speed_cms=0,heading_cd=310,pitch_cd=-9,roll_cd=825,yaw_cd=-566,bat_mv=0,status=0x02","{""ver"":1,""type"":1,""seq"":20111,""ts"":20,""lat"":0,""lon"":0,""alt_mm"":440,""speed_cms"":0,""heading_cd"":310,""pitch_cd"":-9,""roll_cd"":825,""yaw_cd"":-566,""bat_mv"":0,""status"":2}"
2026-08-12T19:54:11.972+00:00,BIN,"BIN,ver=1,type=1,seq=20111,ts=20,lat=0,lon=0,alt_mm=470,speed_cms=0,heading_cd=310,pitch_cd=-9,roll_cd=825,yaw_cd=-566,bat_mv=0,status=0x02","{""ver"":1,""type"":1,""seq"":20111,""ts"":20,""lat"":0,""lon"":0,""alt_mm"":470,""speed_cms"":0,""heading_cd"":310,""pitch_cd"":-9,""roll_cd"":825,""yaw_cd"":-566,""bat_mv"":0,""status"":2}"
2026-08-12T19:54:12.056+00:00,BIN,"BIN,ver=1,type=1,seq=20111,ts=20,lat=0,lon=0,alt_mm=470,speed_cms=0,heading_cd=310,pitch_cd=-7,roll_cd=827,yaw_cd=-574,bat_mv=0,status=0x02","{""ver"":1,""type"":1,""seq"":20111,""ts"":20,""lat"":0,""lon"":0,""alt_mm"":470,""speed_cms"":0,""heading_cd"":310,""pitch_cd"":-7,""roll_cd"":827,""yaw_cd"":-574,""bat_mv"":0,""status"":2}"
2026-08-12T19:54:12.140+00:00,BIN,"BIN,ver=1,type=1,seq=20391,ts=20,lat=0,lon=0,alt_mm=440,speed_cms=0,heading_cd=310,pitch_cd=-8,roll_cd=837,yaw_cd=-560,bat_mv=0,status=0x02","{""ver"":1,""type"":1,""seq"":20391,""ts"":20,""lat"":0,""lon"":0,""alt_mm"":440,""speed_cms"":0,""heading_cd"":310,""pitch_cd"":-8,""roll_cd"":837,""yaw_cd"":-560,""bat_mv"":0,""status"":2}"
2026-08-12T19:54:12.225+00:00,BIN,"BIN,ver=1,type=1,seq=20391,ts=20,lat=0,lon=0,alt_mm=440,speed_cms=0,heading_cd=310,pitch_cd=-8,roll_cd=837,yaw_cd=-560,bat_mv=0,status=0x02","{""ver"":1,""type"":1,""seq"":20391,""ts"":20,""lat"":0,""lon"":0,""alt_mm"":440,""speed_cms"":0,""heading_cd"":310,""pitch_cd"":-8,""roll_cd"":837,""yaw_cd"":-560,""bat_mv"":0,""status"":2}"
2026-08-12T19:54:12.308+00:00,BIN,"BIN,ver=1,type=1,seq=20640,ts=20,lat=0,lon=0,alt_mm=460,speed_cms=0,heading_cd=310,pitch_cd=-6,roll_cd=837,yaw_cd=-561,bat_mv=0,status=0x02","{""ver"":1,""type"":1,""seq"":20640,""ts"":20,""lat"":0,""lon"":0,""alt_mm"":460,""speed_cms"":0,""heading_cd"":310,""pitch_cd"":-6,""roll_cd"":837,""yaw_cd"":-561,""bat_mv"":0,""status"":2}"
2026-08-12T19:54:12.391+00:00,BIN,"BIN,ver=1,type=1,seq=20640,ts=20,lat=0,lon=0,alt_mm=460,speed_cms=0,heading_cd=310,pitch_cd=-10,roll_cd=834,yaw_cd=-561,bat_mv=0,status=0x02","{""ver"":1,""type"":1,""seq"":20640,""ts"":20,""lat"":0,""lon"":0,""alt_mm"":460,""speed_cms"":0,""heading_cd"":310,""pitch_cd"":-10,""roll_cd"":834,""yaw_cd"":-561,""bat_mv"":0,""status"":2}"
2026-08-12T19:54:12.477+00:00,BIN,"BIN,ver=1,type=1,seq=20751,ts=20,lat=0,lon=0,alt_mm=490,speed_cms=0,heading_cd=310,pitch_cd=-10,roll_cd=834,yaw_cd=-561,bat_mv=0,status=0x02","{""ver"":1,""type"":1,""seq"":20751,""ts"":20,""lat"":0,""lon"":0,""alt_mm"":490,""speed_cms"":0,""heading_cd"":310,""pitch_cd"":-10,""roll_cd"":834,""yaw_cd"":-561,""bat_mv"":0,""status"":2}"
2026-08-12T19:54:12.560+00:00,BIN,"BIN,ver=1,type=1,seq=20858,ts=20,lat=0,lon=0,alt_mm=480,speed_cms=0,heading_cd=310,pitch_cd=-10,roll_cd=832,yaw_cd=-563,bat_mv=0,status=0x02","{""ver"":1,""type"":1,""seq"":20858,""ts"":20,""lat"":0,""lon"":0,""alt_mm"":480,""speed_cms"":0,""heading_cd"":310,""pitch_cd"":-10,""roll_cd"":832,""yaw_cd"":-563,""bat_mv"":0,""status"":2}"
2026-08-12T19:54:12.643+00:00,BIN,"BIN,ver=1,type=1,seq=20858,ts=20,lat=0,lon=0,alt_mm=480,speed_cms=0,heading_cd=310,pitch_cd=-10,roll_cd=832,yaw_cd=-564,bat_mv=0,status=0x02","{""ver"":1,""type"":1,""seq"":20858,""ts"":20,""lat"":0,""lon"":0,""alt_mm"":480,""speed_cms"":0,""heading_cd"":310,""pitch_cd"":-10,""roll_cd"":832,""yaw_cd"":-564,""bat_mv"":0,""status"":2}"
2026-08-12T19:54:12.727+00:00,BIN,"BIN,ver=1,type=1,seq=20991,ts=21,lat=0,lon=0,alt_mm=480,speed_cms=0,heading_cd=310,pitch_cd=-8,roll_cd=835,yaw_cd=-564,bat_mv=0,status=0x02","{""ver"":1,""type"":1,""seq"":20991,""ts"":21,""lat"":0,""lon"":0,""alt_mm"":480,""speed_cms"":0,""heading_cd"":310,""pitch_cd"":-8,""roll_cd"":835,""yaw_cd"":-564,""bat_mv"":0,""status"":2}"
2026-08-12T19:54:12.811+00:00,BIN,"BIN,ver=1,type=1,seq=20991,ts=21,lat=0,lon=0,alt_mm=500,speed_cms=0,heading_cd=310,pitch_cd=-8,roll_cd=835,yaw_cd=-564,bat_mv=0,status=0x02","{""ver"":1,""type"":1,""seq"":20991,""ts"":21,""lat"":0,""lon"":0,""alt_mm"":500,""speed_cms"":0,""heading_cd"":310,""pitch_cd"":-8,""roll_cd"":835,""yaw_cd"":-564,""bat_mv"":0,""status"":2}"
2026-08-12T19:54:12.894+00:00,BIN,"BIN,ver=1,type=1,seq=21106,ts=21,lat=0,lon=0,alt_mm=500,speed_cms=0,heading_cd=310,pitch_cd=-7,roll_cd=834,yaw_cd=-566,bat_mv=0,status=0x02","{""ver"":1,""type"":1,""seq"":21106,""ts"":21,""lat"":0,""lon"":0,""alt_mm"":500,""speed_cms"":0,""heading_cd"":310,""pitch_cd"":-7,""roll_cd"":834,""yaw_cd"":-566,""bat_mv"":0,""status"":2}"
2026-08-12T19:54:12.978+00:00,BIN,"BIN,ver=1,type=1,seq=21231,ts=21,lat=0,lon=0,alt_mm=510,speed_cms=0,heading_cd=310,pitch_cd=-10,roll_cd=834,yaw_cd=-560,bat_mv=0,status=0x02","{""ver"":1,""type"":1,""seq"":21231,""ts"":21,""lat"":0,""lon"":0,""alt_mm"":510,""speed_cms"":0,""heading_cd"":310,""pitch_cd"":-10,""roll_cd"":834,""yaw_cd"":-560,""bat_mv"":0,""status"":2}"
2026-08-12T19:54:13.064+00:00,BIN,"BIN,ver=1,type=1,seq=21231,ts=21,lat=0,lon=0,alt_mm=490,speed_cms=0,heading_cd=310,pitch_cd=-8,roll_cd=831,yaw_cd=-563,bat_mv=0,status=0x02","{""ver"":1,""type"":1,""seq"":21231,""ts"":21,""lat"":0,""lon"":0,""alt_mm"":490,""speed_cms"":0,""heading_cd"":310,""pitch_cd"":-8,""roll_cd"":831,""yaw_cd"":-563,""bat_mv"":0,""status"":2}"
2026-08-12T19:54:13.148+00:00,BIN,"BIN,ver=1,type=1,seq=21511,ts=21,lat=0,lon=0,alt_mm=500,speed_cms=0,heading_cd=310,pitch_cd=-10,roll_cd=835,yaw_cd=-563,bat_mv=0,status=0x02","{""ver"":1,""type"":1,""seq"":21511,""ts"":21,""lat"":0,""lon"":0,""alt_mm"":500,""speed_cms"":0,""heading_cd"":310,""pitch_cd"":-10,""roll_cd"":835,""yaw_cd"":-563,""bat_mv"":0,""status"":2}"
2026-08-12T19:54:13.233+00:00,BIN,"BIN,ver=1,type=1,seq=21511,ts=21,lat=0,lon=0,alt_mm=500,speed_cms=0,heading_cd=310,pitch_cd=-8,roll_cd=835,yaw_cd=-563,bat_mv=0,status=0x02","{""ver"":1,""type"":1,""seq"":21511,""ts"":21,""lat"":0,""lon"":0,""alt_mm"":500,""speed_cms"":0,""heading_cd"":310,""pitch_cd"":-8,""roll_cd"":835,""yaw_cd"":-563,""bat_mv"":0,""status"":2}"
2026-08-12T19:54:13.317+00:00,BIN,"BIN,ver=1,type=1,seq=21511,ts=21,lat=0,lon=0,alt_mm=500,speed_cms=0,heading_cd=310,pitch_cd=-8,roll_cd=835,yaw_cd=-563,bat_mv=0,status=0x02","{""ver"":1,""type"":1,""seq"":21511,""ts"":21,""lat"":0,""lon"":0,""alt_mm"":500,""speed_cms"":0,""heading_cd"":310,""pitch_cd"":-8,""roll_cd"":835,""yaw_cd"":-563,""bat_mv"":0,""status"":2}"
2026-08-12T19:54:13.401+00:00,BIN,"BIN,ver=1,type=1,seq=21680,ts=21,lat=0,lon=0,alt_mm=500,speed_cms=0,heading_cd=310,pitch_cd=-10,roll_cd=834,yaw_cd=-562,bat_mv=0,status=0x02","{""ver"":1,""type"":1,""seq"":21680,""ts"":21,""lat"":0,""lon"":0,""alt_mm"":500,""speed_cms"":0,""heading_cd"":310,""pitch_cd"":-10,""roll_cd"":834,""yaw_cd"":-562,""bat_mv"":0,""status"":2}"
2026-08-12T19:54:13.485+00:00,BIN,"BIN,ver=1,type=1,seq=21680,ts=21,lat=0,lon=0,alt_mm=500,speed_cms=0,heading_cd=310,pitch_cd=-9,roll_cd=836,yaw_cd=-565,bat_mv=0,status=0x02","{""ver"":1,""type"":1,""seq"":21680,""ts"":21,""lat"":0,""lon"":0,""alt_mm"":500,""speed_cms"":0,""heading_cd"":310,""pitch_cd"":-9,""roll_cd"":836,""yaw_cd"":-565,""bat_mv"":0,""status"":2}"
2026-08-12T19:54:13.567+00:00,BIN,"BIN,ver=1,type=1,seq=21791,ts=21,lat=0,lon=0,alt_mm=530,speed_cms=0,heading_cd=310,pitch_cd=-6,roll_cd=831,yaw_cd=-564,bat_mv=0,status=0x02","{""ver"":1,""type"":1,""seq"":21791,""ts"":21,""lat"":0,""lon"":0,""alt_mm"":530,""speed_cms"":0,""heading_cd"":310,""pitch_cd"":-6,""roll_cd"":831,""yaw_cd"":-564,""bat_mv"":0,""status"":2}"
2026-08-12T19:54:13.648+00:00,BIN,"BIN,ver=1,type=1,seq=21791,ts=21,lat=0,lon=0,alt_mm=490,speed_cms=0,heading_cd=310,pitch_cd=-6,roll_cd=831,yaw_cd=-564,bat_mv=0,status=0x02","{""ver"":1,""type"":1,""seq"":21791,""ts"":21,""lat"":0,""lon"":0,""alt_mm"":490,""speed_cms"":0,""heading_cd"":310,""pitch_cd"":-6,""roll_cd"":831,""yaw_cd"":-564,""bat_mv"":0,""status"":2}"
2026-08-12T19:54:13.732+00:00,BIN,"BIN,ver=1,type=1,seq=21947,ts=22,lat=0,lon=0,alt_mm=490,speed_cms=0,heading_cd=310,pitch_cd=-10,roll_cd=835,yaw_cd=-563,bat_mv=0,status=0x02","{""ver"":1,""type"":1,""seq"":21947,""ts"":22,""lat"":0,""lon"":0,""alt_mm"":490,""speed_cms"":0,""heading_cd"":310,""pitch_cd"":-10,""roll_cd"":835,""yaw_cd"":-563,""bat_mv"":0,""status"":2}"
2026-08-12T19:54:13.818+00:00,BIN,"BIN,ver=1,type=1,seq=21947,ts=22,lat=0,lon=0,alt_mm=470,speed_cms=0,heading_cd=310,pitch_cd=-8,roll_cd=835,yaw_cd=-560,bat_mv=0,status=0x02","{""ver"":1,""type"":1,""seq"":21947,""ts"":22,""lat"":0,""lon"":0,""alt_mm"":470,""speed_cms"":0,""heading_cd"":310,""pitch_cd"":-8,""roll_cd"":835,""yaw_cd"":-560,""bat_mv"":0,""status"":2}"
2026-08-12T19:54:13.900+00:00,BIN,"BIN,ver=1,type=1,seq=22071,ts=22,lat=0,lon=0,alt_mm=420,speed_cms=0,heading_cd=310,pitch_cd=-10,roll_cd=834,yaw_cd=-564,bat_mv=0,status=0x02","{""ver"":1,""type"":1,""seq"":22071,""ts"":22,""lat"":0,""lon"":0,""alt_mm"":420,""speed_cms"":0,""heading_cd"":310,""pitch_cd"":-10,""roll_cd"":834,""yaw_cd"":-564,""bat_mv"":0,""status"":2}"
2026-08-12T19:54:13.984+00:00,BIN,"BIN,ver=1,type=1,seq=22260,ts=22,lat=0,lon=0,alt_mm=420,speed_cms=0,heading_cd=310,pitch_cd=-10,roll_cd=838,yaw_cd=-562,bat_mv=0,status=0x02","{""ver"":1,""type"":1,""seq"":22260,""ts"":22,""lat"":0,""lon"":0,""alt_mm"":420,""speed_cms"":0,""heading_cd"":310,""pitch_cd"":-10,""roll_cd"":838,""yaw_cd"":-562,""bat_mv"":0,""status"":2}"
2026-08-12T19:54:14.071+00:00,BIN,"BIN,ver=1,type=1,seq=22371,ts=22,lat=0,lon=0,alt_mm=440,speed_cms=0,heading_cd=310,pitch_cd=-9,roll_cd=835,yaw_cd=-565,bat_mv=0,status=0x02","{""ver"":1,""type"":1,""seq"":22371,""ts"":22,""lat"":0,""lon"":0,""alt_mm"":440,""speed_cms"":0,""heading_cd"":310,""pitch_cd"":-9,""roll_cd"":835,""yaw_cd"":-565,""bat_mv"":0,""status"":2}"
2026-08-12T19:54:14.153+00:00,BIN,"BIN,ver=1,type=1,seq=22487,ts=22,lat=0,lon=0,alt_mm=420,speed_cms=0,heading_cd=310,pitch_cd=-9,roll_cd=835,yaw_cd=-562,bat_mv=0,status=0x02","{""ver"":1,""type"":1,""seq"":22487,""ts"":22,""lat"":0,""lon"":0,""alt_mm"":420,""speed_cms"":0,""heading_cd"":310,""pitch_cd"":-9,""roll_cd"":835,""yaw_cd"":-562,""bat_mv"":0,""status"":2}"
2026-08-12T19:54:14.237+00:00,BIN,"BIN,ver=1,type=1,seq=22487,ts=22,lat=0,lon=0,alt_mm=420,speed_cms=0,heading_cd=310,pitch_cd=-8,roll_cd=834,yaw_cd=-563,bat_mv=0,status=0x02","{""ver"":1,""type"":1,""seq"":22487,""ts"":22,""lat"":0,""lon"":0,""alt_mm"":420,""speed_cms"":0,""heading_cd"":310,""pitch_cd"":-8,""roll_cd"":834,""yaw_cd"":-563,""bat_mv"":0,""status"":2}"
2026-08-12T19:54:14.320+00:00,BIN,"BIN,ver=1,type=1,seq=22612,ts=22,lat=0,lon=0,alt_mm=430,speed_cms=0,heading_cd=310,pitch_cd=-8,roll_cd=834,yaw_cd=-563,bat_mv=0,status=0x02","{""ver"":1,""type"":1,""seq"":22612,""ts"":22,""lat"":0,""lon"":0,""alt_mm"":430,""speed_cms"":0,""heading_cd"":310,""pitch_cd"":-8,""roll_cd"":834,""yaw_cd"":-563,""bat_mv"":0,""status"":2}"
2026-08-12T19:54:14.404+00:00,BIN,"BIN,ver=1,type=1,seq=22612,ts=22,lat=0,lon=0,alt_mm=430,speed_cms=0,heading_cd=310,pitch_cd=-8,roll_cd=833,yaw_cd=-562,bat_mv=0,status=0x02","{""ver"":1,""type"":1,""seq"":22612,""ts"":22,""lat"":0,""lon"":0,""alt_mm"":430,""speed_cms"":0,""heading_cd"":310,""pitch_cd"":-8,""roll_cd"":833,""yaw_cd"":-562,""bat_mv"":0,""status"":2}"
2026-08-12T19:54:14.487+00:00,BIN,"BIN,ver=1,type=1,seq=22778,ts=22,lat=0,lon=0,alt_mm=390,speed_cms=0,heading_cd=310,pitch_cd=-9,roll_cd=832,yaw_cd=-561,bat_mv=0,status=0x02","{""ver"":1,""type"":1,""seq"":22778,""ts"":22,""lat"":0,""lon"":0,""alt_mm"":390,""speed_cms"":0,""heading_cd"":310,""pitch_cd"":-9,""roll_cd"":832,""yaw_cd"":-561,""bat_mv"":0,""status"":2}"
2026-08-12T19:54:14.575+00:00,BIN,"BIN,ver=1,type=1,seq=22778,ts=22,lat=0,lon=0,alt_mm=390,speed_cms=0,heading_cd=310,pitch_cd=-8,roll_cd=833,yaw_cd=-566,bat_mv=0,status=0x02","{""ver"":1,""type"":1,""seq"":22778,""ts"":22,""lat"":0,""lon"":0,""alt_mm"":390,""speed_cms"":0,""heading_cd"":310,""pitch_cd"":-8,""roll_cd"":833,""yaw_cd"":-566,""bat_mv"":0,""status"":2}"
2026-08-12T19:54:14.655+00:00,BIN,"BIN,ver=1,type=1,seq=22891,ts=22,lat=0,lon=0,alt_mm=370,speed_cms=0,heading_cd=310,pitch_cd=-8,roll_cd=833,yaw_cd=-566,bat_mv=0,status=0x02","{""ver"":1,""type"":1,""seq"":22891,""ts"":22,""lat"":0,""lon"":0,""alt_mm"":370,""speed_cms"":0,""heading_cd"":310,""pitch_cd"":-8,""roll_cd"":833,""yaw_cd"":-566,""bat_mv"":0,""status"":2}"
2026-08-12T19:54:14.742+00:00,BIN,"BIN,ver=1,type=1,seq=22891,ts=23,lat=0,lon=0,alt_mm=370,speed_cms=0,heading_cd=310,pitch_cd=-10,roll_cd=835,yaw_cd=-560,bat_mv=0,status=0x02","{""ver"":1,""type"":1,""seq"":22891,""ts"":23,""lat"":0,""lon"":0,""alt_mm"":370,""speed_cms"":0,""heading_cd"":310,""pitch_cd"":-10,""roll_cd"":835,""yaw_cd"":-560,""bat_mv"":0,""status"":2}"
2026-08-12T19:54:14.826+00:00,BIN,"BIN,ver=1,type=1,seq=23047,ts=23,lat=0,lon=0,alt_mm=370,speed_cms=0,heading_cd=310,pitch_cd=-9,roll_cd=836,yaw_cd=-562,bat_mv=0,status=0x02","{""ver"":1,""type"":1,""seq"":23047,""ts"":23,""lat"":0,""lon"":0,""alt_mm"":370,""speed_cms"":0,""heading_cd"":310,""pitch_cd"":-9,""roll_cd"":836,""yaw_cd"":-562,""bat_mv"":0,""status"":2}"
2026-08-12T19:54:14.909+00:00,BIN,"BIN,ver=1,type=1,seq=23171,ts=23,lat=0,lon=0,alt_mm=360,speed_cms=0,heading_cd=310,pitch_cd=-9,roll_cd=834,yaw_cd=-564,bat_mv=0,status=0x02","{""ver"":1,""type"":1,""seq"":23171,""ts"":23,""lat"":0,""lon"":0,""alt_mm"":360,""speed_cms"":0,""heading_cd"":310,""pitch_cd"":-9,""roll_cd"":834,""yaw_cd"":-564,""bat_mv"":0,""status"":2}"
2026-08-12T19:54:14.990+00:00,BIN,"BIN,ver=1,type=1,seq=23171,ts=23,lat=0,lon=0,alt_mm=360,speed_cms=0,heading_cd=310,pitch_cd=-11,roll_cd=835,yaw_cd=-566,bat_mv=0,status=0x02","{""ver"":1,""type"":1,""seq"":23171,""ts"":23,""lat"":0,""lon"":0,""alt_mm"":360,""speed_cms"":0,""heading_cd"":310,""pitch_cd"":-11,""roll_cd"":835,""yaw_cd"":-566,""bat_mv"":0,""status"":2}"
2026-08-12T19:54:15.075+00:00,BIN,"BIN,ver=1,type=1,seq=23451,ts=23,lat=0,lon=0,alt_mm=290,speed_cms=0,heading_cd=310,pitch_cd=-12,roll_cd=832,yaw_cd=-566,bat_mv=0,status=0x02","{""ver"":1,""type"":1,""seq"":23451,""ts"":23,""lat"":0,""lon"":0,""alt_mm"":290,""speed_cms"":0,""heading_cd"":310,""pitch_cd"":-12,""roll_cd"":832,""yaw_cd"":-566,""bat_mv"":0,""status"":2}"
2026-08-12T19:54:15.160+00:00,BIN,"BIN,ver=1,type=1,seq=23451,ts=23,lat=0,lon=0,alt_mm=290,speed_cms=0,heading_cd=310,pitch_cd=-9,roll_cd=834,yaw_cd=-566,bat_mv=0,status=0x02","{""ver"":1,""type"":1,""seq"":23451,""ts"":23,""lat"":0,""lon"":0,""alt_mm"":290,""speed_cms"":0,""heading_cd"":310,""pitch_cd"":-9,""roll_cd"":834,""yaw_cd"":-566,""bat_mv"":0,""status"":2}"
2026-08-12T19:54:15.242+00:00,BIN,"BIN,ver=1,type=1,seq=23451,ts=23,lat=0,lon=0,alt_mm=290,speed_cms=0,heading_cd=310,pitch_cd=-9,roll_cd=834,yaw_cd=-566,bat_mv=0,status=0x02","{""ver"":1,""type"":1,""seq"":23451,""ts"":23,""lat"":0,""lon"":0,""alt_mm"":290,""speed_cms"":0,""heading_cd"":310,""pitch_cd"":-9,""roll_cd"":834,""yaw_cd"":-566,""bat_mv"":0,""status"":2}"
2026-08-12T19:54:15.331+00:00,BIN,"BIN,ver=1,type=1,seq=23609,ts=23,lat=0,lon=0,alt_mm=290,speed_cms=0,heading_cd=310,pitch_cd=-9,roll_cd=832,yaw_cd=-562,bat_mv=0,status=0x02","{""ver"":1,""type"":1,""seq"":23609,""ts"":23,""lat"":0,""lon"":0,""alt_mm"":290,""speed_cms"":0,""heading_cd"":310,""pitch_cd"":-9,""roll_cd"":832,""yaw_cd"":-562,""bat_mv"":0,""status"":2}"
2026-08-12T19:54:15.412+00:00,BIN,"BIN,ver=1,type=1,seq=23609,ts=23,lat=0,lon=0,alt_mm=290,speed_cms=0,heading_cd=310,pitch_cd=-7,roll_cd=834,yaw_cd=-563,bat_mv=0,status=0x02","{""ver"":1,""type"":1,""seq"":23609,""ts"":23,""lat"":0,""lon"":0,""alt_mm"":290,""speed_cms"":0,""heading_cd"":310,""pitch_cd"":-7,""roll_cd"":834,""yaw_cd"":-563,""bat_mv"":0,""status"":2}"
2026-08-12T19:54:15.497+00:00,BIN,"BIN,ver=1,type=1,seq=23731,ts=23,lat=0,lon=0,alt_mm=260,speed_cms=0,heading_cd=310,pitch_cd=-7,roll_cd=834,yaw_cd=-563,bat_mv=0,status=0x02","{""ver"":1,""type"":1,""seq"":23731,""ts"":23,""lat"":0,""lon"":0,""alt_mm"":260,""speed_cms"":0,""heading_cd"":310,""pitch_cd"":-7,""roll_cd"":834,""yaw_cd"":-563,""bat_mv"":0,""status"":2}"
2026-08-12T19:54:15.582+00:00,BIN,"BIN,ver=1,type=1,seq=23731,ts=23,lat=0,lon=0,alt_mm=260,speed_cms=0,heading_cd=310,pitch_cd=-8,roll_cd=834,yaw_cd=-562,bat_mv=0,status=0x02","{""ver"":1,""type"":1,""seq"":23731,""ts"":23,""lat"":0,""lon"":0,""alt_mm"":260,""speed_cms"":0,""heading_cd"":310,""pitch_cd"":-8,""roll_cd"":834,""yaw_cd"":-562,""bat_mv"":0,""status"":2}"
2026-08-12T19:54:15.663+00:00,BIN,"BIN,ver=1,type=1,seq=23901,ts=23,lat=0,lon=0,alt_mm=260,speed_cms=0,heading_cd=310,pitch_cd=-9,roll_cd=831,yaw_cd=-561,bat_mv=0,status=0x02","{""ver"":1,""type"":1,""seq"":23901,""ts"":23,""lat"":0,""lon"":0,""alt_mm"":260,""speed_cms"":0,""heading_cd"":310,""pitch_cd"":-9,""roll_cd"":831,""yaw_cd"":-561,""bat_mv"":0,""status"":2}"
2026-08-12T19:54:15.751+00:00,BIN,"BIN,ver=1,type=1,seq=24011,ts=24,lat=0,lon=0,alt_mm=240,speed_cms=0,heading_cd=310,pitch_cd=-10,roll_cd=832,yaw_cd=-564,bat_mv=0,status=0x02","{""ver"":1,""type"":1,""seq"":24011,""ts"":24,""lat"":0,""lon"":0,""alt_mm"":240,""speed_cms"":0,""heading_cd"":310,""pitch_cd"":-10,""roll_cd"":832,""yaw_cd"":-564,""bat_mv"":0,""status"":2}"
2026-08-12T19:54:15.830+00:00,BIN,"BIN,ver=1,type=1,seq=24011,ts=24,lat=0,lon=0,alt_mm=240,speed_cms=0,heading_cd=310,pitch_cd=-10,roll_cd=835,yaw_cd=-566,bat_mv=0,status=0x02","{""ver"":1,""type"":1,""seq"":24011,""ts"":24,""lat"":0,""lon"":0,""alt_mm"":240,""speed_cms"":0,""heading_cd"":310,""pitch_cd"":-10,""roll_cd"":835,""yaw_cd"":-566,""bat_mv"":0,""status"":2}"
2026-08-12T19:54:15.919+00:00,BIN,"BIN,ver=1,type=1,seq=24166,ts=24,lat=0,lon=0,alt_mm=230,speed_cms=0,heading_cd=310,pitch_cd=-9,roll_cd=837,yaw_cd=-561,bat_mv=0,status=0x02","{""ver"":1,""type"":1,""seq"":24166,""ts"":24,""lat"":0,""lon"":0,""alt_mm"":230,""speed_cms"":0,""heading_cd"":310,""pitch_cd"":-9,""roll_cd"":837,""yaw_cd"":-561,""bat_mv"":0,""status"":2}"
2026-08-12T19:54:15.998+00:00,BIN,"BIN,ver=1,type=1,seq=24166,ts=24,lat=0,lon=0,alt_mm=230,speed_cms=0,heading_cd=310,pitch_cd=-7,roll_cd=835,yaw_cd=-560,bat_mv=0,status=0x02","{""ver"":1,""type"":1,""seq"":24166,""ts"":24,""lat"":0,""lon"":0,""alt_mm"":230,""speed_cms"":0,""heading_cd"":310,""pitch_cd"":-7,""roll_cd"":835,""yaw_cd"":-560,""bat_mv"":0,""status"":2}"
2026-08-12T19:54:16.083+00:00,BIN,"BIN,ver=1,type=1,seq=24291,ts=24,lat=0,lon=0,alt_mm=200,speed_cms=0,heading_cd=310,pitch_cd=-7,roll_cd=835,yaw_cd=-563,bat_mv=0,status=0x02","{""ver"":1,""type"":1,""seq"":24291,""ts"":24,""lat"":0,""lon"":0,""alt_mm"":200,""speed_cms"":0,""heading_cd"":310,""pitch_cd"":-7,""roll_cd"":835,""yaw_cd"":-563,""bat_mv"":0,""status"":2}"
2026-08-12T19:54:16.166+00:00,BIN,"BIN,ver=1,type=1,seq=24479,ts=24,lat=0,lon=0,alt_mm=230,speed_cms=0,heading_cd=310,pitch_cd=-9,roll_cd=834,yaw_cd=-566,bat_mv=0,status=0x02","{""ver"":1,""type"":1,""seq"":24479,""ts"":24,""lat"":0,""lon"":0,""alt_mm"":230,""speed_cms"":0,""heading_cd"":310,""pitch_cd"":-9,""roll_cd"":834,""yaw_cd"":-566,""bat_mv"":0,""status"":2}"
2026-08-12T19:54:16.250+00:00,BIN,"BIN,ver=1,type=1,seq=24592,ts=24,lat=0,lon=0,alt_mm=230,speed_cms=0,heading_cd=310,pitch_cd=-9,roll_cd=834,yaw_cd=-566,bat_mv=0,status=0x02","{""ver"":1,""type"":1,""seq"":24592,""ts"":24,""lat"":0,""lon"":0,""alt_mm"":230,""speed_cms"":0,""heading_cd"":310,""pitch_cd"":-9,""roll_cd"":834,""yaw_cd"":-566,""bat_mv"":0,""status"":2}"
2026-08-12T19:54:16.334+00:00,BIN,"BIN,ver=1,type=1,seq=24592,ts=24,lat=0,lon=0,alt_mm=230,speed_cms=0,heading_cd=310,pitch_cd=-10,roll_cd=835,yaw_cd=-567,bat_mv=0,status=0x02","{""ver"":1,""type"":1,""seq"":24592,""ts"":24,""lat"":0,""lon"":0,""alt_mm"":230,""speed_cms"":0,""heading_cd"":310,""pitch_cd"":-10,""roll_cd"":835,""yaw_cd"":-567,""bat_mv"":0,""status"":2}"
2026-08-12T19:54:16.418+00:00,BIN,"BIN,ver=1,type=1,seq=24592,ts=24,lat=0,lon=0,alt_mm=220,speed_cms=0,heading_cd=310,pitch_cd=-10,roll_cd=835,yaw_cd=-567,bat_mv=0,status=0x02","{""ver"":1,""type"":1,""seq"":24592,""ts"":24,""lat"":0,""lon"":0,""alt_mm"":220,""speed_cms"":0,""heading_cd"":310,""pitch_cd"":-10,""roll_cd"":835,""yaw_cd"":-567,""bat_mv"":0,""status"":2}"
2026-08-12T19:54:16.503+00:00,BIN,"BIN,ver=1,type=1,seq=24707,ts=24,lat=0,lon=0,alt_mm=220,speed_cms=0,heading_cd=310,pitch_cd=-8,roll_cd=834,yaw_cd=-561,bat_mv=0,status=0x02","{""ver"":1,""type"":1,""seq"":24707,""ts"":24,""lat"":0,""lon"":0,""alt_mm"":220,""speed_cms"":0,""heading_cd"":310,""pitch_cd"":-8,""roll_cd"":834,""yaw_cd"":-561,""bat_mv"":0,""status"":2}"
2026-08-12T19:54:16.586+00:00,BIN,"BIN,ver=1,type=1,seq=24831,ts=24,lat=0,lon=0,alt_mm=230,speed_cms=0,heading_cd=310,pitch_cd=-8,roll_cd=834,yaw_cd=-561,bat_mv=0,status=0x02","{""ver"":1,""type"":1,""seq"":24831,""ts"":24,""lat"":0,""lon"":0,""alt_mm"":230,""speed_cms"":0,""heading_cd"":310,""pitch_cd"":-8,""roll_cd"":834,""yaw_cd"":-561,""bat_mv"":0,""status"":2}"
2026-08-12T19:54:16.671+00:00,BIN,"BIN,ver=1,type=1,seq=24831,ts=24,lat=0,lon=0,alt_mm=230,speed_cms=0,heading_cd=310,pitch_cd=-8,roll_cd=834,yaw_cd=-565,bat_mv=0,status=0x02","{""ver"":1,""type"":1,""seq"":24831,""ts"":24,""lat"":0,""lon"":0,""alt_mm"":230,""speed_cms"":0,""heading_cd"":310,""pitch_cd"":-8,""roll_cd"":834,""yaw_cd"":-565,""bat_mv"":0,""status"":2}"
2026-08-12T19:54:16.754+00:00,BIN,"BIN,ver=1,type=1,seq=24998,ts=25,lat=0,lon=0,alt_mm=240,speed_cms=0,heading_cd=310,pitch_cd=-8,roll_cd=834,yaw_cd=-563,bat_mv=0,status=0x02","{""ver"":1,""type"":1,""seq"":24998,""ts"":25,""lat"":0,""lon"":0,""alt_mm"":240,""speed_cms"":0,""heading_cd"":310,""pitch_cd"":-8,""roll_cd"":834,""yaw_cd"":-563,""bat_mv"":0,""status"":2}"
2026-08-12T19:54:16.839+00:00,BIN,"BIN,ver=1,type=1,seq=24998,ts=25,lat=0,lon=0,alt_mm=250,speed_cms=0,heading_cd=310,pitch_cd=-8,roll_cd=834,yaw_cd=-563,bat_mv=0,status=0x02","{""ver"":1,""type"":1,""seq"":24998,""ts"":25,""lat"":0,""lon"":0,""alt_mm"":250,""speed_cms"":0,""heading_cd"":310,""pitch_cd"":-8,""roll_cd"":834,""yaw_cd"":-563,""bat_mv"":0,""status"":2}"
2026-08-12T19:54:16.923+00:00,BIN,"BIN,ver=1,type=1,seq=25111,ts=25,lat=0,lon=0,alt_mm=250,speed_cms=0,heading_cd=310,pitch_cd=-9,roll_cd=835,yaw_cd=-564,bat_mv=0,status=0x02","{""ver"":1,""type"":1,""seq"":25111,""ts"":25,""lat"":0,""lon"":0,""alt_mm"":250,""speed_cms"":0,""heading_cd"":310,""pitch_cd"":-9,""roll_cd"":835,""yaw_cd"":-564,""bat_mv"":0,""status"":2}"
2026-08-12T19:54:17.005+00:00,BIN,"BIN,ver=1,type=1,seq=25267,ts=25,lat=0,lon=0,alt_mm=260,speed_cms=0,heading_cd=310,pitch_cd=-9,roll_cd=833,yaw_cd=-565,bat_mv=0,status=0x02","{""ver"":1,""type"":1,""seq"":25267,""ts"":25,""lat"":0,""lon"":0,""alt_mm"":260,""speed_cms"":0,""heading_cd"":310,""pitch_cd"":-9,""roll_cd"":833,""yaw_cd"":-565,""bat_mv"":0,""status"":2}"
2026-08-12T19:54:17.092+00:00,BIN,"BIN,ver=1,type=1,seq=25391,ts=25,lat=0,lon=0,alt_mm=270,speed_cms=0,heading_cd=310,pitch_cd=-8,roll_cd=832,yaw_cd=-565,bat_mv=0,status=0x02","{""ver"":1,""type"":1,""seq"":25391,""ts"":25,""lat"":0,""lon"":0,""alt_mm"":270,""speed_cms"":0,""heading_cd"":310,""pitch_cd"":-8,""roll_cd"":832,""yaw_cd"":-565,""bat_mv"":0,""status"":2}"
2026-08-12T19:54:17.174+00:00,BIN,"BIN,ver=1,type=1,seq=25550,ts=25,lat=0,lon=0,alt_mm=270,speed_cms=0,heading_cd=310,pitch_cd=-8,roll_cd=832,yaw_cd=-565,bat_mv=0,status=0x02","{""ver"":1,""type"":1,""seq"":25550,""ts"":25,""lat"":0,""lon"":0,""alt_mm"":270,""speed_cms"":0,""heading_cd"":310,""pitch_cd"":-8,""roll_cd"":832,""yaw_cd"":-565,""bat_mv"":0,""status"":2}"
2026-08-12T19:54:17.260+00:00,BIN,"BIN,ver=1,type=1,seq=25550,ts=25,lat=0,lon=0,alt_mm=270,speed_cms=0,heading_cd=310,pitch_cd=-8,roll_cd=833,yaw_cd=-560,bat_mv=0,status=0x02","{""ver"":1,""type"":1,""seq"":25550,""ts"":25,""lat"":0,""lon"":0,""alt_mm"":270,""speed_cms"":0,""heading_cd"":310,""pitch_cd"":-8,""roll_cd"":833,""yaw_cd"":-560,""bat_mv"":0,""status"":2}"
2026-08-12T19:54:17.344+00:00,BIN,"BIN,ver=1,type=1,seq=25550,ts=25,lat=0,lon=0,alt_mm=270,speed_cms=0,heading_cd=310,pitch_cd=-8,roll_cd=833,yaw_cd=-560,bat_mv=0,status=0x02","{""ver"":1,""type"":1,""seq"":25550,""ts"":25,""lat"":0,""lon"":0,""alt_mm"":270,""speed_cms"":0,""heading_cd"":310,""pitch_cd"":-8,""roll_cd"":833,""yaw_cd"":-560,""bat_mv"":0,""status"":2}"
2026-08-12T19:54:17.427+00:00,BIN,"BIN,ver=1,type=1,seq=25672,ts=25,lat=0,lon=0,alt_mm=290,speed_cms=0,heading_cd=310,pitch_cd=-8,roll_cd=833,yaw_cd=-560,bat_mv=0,status=0x02","{""ver"":1,""type"":1,""seq"":25672,""ts"":25,""lat"":0,""lon"":0,""alt_mm"":290,""speed_cms"":0,""heading_cd"":310,""pitch_cd"":-8,""roll_cd"":833,""yaw_cd"":-560,""bat_mv"":0,""status"":2}"
2026-08-12T19:54:17.509+00:00,BIN,"BIN,ver=1,type=1,seq=25672,ts=25,lat=0,lon=0,alt_mm=290,speed_cms=0,heading_cd=310,pitch_cd=-10,roll_cd=833,yaw_cd=-566,bat_mv=0,status=0x02","{""ver"":1,""type"":1,""seq"":25672,""ts"":25,""lat"":0,""lon"":0,""alt_mm"":290,""speed_cms"":0,""heading_cd"":310,""pitch_cd"":-10,""roll_cd"":833,""yaw_cd"":-566,""bat_mv"":0,""status"":2}"
2026-08-12T19:54:17.593+00:00,BIN,"BIN,ver=1,type=1,seq=25826,ts=25,lat=0,lon=0,alt_mm=280,speed_cms=0,heading_cd=310,pitch_cd=-8,roll_cd=833,yaw_cd=-564,bat_mv=0,status=0x02","{""ver"":1,""type"":1,""seq"":25826,""ts"":25,""lat"":0,""lon"":0,""alt_mm"":280,""speed_cms"":0,""heading_cd"":310,""pitch_cd"":-8,""roll_cd"":833,""yaw_cd"":-564,""bat_mv"":0,""status"":2}"
2026-08-12T19:54:17.681+00:00,BIN,"BIN,ver=1,type=1,seq=25826,ts=25,lat=0,lon=0,alt_mm=300,speed_cms=0,heading_cd=310,pitch_cd=-8,roll_cd=835,yaw_cd=-566,bat_mv=0,status=0x02","{""ver"":1,""type"":1,""seq"":25826,""ts"":25,""lat"":0,""lon"":0,""alt_mm"":300,""speed_cms"":0,""heading_cd"":310,""pitch_cd"":-8,""roll_cd"":835,""yaw_cd"":-566,""bat_mv"":0,""status"":2}"
2026-08-12T19:54:17.761+00:00,BIN,"BIN,ver=1,type=1,seq=25951,ts=26,lat=0,lon=0,alt_mm=300,speed_cms=0,heading_cd=310,pitch_cd=-10,roll_cd=835,yaw_cd=-565,bat_mv=0,status=0x02","{""ver"":1,""type"":1,""seq"":25951,""ts"":26,""lat"":0,""lon"":0,""alt_mm"":300,""speed_cms"":0,""heading_cd"":310,""pitch_cd"":-10,""roll_cd"":835,""yaw_cd"":-565,""bat_mv"":0,""status"":2}"
2026-08-12T19:54:17.846+00:00,BIN,"BIN,ver=1,type=1,seq=26118,ts=26,lat=0,lon=0,alt_mm=310,speed_cms=0,heading_cd=310,pitch_cd=-8,roll_cd=832,yaw_cd=-565,bat_mv=0,status=0x02","{""ver"":1,""type"":1,""seq"":26118,""ts"":26,""lat"":0,""lon"":0,""alt_mm"":310,""speed_cms"":0,""heading_cd"":310,""pitch_cd"":-8,""roll_cd"":832,""yaw_cd"":-565,""bat_mv"":0,""status"":2}"
2026-08-12T19:54:17.929+00:00,BIN,"BIN,ver=1,type=1,seq=26118,ts=26,lat=0,lon=0,alt_mm=310,speed_cms=0,heading_cd=310,pitch_cd=-8,roll_cd=832,yaw_cd=-567,bat_mv=0,status=0x02","{""ver"":1,""type"":1,""seq"":26118,""ts"":26,""lat"":0,""lon"":0,""alt_mm"":310,""speed_cms"":0,""heading_cd"":310,""pitch_cd"":-8,""roll_cd"":832,""yaw_cd"":-567,""bat_mv"":0,""status"":2}"
2026-08-12T19:54:18.017+00:00,BIN,"BIN,ver=1,type=1,seq=26231,ts=26,lat=0,lon=0,alt_mm=330,speed_cms=0,heading_cd=310,pitch_cd=-8,roll_cd=836,yaw_cd=-560,bat_mv=0,status=0x02","{""ver"":1,""type"":1,""seq"":26231,""ts"":26,""lat"":0,""lon"":0,""alt_mm"":330,""speed_cms"":0,""heading_cd"":310,""pitch_cd"":-8,""roll_cd"":836,""yaw_cd"":-560,""bat_mv"":0,""status"":2}"
2026-08-12T19:54:18.098+00:00,BIN,"BIN,ver=1,type=1,seq=26531,ts=26,lat=0,lon=0,alt_mm=370,speed_cms=0,heading_cd=310,pitch_cd=-9,roll_cd=835,yaw_cd=-565,bat_mv=0,status=0x02","{""ver"":1,""type"":1,""seq"":26531,""ts"":26,""lat"":0,""lon"":0,""alt_mm"":370,""speed_cms"":0,""heading_cd"":310,""pitch_cd"":-9,""roll_cd"":835,""yaw_cd"":-565,""bat_mv"":0,""status"":2}"
2026-08-12T19:54:18.185+00:00,BIN,"BIN,ver=1,type=1,seq=26531,ts=26,lat=0,lon=0,alt_mm=370,speed_cms=0,heading_cd=310,pitch_cd=-9,roll_cd=835,yaw_cd=-565,bat_mv=0,status=0x02","{""ver"":1,""type"":1,""seq"":26531,""ts"":26,""lat"":0,""lon"":0,""alt_mm"":370,""speed_cms"":0,""heading_cd"":310,""pitch_cd"":-9,""roll_cd"":835,""yaw_cd"":-565,""bat_mv"":0,""status"":2}"
2026-08-12T19:54:18.266+00:00,BIN,"BIN,ver=1,type=1,seq=26531,ts=26,lat=0,lon=0,alt_mm=360,speed_cms=0,heading_cd=310,pitch_cd=-8,roll_cd=836,yaw_cd=-565,bat_mv=0,status=0x02","{""ver"":1,""type"":1,""seq"":26531,""ts"":26,""lat"":0,""lon"":0,""alt_mm"":360,""speed_cms"":0,""heading_cd"":310,""pitch_cd"":-8,""roll_cd"":836,""yaw_cd"":-565,""bat_mv"":0,""status"":2}"
2026-08-12T19:54:18.349+00:00,BIN,"BIN,ver=1,type=1,seq=26531,ts=26,lat=0,lon=0,alt_mm=360,speed_cms=0,heading_cd=310,pitch_cd=-7,roll_cd=819,yaw_cd=-553,bat_mv=0,status=0x02","{""ver"":1,""type"":1,""seq"":26531,""ts"":26,""lat"":0,""lon"":0,""alt_mm"":360,""speed_cms"":0,""heading_cd"":310,""pitch_cd"":-7,""roll_cd"":819,""yaw_cd"":-553,""bat_mv"":0,""status"":2}"
2026-08-12T19:54:18.432+00:00,BIN,"BIN,ver=1,type=1,seq=26649,ts=26,lat=0,lon=0,alt_mm=360,speed_cms=0,heading_cd=310,pitch_cd=-7,roll_cd=819,yaw_cd=-553,bat_mv=0,status=0x02","{""ver"":1,""type"":1,""seq"":26649,""ts"":26,""lat"":0,""lon"":0,""alt_mm"":360,""speed_cms"":0,""heading_cd"":310,""pitch_cd"":-7,""roll_cd"":819,""yaw_cd"":-553,""bat_mv"":0,""status"":2}"
2026-08-12T19:54:18.516+00:00,BIN,"BIN,ver=1,type=1,seq=26771,ts=26,lat=0,lon=0,alt_mm=340,speed_cms=0,heading_cd=310,pitch_cd=-5,roll_cd=831,yaw_cd=-570,bat_mv=0,status=0x02","{""ver"":1,""type"":1,""seq"":26771,""ts"":26,""lat"":0,""lon"":0,""alt_mm"":340,""speed_cms"":0,""heading_cd"":310,""pitch_cd"":-5,""roll_cd"":831,""yaw_cd"":-570,""bat_mv"":0,""status"":2}"
2026-08-12T19:54:18.600+00:00,BIN,"BIN,ver=1,type=1,seq=26771,ts=26,lat=0,lon=0,alt_mm=340,speed_cms=0,heading_cd=310,pitch_cd=-8,roll_cd=822,yaw_cd=-561,bat_mv=0,status=0x02","{""ver"":1,""type"":1,""seq"":26771,""ts"":26,""lat"":0,""lon"":0,""alt_mm"":340,""speed_cms"":0,""heading_cd"":310,""pitch_cd"":-8,""roll_cd"":822,""yaw_cd"":-561,""bat_mv"":0,""status"":2}"
2026-08-12T19:54:18.684+00:00,BIN,"BIN,ver=1,type=1,seq=26927,ts=26,lat=0,lon=0,alt_mm=340,speed_cms=0,heading_cd=310,pitch_cd=-7,roll_cd=836,yaw_cd=-563,bat_mv=0,status=0x02","{""ver"":1,""type"":1,""seq"":26927,""ts"":26,""lat"":0,""lon"":0,""alt_mm"":340,""speed_cms"":0,""heading_cd"":310,""pitch_cd"":-7,""roll_cd"":836,""yaw_cd"":-563,""bat_mv"":0,""status"":2}"
2026-08-12T19:54:18.771+00:00,BIN,"BIN,ver=1,type=1,seq=26927,ts=27,lat=0,lon=0,alt_mm=320,speed_cms=0,heading_cd=310,pitch_cd=-9,roll_cd=836,yaw_cd=-561,bat_mv=0,status=0x02","{""ver"":1,""type"":1,""seq"":26927,""ts"":27,""lat"":0,""lon"":0,""alt_mm"":320,""speed_cms"":0,""heading_cd"":310,""pitch_cd"":-9,""roll_cd"":836,""yaw_cd"":-561,""bat_mv"":0,""status"":2}"
2026-08-12T19:54:18.852+00:00,BIN,"BIN,ver=1,type=1,seq=27051,ts=27,lat=0,lon=0,alt_mm=320,speed_cms=0,heading_cd=310,pitch_cd=-10,roll_cd=833,yaw_cd=-564,bat_mv=0,status=0x02","{""ver"":1,""type"":1,""seq"":27051,""ts"":27,""lat"":0,""lon"":0,""alt_mm"":320,""speed_cms"":0,""heading_cd"":310,""pitch_cd"":-10,""roll_cd"":833,""yaw_cd"":-564,""bat_mv"":0,""status"":2}"
2026-08-12T19:54:18.939+00:00,BIN,"BIN,ver=1,type=1,seq=27221,ts=27,lat=0,lon=0,alt_mm=320,speed_cms=0,heading_cd=310,pitch_cd=-7,roll_cd=833,yaw_cd=-570,bat_mv=0,status=0x02","{""ver"":1,""type"":1,""seq"":27221,""ts"":27,""lat"":0,""lon"":0,""alt_mm"":320,""speed_cms"":0,""heading_cd"":310,""pitch_cd"":-7,""roll_cd"":833,""yaw_cd"":-570,""bat_mv"":0,""status"":2}"
2026-08-12T19:59:25.128+00:00,BIN,"BIN,ver=1,type=1,seq=0,ts=5,lat=0,lon=0,alt_mm=0,speed_cms=0,heading_cd=0,pitch_cd=0,roll_cd=0,yaw_cd=0,bat_mv=0,status=0x00","{""ver"":1,""type"":1,""seq"":0,""ts"":5,""lat"":0,""lon"":0,""alt_mm"":0,""speed_cms"":0,""heading_cd"":0,""pitch_cd"":0,""roll_cd"":0,""yaw_cd"":0,""bat_mv"":0,""status"":0}"
2026-08-12T19:59:25.211+00:00,BIN,"BIN,ver=1,type=1,seq=0,ts=5,lat=0,lon=0,alt_mm=0,speed_cms=0,heading_cd=0,pitch_cd=0,roll_cd=0,yaw_cd=0,bat_mv=0,status=0x00","{""ver"":1,""type"":1,""seq"":0,""ts"":5,""lat"":0,""lon"":0,""alt_mm"":0,""speed_cms"":0,""heading_cd"":0,""pitch_cd"":0,""roll_cd"":0,""yaw_cd"":0,""bat_mv"":0,""status"":0}"
2026-08-12T19:59:25.294+00:00,BIN,"BIN,ver=1,type=1,seq=0,ts=5,lat=0,lon=0,alt_mm=0,speed_cms=0,heading_cd=0,pitch_cd=0,roll_cd=0,yaw_cd=0,bat_mv=0,status=0x00","{""ver"":1,""type"":1,""seq"":0,""ts"":5,""lat"":0,""lon"":0,""alt_mm"":0,""speed_cms"":0,""heading_cd"":0,""pitch_cd"":0,""roll_cd"":0,""yaw_cd"":0,""bat_mv"":0,""status"":0}"
2026-08-12T19:59:25.378+00:00,BIN,"BIN,ver=1,type=1,seq=0,ts=5,lat=0,lon=0,alt_mm=170,speed_cms=0,heading_cd=0,pitch_cd=0,roll_cd=0,yaw_cd=0,bat_mv=0,status=0x02","{""ver"":1,""type"":1,""seq"":0,""ts"":5,""lat"":0,""lon"":0,""alt_mm"":170,""speed_cms"":0,""heading_cd"":0,""pitch_cd"":0,""roll_cd"":0,""yaw_cd"":0,""bat_mv"":0,""status"":2}"
2026-08-12T19:59:25.464+00:00,BIN,"BIN,ver=1,type=1,seq=5830,ts=5,lat=0,lon=0,alt_mm=170,speed_cms=0,heading_cd=62814,pitch_cd=-921,roll_cd=29,yaw_cd=310,bat_mv=0,status=0x02","{""ver"":1,""type"":1,""seq"":5830,""ts"":5,""lat"":0,""lon"":0,""alt_mm"":170,""speed_cms"":0,""heading_cd"":62814,""pitch_cd"":-921,""roll_cd"":29,""yaw_cd"":310,""bat_mv"":0,""status"":2}"
2026-08-12T19:59:25.547+00:00,BIN,"BIN,ver=1,type=1,seq=5932,ts=5,lat=0,lon=0,alt_mm=180,speed_cms=0,heading_cd=62814,pitch_cd=-964,roll_cd=137,yaw_cd=288,bat_mv=0,status=0x02","{""ver"":1,""type"":1,""seq"":5932,""ts"":5,""lat"":0,""lon"":0,""alt_mm"":180,""speed_cms"":0,""heading_cd"":62814,""pitch_cd"":-964,""roll_cd"":137,""yaw_cd"":288,""bat_mv"":0,""status"":2}"
2026-08-12T19:59:25.630+00:00,BIN,"BIN,ver=1,type=1,seq=5932,ts=6,lat=0,lon=0,alt_mm=230,speed_cms=0,heading_cd=62814,pitch_cd=-938,roll_cd=232,yaw_cd=307,bat_mv=0,status=0x02","{""ver"":1,""type"":1,""seq"":5932,""ts"":6,""lat"":0,""lon"":0,""alt_mm"":230,""speed_cms"":0,""heading_cd"":62814,""pitch_cd"":-938,""roll_cd"":232,""yaw_cd"":307,""bat_mv"":0,""status"":2}"
2026-08-12T19:59:25.714+00:00,BIN,"BIN,ver=1,type=1,seq=6071,ts=6,lat=0,lon=0,alt_mm=230,speed_cms=0,heading_cd=62814,pitch_cd=-889,roll_cd=237,yaw_cd=254,bat_mv=0,status=0x02","{""ver"":1,""type"":1,""seq"":6071,""ts"":6,""lat"":0,""lon"":0,""alt_mm"":230,""speed_cms"":0,""heading_cd"":62814,""pitch_cd"":-889,""roll_cd"":237,""yaw_cd"":254,""bat_mv"":0,""status"":2}"
2026-08-12T19:59:25.802+00:00,BIN,"BIN,ver=1,type=1,seq=6186,ts=6,lat=0,lon=0,alt_mm=270,speed_cms=0,heading_cd=62814,pitch_cd=-925,roll_cd=209,yaw_cd=153,bat_mv=0,status=0x02","{""ver"":1,""type"":1,""seq"":6186,""ts"":6,""lat"":0,""lon"":0,""alt_mm"":270,""speed_cms"":0,""heading_cd"":62814,""pitch_cd"":-925,""roll_cd"":209,""yaw_cd"":153,""bat_mv"":0,""status"":2}"
2026-08-12T19:59:25.886+00:00,BIN,"BIN,ver=1,type=1,seq=6186,ts=6,lat=0,lon=0,alt_mm=280,speed_cms=0,heading_cd=62814,pitch_cd=-925,roll_cd=209,yaw_cd=153,bat_mv=0,status=0x02","{""ver"":1,""type"":1,""seq"":6186,""ts"":6,""lat"":0,""lon"":0,""alt_mm"":280,""speed_cms"":0,""heading_cd"":62814,""pitch_cd"":-925,""roll_cd"":209,""yaw_cd"":153,""bat_mv"":0,""status"":2}"
2026-08-12T19:59:25.969+00:00,BIN,"BIN,ver=1,type=1,seq=6311,ts=6,lat=0,lon=0,alt_mm=230,speed_cms=0,heading_cd=62814,pitch_cd=-958,roll_cd=220,yaw_cd=99,bat_mv=0,status=0x02","{""ver"":1,""type"":1,""seq"":6311,""ts"":6,""lat"":0,""lon"":0,""alt_mm"":230,""speed_cms"":0,""heading_cd"":62814,""pitch_cd"":-958,""roll_cd"":220,""yaw_cd"":99,""bat_mv"":0,""status"":2}"
2026-08-12T19:59:26.050+00:00,BIN,"BIN,ver=1,type=1,seq=6467,ts=6,lat=0,lon=0,alt_mm=230,speed_cms=0,heading_cd=62814,pitch_cd=-945,roll_cd=200,yaw_cd=92,bat_mv=0,status=0x02","{""ver"":1,""type"":1,""seq"":6467,""ts"":6,""lat"":0,""lon"":0,""alt_mm"":230,""speed_cms"":0,""heading_cd"":62814,""pitch_cd"":-945,""roll_cd"":200,""yaw_cd"":92,""bat_mv"":0,""status"":2}"
2026-08-12T19:59:26.134+00:00,BIN,"BIN,ver=1,type=1,seq=6467,ts=6,lat=0,lon=0,alt_mm=70,speed_cms=0,heading_cd=62814,pitch_cd=-956,roll_cd=197,yaw_cd=87,bat_mv=0,status=0x02","{""ver"":1,""type"":1,""seq"":6467,""ts"":6,""lat"":0,""lon"":0,""alt_mm"":70,""speed_cms"":0,""heading_cd"":62814,""pitch_cd"":-956,""roll_cd"":197,""yaw_cd"":87,""bat_mv"":0,""status"":2}"
2026-08-12T19:59:26.221+00:00,BIN,"BIN,ver=1,type=1,seq=6592,ts=6,lat=0,lon=0,alt_mm=70,speed_cms=0,heading_cd=62814,pitch_cd=-981,roll_cd=182,yaw_cd=68,bat_mv=0,status=0x02","{""ver"":1,""type"":1,""seq"":6592,""ts"":6,""lat"":0,""lon"":0,""alt_mm"":70,""speed_cms"":0,""heading_cd"":62814,""pitch_cd"":-981,""roll_cd"":182,""yaw_cd"":68,""bat_mv"":0,""status"":2}"
2026-08-12T19:59:26.304+00:00,BIN,"BIN,ver=1,type=1,seq=6592,ts=6,lat=0,lon=0,alt_mm=70,speed_cms=0,heading_cd=62814,pitch_cd=-981,roll_cd=182,yaw_cd=68,bat_mv=0,status=0x02","{""ver"":1,""type"":1,""seq"":6592,""ts"":6,""lat"":0,""lon"":0,""alt_mm"":70,""speed_cms"":0,""heading_cd"":62814,""pitch_cd"":-981,""roll_cd"":182,""yaw_cd"":68,""bat_mv"":0,""status"":2}"
2026-08-12T19:59:26.387+00:00,BIN,"BIN,ver=1,type=1,seq=6758,ts=6,lat=0,lon=0,alt_mm=60,speed_cms=0,heading_cd=62814,pitch_cd=-944,roll_cd=177,yaw_cd=110,bat_mv=0,status=0x02","{""ver"":1,""type"":1,""seq"":6758,""ts"":6,""lat"":0,""lon"":0,""alt_mm"":60,""speed_cms"":0,""heading_cd"":62814,""pitch_cd"":-944,""roll_cd"":177,""yaw_cd"":110,""bat_mv"":0,""status"":2}"
2026-08-12T19:59:26.474+00:00,BIN,"BIN,ver=1,type=1,seq=6758,ts=6,lat=0,lon=0,alt_mm=280,speed_cms=0,heading_cd=62814,pitch_cd=-930,roll_cd=136,yaw_cd=147,bat_mv=0,status=0x02","{""ver"":1,""type"":1,""seq"":6758,""ts"":6,""lat"":0,""lon"":0,""alt_mm"":280,""speed_cms"":0,""heading_cd"":62814,""pitch_cd"":-930,""roll_cd"":136,""yaw_cd"":147,""bat_mv"":0,""status"":2}"
2026-08-12T19:59:26.555+00:00,BIN,"BIN,ver=1,type=1,seq=6871,ts=6,lat=0,lon=0,alt_mm=280,speed_cms=0,heading_cd=62814,pitch_cd=-918,roll_cd=119,yaw_cd=179,bat_mv=0,status=0x02","{""ver"":1,""type"":1,""seq"":6871,""ts"":6,""lat"":0,""lon"":0,""alt_mm"":280,""speed_cms"":0,""heading_cd"":62814,""pitch_cd"":-918,""roll_cd"":119,""yaw_cd"":179,""bat_mv"":0,""status"":2}"
2026-08-12T19:59:26.639+00:00,BIN,"BIN,ver=1,type=1,seq=7025,ts=7,lat=0,lon=0,alt_mm=240,speed_cms=0,heading_cd=62814,pitch_cd=-971,roll_cd=184,yaw_cd=221,bat_mv=0,status=0x02","{""ver"":1,""type"":1,""seq"":7025,""ts"":7,""lat"":0,""lon"":0,""alt_mm"":240,""speed_cms"":0,""heading_cd"":62814,""pitch_cd"":-971,""roll_cd"":184,""yaw_cd"":221,""bat_mv"":0,""status"":2}"
2026-08-12T19:59:26.725+00:00,BIN,"BIN,ver=1,type=1,seq=7025,ts=7,lat=0,lon=0,alt_mm=130,speed_cms=0,heading_cd=62814,pitch_cd=-960,roll_cd=247,yaw_cd=210,bat_mv=0,status=0x02","{""ver"":1,""type"":1,""seq"":7025,""ts"":7,""lat"":0,""lon"":0,""alt_mm"":130,""speed_cms"":0,""heading_cd"":62814,""pitch_cd"":-960,""roll_cd"":247,""yaw_cd"":210,""bat_mv"":0,""status"":2}"
2026-08-12T19:59:26.809+00:00,BIN,"BIN,ver=1,type=1,seq=7151,ts=7,lat=0,lon=0,alt_mm=130,speed_cms=0,heading_cd=62814,pitch_cd=-924,roll_cd=250,yaw_cd=106,bat_mv=0,status=0x02","{""ver"":1,""type"":1,""seq"":7151,""ts"":7,""lat"":0,""lon"":0,""alt_mm"":130,""speed_cms"":0,""heading_cd"":62814,""pitch_cd"":-924,""roll_cd"":250,""yaw_cd"":106,""bat_mv"":0,""status"":2}"
2026-08-12T19:59:26.891+00:00,BIN,"BIN,ver=1,type=1,seq=7267,ts=7,lat=0,lon=0,alt_mm=160,speed_cms=0,heading_cd=62814,pitch_cd=-929,roll_cd=195,yaw_cd=94,bat_mv=0,status=0x02","{""ver"":1,""type"":1,""seq"":7267,""ts"":7,""lat"":0,""lon"":0,""alt_mm"":160,""speed_cms"":0,""heading_cd"":62814,""pitch_cd"":-929,""roll_cd"":195,""yaw_cd"":94,""bat_mv"":0,""status"":2}"
2026-08-12T19:59:26.973+00:00,BIN,"BIN,ver=1,type=1,seq=7391,ts=7,lat=0,lon=0,alt_mm=90,speed_cms=0,heading_cd=62814,pitch_cd=-1000,roll_cd=223,yaw_cd=46,bat_mv=0,status=0x02","{""ver"":1,""type"":1,""seq"":7391,""ts"":7,""lat"":0,""lon"":0,""alt_mm"":90,""speed_cms"":0,""heading_cd"":62814,""pitch_cd"":-1000,""roll_cd"":223,""yaw_cd"":46,""bat_mv"":0,""status"":2}"
2026-08-12T19:59:27.059+00:00,BIN,"BIN,ver=1,type=1,seq=7510,ts=7,lat=0,lon=0,alt_mm=200,speed_cms=0,heading_cd=62814,pitch_cd=-985,roll_cd=235,yaw_cd=39,bat_mv=0,status=0x02","{""ver"":1,""type"":1,""seq"":7510,""ts"":7,""lat"":0,""lon"":0,""alt_mm"":200,""speed_cms"":0,""heading_cd"":62814,""pitch_cd"":-985,""roll_cd"":235,""yaw_cd"":39,""bat_mv"":0,""status"":2}"
2026-08-12T19:59:27.142+00:00,BIN,"BIN,ver=1,type=1,seq=7510,ts=7,lat=0,lon=0,alt_mm=200,speed_cms=0,heading_cd=62814,pitch_cd=-1008,roll_cd=186,yaw_cd=180,bat_mv=0,status=0x02","{""ver"":1,""type"":1,""seq"":7510,""ts"":7,""lat"":0,""lon"":0,""alt_mm"":200,""speed_cms"":0,""heading_cd"":62814,""pitch_cd"":-1008,""roll_cd"":186,""yaw_cd"":180,""bat_mv"":0,""status"":2}"
2026-08-12T19:59:27.231+00:00,BIN,"BIN,ver=1,type=1,seq=7632,ts=7,lat=0,lon=0,alt_mm=270,speed_cms=0,heading_cd=62814,pitch_cd=-1008,roll_cd=186,yaw_cd=180,bat_mv=0,status=0x02","{""ver"":1,""type"":1,""seq"":7632,""ts"":7,""lat"":0,""lon"":0,""alt_mm"":270,""speed_cms"":0,""heading_cd"":62814,""pitch_cd"":-1008,""roll_cd"":186,""yaw_cd"":180,""bat_mv"":0,""status"":2}"
2026-08-12T19:59:27.308+00:00,BIN,"BIN,ver=1,type=1,seq=7632,ts=7,lat=0,lon=0,alt_mm=270,speed_cms=0,heading_cd=62814,pitch_cd=-900,roll_cd=199,yaw_cd=130,bat_mv=0,status=0x02","{""ver"":1,""type"":1,""seq"":7632,""ts"":7,""lat"":0,""lon"":0,""alt_mm"":270,""speed_cms"":0,""heading_cd"":62814,""pitch_cd"":-900,""roll_cd"":199,""yaw_cd"":130,""bat_mv"":0,""status"":2}"
2026-08-12T19:59:27.396+00:00,BIN,"BIN,ver=1,type=1,seq=7786,ts=7,lat=0,lon=0,alt_mm=320,speed_cms=0,heading_cd=62814,pitch_cd=-873,roll_cd=158,yaw_cd=210,bat_mv=0,status=0x02","{""ver"":1,""type"":1,""seq"":7786,""ts"":7,""lat"":0,""lon"":0,""alt_mm"":320,""speed_cms"":0,""heading_cd"":62814,""pitch_cd"":-873,""roll_cd"":158,""yaw_cd"":210,""bat_mv"":0,""status"":2}"
2026-08-12T19:59:27.479+00:00,BIN,"BIN,ver=1,type=1,seq=7786,ts=7,lat=0,lon=0,alt_mm=480,speed_cms=0,heading_cd=62814,pitch_cd=-949,roll_cd=153,yaw_cd=293,bat_mv=0,status=0x02","{""ver"":1,""type"":1,""seq"":7786,""ts"":7,""lat"":0,""lon"":0,""alt_mm"":480,""speed_cms"":0,""heading_cd"":62814,""pitch_cd"":-949,""roll_cd"":153,""yaw_cd"":293,""bat_mv"":0,""status"":2}"
2026-08-12T19:59:27.564+00:00,BIN,"BIN,ver=1,type=1,seq=7911,ts=8,lat=0,lon=0,alt_mm=480,speed_cms=0,heading_cd=62814,pitch_cd=-934,roll_cd=219,yaw_cd=270,bat_mv=0,status=0x02","{""ver"":1,""type"":1,""seq"":7911,""ts"":8,""lat"":0,""lon"":0,""alt_mm"":480,""speed_cms"":0,""heading_cd"":62814,""pitch_cd"":-934,""roll_cd"":219,""yaw_cd"":270,""bat_mv"":0,""status"":2}"
2026-08-12T19:59:27.645+00:00,BIN,"BIN,ver=1,type=1,seq=8027,ts=8,lat=0,lon=0,alt_mm=470,speed_cms=0,heading_cd=62814,pitch_cd=-905,roll_cd=234,yaw_cd=283,bat_mv=0,status=0x02","{""ver"":1,""type"":1,""seq"":8027,""ts"":8,""lat"":0,""lon"":0,""alt_mm"":470,""speed_cms"":0,""heading_cd"":62814,""pitch_cd"":-905,""roll_cd"":234,""yaw_cd"":283,""bat_mv"":0,""status"":2}"
2026-08-12T19:59:27.731+00:00,BIN,"BIN,ver=1,type=1,seq=8027,ts=8,lat=0,lon=0,alt_mm=470,speed_cms=0,heading_cd=62814,pitch_cd=-921,roll_cd=321,yaw_cd=296,bat_mv=0,status=0x02","{""ver"":1,""type"":1,""seq"":8027,""ts"":8,""lat"":0,""lon"":0,""alt_mm"":470,""speed_cms"":0,""heading_cd"":62814,""pitch_cd"":-921,""roll_cd"":321,""yaw_cd"":296,""bat_mv"":0,""status"":2}"
2026-08-12T19:59:27.816+00:00,BIN,"BIN,ver=1,type=1,seq=8151,ts=8,lat=0,lon=0,alt_mm=450,speed_cms=0,heading_cd=62814,pitch_cd=-921,roll_cd=321,yaw_cd=296,bat_mv=0,status=0x02","{""ver"":1,""type"":1,""seq"":8151,""ts"":8,""lat"":0,""lon"":0,""alt_mm"":450,""speed_cms"":0,""heading_cd"":62814,""pitch_cd"":-921,""roll_cd"":321,""yaw_cd"":296,""bat_mv"":0,""status"":2}"
2026-08-12T19:59:27.898+00:00,BIN,"BIN,ver=1,type=1,seq=8306,ts=8,lat=0,lon=0,alt_mm=470,speed_cms=0,heading_cd=62814,pitch_cd=-1003,roll_cd=409,yaw_cd=-85,bat_mv=0,status=0x02","{""ver"":1,""type"":1,""seq"":8306,""ts"":8,""lat"":0,""lon"":0,""alt_mm"":470,""speed_cms"":0,""heading_cd"":62814,""pitch_cd"":-1003,""roll_cd"":409,""yaw_cd"":-85,""bat_mv"":0,""status"":2}"
2026-08-12T19:59:27.984+00:00,BIN,"BIN,ver=1,type=1,seq=8431,ts=8,lat=0,lon=0,alt_mm=130,speed_cms=0,heading_cd=62814,pitch_cd=-1009,roll_cd=384,yaw_cd=-149,bat_mv=0,status=0x02","{""ver"":1,""type"":1,""seq"":8431,""ts"":8,""lat"":0,""lon"":0,""alt_mm"":130,""speed_cms"":0,""heading_cd"":62814,""pitch_cd"":-1009,""roll_cd"":384,""yaw_cd"":-149,""bat_mv"":0,""status"":2}"
2026-08-12T19:59:28.067+00:00,BIN,"BIN,ver=1,type=1,seq=8547,ts=8,lat=0,lon=0,alt_mm=130,speed_cms=0,heading_cd=62814,pitch_cd=-1001,roll_cd=345,yaw_cd=-171,bat_mv=0,status=0x02","{""ver"":1,""type"":1,""seq"":8547,""ts"":8,""lat"":0,""lon"":0,""alt_mm"":130,""speed_cms"":0,""heading_cd"":62814,""pitch_cd"":-1001,""roll_cd"":345,""yaw_cd"":-171,""bat_mv"":0,""status"":2}"
2026-08-12T19:59:28.157+00:00,BIN,"BIN,ver=1,type=1,seq=8547,ts=8,lat=0,lon=0,alt_mm=130,speed_cms=0,heading_cd=62814,pitch_cd=-1001,roll_cd=345,yaw_cd=-171,bat_mv=0,status=0x02","{""ver"":1,""type"":1,""seq"":8547,""ts"":8,""lat"":0,""lon"":0,""alt_mm"":130,""speed_cms"":0,""heading_cd"":62814,""pitch_cd"":-1001,""roll_cd"":345,""yaw_cd"":-171,""bat_mv"":0,""status"":2}"
2026-08-12T19:59:28.234+00:00,BIN,"BIN,ver=1,type=1,seq=8547,ts=8,lat=0,lon=0,alt_mm=130,speed_cms=0,heading_cd=62814,pitch_cd=-909,roll_cd=367,yaw_cd=-135,bat_mv=0,status=0x02","{""ver"":1,""type"":1,""seq"":8547,""ts"":8,""lat"":0,""lon"":0,""alt_mm"":130,""speed_cms"":0,""heading_cd"":62814,""pitch_cd"":-909,""roll_cd"":367,""yaw_cd"":-135,""bat_mv"":0,""status"":2}"
2026-08-12T19:59:28.320+00:00,BIN,"BIN,ver=1,type=1,seq=8672,ts=8,lat=0,lon=0,alt_mm=-40,speed_cms=0,heading_cd=62814,pitch_cd=-909,roll_cd=367,yaw_cd=-135,bat_mv=0,status=0x02","{""ver"":1,""type"":1,""seq"":8672,""ts"":8,""lat"":0,""lon"":0,""alt_mm"":-40,""speed_cms"":0,""heading_cd"":62814,""pitch_cd"":-909,""roll_cd"":367,""yaw_cd"":-135,""bat_mv"":0,""status"":2}"
2026-08-12T19:59:28.403+00:00,BIN,"BIN,ver=1,type=1,seq=8672,ts=8,lat=0,lon=0,alt_mm=-90,speed_cms=0,heading_cd=62814,pitch_cd=-815,roll_cd=296,yaw_cd=-110,bat_mv=0,status=0x02","{""ver"":1,""type"":1,""seq"":8672,""ts"":8,""lat"":0,""lon"":0,""alt_mm"":-90,""speed_cms"":0,""heading_cd"":62814,""pitch_cd"":-815,""roll_cd"":296,""yaw_cd"":-110,""bat_mv"":0,""status"":2}"
2026-08-12T19:59:28.489+00:00,BIN,"BIN,ver=1,type=1,seq=8838,ts=8,lat=0,lon=0,alt_mm=-90,speed_cms=0,heading_cd=62814,pitch_cd=-838,roll_cd=546,yaw_cd=-282,bat_mv=0,status=0x02","{""ver"":1,""type"":1,""seq"":8838,""ts"":8,""lat"":0,""lon"":0,""alt_mm"":-90,""speed_cms"":0,""heading_cd"":62814,""pitch_cd"":-838,""roll_cd"":546,""yaw_cd"":-282,""bat_mv"":0,""status"":2}"
2026-08-12T19:59:28.572+00:00,BIN,"BIN,ver=1,type=1,seq=8951,ts=9,lat=0,lon=0,alt_mm=-40,speed_cms=0,heading_cd=62814,pitch_cd=-861,roll_cd=596,yaw_cd=-148,bat_mv=0,status=0x02","{""ver"":1,""type"":1,""seq"":8951,""ts"":9,""lat"":0,""lon"":0,""alt_mm"":-40,""speed_cms"":0,""heading_cd"":62814,""pitch_cd"":-861,""roll_cd"":596,""yaw_cd"":-148,""bat_mv"":0,""status"":2}"
2026-08-12T19:59:28.655+00:00,BIN,"BIN,ver=1,type=1,seq=8951,ts=9,lat=0,lon=0,alt_mm=-40,speed_cms=0,heading_cd=62814,pitch_cd=-797,roll_cd=597,yaw_cd=36,bat_mv=0,status=0x02","{""ver"":1,""type"":1,""seq"":8951,""ts"":9,""lat"":0,""lon"":0,""alt_mm"":-40,""speed_cms"":0,""heading_cd"":62814,""pitch_cd"":-797,""roll_cd"":597,""yaw_cd"":36,""bat_mv"":0,""status"":2}"
2026-08-12T19:59:28.739+00:00,BIN,"BIN,ver=1,type=1,seq=9098,ts=9,lat=0,lon=0,alt_mm=100,speed_cms=0,heading_cd=62814,pitch_cd=-693,roll_cd=812,yaw_cd=-7,bat_mv=0,status=0x02","{""ver"":1,""type"":1,""seq"":9098,""ts"":9,""lat"":0,""lon"":0,""alt_mm"":100,""speed_cms"":0,""heading_cd"":62814,""pitch_cd"":-693,""roll_cd"":812,""yaw_cd"":-7,""bat_mv"":0,""status"":2}"
2026-08-12T19:59:28.823+00:00,BIN,"BIN,ver=1,type=1,seq=9098,ts=9,lat=0,lon=0,alt_mm=220,speed_cms=0,heading_cd=62814,pitch_cd=-593,roll_cd=793,yaw_cd=231,bat_mv=0,status=0x02","{""ver"":1,""type"":1,""seq"":9098,""ts"":9,""lat"":0,""lon"":0,""alt_mm"":220,""speed_cms"":0,""heading_cd"":62814,""pitch_cd"":-593,""roll_cd"":793,""yaw_cd"":231,""bat_mv"":0,""status"":2}"
2026-08-12T19:59:28.908+00:00,BIN,"BIN,ver=1,type=1,seq=9211,ts=9,lat=0,lon=0,alt_mm=350,speed_cms=0,heading_cd=62814,pitch_cd=-624,roll_cd=808,yaw_cd=96,bat_mv=0,status=0x02","{""ver"":1,""type"":1,""seq"":9211,""ts"":9,""lat"":0,""lon"":0,""alt_mm"":350,""speed_cms"":0,""heading_cd"":62814,""pitch_cd"":-624,""roll_cd"":808,""yaw_cd"":96,""bat_mv"":0,""status"":2}"
2026-08-12T19:59:28.988+00:00,BIN,"BIN,ver=1,type=1,seq=9503,ts=9,lat=0,lon=0,alt_mm=400,speed_cms=0,heading_cd=62814,pitch_cd=-952,roll_cd=407,yaw_cd=-33,bat_mv=0,status=0x02","{""ver"":1,""type"":1,""seq"":9503,""ts"":9,""lat"":0,""lon"":0,""alt_mm"":400,""speed_cms"":0,""heading_cd"":62814,""pitch_cd"":-952,""roll_cd"":407,""yaw_cd"":-33,""bat_mv"":0,""status"":2}"
2026-08-12T19:59:29.074+00:00,BIN,"BIN,ver=1,type=1,seq=9503,ts=9,lat=0,lon=0,alt_mm=400,speed_cms=0,heading_cd=62814,pitch_cd=-952,roll_cd=407,yaw_cd=-33,bat_mv=0,status=0x02","{""ver"":1,""type"":1,""seq"":9503,""ts"":9,""lat"":0,""lon"":0,""alt_mm"":400,""speed_cms"":0,""heading_cd"":62814,""pitch_cd"":-952,""roll_cd"":407,""yaw_cd"":-33,""bat_mv"":0,""status"":2}"
2026-08-12T19:59:29.162+00:00,BIN,"BIN,ver=1,type=1,seq=9503,ts=9,lat=0,lon=0,alt_mm=380,speed_cms=0,heading_cd=62814,pitch_cd=-843,roll_cd=287,yaw_cd=-73,bat_mv=0,status=0x02","{""ver"":1,""type"":1,""seq"":9503,""ts"":9,""lat"":0,""lon"":0,""alt_mm"":380,""speed_cms"":0,""heading_cd"":62814,""pitch_cd"":-843,""roll_cd"":287,""yaw_cd"":-73,""bat_mv"":0,""status"":2}"
2026-08-12T19:59:29.243+00:00,BIN,"BIN,ver=1,type=1,seq=9503,ts=9,lat=0,lon=0,alt_mm=380,speed_cms=0,heading_cd=62814,pitch_cd=-872,roll_cd=180,yaw_cd=-173,bat_mv=0,status=0x02","{""ver"":1,""type"":1,""seq"":9503,""ts"":9,""lat"":0,""lon"":0,""alt_mm"":380,""speed_cms"":0,""heading_cd"":62814,""pitch_cd"":-872,""roll_cd"":180,""yaw_cd"":-173,""bat_mv"":0,""status"":2}"
2026-08-12T19:59:29.325+00:00,BIN,"BIN,ver=1,type=1,seq=9649,ts=9,lat=0,lon=0,alt_mm=380,speed_cms=0,heading_cd=62814,pitch_cd=-872,roll_cd=180,yaw_cd=-173,bat_mv=0,status=0x02","{""ver"":1,""type"":1,""seq"":9649,""ts"":9,""lat"":0,""lon"":0,""alt_mm"":380,""speed_cms"":0,""heading_cd"":62814,""pitch_cd"":-872,""roll_cd"":180,""yaw_cd"":-173,""bat_mv"":0,""status"":2}"
2026-08-12T19:59:29.412+00:00,BIN,"BIN,ver=1,type=1,seq=9771,ts=9,lat=0,lon=0,alt_mm=360,speed_cms=0,heading_cd=62814,pitch_cd=-869,roll_cd=152,yaw_cd=-170,bat_mv=0,status=0x02","{""ver"":1,""type"":1,""seq"":9771,""ts"":9,""lat"":0,""lon"":0,""alt_mm"":360,""speed_cms"":0,""heading_cd"":62814,""pitch_cd"":-869,""roll_cd"":152,""yaw_cd"":-170,""bat_mv"":0,""status"":2}"
2026-08-12T19:59:29.500+00:00,BIN,"BIN,ver=1,type=1,seq=9771,ts=9,lat=0,lon=0,alt_mm=360,speed_cms=0,heading_cd=62814,pitch_cd=-900,roll_cd=141,yaw_cd=-129,bat_mv=0,status=0x02","{""ver"":1,""type"":1,""seq"":9771,""ts"":9,""lat"":0,""lon"":0,""alt_mm"":360,""speed_cms"":0,""heading_cd"":62814,""pitch_cd"":-900,""roll_cd"":141,""yaw_cd"":-129,""bat_mv"":0,""status"":2}"
2026-08-12T19:59:29.579+00:00,BIN,"BIN,ver=1,type=1,seq=9927,ts=9,lat=0,lon=0,alt_mm=460,speed_cms=0,heading_cd=62814,pitch_cd=-919,roll_cd=274,yaw_cd=-139,bat_mv=0,status=0x02","{""ver"":1,""type"":1,""seq"":9927,""ts"":9,""lat"":0,""lon"":0,""alt_mm"":460,""speed_cms"":0,""heading_cd"":62814,""pitch_cd"":-919,""roll_cd"":274,""yaw_cd"":-139,""bat_mv"":0,""status"":2}"
2026-08-12T19:59:29.662+00:00,BIN,"BIN,ver=1,type=1,seq=9927,ts=10,lat=0,lon=0,alt_mm=470,speed_cms=0,heading_cd=62814,pitch_cd=-907,roll_cd=326,yaw_cd=-124,bat_mv=0,status=0x02","{""ver"":1,""type"":1,""seq"":9927,""ts"":10,""lat"":0,""lon"":0,""alt_mm"":470,""speed_cms"":0,""heading_cd"":62814,""pitch_cd"":-907,""roll_cd"":326,""yaw_cd"":-124,""bat_mv"":0,""status"":2}"
2026-08-12T19:59:29.745+00:00,BIN,"BIN,ver=1,type=1,seq=10051,ts=10,lat=0,lon=0,alt_mm=470,speed_cms=0,heading_cd=62814,pitch_cd=-923,roll_cd=305,yaw_cd=-221,bat_mv=0,status=0x02","{""ver"":1,""type"":1,""seq"":10051,""ts"":10,""lat"":0,""lon"":0,""alt_mm"":470,""speed_cms"":0,""heading_cd"":62814,""pitch_cd"":-923,""roll_cd"":305,""yaw_cd"":-221,""bat_mv"":0,""status"":2}"
2026-08-12T19:59:29.830+00:00,BIN,"BIN,ver=1,type=1,seq=10218,ts=10,lat=0,lon=0,alt_mm=390,speed_cms=0,heading_cd=62814,pitch_cd=-884,roll_cd=336,yaw_cd=-228,bat_mv=0,status=0x02","{""ver"":1,""type"":1,""seq"":10218,""ts"":10,""lat"":0,""lon"":0,""alt_mm"":390,""speed_cms"":0,""heading_cd"":62814,""pitch_cd"":-884,""roll_cd"":336,""yaw_cd"":-228,""bat_mv"":0,""status"":2}"
2026-08-12T19:59:29.915+00:00,BIN,"BIN,ver=1,type=1,seq=10218,ts=10,lat=0,lon=0,alt_mm=390,speed_cms=0,heading_cd=62814,pitch_cd=-934,roll_cd=257,yaw_cd=-286,bat_mv=0,status=0x02","{""ver"":1,""type"":1,""seq"":10218,""ts"":10,""lat"":0,""lon"":0,""alt_mm"":390,""speed_cms"":0,""heading_cd"":62814,""pitch_cd"":-934,""roll_cd"":257,""yaw_cd"":-286,""bat_mv"":0,""status"":2}"
2026-08-12T19:59:29.999+00:00,BIN,"BIN,ver=1,type=1,seq=10331,ts=10,lat=0,lon=0,alt_mm=450,speed_cms=0,heading_cd=62814,pitch_cd=-903,roll_cd=144,yaw_cd=-418,bat_mv=0,status=0x02","{""ver"":1,""type"":1,""seq"":10331,""ts"":10,""lat"":0,""lon"":0,""alt_mm"":450,""speed_cms"":0,""heading_cd"":62814,""pitch_cd"":-903,""roll_cd"":144,""yaw_cd"":-418,""bat_mv"":0,""status"":2}"
2026-08-12T19:59:30.082+00:00,BIN,"BIN,ver=1,type=1,seq=10487,ts=10,lat=0,lon=0,alt_mm=450,speed_cms=0,heading_cd=62814,pitch_cd=-854,roll_cd=44,yaw_cd=-550,bat_mv=0,status=0x02","{""ver"":1,""type"":1,""seq"":10487,""ts"":10,""lat"":0,""lon"":0,""alt_mm"":450,""speed_cms"":0,""heading_cd"":62814,""pitch_cd"":-854,""roll_cd"":44,""yaw_cd"":-550,""bat_mv"":0,""status"":2}"
2026-08-12T19:59:30.166+00:00,BIN,"BIN,ver=1,type=1,seq=10487,ts=10,lat=0,lon=0,alt_mm=530,speed_cms=0,heading_cd=62814,pitch_cd=-854,roll_cd=44,yaw_cd=-550,bat_mv=0,status=0x02","{""ver"":1,""type"":1,""seq"":10487,""ts"":10,""lat"":0,""lon"":0,""alt_mm"":530,""speed_cms"":0,""heading_cd"":62814,""pitch_cd"":-854,""roll_cd"":44,""yaw_cd"":-550,""bat_mv"":0,""status"":2}"
2026-08-12T19:59:30.249+00:00,BIN,"BIN,ver=1,type=1,seq=10612,ts=10,lat=0,lon=0,alt_mm=530,speed_cms=0,heading_cd=62814,pitch_cd=-724,roll_cd=66,yaw_cd=-572,bat_mv=0,status=0x02","{""ver"":1,""type"":1,""seq"":10612,""ts"":10,""lat"":0,""lon"":0,""alt_mm"":530,""speed_cms"":0,""heading_cd"":62814,""pitch_cd"":-724,""roll_cd"":66,""yaw_cd"":-572,""bat_mv"":0,""status"":2}"
2026-08-12T19:59:30.333+00:00,BIN,"BIN,ver=1,type=1,seq=10612,ts=10,lat=0,lon=0,alt_mm=530,speed_cms=0,heading_cd=62814,pitch_cd=-724,roll_cd=66,yaw_cd=-572,bat_mv=0,status=0x02","{""ver"":1,""type"":1,""seq"":10612,""ts"":10,""lat"":0,""lon"":0,""alt_mm"":530,""speed_cms"":0,""heading_cd"":62814,""pitch_cd"":-724,""roll_cd"":66,""yaw_cd"":-572,""bat_mv"":0,""status"":2}"
2026-08-12T19:59:30.416+00:00,BIN,"BIN,ver=1,type=1,seq=10767,ts=10,lat=0,lon=0,alt_mm=470,speed_cms=0,heading_cd=62814,pitch_cd=-679,roll_cd=-159,yaw_cd=-638,bat_mv=0,status=0x02","{""ver"":1,""type"":1,""seq"":10767,""ts"":10,""lat"":0,""lon"":0,""alt_mm"":470,""speed_cms"":0,""heading_cd"":62814,""pitch_cd"":-679,""roll_cd"":-159,""yaw_cd"":-638,""bat_mv"":0,""status"":2}"
2026-08-12T19:59:30.504+00:00,BIN,"BIN,ver=1,type=1,seq=10767,ts=10,lat=0,lon=0,alt_mm=470,speed_cms=0,heading_cd=62814,pitch_cd=-720,roll_cd=-30,yaw_cd=-728,bat_mv=0,status=0x02","{""ver"":1,""type"":1,""seq"":10767,""ts"":10,""lat"":0,""lon"":0,""alt_mm"":470,""speed_cms"":0,""heading_cd"":62814,""pitch_cd"":-720,""roll_cd"":-30,""yaw_cd"":-728,""bat_mv"":0,""status"":2}"
2026-08-12T19:59:30.585+00:00,BIN,"BIN,ver=1,type=1,seq=10891,ts=10,lat=0,lon=0,alt_mm=440,speed_cms=0,heading_cd=62814,pitch_cd=-720,roll_cd=-30,yaw_cd=-728,bat_mv=0,status=0x02","{""ver"":1,""type"":1,""seq"":10891,""ts"":10,""lat"":0,""lon"":0,""alt_mm"":440,""speed_cms"":0,""heading_cd"":62814,""pitch_cd"":-720,""roll_cd"":-30,""yaw_cd"":-728,""bat_mv"":0,""status"":2}"
2026-08-12T19:59:30.670+00:00,BIN,"BIN,ver=1,type=1,seq=11091,ts=11,lat=0,lon=0,alt_mm=470,speed_cms=0,heading_cd=62814,pitch_cd=-374,roll_cd=-46,yaw_cd=-772,bat_mv=0,status=0x02","{""ver"":1,""type"":1,""seq"":11091,""ts"":11,""lat"":0,""lon"":0,""alt_mm"":470,""speed_cms"":0,""heading_cd"":62814,""pitch_cd"":-374,""roll_cd"":-46,""yaw_cd"":-772,""bat_mv"":0,""status"":2}"
2026-08-12T19:59:30.752+00:00,BIN,"BIN,ver=1,type=1,seq=11091,ts=11,lat=0,lon=0,alt_mm=470,speed_cms=0,heading_cd=62814,pitch_cd=-124,roll_cd=-305,yaw_cd=-857,bat_mv=0,status=0x02","{""ver"":1,""type"":1,""seq"":11091,""ts"":11,""lat"":0,""lon"":0,""alt_mm"":470,""speed_cms"":0,""heading_cd"":62814,""pitch_cd"":-124,""roll_cd"":-305,""yaw_cd"":-857,""bat_mv"":0,""status"":2}"
2026-08-12T19:59:30.836+00:00,BIN,"BIN,ver=1,type=1,seq=11211,ts=11,lat=0,lon=0,alt_mm=440,speed_cms=0,heading_cd=62814,pitch_cd=-124,roll_cd=-305,yaw_cd=-857,bat_mv=0,status=0x02","{""ver"":1,""type"":1,""seq"":11211,""ts"":11,""lat"":0,""lon"":0,""alt_mm"":440,""speed_cms"":0,""heading_cd"":62814,""pitch_cd"":-124,""roll_cd"":-305,""yaw_cd"":-857,""bat_mv"":0,""status"":2}"
2026-08-12T19:59:30.922+00:00,BIN,"BIN,ver=1,type=1,seq=11327,ts=11,lat=0,lon=0,alt_mm=380,speed_cms=0,heading_cd=62814,pitch_cd=291,roll_cd=43,yaw_cd=-895,bat_mv=0,status=0x02","{""ver"":1,""type"":1,""seq"":11327,""ts"":11,""lat"":0,""lon"":0,""alt_mm"":380,""speed_cms"":0,""heading_cd"":62814,""pitch_cd"":291,""roll_cd"":43,""yaw_cd"":-895,""bat_mv"":0,""status"":2}"
2026-08-12T19:59:31.007+00:00,BIN,"BIN,ver=1,type=1,seq=11451,ts=11,lat=0,lon=0,alt_mm=360,speed_cms=0,heading_cd=62814,pitch_cd=471,roll_cd=-191,yaw_cd=-706,bat_mv=0,status=0x02","{""ver"":1,""type"":1,""seq"":11451,""ts"":11,""lat"":0,""lon"":0,""alt_mm"":360,""speed_cms"":0,""heading_cd"":62814,""pitch_cd"":471,""roll_cd"":-191,""yaw_cd"":-706,""bat_mv"":0,""status"":2}"
2026-08-12T19:59:31.086+00:00,BIN,"BIN,ver=1,type=1,seq=11451,ts=11,lat=0,lon=0,alt_mm=360,speed_cms=0,heading_cd=62814,pitch_cd=694,roll_cd=-80,yaw_cd=-379,bat_mv=0,status=0x02","{""ver"":1,""type"":1,""seq"":11451,""ts"":11,""lat"":0,""lon"":0,""alt_mm"":360,""speed_cms"":0,""heading_cd"":62814,""pitch_cd"":694,""roll_cd"":-80,""yaw_cd"":-379,""bat_mv"":0,""status"":2}"
2026-08-12T19:59:31.173+00:00,BIN,"BIN,ver=1,type=1,seq=11451,ts=11,lat=0,lon=0,alt_mm=350,speed_cms=0,heading_cd=62814,pitch_cd=694,roll_cd=-80,yaw_cd=-379,bat_mv=0,status=0x02","{""ver"":1,""type"":1,""seq"":11451,""ts"":11,""lat"":0,""lon"":0,""alt_mm"":350,""speed_cms"":0,""heading_cd"":62814,""pitch_cd"":694,""roll_cd"":-80,""yaw_cd"":-379,""bat_mv"":0,""status"":2}"
2026-08-12T19:59:31.255+00:00,BIN,"BIN,ver=1,type=1,seq=11608,ts=11,lat=0,lon=0,alt_mm=350,speed_cms=0,heading_cd=62814,pitch_cd=980,roll_cd=-69,yaw_cd=-111,bat_mv=0,status=0x02","{""ver"":1,""type"":1,""seq"":11608,""ts"":11,""lat"":0,""lon"":0,""alt_mm"":350,""speed_cms"":0,""heading_cd"":62814,""pitch_cd"":980,""roll_cd"":-69,""yaw_cd"":-111,""bat_mv"":0,""status"":2}"
2026-08-12T19:59:31.341+00:00,BIN,"BIN,ver=1,type=1,seq=11608,ts=11,lat=0,lon=0,alt_mm=340,speed_cms=0,heading_cd=62814,pitch_cd=1009,roll_cd=-87,yaw_cd=-148,bat_mv=0,status=0x02","{""ver"":1,""type"":1,""seq"":11608,""ts"":11,""lat"":0,""lon"":0,""alt_mm"":340,""speed_cms"":0,""heading_cd"":62814,""pitch_cd"":1009,""roll_cd"":-87,""yaw_cd"":-148,""bat_mv"":0,""status"":2}"
2026-08-12T19:59:31.425+00:00,BIN,"BIN,ver=1,type=1,seq=11731,ts=11,lat=0,lon=0,alt_mm=340,speed_cms=0,heading_cd=62814,pitch_cd=1088,roll_cd=15,yaw_cd=-200,bat_mv=0,status=0x02","{""ver"":1,""type"":1,""seq"":11731,""ts"":11,""lat"":0,""lon"":0,""alt_mm"":340,""speed_cms"":0,""heading_cd"":62814,""pitch_cd"":1088,""roll_cd"":15,""yaw_cd"":-200,""bat_mv"":0,""status"":2}"
2026-08-12T19:59:31.508+00:00,BIN,"BIN,ver=1,type=1,seq=11886,ts=11,lat=0,lon=0,alt_mm=300,speed_cms=0,heading_cd=62814,pitch_cd=1189,roll_cd=-29,yaw_cd=31,bat_mv=0,status=0x02","{""ver"":1,""type"":1,""seq"":11886,""ts"":11,""lat"":0,""lon"":0,""alt_mm"":300,""speed_cms"":0,""heading_cd"":62814,""pitch_cd"":1189,""roll_cd"":-29,""yaw_cd"":31,""bat_mv"":0,""status"":2}"
2026-08-12T19:59:31.593+00:00,BIN,"BIN,ver=1,type=1,seq=11886,ts=12,lat=0,lon=0,alt_mm=300,speed_cms=0,heading_cd=62814,pitch_cd=1366,roll_cd=86,yaw_cd=-22,bat_mv=0,status=0x02","{""ver"":1,""type"":1,""seq"":11886,""ts"":12,""lat"":0,""lon"":0,""alt_mm"":300,""speed_cms"":0,""heading_cd"":62814,""pitch_cd"":1366,""roll_cd"":86,""yaw_cd"":-22,""bat_mv"":0,""status"":2}"
2026-08-12T19:59:31.678+00:00,BIN,"BIN,ver=1,type=1,seq=12011,ts=12,lat=0,lon=0,alt_mm=320,speed_cms=0,heading_cd=62814,pitch_cd=1366,roll_cd=86,yaw_cd=-22,bat_mv=0,status=0x02","{""ver"":1,""type"":1,""seq"":12011,""ts"":12,""lat"":0,""lon"":0,""alt_mm"":320,""speed_cms"":0,""heading_cd"":62814,""pitch_cd"":1366,""roll_cd"":86,""yaw_cd"":-22,""bat_mv"":0,""status"":2}"
2026-08-12T19:59:31.760+00:00,BIN,"BIN,ver=1,type=1,seq=12011,ts=12,lat=0,lon=0,alt_mm=520,speed_cms=0,heading_cd=62814,pitch_cd=1111,roll_cd=37,yaw_cd=-279,bat_mv=0,status=0x02","{""ver"":1,""type"":1,""seq"":12011,""ts"":12,""lat"":0,""lon"":0,""alt_mm"":520,""speed_cms"":0,""heading_cd"":62814,""pitch_cd"":1111,""roll_cd"":37,""yaw_cd"":-279,""bat_mv"":0,""status"":2}"
2026-08-12T19:59:31.848+00:00,BIN,"BIN,ver=1,type=1,seq=12178,ts=12,lat=0,lon=0,alt_mm=520,speed_cms=0,heading_cd=62814,pitch_cd=540,roll_cd=-22,yaw_cd=172,bat_mv=0,status=0x02","{""ver"":1,""type"":1,""seq"":12178,""ts"":12,""lat"":0,""lon"":0,""alt_mm"":520,""speed_cms"":0,""heading_cd"":62814,""pitch_cd"":540,""roll_cd"":-22,""yaw_cd"":172,""bat_mv"":0,""status"":2}"
2026-08-12T19:59:31.929+00:00,BIN,"BIN,ver=1,type=1,seq=12291,ts=12,lat=0,lon=0,alt_mm=760,speed_cms=0,heading_cd=62814,pitch_cd=964,roll_cd=150,yaw_cd=113,bat_mv=0,status=0x02","{""ver"":1,""type"":1,""seq"":12291,""ts"":12,""lat"":0,""lon"":0,""alt_mm"":760,""speed_cms"":0,""heading_cd"":62814,""pitch_cd"":964,""roll_cd"":150,""yaw_cd"":113,""bat_mv"":0,""status"":2}"
2026-08-12T19:59:32.011+00:00,BIN,"BIN,ver=1,type=1,seq=12447,ts=12,lat=0,lon=0,alt_mm=760,speed_cms=0,heading_cd=62814,pitch_cd=969,roll_cd=168,yaw_cd=56,bat_mv=0,status=0x02","{""ver"":1,""type"":1,""seq"":12447,""ts"":12,""lat"":0,""lon"":0,""alt_mm"":760,""speed_cms"":0,""heading_cd"":62814,""pitch_cd"":969,""roll_cd"":168,""yaw_cd"":56,""bat_mv"":0,""status"":2}"
2026-08-12T19:59:32.094+00:00,BIN,"BIN,ver=1,type=1,seq=12447,ts=12,lat=0,lon=0,alt_mm=780,speed_cms=0,heading_cd=62814,pitch_cd=975,roll_cd=193,yaw_cd=-10,bat_mv=0,status=0x02","{""ver"":1,""type"":1,""seq"":12447,""ts"":12,""lat"":0,""lon"":0,""alt_mm"":780,""speed_cms"":0,""heading_cd"":62814,""pitch_cd"":975,""roll_cd"":193,""yaw_cd"":-10,""bat_mv"":0,""status"":2}"
2026-08-12T19:59:32.180+00:00,BIN,"BIN,ver=1,type=1,seq=12572,ts=12,lat=0,lon=0,alt_mm=780,speed_cms=0,heading_cd=62814,pitch_cd=975,roll_cd=193,yaw_cd=-10,bat_mv=0,status=0x02","{""ver"":1,""type"":1,""seq"":12572,""ts"":12,""lat"":0,""lon"":0,""alt_mm"":780,""speed_cms"":0,""heading_cd"":62814,""pitch_cd"":975,""roll_cd"":193,""yaw_cd"":-10,""bat_mv"":0,""status"":2}"
2026-08-12T19:59:32.265+00:00,BIN,"BIN,ver=1,type=1,seq=12572,ts=12,lat=0,lon=0,alt_mm=780,speed_cms=0,heading_cd=62814,pitch_cd=963,roll_cd=185,yaw_cd=70,bat_mv=0,status=0x02","{""ver"":1,""type"":1,""seq"":12572,""ts"":12,""lat"":0,""lon"":0,""alt_mm"":780,""speed_cms"":0,""heading_cd"":62814,""pitch_cd"":963,""roll_cd"":185,""yaw_cd"":70,""bat_mv"":0,""status"":2}"
2026-08-12T19:59:32.348+00:00,BIN,"BIN,ver=1,type=1,seq=12729,ts=12,lat=0,lon=0,alt_mm=730,speed_cms=0,heading_cd=62814,pitch_cd=1074,roll_cd=69,yaw_cd=48,bat_mv=0,status=0x02","{""ver"":1,""type"":1,""seq"":12729,""ts"":12,""lat"":0,""lon"":0,""alt_mm"":730,""speed_cms"":0,""heading_cd"":62814,""pitch_cd"":1074,""roll_cd"":69,""yaw_cd"":48,""bat_mv"":0,""status"":2}"
2026-08-12T19:59:32.431+00:00,BIN,"BIN,ver=1,type=1,seq=12729,ts=12,lat=0,lon=0,alt_mm=730,speed_cms=0,heading_cd=62814,pitch_cd=1208,roll_cd=104,yaw_cd=16,bat_mv=0,status=0x02","{""ver"":1,""type"":1,""seq"":12729,""ts"":12,""lat"":0,""lon"":0,""alt_mm"":730,""speed_cms"":0,""heading_cd"":62814,""pitch_cd"":1208,""roll_cd"":104,""yaw_cd"":16,""bat_mv"":0,""status"":2}"
2026-08-12T19:59:32.516+00:00,BIN,"BIN,ver=1,type=1,seq=12851,ts=12,lat=0,lon=0,alt_mm=750,speed_cms=0,heading_cd=62814,pitch_cd=1208,roll_cd=104,yaw_cd=16,bat_mv=0,status=0x02","{""ver"":1,""type"":1,""seq"":12851,""ts"":12,""lat"":0,""lon"":0,""alt_mm"":750,""speed_cms"":0,""heading_cd"":62814,""pitch_cd"":1208,""roll_cd"":104,""yaw_cd"":16,""bat_mv"":0,""status"":2}"
2026-08-12T19:59:32.610+00:00,BIN,"BIN,ver=1,type=1,seq=12851,ts=12,lat=0,lon=0,alt_mm=750,speed_cms=0,heading_cd=62814,pitch_cd=942,roll_cd=141,yaw_cd=29,bat_mv=0,status=0x02","{""ver"":1,""type"":1,""seq"":12851,""ts"":12,""lat"":0,""lon"":0,""alt_mm"":750,""speed_cms"":0,""heading_cd"":62814,""pitch_cd"":942,""roll_cd"":141,""yaw_cd"":29,""bat_mv"":0,""status"":2}"
2026-08-12T19:59:32.681+00:00,BIN,"BIN,ver=1,type=1,seq=13006,ts=13,lat=0,lon=0,alt_mm=800,speed_cms=0,heading_cd=62814,pitch_cd=784,roll_cd=325,yaw_cd=-20,bat_mv=0,status=0x02","{""ver"":1,""type"":1,""seq"":13006,""ts"":13,""lat"":0,""lon"":0,""alt_mm"":800,""speed_cms"":0,""heading_cd"":62814,""pitch_cd"":784,""roll_cd"":325,""yaw_cd"":-20,""bat_mv"":0,""status"":2}"
2026-08-12T19:59:32.773+00:00,BIN,"BIN,ver=1,type=1,seq=13006,ts=13,lat=0,lon=0,alt_mm=770,speed_cms=0,heading_cd=62814,pitch_cd=875,roll_cd=268,yaw_cd=41,bat_mv=0,status=0x02","{""ver"":1,""type"":1,""seq"":13006,""ts"":13,""lat"":0,""lon"":0,""alt_mm"":770,""speed_cms"":0,""heading_cd"":62814,""pitch_cd"":875,""roll_cd"":268,""yaw_cd"":41,""bat_mv"":0,""status"":2}"
2026-08-12T19:59:32.848+00:00,BIN,"BIN,ver=1,type=1,seq=13131,ts=13,lat=0,lon=0,alt_mm=770,speed_cms=0,heading_cd=62814,pitch_cd=1006,roll_cd=224,yaw_cd=105,bat_mv=0,status=0x02","{""ver"":1,""type"":1,""seq"":13131,""ts"":13,""lat"":0,""lon"":0,""alt_mm"":770,""speed_cms"":0,""heading_cd"":62814,""pitch_cd"":1006,""roll_cd"":224,""yaw_cd"":105,""bat_mv"":0,""status"":2}"
2026-08-12T19:59:32.932+00:00,BIN,"BIN,ver=1,type=1,seq=13328,ts=13,lat=0,lon=0,alt_mm=830,speed_cms=0,heading_cd=62814,pitch_cd=938,roll_cd=158,yaw_cd=16,bat_mv=0,status=0x02","{""ver"":1,""type"":1,""seq"":13328,""ts"":13,""lat"":0,""lon"":0,""alt_mm"":830,""speed_cms"":0,""heading_cd"":62814,""pitch_cd"":938,""roll_cd"":158,""yaw_cd"":16,""bat_mv"":0,""status"":2}"
2026-08-12T19:59:33.016+00:00,BIN,"BIN,ver=1,type=1,seq=13451,ts=13,lat=0,lon=0,alt_mm=830,speed_cms=0,heading_cd=62814,pitch_cd=957,roll_cd=201,yaw_cd=28,bat_mv=0,status=0x02","{""ver"":1,""type"":1,""seq"":13451,""ts"":13,""lat"":0,""lon"":0,""alt_mm"":830,""speed_cms"":0,""heading_cd"":62814,""pitch_cd"":957,""roll_cd"":201,""yaw_cd"":28,""bat_mv"":0,""status"":2}"
2026-08-12T19:59:33.100+00:00,BIN,"BIN,ver=1,type=1,seq=13451,ts=13,lat=0,lon=0,alt_mm=810,speed_cms=0,heading_cd=62814,pitch_cd=994,roll_cd=195,yaw_cd=93,bat_mv=0,status=0x02","{""ver"":1,""type"":1,""seq"":13451,""ts"":13,""lat"":0,""lon"":0,""alt_mm"":810,""speed_cms"":0,""heading_cd"":62814,""pitch_cd"":994,""roll_cd"":195,""yaw_cd"":93,""bat_mv"":0,""status"":2}"
2026-08-12T19:59:33.185+00:00,BIN,"BIN,ver=1,type=1,seq=13568,ts=13,lat=0,lon=0,alt_mm=810,speed_cms=0,heading_cd=62814,pitch_cd=994,roll_cd=195,yaw_cd=93,bat_mv=0,status=0x02","{""ver"":1,""type"":1,""seq"":13568,""ts"":13,""lat"":0,""lon"":0,""alt_mm"":810,""speed_cms"":0,""heading_cd"":62814,""pitch_cd"":994,""roll_cd"":195,""yaw_cd"":93,""bat_mv"":0,""status"":2}"
2026-08-12T19:59:33.269+00:00,BIN,"BIN,ver=1,type=1,seq=13568,ts=13,lat=0,lon=0,alt_mm=810,speed_cms=0,heading_cd=62814,pitch_cd=1020,roll_cd=175,yaw_cd=76,bat_mv=0,status=0x02","{""ver"":1,""type"":1,""seq"":13568,""ts"":13,""lat"":0,""lon"":0,""alt_mm"":810,""speed_cms"":0,""heading_cd"":62814,""pitch_cd"":1020,""roll_cd"":175,""yaw_cd"":76,""bat_mv"":0,""status"":2}"
2026-08-12T19:59:33.353+00:00,BIN,"BIN,ver=1,type=1,seq=13691,ts=13,lat=0,lon=0,alt_mm=780,speed_cms=0,heading_cd=62814,pitch_cd=1020,roll_cd=175,yaw_cd=76,bat_mv=0,status=0x02","{""ver"":1,""type"":1,""seq"":13691,""ts"":13,""lat"":0,""lon"":0,""alt_mm"":780,""speed_cms"":0,""heading_cd"":62814,""pitch_cd"":1020,""roll_cd"":175,""yaw_cd"":76,""bat_mv"":0,""status"":2}"
2026-08-12T19:59:33.438+00:00,BIN,"BIN,ver=1,type=1,seq=13691,ts=13,lat=0,lon=0,alt_mm=710,speed_cms=0,heading_cd=62814,pitch_cd=1007,roll_cd=125,yaw_cd=70,bat_mv=0,status=0x02","{""ver"":1,""type"":1,""seq"":13691,""ts"":13,""lat"":0,""lon"":0,""alt_mm"":710,""speed_cms"":0,""heading_cd"":62814,""pitch_cd"":1007,""roll_cd"":125,""yaw_cd"":70,""bat_mv"":0,""status"":2}"
2026-08-12T19:59:33.522+00:00,BIN,"BIN,ver=1,type=1,seq=13847,ts=13,lat=0,lon=0,alt_mm=710,speed_cms=0,heading_cd=62814,pitch_cd=978,roll_cd=148,yaw_cd=44,bat_mv=0,status=0x02","{""ver"":1,""type"":1,""seq"":13847,""ts"":13,""lat"":0,""lon"":0,""alt_mm"":710,""speed_cms"":0,""heading_cd"":62814,""pitch_cd"":978,""roll_cd"":148,""yaw_cd"":44,""bat_mv"":0,""status"":2}"
2026-08-12T19:59:33.604+00:00,BIN,"BIN,ver=1,type=1,seq=13971,ts=14,lat=0,lon=0,alt_mm=680,speed_cms=0,heading_cd=62814,pitch_cd=975,roll_cd=112,yaw_cd=47,bat_mv=0,status=0x02","{""ver"":1,""type"":1,""seq"":13971,""ts"":14,""lat"":0,""lon"":0,""alt_mm"":680,""speed_cms"":0,""heading_cd"":62814,""pitch_cd"":975,""roll_cd"":112,""yaw_cd"":47,""bat_mv"":0,""status"":2}"
2026-08-12T19:59:33.689+00:00,BIN,"BIN,ver=1,type=1,seq=13971,ts=14,lat=0,lon=0,alt_mm=680,speed_cms=0,heading_cd=62814,pitch_cd=981,roll_cd=112,yaw_cd=30,bat_mv=0,status=0x02","{""ver"":1,""type"":1,""seq"":13971,""ts"":14,""lat"":0,""lon"":0,""alt_mm"":680,""speed_cms"":0,""heading_cd"":62814,""pitch_cd"":981,""roll_cd"":112,""yaw_cd"":30,""bat_mv"":0,""status"":2}"
2026-08-12T19:59:33.795+00:00,BIN,"BIN,ver=1,type=1,seq=14127,ts=14,lat=0,lon=0,alt_mm=760,speed_cms=0,heading_cd=62814,pitch_cd=990,roll_cd=113,yaw_cd=28,bat_mv=0,status=0x02","{""ver"":1,""type"":1,""seq"":14127,""ts"":14,""lat"":0,""lon"":0,""alt_mm"":760,""speed_cms"":0,""heading_cd"":62814,""pitch_cd"":990,""roll_cd"":113,""yaw_cd"":28,""bat_mv"":0,""status"":2}"
2026-08-12T19:59:33.856+00:00,BIN,"BIN,ver=1,type=1,seq=14127,ts=14,lat=0,lon=0,alt_mm=680,speed_cms=0,heading_cd=62814,pitch_cd=987,roll_cd=105,yaw_cd=56,bat_mv=0,status=0x02","{""ver"":1,""type"":1,""seq"":14127,""ts"":14,""lat"":0,""lon"":0,""alt_mm"":680,""speed_cms"":0,""heading_cd"":62814,""pitch_cd"":987,""roll_cd"":105,""yaw_cd"":56,""bat_mv"":0,""status"":2}"
2026-08-12T19:59:33.940+00:00,BIN,"BIN,ver=1,type=1,seq=14251,ts=14,lat=0,lon=0,alt_mm=660,speed_cms=0,heading_cd=62814,pitch_cd=958,roll_cd=125,yaw_cd=-4,bat_mv=0,status=0x02","{""ver"":1,""type"":1,""seq"":14251,""ts"":14,""lat"":0,""lon"":0,""alt_mm"":660,""speed_cms"":0,""heading_cd"":62814,""pitch_cd"":958,""roll_cd"":125,""yaw_cd"":-4,""bat_mv"":0,""status"":2}"
2026-08-12T19:59:34.023+00:00,BIN,"BIN,ver=1,type=1,seq=14531,ts=14,lat=0,lon=0,alt_mm=620,speed_cms=0,heading_cd=62814,pitch_cd=975,roll_cd=120,yaw_cd=15,bat_mv=0,status=0x02","{""ver"":1,""type"":1,""seq"":14531,""ts"":14,""lat"":0,""lon"":0,""alt_mm"":620,""speed_cms"":0,""heading_cd"":62814,""pitch_cd"":975,""roll_cd"":120,""yaw_cd"":15,""bat_mv"":0,""status"":2}"
2026-08-12T19:59:34.109+00:00,BIN,"BIN,ver=1,type=1,seq=14531,ts=14,lat=0,lon=0,alt_mm=620,speed_cms=0,heading_cd=62814,pitch_cd=975,roll_cd=120,yaw_cd=15,bat_mv=0,status=0x02","{""ver"":1,""type"":1,""seq"":14531,""ts"":14,""lat"":0,""lon"":0,""alt_mm"":620,""speed_cms"":0,""heading_cd"":62814,""pitch_cd"":975,""roll_cd"":120,""yaw_cd"":15,""bat_mv"":0,""status"":2}"
2026-08-12T19:59:34.192+00:00,BIN,"BIN,ver=1,type=1,seq=14531,ts=14,lat=0,lon=0,alt_mm=620,speed_cms=0,heading_cd=62814,pitch_cd=1014,roll_cd=132,yaw_cd=25,bat_mv=0,status=0x02","{""ver"":1,""type"":1,""seq"":14531,""ts"":14,""lat"":0,""lon"":0,""alt_mm"":620,""speed_cms"":0,""heading_cd"":62814,""pitch_cd"":1014,""roll_cd"":132,""yaw_cd"":25,""bat_mv"":0,""status"":2}"
2026-08-12T19:59:34.276+00:00,BIN,"BIN,ver=1,type=1,seq=14531,ts=14,lat=0,lon=0,alt_mm=630,speed_cms=0,heading_cd=62814,pitch_cd=1014,roll_cd=132,yaw_cd=25,bat_mv=0,status=0x02","{""ver"":1,""type"":1,""seq"":14531,""ts"":14,""lat"":0,""lon"":0,""alt_mm"":630,""speed_cms"":0,""heading_cd"":62814,""pitch_cd"":1014,""roll_cd"":132,""yaw_cd"":25,""bat_mv"":0,""status"":2}"
2026-08-12T19:59:34.360+00:00,BIN,"BIN,ver=1,type=1,seq=14699,ts=14,lat=0,lon=0,alt_mm=630,speed_cms=0,heading_cd=62814,pitch_cd=990,roll_cd=79,yaw_cd=115,bat_mv=0,status=0x02","{""ver"":1,""type"":1,""seq"":14699,""ts"":14,""lat"":0,""lon"":0,""alt_mm"":630,""speed_cms"":0,""heading_cd"":62814,""pitch_cd"":990,""roll_cd"":79,""yaw_cd"":115,""bat_mv"":0,""status"":2}"
2026-08-12T19:59:34.444+00:00,BIN,"BIN,ver=1,type=1,seq=14811,ts=14,lat=0,lon=0,alt_mm=570,speed_cms=0,heading_cd=62814,pitch_cd=894,roll_cd=79,yaw_cd=152,bat_mv=0,status=0x02","{""ver"":1,""type"":1,""seq"":14811,""ts"":14,""lat"":0,""lon"":0,""alt_mm"":570,""speed_cms"":0,""heading_cd"":62814,""pitch_cd"":894,""roll_cd"":79,""yaw_cd"":152,""bat_mv"":0,""status"":2}"
2026-08-12T19:59:34.530+00:00,BIN,"BIN,ver=1,type=1,seq=14811,ts=14,lat=0,lon=0,alt_mm=570,speed_cms=0,heading_cd=62814,pitch_cd=755,roll_cd=137,yaw_cd=74,bat_mv=0,status=0x02","{""ver"":1,""type"":1,""seq"":14811,""ts"":14,""lat"":0,""lon"":0,""alt_mm"":570,""speed_cms"":0,""heading_cd"":62814,""pitch_cd"":755,""roll_cd"":137,""yaw_cd"":74,""bat_mv"":0,""status"":2}"
2026-08-12T19:59:34.695+00:00,BIN,"BIN,ver=1,type=1,seq=14966,ts=15,lat=0,lon=0,alt_mm=510,speed_cms=0,heading_cd=62814,pitch_cd=860,roll_cd=76,yaw_cd=125,bat_mv=0,status=0x02","{""ver"":1,""type"":1,""seq"":14966,""ts"":15,""lat"":0,""lon"":0,""alt_mm"":510,""speed_cms"":0,""heading_cd"":62814,""pitch_cd"":860,""roll_cd"":76,""yaw_cd"":125,""bat_mv"":0,""status"":2}"
2026-08-12T19:59:34.699+00:00,BIN,"BIN,ver=1,type=1,seq=14966,ts=15,lat=0,lon=0,alt_mm=510,speed_cms=0,heading_cd=62814,pitch_cd=1040,roll_cd=149,yaw_cd=88,bat_mv=0,status=0x02","{""ver"":1,""type"":1,""seq"":14966,""ts"":15,""lat"":0,""lon"":0,""alt_mm"":510,""speed_cms"":0,""heading_cd"":62814,""pitch_cd"":1040,""roll_cd"":149,""yaw_cd"":88,""bat_mv"":0,""status"":2}"
2026-08-12T19:59:34.780+00:00,BIN,"BIN,ver=1,type=1,seq=15091,ts=15,lat=0,lon=0,alt_mm=490,speed_cms=0,heading_cd=62814,pitch_cd=1153,roll_cd=253,yaw_cd=102,bat_mv=0,status=0x02","{""ver"":1,""type"":1,""seq"":15091,""ts"":15,""lat"":0,""lon"":0,""alt_mm"":490,""speed_cms"":0,""heading_cd"":62814,""pitch_cd"":1153,""roll_cd"":253,""yaw_cd"":102,""bat_mv"":0,""status"":2}"
2026-08-12T19:59:34.864+00:00,BIN,"BIN,ver=1,type=1,seq=15277,ts=15,lat=0,lon=0,alt_mm=400,speed_cms=0,heading_cd=62814,pitch_cd=1102,roll_cd=239,yaw_cd=134,bat_mv=0,status=0x02","{""ver"":1,""type"":1,""seq"":15277,""ts"":15,""lat"":0,""lon"":0,""alt_mm"":400,""speed_cms"":0,""heading_cd"":62814,""pitch_cd"":1102,""roll_cd"":239,""yaw_cd"":134,""bat_mv"":0,""status"":2}"
2026-08-12T19:59:34.949+00:00,BIN,"BIN,ver=1,type=1,seq=15391,ts=15,lat=0,lon=0,alt_mm=420,speed_cms=0,heading_cd=62814,pitch_cd=982,roll_cd=159,yaw_cd=78,bat_mv=0,status=0x02","{""ver"":1,""type"":1,""seq"":15391,""ts"":15,""lat"":0,""lon"":0,""alt_mm"":420,""speed_cms"":0,""heading_cd"":62814,""pitch_cd"":982,""roll_cd"":159,""yaw_cd"":78,""bat_mv"":0,""status"":2}"
2026-08-12T19:59:35.032+00:00,BIN,"BIN,ver=1,type=1,seq=15507,ts=15,lat=0,lon=0,alt_mm=440,speed_cms=0,heading_cd=62814,pitch_cd=924,roll_cd=216,yaw_cd=68,bat_mv=0,status=0x02","{""ver"":1,""type"":1,""seq"":15507,""ts"":15,""lat"":0,""lon"":0,""alt_mm"":440,""speed_cms"":0,""heading_cd"":62814,""pitch_cd"":924,""roll_cd"":216,""yaw_cd"":68,""bat_mv"":0,""status"":2}"
2026-08-12T19:59:35.114+00:00,BIN,"BIN,ver=1,type=1,seq=15507,ts=15,lat=0,lon=0,alt_mm=130,speed_cms=0,heading_cd=62814,pitch_cd=951,roll_cd=213,yaw_cd=20,bat_mv=0,status=0x02","{""ver"":1,""type"":1,""seq"":15507,""ts"":15,""lat"":0,""lon"":0,""alt_mm"":130,""speed_cms"":0,""heading_cd"":62814,""pitch_cd"":951,""roll_cd"":213,""yaw_cd"":20,""bat_mv"":0,""status"":2}"
2026-08-12T19:59:35.198+00:00,BIN,"BIN,ver=1,type=1,seq=15632,ts=15,lat=0,lon=0,alt_mm=130,speed_cms=0,heading_cd=62814,pitch_cd=951,roll_cd=213,yaw_cd=20,bat_mv=0,status=0x02","{""ver"":1,""type"":1,""seq"":15632,""ts"":15,""lat"":0,""lon"":0,""alt_mm"":130,""speed_cms"":0,""heading_cd"":62814,""pitch_cd"":951,""roll_cd"":213,""yaw_cd"":20,""bat_mv"":0,""status"":2}"
2026-08-12T19:59:35.292+00:00,BIN,"BIN,ver=1,type=1,seq=15632,ts=15,lat=0,lon=0,alt_mm=130,speed_cms=0,heading_cd=62814,pitch_cd=1042,roll_cd=191,yaw_cd=77,bat_mv=0,status=0x02","{""ver"":1,""type"":1,""seq"":15632,""ts"":15,""lat"":0,""lon"":0,""alt_mm"":130,""speed_cms"":0,""heading_cd"":62814,""pitch_cd"":1042,""roll_cd"":191,""yaw_cd"":77,""bat_mv"":0,""status"":2}"
2026-08-12T19:59:35.366+00:00,BIN,"BIN,ver=1,type=1,seq=15632,ts=15,lat=0,lon=0,alt_mm=130,speed_cms=0,heading_cd=62814,pitch_cd=1042,roll_cd=191,yaw_cd=77,bat_mv=0,status=0x02","{""ver"":1,""type"":1,""seq"":15632,""ts"":15,""lat"":0,""lon"":0,""alt_mm"":130,""speed_cms"":0,""heading_cd"":62814,""pitch_cd"":1042,""roll_cd"":191,""yaw_cd"":77,""bat_mv"":0,""status"":2}"
2026-08-12T19:59:35.453+00:00,BIN,"BIN,ver=1,type=1,seq=15787,ts=15,lat=0,lon=0,alt_mm=-100,speed_cms=0,heading_cd=62814,pitch_cd=1053,roll_cd=89,yaw_cd=238,bat_mv=0,status=0x02","{""ver"":1,""type"":1,""seq"":15787,""ts"":15,""lat"":0,""lon"":0,""alt_mm"":-100,""speed_cms"":0,""heading_cd"":62814,""pitch_cd"":1053,""roll_cd"":89,""yaw_cd"":238,""bat_mv"":0,""status"":2}"
2026-08-12T19:59:35.537+00:00,BIN,"BIN,ver=1,type=1,seq=15787,ts=15,lat=0,lon=0,alt_mm=-120,speed_cms=0,heading_cd=62814,pitch_cd=1019,roll_cd=110,yaw_cd=209,bat_mv=0,status=0x02","{""ver"":1,""type"":1,""seq"":15787,""ts"":15,""lat"":0,""lon"":0,""alt_mm"":-120,""speed_cms"":0,""heading_cd"":62814,""pitch_cd"":1019,""roll_cd"":110,""yaw_cd"":209,""bat_mv"":0,""status"":2}"
2026-08-12T19:59:35.620+00:00,BIN,"BIN,ver=1,type=1,seq=15911,ts=16,lat=0,lon=0,alt_mm=-120,speed_cms=0,heading_cd=62814,pitch_cd=940,roll_cd=176,yaw_cd=114,bat_mv=0,status=0x02","{""ver"":1,""type"":1,""seq"":15911,""ts"":16,""lat"":0,""lon"":0,""alt_mm"":-120,""speed_cms"":0,""heading_cd"":62814,""pitch_cd"":940,""roll_cd"":176,""yaw_cd"":114,""bat_mv"":0,""status"":2}"
2026-08-12T19:59:35.705+00:00,BIN,"BIN,ver=1,type=1,seq=16081,ts=16,lat=0,lon=0,alt_mm=180,speed_cms=0,heading_cd=62814,pitch_cd=942,roll_cd=153,yaw_cd=232,bat_mv=0,status=0x02","{""ver"":1,""type"":1,""seq"":16081,""ts"":16,""lat"":0,""lon"":0,""alt_mm"":180,""speed_cms"":0,""heading_cd"":62814,""pitch_cd"":942,""roll_cd"":153,""yaw_cd"":232,""bat_mv"":0,""status"":2}"
2026-08-12T19:59:35.788+00:00,BIN,"BIN,ver=1,type=1,seq=16081,ts=16,lat=0,lon=0,alt_mm=610,speed_cms=0,heading_cd=62814,pitch_cd=1039,roll_cd=114,yaw_cd=229,bat_mv=0,status=0x02","{""ver"":1,""type"":1,""seq"":16081,""ts"":16,""lat"":0,""lon"":0,""alt_mm"":610,""speed_cms"":0,""heading_cd"":62814,""pitch_cd"":1039,""roll_cd"":114,""yaw_cd"":229,""bat_mv"":0,""status"":2}"
2026-08-12T19:59:35.873+00:00,BIN,"BIN,ver=1,type=1,seq=16191,ts=16,lat=0,lon=0,alt_mm=610,speed_cms=0,heading_cd=62814,pitch_cd=1024,roll_cd=75,yaw_cd=244,bat_mv=0,status=0x02","{""ver"":1,""type"":1,""seq"":16191,""ts"":16,""lat"":0,""lon"":0,""alt_mm"":610,""speed_cms"":0,""heading_cd"":62814,""pitch_cd"":1024,""roll_cd"":75,""yaw_cd"":244,""bat_mv"":0,""status"":2}"
2026-08-12T19:59:35.954+00:00,BIN,"BIN,ver=1,type=1,seq=16346,ts=16,lat=0,lon=0,alt_mm=700,speed_cms=0,heading_cd=62814,pitch_cd=969,roll_cd=114,yaw_cd=100,bat_mv=0,status=0x02","{""ver"":1,""type"":1,""seq"":16346,""ts"":16,""lat"":0,""lon"":0,""alt_mm"":700,""speed_cms"":0,""heading_cd"":62814,""pitch_cd"":969,""roll_cd"":114,""yaw_cd"":100,""bat_mv"":0,""status"":2}"
2026-08-12T19:59:36.039+00:00,BIN,"BIN,ver=1,type=1,seq=16471,ts=16,lat=0,lon=0,alt_mm=700,speed_cms=0,heading_cd=62814,pitch_cd=957,roll_cd=152,yaw_cd=93,bat_mv=0,status=0x02","{""ver"":1,""type"":1,""seq"":16471,""ts"":16,""lat"":0,""lon"":0,""alt_mm"":700,""speed_cms"":0,""heading_cd"":62814,""pitch_cd"":957,""roll_cd"":152,""yaw_cd"":93,""bat_mv"":0,""status"":2}"
2026-08-12T19:59:36.127+00:00,BIN,"BIN,ver=1,type=1,seq=16471,ts=16,lat=0,lon=0,alt_mm=490,speed_cms=0,heading_cd=62814,pitch_cd=1017,roll_cd=214,yaw_cd=116,bat_mv=0,status=0x02","{""ver"":1,""type"":1,""seq"":16471,""ts"":16,""lat"":0,""lon"":0,""alt_mm"":490,""speed_cms"":0,""heading_cd"":62814,""pitch_cd"":1017,""roll_cd"":214,""yaw_cd"":116,""bat_mv"":0,""status"":2}"
2026-08-12T19:59:36.207+00:00,BIN,"BIN,ver=1,type=1,seq=16628,ts=16,lat=0,lon=0,alt_mm=490,speed_cms=0,heading_cd=62814,pitch_cd=1017,roll_cd=214,yaw_cd=116,bat_mv=0,status=0x02","{""ver"":1,""type"":1,""seq"":16628,""ts"":16,""lat"":0,""lon"":0,""alt_mm"":490,""speed_cms"":0,""heading_cd"":62814,""pitch_cd"":1017,""roll_cd"":214,""yaw_cd"":116,""bat_mv"":0,""status"":2}"
2026-08-12T19:59:36.289+00:00,BIN,"BIN,ver=1,type=1,seq=16751,ts=16,lat=0,lon=0,alt_mm=500,speed_cms=0,heading_cd=62814,pitch_cd=1023,roll_cd=116,yaw_cd=125,bat_mv=0,status=0x02","{""ver"":1,""type"":1,""seq"":16751,""ts"":16,""lat"":0,""lon"":0,""alt_mm"":500,""speed_cms"":0,""heading_cd"":62814,""pitch_cd"":1023,""roll_cd"":116,""yaw_cd"":125,""bat_mv"":0,""status"":2}"
2026-08-12T19:59:36.374+00:00,BIN,"BIN,ver=1,type=1,seq=16751,ts=16,lat=0,lon=0,alt_mm=500,speed_cms=0,heading_cd=62814,pitch_cd=1023,roll_cd=116,yaw_cd=125,bat_mv=0,status=0x02","{""ver"":1,""type"":1,""seq"":16751,""ts"":16,""lat"":0,""lon"":0,""alt_mm"":500,""speed_cms"":0,""heading_cd"":62814,""pitch_cd"":1023,""roll_cd"":116,""yaw_cd"":125,""bat_mv"":0,""status"":2}"
2026-08-12T19:59:36.459+00:00,BIN,"BIN,ver=1,type=1,seq=16751,ts=16,lat=0,lon=0,alt_mm=500,speed_cms=0,heading_cd=62814,pitch_cd=984,roll_cd=111,yaw_cd=44,bat_mv=0,status=0x02","{""ver"":1,""type"":1,""seq"":16751,""ts"":16,""lat"":0,""lon"":0,""alt_mm"":500,""speed_cms"":0,""heading_cd"":62814,""pitch_cd"":984,""roll_cd"":111,""yaw_cd"":44,""bat_mv"":0,""status"":2}"
2026-08-12T19:59:36.542+00:00,BIN,"BIN,ver=1,type=1,seq=16908,ts=16,lat=0,lon=0,alt_mm=620,speed_cms=0,heading_cd=62814,pitch_cd=934,roll_cd=151,yaw_cd=3,bat_mv=0,status=0x02","{""ver"":1,""type"":1,""seq"":16908,""ts"":16,""lat"":0,""lon"":0,""alt_mm"":620,""speed_cms"":0,""heading_cd"":62814,""pitch_cd"":934,""roll_cd"":151,""yaw_cd"":3,""bat_mv"":0,""status"":2}"
2026-08-12T19:59:36.626+00:00,BIN,"BIN,ver=1,type=1,seq=16908,ts=17,lat=0,lon=0,alt_mm=580,speed_cms=0,heading_cd=62814,pitch_cd=948,roll_cd=169,yaw_cd=-17,bat_mv=0,status=0x02","{""ver"":1,""type"":1,""seq"":16908,""ts"":17,""lat"":0,""lon"":0,""alt_mm"":580,""speed_cms"":0,""heading_cd"":62814,""pitch_cd"":948,""roll_cd"":169,""yaw_cd"":-17,""bat_mv"":0,""status"":2}"
2026-08-12T19:59:36.711+00:00,BIN,"BIN,ver=1,type=1,seq=17031,ts=17,lat=0,lon=0,alt_mm=580,speed_cms=0,heading_cd=62814,pitch_cd=930,roll_cd=133,yaw_cd=92,bat_mv=0,status=0x02","{""ver"":1,""type"":1,""seq"":17031,""ts"":17,""lat"":0,""lon"":0,""alt_mm"":580,""speed_cms"":0,""heading_cd"":62814,""pitch_cd"":930,""roll_cd"":133,""yaw_cd"":92,""bat_mv"":0,""status"":2}"
2026-08-12T19:59:36.795+00:00,BIN,"BIN,ver=1,type=1,seq=17031,ts=17,lat=0,lon=0,alt_mm=520,speed_cms=0,heading_cd=62814,pitch_cd=930,roll_cd=133,yaw_cd=92,bat_mv=0,status=0x02","{""ver"":1,""type"":1,""seq"":17031,""ts"":17,""lat"":0,""lon"":0,""alt_mm"":520,""speed_cms"":0,""heading_cd"":62814,""pitch_cd"":930,""roll_cd"":133,""yaw_cd"":92,""bat_mv"":0,""status"":2}"
2026-08-12T19:59:36.877+00:00,BIN,"BIN,ver=1,type=1,seq=17198,ts=17,lat=0,lon=0,alt_mm=520,speed_cms=0,heading_cd=62814,pitch_cd=1010,roll_cd=138,yaw_cd=11,bat_mv=0,status=0x02","{""ver"":1,""type"":1,""seq"":17198,""ts"":17,""lat"":0,""lon"":0,""alt_mm"":520,""speed_cms"":0,""heading_cd"":62814,""pitch_cd"":1010,""roll_cd"":138,""yaw_cd"":11,""bat_mv"":0,""status"":2}"
2026-08-12T19:59:36.959+00:00,BIN,"BIN,ver=1,type=1,seq=17311,ts=17,lat=0,lon=0,alt_mm=490,speed_cms=0,heading_cd=62814,pitch_cd=1040,roll_cd=174,yaw_cd=-8,bat_mv=0,status=0x02","{""ver"":1,""type"":1,""seq"":17311,""ts"":17,""lat"":0,""lon"":0,""alt_mm"":490,""speed_cms"":0,""heading_cd"":62814,""pitch_cd"":1040,""roll_cd"":174,""yaw_cd"":-8,""bat_mv"":0,""status"":2}"
2026-08-12T19:59:37.045+00:00,BIN,"BIN,ver=1,type=1,seq=17497,ts=17,lat=0,lon=0,alt_mm=520,speed_cms=0,heading_cd=62814,pitch_cd=969,roll_cd=153,yaw_cd=17,bat_mv=0,status=0x02","{""ver"":1,""type"":1,""seq"":17497,""ts"":17,""lat"":0,""lon"":0,""alt_mm"":520,""speed_cms"":0,""heading_cd"":62814,""pitch_cd"":969,""roll_cd"":153,""yaw_cd"":17,""bat_mv"":0,""status"":2}"
2026-08-12T19:59:37.130+00:00,BIN,"BIN,ver=1,type=1,seq=17497,ts=17,lat=0,lon=0,alt_mm=420,speed_cms=0,heading_cd=62814,pitch_cd=1003,roll_cd=91,yaw_cd=32,bat_mv=0,status=0x02","{""ver"":1,""type"":1,""seq"":17497,""ts"":17,""lat"":0,""lon"":0,""alt_mm"":420,""speed_cms"":0,""heading_cd"":62814,""pitch_cd"":1003,""roll_cd"":91,""yaw_cd"":32,""bat_mv"":0,""status"":2}"
2026-08-12T19:59:37.214+00:00,BIN,"BIN,ver=1,type=1,seq=17611,ts=17,lat=0,lon=0,alt_mm=390,speed_cms=0,heading_cd=62814,pitch_cd=945,roll_cd=49,yaw_cd=-37,bat_mv=0,status=0x02","{""ver"":1,""type"":1,""seq"":17611,""ts"":17,""lat"":0,""lon"":0,""alt_mm"":390,""speed_cms"":0,""heading_cd"":62814,""pitch_cd"":945,""roll_cd"":49,""yaw_cd"":-37,""bat_mv"":0,""status"":2}"
2026-08-12T19:59:37.299+00:00,BIN,"BIN,ver=1,type=1,seq=17727,ts=17,lat=0,lon=0,alt_mm=390,speed_cms=0,heading_cd=62814,pitch_cd=945,roll_cd=49,yaw_cd=-37,bat_mv=0,status=0x02","{""ver"":1,""type"":1,""seq"":17727,""ts"":17,""lat"":0,""lon"":0,""alt_mm"":390,""speed_cms"":0,""heading_cd"":62814,""pitch_cd"":945,""roll_cd"":49,""yaw_cd"":-37,""bat_mv"":0,""status"":2}"
2026-08-12T19:59:37.382+00:00,BIN,"BIN,ver=1,type=1,seq=17727,ts=17,lat=0,lon=0,alt_mm=390,speed_cms=0,heading_cd=62814,pitch_cd=973,roll_cd=131,yaw_cd=-111,bat_mv=0,status=0x02","{""ver"":1,""type"":1,""seq"":17727,""ts"":17,""lat"":0,""lon"":0,""alt_mm"":390,""speed_cms"":0,""heading_cd"":62814,""pitch_cd"":973,""roll_cd"":131,""yaw_cd"":-111,""bat_mv"":0,""status"":2}"
2026-08-12T19:59:37.468+00:00,BIN,"BIN,ver=1,type=1,seq=17852,ts=17,lat=0,lon=0,alt_mm=470,speed_cms=0,heading_cd=62814,pitch_cd=973,roll_cd=131,yaw_cd=-111,bat_mv=0,status=0x02","{""ver"":1,""type"":1,""seq"":17852,""ts"":17,""lat"":0,""lon"":0,""alt_mm"":470,""speed_cms"":0,""heading_cd"":62814,""pitch_cd"":973,""roll_cd"":131,""yaw_cd"":-111,""bat_mv"":0,""status"":2}"
2026-08-12T19:59:37.550+00:00,BIN,"BIN,ver=1,type=1,seq=17852,ts=17,lat=0,lon=0,alt_mm=470,speed_cms=0,heading_cd=62814,pitch_cd=974,roll_cd=168,yaw_cd=-69,bat_mv=0,status=0x02","{""ver"":1,""type"":1,""seq"":17852,""ts"":17,""lat"":0,""lon"":0,""alt_mm"":470,""speed_cms"":0,""heading_cd"":62814,""pitch_cd"":974,""roll_cd"":168,""yaw_cd"":-69,""bat_mv"":0,""status"":2}"
2026-08-12T19:59:37.634+00:00,BIN,"BIN,ver=1,type=1,seq=18009,ts=18,lat=0,lon=0,alt_mm=720,speed_cms=0,heading_cd=62814,pitch_cd=1031,roll_cd=105,yaw_cd=62,bat_mv=0,status=0x02","{""ver"":1,""type"":1,""seq"":18009,""ts"":18,""lat"":0,""lon"":0,""alt_mm"":720,""speed_cms"":0,""heading_cd"":62814,""pitch_cd"":1031,""roll_cd"":105,""yaw_cd"":62,""bat_mv"":0,""status"":2}"
2026-08-12T19:59:37.719+00:00,BIN,"BIN,ver=1,type=1,seq=18009,ts=18,lat=0,lon=0,alt_mm=740,speed_cms=0,heading_cd=62814,pitch_cd=966,roll_cd=123,yaw_cd=88,bat_mv=0,status=0x02","{""ver"":1,""type"":1,""seq"":18009,""ts"":18,""lat"":0,""lon"":0,""alt_mm"":740,""speed_cms"":0,""heading_cd"":62814,""pitch_cd"":966,""roll_cd"":123,""yaw_cd"":88,""bat_mv"":0,""status"":2}"
2026-08-12T19:59:37.803+00:00,BIN,"BIN,ver=1,type=1,seq=18131,ts=18,lat=0,lon=0,alt_mm=740,speed_cms=0,heading_cd=62814,pitch_cd=938,roll_cd=154,yaw_cd=3,bat_mv=0,status=0x02","{""ver"":1,""type"":1,""seq"":18131,""ts"":18,""lat"":0,""lon"":0,""alt_mm"":740,""speed_cms"":0,""heading_cd"":62814,""pitch_cd"":938,""roll_cd"":154,""yaw_cd"":3,""bat_mv"":0,""status"":2}"
2026-08-12T19:59:37.886+00:00,BIN,"BIN,ver=1,type=1,seq=18298,ts=18,lat=0,lon=0,alt_mm=860,speed_cms=0,heading_cd=62814,pitch_cd=964,roll_cd=79,yaw_cd=-64,bat_mv=0,status=0x02","{""ver"":1,""type"":1,""seq"":18298,""ts"":18,""lat"":0,""lon"":0,""alt_mm"":860,""speed_cms"":0,""heading_cd"":62814,""pitch_cd"":964,""roll_cd"":79,""yaw_cd"":-64,""bat_mv"":0,""status"":2}"
2026-08-12T19:59:38.019+00:00,BIN,"BIN,ver=1,type=1,seq=18298,ts=18,lat=0,lon=0,alt_mm=860,speed_cms=0,heading_cd=62814,pitch_cd=978,roll_cd=113,yaw_cd=-1,bat_mv=0,status=0x02","{""ver"":1,""type"":1,""seq"":18298,""ts"":18,""lat"":0,""lon"":0,""alt_mm"":860,""speed_cms"":0,""heading_cd"":62814,""pitch_cd"":978,""roll_cd"":113,""yaw_cd"":-1,""bat_mv"":0,""status"":2}"
2026-08-12T19:59:38.053+00:00,BIN,"BIN,ver=1,type=1,seq=18411,ts=18,lat=0,lon=0,alt_mm=860,speed_cms=0,heading_cd=62814,pitch_cd=978,roll_cd=113,yaw_cd=-1,bat_mv=0,status=0x02","{""ver"":1,""type"":1,""seq"":18411,""ts"":18,""lat"":0,""lon"":0,""alt_mm"":860,""speed_cms"":0,""heading_cd"":62814,""pitch_cd"":978,""roll_cd"":113,""yaw_cd"":-1,""bat_mv"":0,""status"":2}"
2026-08-12T19:59:38.137+00:00,BIN,"BIN,ver=1,type=1,seq=18411,ts=18,lat=0,lon=0,alt_mm=860,speed_cms=0,heading_cd=62814,pitch_cd=1179,roll_cd=228,yaw_cd=0,bat_mv=0,status=0x02","{""ver"":1,""type"":1,""seq"":18411,""ts"":18,""lat"":0,""lon"":0,""alt_mm"":860,""speed_cms"":0,""heading_cd"":62814,""pitch_cd"":1179,""roll_cd"":228,""yaw_cd"":0,""bat_mv"":0,""status"":2}"
2026-08-12T19:59:38.222+00:00,BIN,"BIN,ver=1,type=1,seq=18691,ts=18,lat=0,lon=0,alt_mm=690,speed_cms=0,heading_cd=62814,pitch_cd=1037,roll_cd=46,yaw_cd=19,bat_mv=0,status=0x02","{""ver"":1,""type"":1,""seq"":18691,""ts"":18,""lat"":0,""lon"":0,""alt_mm"":690,""speed_cms"":0,""heading_cd"":62814,""pitch_cd"":1037,""roll_cd"":46,""yaw_cd"":19,""bat_mv"":0,""status"":2}"
2026-08-12T19:59:38.307+00:00,BIN,"BIN,ver=1,type=1,seq=18691,ts=18,lat=0,lon=0,alt_mm=690,speed_cms=0,heading_cd=62814,pitch_cd=983,roll_cd=-90,yaw_cd=73,bat_mv=0,status=0x02","{""ver"":1,""type"":1,""seq"":18691,""ts"":18,""lat"":0,""lon"":0,""alt_mm"":690,""speed_cms"":0,""heading_cd"":62814,""pitch_cd"":983,""roll_cd"":-90,""yaw_cd"":73,""bat_mv"":0,""status"":2}"
2026-08-12T19:59:38.390+00:00,BIN,"BIN,ver=1,type=1,seq=18691,ts=18,lat=0,lon=0,alt_mm=710,speed_cms=0,heading_cd=62814,pitch_cd=983,roll_cd=-90,yaw_cd=73,bat_mv=0,status=0x02","{""ver"":1,""type"":1,""seq"":18691,""ts"":18,""lat"":0,""lon"":0,""alt_mm"":710,""speed_cms"":0,""heading_cd"":62814,""pitch_cd"":983,""roll_cd"":-90,""yaw_cd"":73,""bat_mv"":0,""status"":2}"
2026-08-12T19:59:38.473+00:00,BIN,"BIN,ver=1,type=1,seq=18848,ts=18,lat=0,lon=0,alt_mm=710,speed_cms=0,heading_cd=62814,pitch_cd=890,roll_cd=-70,yaw_cd=93,bat_mv=0,status=0x02","{""ver"":1,""type"":1,""seq"":18848,""ts"":18,""lat"":0,""lon"":0,""alt_mm"":710,""speed_cms"":0,""heading_cd"":62814,""pitch_cd"":890,""roll_cd"":-70,""yaw_cd"":93,""bat_mv"":0,""status"":2}"
2026-08-12T19:59:38.809+00:00,BIN,"BIN,ver=1,type=1,seq=19127,ts=19,lat=0,lon=0,alt_mm=470,speed_cms=0,heading_cd=62814,pitch_cd=1074,roll_cd=-56,yaw_cd=-32,bat_mv=0,status=0x02","{""ver"":1,""type"":1,""seq"":19127,""ts"":19,""lat"":0,""lon"":0,""alt_mm"":470,""speed_cms"":0,""heading_cd"":62814,""pitch_cd"":1074,""roll_cd"":-56,""yaw_cd"":-32,""bat_mv"":0,""status"":2}"
2026-08-12T19:59:38.893+00:00,BIN,"BIN,ver=1,type=1,seq=19127,ts=19,lat=0,lon=0,alt_mm=200,speed_cms=0,heading_cd=62814,pitch_cd=1007,roll_cd=182,yaw_cd=-254,bat_mv=0,status=0x02","{""ver"":1,""type"":1,""seq"":19127,""ts"":19,""lat"":0,""lon"":0,""alt_mm"":200,""speed_cms"":0,""heading_cd"":62814,""pitch_cd"":1007,""roll_cd"":182,""yaw_cd"":-254,""bat_mv"":0,""status"":2}"
2026-08-12T19:59:38.977+00:00,BIN,"BIN,ver=1,type=1,seq=19251,ts=19,lat=0,lon=0,alt_mm=200,speed_cms=0,heading_cd=62814,pitch_cd=1275,roll_cd=282,yaw_cd=-192,bat_mv=0,status=0x02","{""ver"":1,""type"":1,""seq"":19251,""ts"":19,""lat"":0,""lon"":0,""alt_mm"":200,""speed_cms"":0,""heading_cd"":62814,""pitch_cd"":1275,""roll_cd"":282,""yaw_cd"":-192,""bat_mv"":0,""status"":2}"
2026-08-12T19:59:39.075+00:00,BIN,"BIN,ver=1,type=1,seq=19449,ts=19,lat=0,lon=0,alt_mm=240,speed_cms=0,heading_cd=62814,pitch_cd=885,roll_cd=142,yaw_cd=-64,bat_mv=0,status=0x02","{""ver"":1,""type"":1,""seq"":19449,""ts"":19,""lat"":0,""lon"":0,""alt_mm"":240,""speed_cms"":0,""heading_cd"":62814,""pitch_cd"":885,""roll_cd"":142,""yaw_cd"":-64,""bat_mv"":0,""status"":2}"
2026-08-12T19:59:39.153+00:00,BIN,"BIN,ver=1,type=1,seq=19571,ts=19,lat=0,lon=0,alt_mm=260,speed_cms=0,heading_cd=62814,pitch_cd=1009,roll_cd=80,yaw_cd=-9,bat_mv=0,status=0x02","{""ver"":1,""type"":1,""seq"":19571,""ts"":19,""lat"":0,""lon"":0,""alt_mm"":260,""speed_cms"":0,""heading_cd"":62814,""pitch_cd"":1009,""roll_cd"":80,""yaw_cd"":-9,""bat_mv"":0,""status"":2}"
2026-08-12T19:59:39.230+00:00,BIN,"BIN,ver=1,type=1,seq=19689,ts=19,lat=0,lon=0,alt_mm=240,speed_cms=0,heading_cd=62814,pitch_cd=850,roll_cd=-44,yaw_cd=226,bat_mv=0,status=0x02","{""ver"":1,""type"":1,""seq"":19689,""ts"":19,""lat"":0,""lon"":0,""alt_mm"":240,""speed_cms"":0,""heading_cd"":62814,""pitch_cd"":850,""roll_cd"":-44,""yaw_cd"":226,""bat_mv"":0,""status"":2}"
2026-08-12T19:59:39.313+00:00,BIN,"BIN,ver=1,type=1,seq=19689,ts=19,lat=0,lon=0,alt_mm=250,speed_cms=0,heading_cd=62814,pitch_cd=935,roll_cd=18,yaw_cd=189,bat_mv=0,status=0x02","{""ver"":1,""type"":1,""seq"":19689,""ts"":19,""lat"":0,""lon"":0,""alt_mm"":250,""speed_cms"":0,""heading_cd"":62814,""pitch_cd"":935,""roll_cd"":18,""yaw_cd"":189,""bat_mv"":0,""status"":2}"
2026-08-12T19:59:39.399+00:00,BIN,"BIN,ver=1,type=1,seq=19812,ts=19,lat=0,lon=0,alt_mm=250,speed_cms=0,heading_cd=62814,pitch_cd=935,roll_cd=18,yaw_cd=189,bat_mv=0,status=0x02","{""ver"":1,""type"":1,""seq"":19812,""ts"":19,""lat"":0,""lon"":0,""alt_mm"":250,""speed_cms"":0,""heading_cd"":62814,""pitch_cd"":935,""roll_cd"":18,""yaw_cd"":189,""bat_mv"":0,""status"":2}"
2026-08-12T19:59:39.479+00:00,BIN,"BIN,ver=1,type=1,seq=19812,ts=20,lat=0,lon=0,alt_mm=250,speed_cms=0,heading_cd=62814,pitch_cd=1134,roll_cd=145,yaw_cd=22,bat_mv=0,status=0x02","{""ver"":1,""type"":1,""seq"":19812,""ts"":20,""lat"":0,""lon"":0,""alt_mm"":250,""speed_cms"":0,""heading_cd"":62814,""pitch_cd"":1134,""roll_cd"":145,""yaw_cd"":22,""bat_mv"":0,""status"":2}"
2026-08-12T19:59:39.566+00:00,BIN,"BIN,ver=1,type=1,seq=19967,ts=20,lat=0,lon=0,alt_mm=360,speed_cms=0,heading_cd=62814,pitch_cd=1223,roll_cd=32,yaw_cd=-78,bat_mv=0,status=0x02","{""ver"":1,""type"":1,""seq"":19967,""ts"":20,""lat"":0,""lon"":0,""alt_mm"":360,""speed_cms"":0,""heading_cd"":62814,""pitch_cd"":1223,""roll_cd"":32,""yaw_cd"":-78,""bat_mv"":0,""status"":2}"
2026-08-12T19:59:39.649+00:00,BIN,"BIN,ver=1,type=1,seq=19967,ts=20,lat=0,lon=0,alt_mm=360,speed_cms=0,heading_cd=62814,pitch_cd=798,roll_cd=-41,yaw_cd=120,bat_mv=0,status=0x02","{""ver"":1,""type"":1,""seq"":19967,""ts"":20,""lat"":0,""lon"":0,""alt_mm"":360,""speed_cms"":0,""heading_cd"":62814,""pitch_cd"":798,""roll_cd"":-41,""yaw_cd"":120,""bat_mv"":0,""status"":2}"
2026-08-12T19:59:39.732+00:00,BIN,"BIN,ver=1,type=1,seq=20091,ts=20,lat=0,lon=0,alt_mm=340,speed_cms=0,heading_cd=62814,pitch_cd=798,roll_cd=-41,yaw_cd=120,bat_mv=0,status=0x02","{""ver"":1,""type"":1,""seq"":20091,""ts"":20,""lat"":0,""lon"":0,""alt_mm"":340,""speed_cms"":0,""heading_cd"":62814,""pitch_cd"":798,""roll_cd"":-41,""yaw_cd"":120,""bat_mv"":0,""status"":2}"
2026-08-12T19:59:39.816+00:00,BIN,"BIN,ver=1,type=1,seq=20091,ts=20,lat=0,lon=0,alt_mm=340,speed_cms=0,heading_cd=62814,pitch_cd=820,roll_cd=155,yaw_cd=-39,bat_mv=0,status=0x02","{""ver"":1,""type"":1,""seq"":20091,""ts"":20,""lat"":0,""lon"":0,""alt_mm"":340,""speed_cms"":0,""heading_cd"":62814,""pitch_cd"":820,""roll_cd"":155,""yaw_cd"":-39,""bat_mv"":0,""status"":2}"
2026-08-12T19:59:39.902+00:00,BIN,"BIN,ver=1,type=1,seq=20091,ts=20,lat=0,lon=0,alt_mm=260,speed_cms=0,heading_cd=62814,pitch_cd=820,roll_cd=155,yaw_cd=-39,bat_mv=0,status=0x02","{""ver"":1,""type"":1,""seq"":20091,""ts"":20,""lat"":0,""lon"":0,""alt_mm"":260,""speed_cms"":0,""heading_cd"":62814,""pitch_cd"":820,""roll_cd"":155,""yaw_cd"":-39,""bat_mv"":0,""status"":2}"
2026-08-12T19:59:39.986+00:00,BIN,"BIN,ver=1,type=1,seq=20246,ts=20,lat=0,lon=0,alt_mm=260,speed_cms=0,heading_cd=62814,pitch_cd=1098,roll_cd=24,yaw_cd=-1,bat_mv=0,status=0x02","{""ver"":1,""type"":1,""seq"":20246,""ts"":20,""lat"":0,""lon"":0,""alt_mm"":260,""speed_cms"":0,""heading_cd"":62814,""pitch_cd"":1098,""roll_cd"":24,""yaw_cd"":-1,""bat_mv"":0,""status"":2}"
2026-08-12T19:59:40.070+00:00,BIN,"BIN,ver=1,type=1,seq=20371,ts=20,lat=0,lon=0,alt_mm=250,speed_cms=0,heading_cd=62814,pitch_cd=1000,roll_cd=-86,yaw_cd=248,bat_mv=0,status=0x02","{""ver"":1,""type"":1,""seq"":20371,""ts"":20,""lat"":0,""lon"":0,""alt_mm"":250,""speed_cms"":0,""heading_cd"":62814,""pitch_cd"":1000,""roll_cd"":-86,""yaw_cd"":248,""bat_mv"":0,""status"":2}"
2026-08-12T19:59:40.155+00:00,BIN,"BIN,ver=1,type=1,seq=20595,ts=20,lat=0,lon=0,alt_mm=510,speed_cms=0,heading_cd=62814,pitch_cd=1074,roll_cd=59,yaw_cd=79,bat_mv=0,status=0x02","{""ver"":1,""type"":1,""seq"":20595,""ts"":20,""lat"":0,""lon"":0,""alt_mm"":510,""speed_cms"":0,""heading_cd"":62814,""pitch_cd"":1074,""roll_cd"":59,""yaw_cd"":79,""bat_mv"":0,""status"":2}"
2026-08-12T19:59:40.237+00:00,BIN,"BIN,ver=1,type=1,seq=20711,ts=20,lat=0,lon=0,alt_mm=480,speed_cms=0,heading_cd=62814,pitch_cd=1074,roll_cd=151,yaw_cd=24,bat_mv=0,status=0x02","{""ver"":1,""type"":1,""seq"":20711,""ts"":20,""lat"":0,""lon"":0,""alt_mm"":480,""speed_cms"":0,""heading_cd"":62814,""pitch_cd"":1074,""roll_cd"":151,""yaw_cd"":24,""bat_mv"":0,""status"":2}"
2026-08-12T19:59:40.319+00:00,BIN,"BIN,ver=1,type=1,seq=20711,ts=20,lat=0,lon=0,alt_mm=480,speed_cms=0,heading_cd=62814,pitch_cd=1111,roll_cd=200,yaw_cd=50,bat_mv=0,status=0x02","{""ver"":1,""type"":1,""seq"":20711,""ts"":20,""lat"":0,""lon"":0,""alt_mm"":480,""speed_cms"":0,""heading_cd"":62814,""pitch_cd"":1111,""roll_cd"":200,""yaw_cd"":50,""bat_mv"":0,""status"":2}"
2026-08-12T19:59:40.403+00:00,BIN,"BIN,ver=1,type=1,seq=20831,ts=20,lat=0,lon=0,alt_mm=340,speed_cms=0,heading_cd=62814,pitch_cd=1111,roll_cd=200,yaw_cd=50,bat_mv=0,status=0x02","{""ver"":1,""type"":1,""seq"":20831,""ts"":20,""lat"":0,""lon"":0,""alt_mm"":340,""speed_cms"":0,""heading_cd"":62814,""pitch_cd"":1111,""roll_cd"":200,""yaw_cd"":50,""bat_mv"":0,""status"":2}"
2026-08-12T19:59:40.488+00:00,BIN,"BIN,ver=1,type=1,seq=20831,ts=20,lat=0,lon=0,alt_mm=340,speed_cms=0,heading_cd=62814,pitch_cd=927,roll_cd=-46,yaw_cd=114,bat_mv=0,status=0x02","{""ver"":1,""type"":1,""seq"":20831,""ts"":20,""lat"":0,""lon"":0,""alt_mm"":340,""speed_cms"":0,""heading_cd"":62814,""pitch_cd"":927,""roll_cd"":-46,""yaw_cd"":114,""bat_mv"":0,""status"":2}"
2026-08-12T19:59:40.571+00:00,BIN,"BIN,ver=1,type=1,seq=20831,ts=21,lat=0,lon=0,alt_mm=570,speed_cms=0,heading_cd=62814,pitch_cd=946,roll_cd=145,yaw_cd=31,bat_mv=0,status=0x02","{""ver"":1,""type"":1,""seq"":20831,""ts"":21,""lat"":0,""lon"":0,""alt_mm"":570,""speed_cms"":0,""heading_cd"":62814,""pitch_cd"":946,""roll_cd"":145,""yaw_cd"":31,""bat_mv"":0,""status"":2}"
2026-08-12T19:59:40.655+00:00,BIN,"BIN,ver=1,type=1,seq=20951,ts=21,lat=0,lon=0,alt_mm=570,speed_cms=0,heading_cd=62814,pitch_cd=946,roll_cd=145,yaw_cd=31,bat_mv=0,status=0x02","{""ver"":1,""type"":1,""seq"":20951,""ts"":21,""lat"":0,""lon"":0,""alt_mm"":570,""speed_cms"":0,""heading_cd"":62814,""pitch_cd"":946,""roll_cd"":145,""yaw_cd"":31,""bat_mv"":0,""status"":2}"
2026-08-12T19:59:40.743+00:00,BIN,"BIN,ver=1,type=1,seq=21081,ts=21,lat=0,lon=0,alt_mm=880,speed_cms=0,heading_cd=62814,pitch_cd=979,roll_cd=42,yaw_cd=158,bat_mv=0,status=0x02","{""ver"":1,""type"":1,""seq"":21081,""ts"":21,""lat"":0,""lon"":0,""alt_mm"":880,""speed_cms"":0,""heading_cd"":62814,""pitch_cd"":979,""roll_cd"":42,""yaw_cd"":158,""bat_mv"":0,""status"":2}"
2026-08-12T19:59:40.826+00:00,BIN,"BIN,ver=1,type=1,seq=21081,ts=21,lat=0,lon=0,alt_mm=1190,speed_cms=0,heading_cd=62814,pitch_cd=889,roll_cd=-32,yaw_cd=147,bat_mv=0,status=0x02","{""ver"":1,""type"":1,""seq"":21081,""ts"":21,""lat"":0,""lon"":0,""alt_mm"":1190,""speed_cms"":0,""heading_cd"":62814,""pitch_cd"":889,""roll_cd"":-32,""yaw_cd"":147,""bat_mv"":0,""status"":2}"
2026-08-12T19:59:40.909+00:00,BIN,"BIN,ver=1,type=1,seq=21191,ts=21,lat=0,lon=0,alt_mm=1190,speed_cms=0,heading_cd=62814,pitch_cd=1070,roll_cd=69,yaw_cd=-112,bat_mv=0,status=0x02","{""ver"":1,""type"":1,""seq"":21191,""ts"":21,""lat"":0,""lon"":0,""alt_mm"":1190,""speed_cms"":0,""heading_cd"":62814,""pitch_cd"":1070,""roll_cd"":69,""yaw_cd"":-112,""bat_mv"":0,""status"":2}"
2026-08-12T19:59:40.995+00:00,BIN,"BIN,ver=1,type=1,seq=21377,ts=21,lat=0,lon=0,alt_mm=1080,speed_cms=0,heading_cd=62814,pitch_cd=1001,roll_cd=92,yaw_cd=-79,bat_mv=0,status=0x02","{""ver"":1,""type"":1,""seq"":21377,""ts"":21,""lat"":0,""lon"":0,""alt_mm"":1080,""speed_cms"":0,""heading_cd"":62814,""pitch_cd"":1001,""roll_cd"":92,""yaw_cd"":-79,""bat_mv"":0,""status"":2}"
2026-08-12T19:59:41.075+00:00,BIN,"BIN,ver=1,type=1,seq=21377,ts=21,lat=0,lon=0,alt_mm=970,speed_cms=0,heading_cd=62814,pitch_cd=964,roll_cd=-15,yaw_cd=10,bat_mv=0,status=0x02","{""ver"":1,""type"":1,""seq"":21377,""ts"":21,""lat"":0,""lon"":0,""alt_mm"":970,""speed_cms"":0,""heading_cd"":62814,""pitch_cd"":964,""roll_cd"":-15,""yaw_cd"":10,""bat_mv"":0,""status"":2}"
2026-08-12T19:59:41.163+00:00,BIN,"BIN,ver=1,type=1,seq=21491,ts=21,lat=0,lon=0,alt_mm=870,speed_cms=0,heading_cd=62814,pitch_cd=911,roll_cd=132,yaw_cd=-283,bat_mv=0,status=0x02","{""ver"":1,""type"":1,""seq"":21491,""ts"":21,""lat"":0,""lon"":0,""alt_mm"":870,""speed_cms"":0,""heading_cd"":62814,""pitch_cd"":911,""roll_cd"":132,""yaw_cd"":-283,""bat_mv"":0,""status"":2}"
2026-08-12T19:59:41.243+00:00,BIN,"BIN,ver=1,type=1,seq=21731,ts=21,lat=0,lon=0,alt_mm=1000,speed_cms=0,heading_cd=62814,pitch_cd=1044,roll_cd=-281,yaw_cd=-391,bat_mv=0,status=0x02","{""ver"":1,""type"":1,""seq"":21731,""ts"":21,""lat"":0,""lon"":0,""alt_mm"":1000,""speed_cms"":0,""heading_cd"":62814,""pitch_cd"":1044,""roll_cd"":-281,""yaw_cd"":-391,""bat_mv"":0,""status"":2}"
2026-08-12T19:59:41.329+00:00,BIN,"BIN,ver=1,type=1,seq=21731,ts=21,lat=0,lon=0,alt_mm=1000,speed_cms=0,heading_cd=62814,pitch_cd=935,roll_cd=-178,yaw_cd=-530,bat_mv=0,status=0x02","{""ver"":1,""type"":1,""seq"":21731,""ts"":21,""lat"":0,""lon"":0,""alt_mm"":1000,""speed_cms"":0,""heading_cd"":62814,""pitch_cd"":935,""roll_cd"":-178,""yaw_cd"":-530,""bat_mv"":0,""status"":2}"
2026-08-12T19:59:41.413+00:00,BIN,"BIN,ver=1,type=1,seq=21731,ts=21,lat=0,lon=0,alt_mm=1000,speed_cms=0,heading_cd=62814,pitch_cd=935,roll_cd=-178,yaw_cd=-530,bat_mv=0,status=0x02","{""ver"":1,""type"":1,""seq"":21731,""ts"":21,""lat"":0,""lon"":0,""alt_mm"":1000,""speed_cms"":0,""heading_cd"":62814,""pitch_cd"":935,""roll_cd"":-178,""yaw_cd"":-530,""bat_mv"":0,""status"":2}"
2026-08-12T19:59:41.498+00:00,BIN,"BIN,ver=1,type=1,seq=21731,ts=21,lat=0,lon=0,alt_mm=910,speed_cms=0,heading_cd=62814,pitch_cd=935,roll_cd=-178,yaw_cd=-530,bat_mv=0,status=0x02","{""ver"":1,""type"":1,""seq"":21731,""ts"":21,""lat"":0,""lon"":0,""alt_mm"":910,""speed_cms"":0,""heading_cd"":62814,""pitch_cd"":935,""roll_cd"":-178,""yaw_cd"":-530,""bat_mv"":0,""status"":2}"
2026-08-12T19:59:48.626+00:00,BIN,"BIN,ver=1,type=1,seq=28971,ts=29,lat=0,lon=0,alt_mm=1480,speed_cms=0,heading_cd=62814,pitch_cd=916,roll_cd=-5,yaw_cd=-328,bat_mv=0,status=0x02","{""ver"":1,""type"":1,""seq"":28971,""ts"":29,""lat"":0,""lon"":0,""alt_mm"":1480,""speed_cms"":0,""heading_cd"":62814,""pitch_cd"":916,""roll_cd"":-5,""yaw_cd"":-328,""bat_mv"":0,""status"":2}"
2026-08-12T19:59:48.708+00:00,BIN,"BIN,ver=1,type=1,seq=28971,ts=29,lat=0,lon=0,alt_mm=1480,speed_cms=0,heading_cd=62814,pitch_cd=919,roll_cd=-63,yaw_cd=-195,bat_mv=0,status=0x02","{""ver"":1,""type"":1,""seq"":28971,""ts"":29,""lat"":0,""lon"":0,""alt_mm"":1480,""speed_cms"":0,""heading_cd"":62814,""pitch_cd"":919,""roll_cd"":-63,""yaw_cd"":-195,""bat_mv"":0,""status"":2}"
2026-08-12T19:59:49.295+00:00,BIN,"BIN,ver=1,type=1,seq=29672,ts=29,lat=0,lon=0,alt_mm=700,speed_cms=0,heading_cd=62814,pitch_cd=789,roll_cd=49,yaw_cd=-136,bat_mv=0,status=0x02","{""ver"":1,""type"":1,""seq"":29672,""ts"":29,""lat"":0,""lon"":0,""alt_mm"":700,""speed_cms"":0,""heading_cd"":62814,""pitch_cd"":789,""roll_cd"":49,""yaw_cd"":-136,""bat_mv"":0,""status"":2}"
2026-08-12T19:59:49.715+00:00,BIN,"BIN,ver=1,type=1,seq=30071,ts=30,lat=0,lon=0,alt_mm=640,speed_cms=0,heading_cd=62814,pitch_cd=1104,roll_cd=-225,yaw_cd=-266,bat_mv=0,status=0x02","{""ver"":1,""type"":1,""seq"":30071,""ts"":30,""lat"":0,""lon"":0,""alt_mm"":640,""speed_cms"":0,""heading_cd"":62814,""pitch_cd"":1104,""roll_cd"":-225,""yaw_cd"":-266,""bat_mv"":0,""status"":2}"
2026-08-12T19:59:49.799+00:00,BIN,"BIN,ver=1,type=1,seq=30071,ts=30,lat=0,lon=0,alt_mm=640,speed_cms=0,heading_cd=62814,pitch_cd=887,roll_cd=64,yaw_cd=-114,bat_mv=0,status=0x02","{""ver"":1,""type"":1,""seq"":30071,""ts"":30,""lat"":0,""lon"":0,""alt_mm"":640,""speed_cms"":0,""heading_cd"":62814,""pitch_cd"":887,""roll_cd"":64,""yaw_cd"":-114,""bat_mv"":0,""status"":2}"
2026-08-12T19:59:51.058+00:00,BIN,"BIN,ver=1,type=1,seq=31471,ts=31,lat=0,lon=0,alt_mm=630,speed_cms=0,heading_cd=62814,pitch_cd=870,roll_cd=13,yaw_cd=-297,bat_mv=0,status=0x02","{""ver"":1,""type"":1,""seq"":31471,""ts"":31,""lat"":0,""lon"":0,""alt_mm"":630,""speed_cms"":0,""heading_cd"":62814,""pitch_cd"":870,""roll_cd"":13,""yaw_cd"":-297,""bat_mv"":0,""status"":2}"
2026-08-12T19:59:51.229+00:00,BIN,"BIN,ver=1,type=1,seq=31663,ts=31,lat=0,lon=0,alt_mm=600,speed_cms=0,heading_cd=62814,pitch_cd=1034,roll_cd=-26,yaw_cd=-388,bat_mv=0,status=0x02","{""ver"":1,""type"":1,""seq"":31663,""ts"":31,""lat"":0,""lon"":0,""alt_mm"":600,""speed_cms"":0,""heading_cd"":62814,""pitch_cd"":1034,""roll_cd"":-26,""yaw_cd"":-388,""bat_mv"":0,""status"":2}"
2026-08-12T19:59:52.740+00:00,BIN,"BIN,ver=1,type=1,seq=33020,ts=33,lat=0,lon=0,alt_mm=780,speed_cms=0,heading_cd=62814,pitch_cd=1079,roll_cd=78,yaw_cd=-232,bat_mv=0,status=0x02","{""ver"":1,""type"":1,""seq"":33020,""ts"":33,""lat"":0,""lon"":0,""alt_mm"":780,""speed_cms"":0,""heading_cd"":62814,""pitch_cd"":1079,""roll_cd"":78,""yaw_cd"":-232,""bat_mv"":0,""status"":2}"
2026-08-12T19:59:52.823+00:00,BIN,"BIN,ver=1,type=1,seq=33131,ts=33,lat=0,lon=0,alt_mm=780,speed_cms=0,heading_cd=62814,pitch_cd=1053,roll_cd=32,yaw_cd=-33,bat_mv=0,status=0x02","{""ver"":1,""type"":1,""seq"":33131,""ts"":33,""lat"":0,""lon"":0,""alt_mm"":780,""speed_cms"":0,""heading_cd"":62814,""pitch_cd"":1053,""roll_cd"":32,""yaw_cd"":-33,""bat_mv"":0,""status"":2}"
2026-08-12T19:59:52.911+00:00,BIN,"BIN,ver=1,type=1,seq=33131,ts=33,lat=0,lon=0,alt_mm=780,speed_cms=0,heading_cd=62814,pitch_cd=1053,roll_cd=32,yaw_cd=-33,bat_mv=0,status=0x02","{""ver"":1,""type"":1,""seq"":33131,""ts"":33,""lat"":0,""lon"":0,""alt_mm"":780,""speed_cms"":0,""heading_cd"":62814,""pitch_cd"":1053,""roll_cd"":32,""yaw_cd"":-33,""bat_mv"":0,""status"":2}"
2026-08-12T19:59:53.090+00:00,BIN,"BIN,ver=1,type=1,seq=33411,ts=33,lat=0,lon=0,alt_mm=810,speed_cms=0,heading_cd=62814,pitch_cd=1006,roll_cd=-24,yaw_cd=43,bat_mv=0,status=0x02","{""ver"":1,""type"":1,""seq"":33411,""ts"":33,""lat"":0,""lon"":0,""alt_mm"":810,""speed_cms"":0,""heading_cd"":62814,""pitch_cd"":1006,""roll_cd"":-24,""yaw_cd"":43,""bat_mv"":0,""status"":2}"
2026-08-12T19:59:53.158+00:00,BIN,"BIN,ver=1,type=1,seq=33601,ts=33,lat=0,lon=0,alt_mm=810,speed_cms=0,heading_cd=62814,pitch_cd=1110,roll_cd=-82,yaw_cd=-36,bat_mv=0,status=0x02","{""ver"":1,""type"":1,""seq"":33601,""ts"":33,""lat"":0,""lon"":0,""alt_mm"":810,""speed_cms"":0,""heading_cd"":62814,""pitch_cd"":1110,""roll_cd"":-82,""yaw_cd"":-36,""bat_mv"":0,""status"":2}"
2026-08-12T19:59:53.241+00:00,BIN,"BIN,ver=1,type=1,seq=33601,ts=33,lat=0,lon=0,alt_mm=810,speed_cms=0,heading_cd=62814,pitch_cd=1110,roll_cd=-82,yaw_cd=-36,bat_mv=0,status=0x02","{""ver"":1,""type"":1,""seq"":33601,""ts"":33,""lat"":0,""lon"":0,""alt_mm"":810,""speed_cms"":0,""heading_cd"":62814,""pitch_cd"":1110,""roll_cd"":-82,""yaw_cd"":-36,""bat_mv"":0,""status"":2}"
2026-08-12T19:59:53.409+00:00,BIN,"BIN,ver=1,type=1,seq=33712,ts=33,lat=0,lon=0,alt_mm=780,speed_cms=0,heading_cd=62814,pitch_cd=924,roll_cd=-154,yaw_cd=57,bat_mv=0,status=0x02","{""ver"":1,""type"":1,""seq"":33712,""ts"":33,""lat"":0,""lon"":0,""alt_mm"":780,""speed_cms"":0,""heading_cd"":62814,""pitch_cd"":924,""roll_cd"":-154,""yaw_cd"":57,""bat_mv"":0,""status"":2}"
2026-08-12T19:59:53.494+00:00,BIN,"BIN,ver=1,type=1,seq=33827,ts=33,lat=0,lon=0,alt_mm=770,speed_cms=0,heading_cd=62814,pitch_cd=922,roll_cd=-137,yaw_cd=-164,bat_mv=0,status=0x02","{""ver"":1,""type"":1,""seq"":33827,""ts"":33,""lat"":0,""lon"":0,""alt_mm"":770,""speed_cms"":0,""heading_cd"":62814,""pitch_cd"":922,""roll_cd"":-137,""yaw_cd"":-164,""bat_mv"":0,""status"":2}"
2026-08-12T19:59:53.577+00:00,BIN,"BIN,ver=1,type=1,seq=33827,ts=33,lat=0,lon=0,alt_mm=760,speed_cms=0,heading_cd=62814,pitch_cd=1010,roll_cd=-80,yaw_cd=-193,bat_mv=0,status=0x02","{""ver"":1,""type"":1,""seq"":33827,""ts"":33,""lat"":0,""lon"":0,""alt_mm"":760,""speed_cms"":0,""heading_cd"":62814,""pitch_cd"":1010,""roll_cd"":-80,""yaw_cd"":-193,""bat_mv"":0,""status"":2}"
2026-08-12T19:59:53.663+00:00,BIN,"BIN,ver=1,type=1,seq=33951,ts=34,lat=0,lon=0,alt_mm=760,speed_cms=0,heading_cd=62814,pitch_cd=1031,roll_cd=-105,yaw_cd=-111,bat_mv=0,status=0x02","{""ver"":1,""type"":1,""seq"":33951,""ts"":34,""lat"":0,""lon"":0,""alt_mm"":760,""speed_cms"":0,""heading_cd"":62814,""pitch_cd"":1031,""roll_cd"":-105,""yaw_cd"":-111,""bat_mv"":0,""status"":2}"
2026-08-12T19:59:53.747+00:00,BIN,"BIN,ver=1,type=1,seq=34107,ts=34,lat=0,lon=0,alt_mm=730,speed_cms=0,heading_cd=62814,pitch_cd=963,roll_cd=-163,yaw_cd=-268,bat_mv=0,status=0x02","{""ver"":1,""type"":1,""seq"":34107,""ts"":34,""lat"":0,""lon"":0,""alt_mm"":730,""speed_cms"":0,""heading_cd"":62814,""pitch_cd"":963,""roll_cd"":-163,""yaw_cd"":-268,""bat_mv"":0,""status"":2}"
2026-08-12T19:59:53.830+00:00,BIN,"BIN,ver=1,type=1,seq=34107,ts=34,lat=0,lon=0,alt_mm=730,speed_cms=0,heading_cd=62814,pitch_cd=1018,roll_cd=-158,yaw_cd=-258,bat_mv=0,status=0x02","{""ver"":1,""type"":1,""seq"":34107,""ts"":34,""lat"":0,""lon"":0,""alt_mm"":730,""speed_cms"":0,""heading_cd"":62814,""pitch_cd"":1018,""roll_cd"":-158,""yaw_cd"":-258,""bat_mv"":0,""status"":2}"
2026-08-12T19:59:53.912+00:00,BIN,"BIN,ver=1,type=1,seq=34231,ts=34,lat=0,lon=0,alt_mm=730,speed_cms=0,heading_cd=62814,pitch_cd=1007,roll_cd=-35,yaw_cd=-153,bat_mv=0,status=0x02","{""ver"":1,""type"":1,""seq"":34231,""ts"":34,""lat"":0,""lon"":0,""alt_mm"":730,""speed_cms"":0,""heading_cd"":62814,""pitch_cd"":1007,""roll_cd"":-35,""yaw_cd"":-153,""bat_mv"":0,""status"":2}"
2026-08-12T19:59:54.043+00:00,BIN,"BIN,ver=1,type=1,seq=34231,ts=34,lat=0,lon=0,alt_mm=730,speed_cms=0,heading_cd=62814,pitch_cd=1007,roll_cd=-35,yaw_cd=-153,bat_mv=0,status=0x02","{""ver"":1,""type"":1,""seq"":34231,""ts"":34,""lat"":0,""lon"":0,""alt_mm"":730,""speed_cms"":0,""heading_cd"":62814,""pitch_cd"":1007,""roll_cd"":-35,""yaw_cd"":-153,""bat_mv"":0,""status"":2}"
2026-08-12T19:59:54.079+00:00,BIN,"BIN,ver=1,type=1,seq=34511,ts=34,lat=0,lon=0,alt_mm=750,speed_cms=0,heading_cd=62814,pitch_cd=965,roll_cd=-140,yaw_cd=-185,bat_mv=0,status=0x02","{""ver"":1,""type"":1,""seq"":34511,""ts"":34,""lat"":0,""lon"":0,""alt_mm"":750,""speed_cms"":0,""heading_cd"":62814,""pitch_cd"":965,""roll_cd"":-140,""yaw_cd"":-185,""bat_mv"":0,""status"":2}"
2026-08-12T19:59:54.165+00:00,BIN,"BIN,ver=1,type=1,seq=34511,ts=34,lat=0,lon=0,alt_mm=750,speed_cms=0,heading_cd=62814,pitch_cd=965,roll_cd=-140,yaw_cd=-185,bat_mv=0,status=0x02","{""ver"":1,""type"":1,""seq"":34511,""ts"":34,""lat"":0,""lon"":0,""alt_mm"":750,""speed_cms"":0,""heading_cd"":62814,""pitch_cd"":965,""roll_cd"":-140,""yaw_cd"":-185,""bat_mv"":0,""status"":2}"
2026-08-12T19:59:54.246+00:00,BIN,"BIN,ver=1,type=1,seq=34511,ts=34,lat=0,lon=0,alt_mm=750,speed_cms=0,heading_cd=62814,pitch_cd=965,roll_cd=-140,yaw_cd=-185,bat_mv=0,status=0x02","{""ver"":1,""type"":1,""seq"":34511,""ts"":34,""lat"":0,""lon"":0,""alt_mm"":750,""speed_cms"":0,""heading_cd"":62814,""pitch_cd"":965,""roll_cd"":-140,""yaw_cd"":-185,""bat_mv"":0,""status"":2}"
2026-08-12T19:59:54.332+00:00,BIN,"BIN,ver=1,type=1,seq=34740,ts=34,lat=0,lon=0,alt_mm=720,speed_cms=0,heading_cd=62814,pitch_cd=1018,roll_cd=3,yaw_cd=-212,bat_mv=0,status=0x02","{""ver"":1,""type"":1,""seq"":34740,""ts"":34,""lat"":0,""lon"":0,""alt_mm"":720,""speed_cms"":0,""heading_cd"":62814,""pitch_cd"":1018,""roll_cd"":3,""yaw_cd"":-212,""bat_mv"":0,""status"":2}"
2026-08-12T19:59:54.414+00:00,BIN,"BIN,ver=1,type=1,seq=34740,ts=34,lat=0,lon=0,alt_mm=720,speed_cms=0,heading_cd=62814,pitch_cd=963,roll_cd=-47,yaw_cd=-247,bat_mv=0,status=0x02","{""ver"":1,""type"":1,""seq"":34740,""ts"":34,""lat"":0,""lon"":0,""alt_mm"":720,""speed_cms"":0,""heading_cd"":62814,""pitch_cd"":963,""roll_cd"":-47,""yaw_cd"":-247,""bat_mv"":0,""status"":2}"
2026-08-12T19:59:54.501+00:00,BIN,"BIN,ver=1,type=1,seq=34851,ts=34,lat=0,lon=0,alt_mm=730,speed_cms=0,heading_cd=62814,pitch_cd=963,roll_cd=-47,yaw_cd=-247,bat_mv=0,status=0x02","{""ver"":1,""type"":1,""seq"":34851,""ts"":34,""lat"":0,""lon"":0,""alt_mm"":730,""speed_cms"":0,""heading_cd"":62814,""pitch_cd"":963,""roll_cd"":-47,""yaw_cd"":-247,""bat_mv"":0,""status"":2}"
2026-08-12T19:59:54.669+00:00,BIN,"BIN,ver=1,type=1,seq=34958,ts=35,lat=0,lon=0,alt_mm=730,speed_cms=0,heading_cd=62814,pitch_cd=1006,roll_cd=-33,yaw_cd=-151,bat_mv=0,status=0x02","{""ver"":1,""type"":1,""seq"":34958,""ts"":35,""lat"":0,""lon"":0,""alt_mm"":730,""speed_cms"":0,""heading_cd"":62814,""pitch_cd"":1006,""roll_cd"":-33,""yaw_cd"":-151,""bat_mv"":0,""status"":2}"
2026-08-12T19:59:54.751+00:00,BIN,"BIN,ver=1,type=1,seq=35091,ts=35,lat=0,lon=0,alt_mm=730,speed_cms=0,heading_cd=62814,pitch_cd=1008,roll_cd=12,yaw_cd=-201,bat_mv=0,status=0x02","{""ver"":1,""type"":1,""seq"":35091,""ts"":35,""lat"":0,""lon"":0,""alt_mm"":730,""speed_cms"":0,""heading_cd"":62814,""pitch_cd"":1008,""roll_cd"":12,""yaw_cd"":-201,""bat_mv"":0,""status"":2}"
2026-08-12T19:59:54.837+00:00,BIN,"BIN,ver=1,type=1,seq=35206,ts=35,lat=0,lon=0,alt_mm=730,speed_cms=0,heading_cd=62814,pitch_cd=936,roll_cd=-65,yaw_cd=-213,bat_mv=0,status=0x02","{""ver"":1,""type"":1,""seq"":35206,""ts"":35,""lat"":0,""lon"":0,""alt_mm"":730,""speed_cms"":0,""heading_cd"":62814,""pitch_cd"":936,""roll_cd"":-65,""yaw_cd"":-213,""bat_mv"":0,""status"":2}"
2026-08-12T19:59:54.920+00:00,BIN,"BIN,ver=1,type=1,seq=35206,ts=35,lat=0,lon=0,alt_mm=730,speed_cms=0,heading_cd=62814,pitch_cd=979,roll_cd=-80,yaw_cd=-152,bat_mv=0,status=0x02","{""ver"":1,""type"":1,""seq"":35206,""ts"":35,""lat"":0,""lon"":0,""alt_mm"":730,""speed_cms"":0,""heading_cd"":62814,""pitch_cd"":979,""roll_cd"":-80,""yaw_cd"":-152,""bat_mv"":0,""status"":2}"
2026-08-12T19:59:55.088+00:00,BIN,"BIN,ver=1,type=1,seq=35517,ts=35,lat=0,lon=0,alt_mm=730,speed_cms=0,heading_cd=62814,pitch_cd=908,roll_cd=-144,yaw_cd=-247,bat_mv=0,status=0x02","{""ver"":1,""type"":1,""seq"":35517,""ts"":35,""lat"":0,""lon"":0,""alt_mm"":730,""speed_cms"":0,""heading_cd"":62814,""pitch_cd"":908,""roll_cd"":-144,""yaw_cd"":-247,""bat_mv"":0,""status"":2}"
2026-08-12T19:59:55.174+00:00,BIN,"BIN,ver=1,type=1,seq=35632,ts=35,lat=0,lon=0,alt_mm=730,speed_cms=0,heading_cd=62814,pitch_cd=908,roll_cd=-144,yaw_cd=-247,bat_mv=0,status=0x02","{""ver"":1,""type"":1,""seq"":35632,""ts"":35,""lat"":0,""lon"":0,""alt_mm"":730,""speed_cms"":0,""heading_cd"":62814,""pitch_cd"":908,""roll_cd"":-144,""yaw_cd"":-247,""bat_mv"":0,""status"":2}"
2026-08-12T19:59:55.254+00:00,BIN,"BIN,ver=1,type=1,seq=35632,ts=35,lat=0,lon=0,alt_mm=730,speed_cms=0,heading_cd=62814,pitch_cd=931,roll_cd=-70,yaw_cd=-378,bat_mv=0,status=0x02","{""ver"":1,""type"":1,""seq"":35632,""ts"":35,""lat"":0,""lon"":0,""alt_mm"":730,""speed_cms"":0,""heading_cd"":62814,""pitch_cd"":931,""roll_cd"":-70,""yaw_cd"":-378,""bat_mv"":0,""status"":2}"
2026-08-12T19:59:55.338+00:00,BIN,"BIN,ver=1,type=1,seq=35632,ts=35,lat=0,lon=0,alt_mm=730,speed_cms=0,heading_cd=62814,pitch_cd=931,roll_cd=-70,yaw_cd=-378,bat_mv=0,status=0x02","{""ver"":1,""type"":1,""seq"":35632,""ts"":35,""lat"":0,""lon"":0,""alt_mm"":730,""speed_cms"":0,""heading_cd"":62814,""pitch_cd"":931,""roll_cd"":-70,""yaw_cd"":-378,""bat_mv"":0,""status"":2}"
2026-08-12T19:59:55.424+00:00,BIN,"BIN,ver=1,type=1,seq=35747,ts=35,lat=0,lon=0,alt_mm=740,speed_cms=0,heading_cd=62814,pitch_cd=954,roll_cd=-120,yaw_cd=-367,bat_mv=0,status=0x02","{""ver"":1,""type"":1,""seq"":35747,""ts"":35,""lat"":0,""lon"":0,""alt_mm"":740,""speed_cms"":0,""heading_cd"":62814,""pitch_cd"":954,""roll_cd"":-120,""yaw_cd"":-367,""bat_mv"":0,""status"":2}"
2026-08-12T19:59:55.506+00:00,BIN,"BIN,ver=1,type=1,seq=35871,ts=35,lat=0,lon=0,alt_mm=750,speed_cms=0,heading_cd=62814,pitch_cd=959,roll_cd=-276,yaw_cd=-347,bat_mv=0,status=0x02","{""ver"":1,""type"":1,""seq"":35871,""ts"":35,""lat"":0,""lon"":0,""alt_mm"":750,""speed_cms"":0,""heading_cd"":62814,""pitch_cd"":959,""roll_cd"":-276,""yaw_cd"":-347,""bat_mv"":0,""status"":2}"
2026-08-12T19:59:55.761+00:00,BIN,"BIN,ver=1,type=1,seq=36038,ts=36,lat=0,lon=0,alt_mm=780,speed_cms=0,heading_cd=62814,pitch_cd=1128,roll_cd=-267,yaw_cd=-24,bat_mv=0,status=0x02","{""ver"":1,""type"":1,""seq"":36038,""ts"":36,""lat"":0,""lon"":0,""alt_mm"":780,""speed_cms"":0,""heading_cd"":62814,""pitch_cd"":1128,""roll_cd"":-267,""yaw_cd"":-24,""bat_mv"":0,""status"":2}"
2026-08-12T19:59:56.598+00:00,BIN,"BIN,ver=1,type=1,seq=36878,ts=37,lat=0,lon=0,alt_mm=680,speed_cms=0,heading_cd=62814,pitch_cd=1034,roll_cd=-102,yaw_cd=-122,bat_mv=0,status=0x02","{""ver"":1,""type"":1,""seq"":36878,""ts"":37,""lat"":0,""lon"":0,""alt_mm"":680,""speed_cms"":0,""heading_cd"":62814,""pitch_cd"":1034,""roll_cd"":-102,""yaw_cd"":-122,""bat_mv"":0,""status"":2}"
2026-08-12T20:00:02.806+00:00,BIN,"BIN,ver=1,type=1,seq=43071,ts=43,lat=0,lon=0,alt_mm=580,speed_cms=0,heading_cd=62814,pitch_cd=1026,roll_cd=100,yaw_cd=61,bat_mv=0,status=0x02","{""ver"":1,""type"":1,""seq"":43071,""ts"":43,""lat"":0,""lon"":0,""alt_mm"":580,""speed_cms"":0,""heading_cd"":62814,""pitch_cd"":1026,""roll_cd"":100,""yaw_cd"":61,""bat_mv"":0,""status"":2}"
2026-08-12T20:00:03.393+00:00,BIN,"BIN,ver=1,type=1,seq=43767,ts=43,lat=0,lon=0,alt_mm=620,speed_cms=0,heading_cd=62814,pitch_cd=1003,roll_cd=-93,yaw_cd=188,bat_mv=0,status=0x02","{""ver"":1,""type"":1,""seq"":43767,""ts"":43,""lat"":0,""lon"":0,""alt_mm"":620,""speed_cms"":0,""heading_cd"":62814,""pitch_cd"":1003,""roll_cd"":-93,""yaw_cd"":188,""bat_mv"":0,""status"":2}"
2026-08-12T20:00:03.563+00:00,BIN,"BIN,ver=1,type=1,seq=43891,ts=44,lat=0,lon=0,alt_mm=530,speed_cms=0,heading_cd=62814,pitch_cd=978,roll_cd=-170,yaw_cd=37,bat_mv=0,status=0x02","{""ver"":1,""type"":1,""seq"":43891,""ts"":44,""lat"":0,""lon"":0,""alt_mm"":530,""speed_cms"":0,""heading_cd"":62814,""pitch_cd"":978,""roll_cd"":-170,""yaw_cd"":37,""bat_mv"":0,""status"":2}"
2026-08-12T20:00:03.646+00:00,BIN,"BIN,ver=1,type=1,seq=44058,ts=44,lat=0,lon=0,alt_mm=510,speed_cms=0,heading_cd=62814,pitch_cd=1072,roll_cd=-144,yaw_cd=-98,bat_mv=0,status=0x02","{""ver"":1,""type"":1,""seq"":44058,""ts"":44,""lat"":0,""lon"":0,""alt_mm"":510,""speed_cms"":0,""heading_cd"":62814,""pitch_cd"":1072,""roll_cd"":-144,""yaw_cd"":-98,""bat_mv"":0,""status"":2}"
2026-08-12T20:00:05.239+00:00,BIN,"BIN,ver=1,type=1,seq=45551,ts=45,lat=0,lon=0,alt_mm=640,speed_cms=0,heading_cd=62814,pitch_cd=942,roll_cd=-138,yaw_cd=71,bat_mv=0,status=0x02","{""ver"":1,""type"":1,""seq"":45551,""ts"":45,""lat"":0,""lon"":0,""alt_mm"":640,""speed_cms"":0,""heading_cd"":62814,""pitch_cd"":942,""roll_cd"":-138,""yaw_cd"":71,""bat_mv"":0,""status"":2}"
2026-08-12T20:00:05.658+00:00,BIN,"BIN,ver=1,type=1,seq=45967,ts=46,lat=0,lon=0,alt_mm=650,speed_cms=0,heading_cd=62814,pitch_cd=1040,roll_cd=-141,yaw_cd=-54,bat_mv=0,status=0x02","{""ver"":1,""type"":1,""seq"":45967,""ts"":46,""lat"":0,""lon"":0,""alt_mm"":650,""speed_cms"":0,""heading_cd"":62814,""pitch_cd"":1040,""roll_cd"":-141,""yaw_cd"":-54,""bat_mv"":0,""status"":2}"
2026-08-12T20:00:05.830+00:00,BIN,"BIN,ver=1,type=1,seq=46091,ts=46,lat=0,lon=0,alt_mm=650,speed_cms=0,heading_cd=62814,pitch_cd=1006,roll_cd=-92,yaw_cd=-35,bat_mv=0,status=0x02","{""ver"":1,""type"":1,""seq"":46091,""ts"":46,""lat"":0,""lon"":0,""alt_mm"":650,""speed_cms"":0,""heading_cd"":62814,""pitch_cd"":1006,""roll_cd"":-92,""yaw_cd"":-35,""bat_mv"":0,""status"":2}"
2026-08-12T20:00:06.250+00:00,BIN,"BIN,ver=1,type=1,seq=46672,ts=46,lat=0,lon=0,alt_mm=640,speed_cms=0,heading_cd=62814,pitch_cd=1016,roll_cd=-6,yaw_cd=-80,bat_mv=0,status=0x02","{""ver"":1,""type"":1,""seq"":46672,""ts"":46,""lat"":0,""lon"":0,""alt_mm"":640,""speed_cms"":0,""heading_cd"":62814,""pitch_cd"":1016,""roll_cd"":-6,""yaw_cd"":-80,""bat_mv"":0,""status"":2}"
2026-08-12T20:00:07.841+00:00,BIN,"BIN,ver=1,type=1,seq=48169,ts=48,lat=0,lon=0,alt_mm=650,speed_cms=0,heading_cd=62814,pitch_cd=1130,roll_cd=-31,yaw_cd=50,bat_mv=0,status=0x02","{""ver"":1,""type"":1,""seq"":48169,""ts"":48,""lat"":0,""lon"":0,""alt_mm"":650,""speed_cms"":0,""heading_cd"":62814,""pitch_cd"":1130,""roll_cd"":-31,""yaw_cd"":50,""bat_mv"":0,""status"":2}"
2026-08-12T20:00:08.177+00:00,BIN,"BIN,ver=1,type=1,seq=48458,ts=48,lat=0,lon=0,alt_mm=660,speed_cms=0,heading_cd=62814,pitch_cd=948,roll_cd=-52,yaw_cd=-229,bat_mv=0,status=0x02","{""ver"":1,""type"":1,""seq"":48458,""ts"":48,""lat"":0,""lon"":0,""alt_mm"":660,""speed_cms"":0,""heading_cd"":62814,""pitch_cd"":948,""roll_cd"":-52,""yaw_cd"":-229,""bat_mv"":0,""status"":2}"
2026-08-12T20:00:08.181+00:00,BIN,"BIN,ver=1,type=1,seq=48458,ts=48,lat=0,lon=0,alt_mm=660,speed_cms=0,heading_cd=62814,pitch_cd=881,roll_cd=112,yaw_cd=-322,bat_mv=0,status=0x02","{""ver"":1,""type"":1,""seq"":48458,""ts"":48,""lat"":0,""lon"":0,""alt_mm"":660,""speed_cms"":0,""heading_cd"":62814,""pitch_cd"":881,""roll_cd"":112,""yaw_cd"":-322,""bat_mv"":0,""status"":2}"
2026-08-12T20:00:08.511+00:00,BIN,"BIN,ver=1,type=1,seq=48872,ts=48,lat=0,lon=0,alt_mm=760,speed_cms=0,heading_cd=62814,pitch_cd=973,roll_cd=-153,yaw_cd=-143,bat_mv=0,status=0x02","{""ver"":1,""type"":1,""seq"":48872,""ts"":48,""lat"":0,""lon"":0,""alt_mm"":760,""speed_cms"":0,""heading_cd"":62814,""pitch_cd"":973,""roll_cd"":-153,""yaw_cd"":-143,""bat_mv"":0,""status"":2}"
2026-08-12T20:00:08.597+00:00,BIN,"BIN,ver=1,type=1,seq=48872,ts=49,lat=0,lon=0,alt_mm=770,speed_cms=0,heading_cd=62814,pitch_cd=1030,roll_cd=268,yaw_cd=-359,bat_mv=0,status=0x02","{""ver"":1,""type"":1,""seq"":48872,""ts"":49,""lat"":0,""lon"":0,""alt_mm"":770,""speed_cms"":0,""heading_cd"":62814,""pitch_cd"":1030,""roll_cd"":268,""yaw_cd"":-359,""bat_mv"":0,""status"":2}"
2026-08-12T20:00:08.849+00:00,BIN,"BIN,ver=1,type=1,seq=49171,ts=49,lat=0,lon=0,alt_mm=800,speed_cms=0,heading_cd=62814,pitch_cd=965,roll_cd=88,yaw_cd=-261,bat_mv=0,status=0x02","{""ver"":1,""type"":1,""seq"":49171,""ts"":49,""lat"":0,""lon"":0,""alt_mm"":800,""speed_cms"":0,""heading_cd"":62814,""pitch_cd"":965,""roll_cd"":88,""yaw_cd"":-261,""bat_mv"":0,""status"":2}"
2026-08-12T20:00:08.932+00:00,BIN,"BIN,ver=1,type=1,seq=49278,ts=49,lat=0,lon=0,alt_mm=770,speed_cms=0,heading_cd=62814,pitch_cd=965,roll_cd=88,yaw_cd=-261,bat_mv=0,status=0x02","{""ver"":1,""type"":1,""seq"":49278,""ts"":49,""lat"":0,""lon"":0,""alt_mm"":770,""speed_cms"":0,""heading_cd"":62814,""pitch_cd"":965,""roll_cd"":88,""yaw_cd"":-261,""bat_mv"":0,""status"":2}"
2026-08-12T20:00:09.017+00:00,BIN,"BIN,ver=1,type=1,seq=49278,ts=49,lat=0,lon=0,alt_mm=730,speed_cms=0,heading_cd=62814,pitch_cd=1004,roll_cd=80,yaw_cd=-232,bat_mv=0,status=0x02","{""ver"":1,""type"":1,""seq"":49278,""ts"":49,""lat"":0,""lon"":0,""alt_mm"":730,""speed_cms"":0,""heading_cd"":62814,""pitch_cd"":1004,""roll_cd"":80,""yaw_cd"":-232,""bat_mv"":0,""status"":2}"
2026-08-12T20:00:09.545+00:00,BIN,"BIN,ver=1,type=1,seq=49787,ts=50,lat=0,lon=0,alt_mm=730,speed_cms=0,heading_cd=62814,pitch_cd=953,roll_cd=84,yaw_cd=-295,bat_mv=0,status=0x02","{""ver"":1,""type"":1,""seq"":49787,""ts"":50,""lat"":0,""lon"":0,""alt_mm"":730,""speed_cms"":0,""heading_cd"":62814,""pitch_cd"":953,""roll_cd"":84,""yaw_cd"":-295,""bat_mv"":0,""status"":2}"
2026-08-12T20:00:09.603+00:00,BIN,"BIN,ver=1,type=1,seq=49911,ts=50,lat=0,lon=0,alt_mm=730,speed_cms=0,heading_cd=62814,pitch_cd=958,roll_cd=81,yaw_cd=-276,bat_mv=0,status=0x02","{""ver"":1,""type"":1,""seq"":49911,""ts"":50,""lat"":0,""lon"":0,""alt_mm"":730,""speed_cms"":0,""heading_cd"":62814,""pitch_cd"":958,""roll_cd"":81,""yaw_cd"":-276,""bat_mv"":0,""status"":2}"
2026-08-12T20:00:16.400+00:00,BIN,"BIN,ver=1,type=1,seq=56852,ts=56,lat=0,lon=0,alt_mm=800,speed_cms=0,heading_cd=62814,pitch_cd=1004,roll_cd=-70,yaw_cd=-224,bat_mv=0,status=0x02","{""ver"":1,""type"":1,""seq"":56852,""ts"":56,""lat"":0,""lon"":0,""alt_mm"":800,""speed_cms"":0,""heading_cd"":62814,""pitch_cd"":1004,""roll_cd"":-70,""yaw_cd"":-224,""bat_mv"":0,""status"":2}"
2026-08-12T20:00:16.820+00:00,BIN,"BIN,ver=1,type=1,seq=57091,ts=57,lat=0,lon=0,alt_mm=840,speed_cms=0,heading_cd=62814,pitch_cd=927,roll_cd=-122,yaw_cd=-305,bat_mv=0,status=0x02","{""ver"":1,""type"":1,""seq"":57091,""ts"":57,""lat"":0,""lon"":0,""alt_mm"":840,""speed_cms"":0,""heading_cd"":62814,""pitch_cd"":927,""roll_cd"":-122,""yaw_cd"":-305,""bat_mv"":0,""status"":2}"
2026-08-12T20:00:16.988+00:00,BIN,"BIN,ver=1,type=1,seq=57258,ts=57,lat=0,lon=0,alt_mm=780,speed_cms=0,heading_cd=62814,pitch_cd=968,roll_cd=-37,yaw_cd=-248,bat_mv=0,status=0x02","{""ver"":1,""type"":1,""seq"":57258,""ts"":57,""lat"":0,""lon"":0,""alt_mm"":780,""speed_cms"":0,""heading_cd"":62814,""pitch_cd"":968,""roll_cd"":-37,""yaw_cd"":-248,""bat_mv"":0,""status"":2}"
2026-08-12T20:00:17.073+00:00,BIN,"BIN,ver=1,type=1,seq=57371,ts=57,lat=0,lon=0,alt_mm=780,speed_cms=0,heading_cd=62814,pitch_cd=959,roll_cd=-151,yaw_cd=-294,bat_mv=0,status=0x02","{""ver"":1,""type"":1,""seq"":57371,""ts"":57,""lat"":0,""lon"":0,""alt_mm"":780,""speed_cms"":0,""heading_cd"":62814,""pitch_cd"":959,""roll_cd"":-151,""yaw_cd"":-294,""bat_mv"":0,""status"":2}"
2026-08-12T20:00:18.080+00:00,BIN,"BIN,ver=1,type=1,seq=58471,ts=58,lat=0,lon=0,alt_mm=860,speed_cms=0,heading_cd=62814,pitch_cd=964,roll_cd=79,yaw_cd=-236,bat_mv=0,status=0x02","{""ver"":1,""type"":1,""seq"":58471,""ts"":58,""lat"":0,""lon"":0,""alt_mm"":860,""speed_cms"":0,""heading_cd"":62814,""pitch_cd"":964,""roll_cd"":79,""yaw_cd"":-236,""bat_mv"":0,""status"":2}"
2026-08-12T20:00:18.247+00:00,BIN,"BIN,ver=1,type=1,seq=58659,ts=58,lat=0,lon=0,alt_mm=810,speed_cms=0,heading_cd=62814,pitch_cd=960,roll_cd=33,yaw_cd=-190,bat_mv=0,status=0x02","{""ver"":1,""type"":1,""seq"":58659,""ts"":58,""lat"":0,""lon"":0,""alt_mm"":810,""speed_cms"":0,""heading_cd"":62814,""pitch_cd"":960,""roll_cd"":33,""yaw_cd"":-190,""bat_mv"":0,""status"":2}"
2026-08-12T20:00:19.002+00:00,BIN,"BIN,ver=1,type=1,seq=59291,ts=59,lat=0,lon=0,alt_mm=780,speed_cms=0,heading_cd=62814,pitch_cd=970,roll_cd=-42,yaw_cd=-179,bat_mv=0,status=0x02","{""ver"":1,""type"":1,""seq"":59291,""ts"":59,""lat"":0,""lon"":0,""alt_mm"":780,""speed_cms"":0,""heading_cd"":62814,""pitch_cd"":970,""roll_cd"":-42,""yaw_cd"":-179,""bat_mv"":0,""status"":2}"
2026-08-12T20:00:19.251+00:00,BIN,"BIN,ver=1,type=1,seq=59571,ts=59,lat=0,lon=0,alt_mm=780,speed_cms=0,heading_cd=62814,pitch_cd=1021,roll_cd=-78,yaw_cd=-255,bat_mv=0,status=0x02","{""ver"":1,""type"":1,""seq"":59571,""ts"":59,""lat"":0,""lon"":0,""alt_mm"":780,""speed_cms"":0,""heading_cd"":62814,""pitch_cd"":1021,""roll_cd"":-78,""yaw_cd"":-255,""bat_mv"":0,""status"":2}"
2026-08-12T20:00:19.587+00:00,BIN,"BIN,ver=1,type=1,seq=59987,ts=60,lat=0,lon=0,alt_mm=820,speed_cms=0,heading_cd=62814,pitch_cd=976,roll_cd=-71,yaw_cd=-165,bat_mv=0,status=0x02","{""ver"":1,""type"":1,""seq"":59987,""ts"":60,""lat"":0,""lon"":0,""alt_mm"":820,""speed_cms"":0,""heading_cd"":62814,""pitch_cd"":976,""roll_cd"":-71,""yaw_cd"":-165,""bat_mv"":0,""status"":2}"
2026-08-12T20:00:19.759+00:00,BIN,"BIN,ver=1,type=1,seq=60111,ts=60,lat=0,lon=0,alt_mm=820,speed_cms=0,heading_cd=62814,pitch_cd=976,roll_cd=-86,yaw_cd=-186,bat_mv=0,status=0x02","{""ver"":1,""type"":1,""seq"":60111,""ts"":60,""lat"":0,""lon"":0,""alt_mm"":820,""speed_cms"":0,""heading_cd"":62814,""pitch_cd"":976,""roll_cd"":-86,""yaw_cd"":-186,""bat_mv"":0,""status"":2}"
2026-08-12T20:00:20.005+00:00,BIN,"BIN,ver=1,type=1,seq=60266,ts=60,lat=0,lon=0,alt_mm=750,speed_cms=0,heading_cd=62814,pitch_cd=1048,roll_cd=-31,yaw_cd=-107,bat_mv=0,status=0x02","{""ver"":1,""type"":1,""seq"":60266,""ts"":60,""lat"":0,""lon"":0,""alt_mm"":750,""speed_cms"":0,""heading_cd"":62814,""pitch_cd"":1048,""roll_cd"":-31,""yaw_cd"":-107,""bat_mv"":0,""status"":2}"
2026-08-12T20:00:20.089+00:00,BIN,"BIN,ver=1,type=1,seq=60391,ts=60,lat=0,lon=0,alt_mm=740,speed_cms=0,heading_cd=62814,pitch_cd=1031,roll_cd=33,yaw_cd=-30,bat_mv=0,status=0x02","{""ver"":1,""type"":1,""seq"":60391,""ts"":60,""lat"":0,""lon"":0,""alt_mm"":740,""speed_cms"":0,""heading_cd"":62814,""pitch_cd"":1031,""roll_cd"":33,""yaw_cd"":-30,""bat_mv"":0,""status"":2}"
2026-08-12T20:00:20.365+00:00,BIN,"BIN,ver=1,type=1,seq=60712,ts=60,lat=0,lon=0,alt_mm=710,speed_cms=0,heading_cd=62814,pitch_cd=1042,roll_cd=-59,yaw_cd=26,bat_mv=0,status=0x02","{""ver"":1,""type"":1,""seq"":60712,""ts"":60,""lat"":0,""lon"":0,""alt_mm"":710,""speed_cms"":0,""heading_cd"":62814,""pitch_cd"":1042,""roll_cd"":-59,""yaw_cd"":26,""bat_mv"":0,""status"":2}"
2026-08-12T20:00:20.425+00:00,BIN,"BIN,ver=1,type=1,seq=60827,ts=60,lat=0,lon=0,alt_mm=710,speed_cms=0,heading_cd=62814,pitch_cd=987,roll_cd=-132,yaw_cd=-196,bat_mv=0,status=0x02","{""ver"":1,""type"":1,""seq"":60827,""ts"":60,""lat"":0,""lon"":0,""alt_mm"":710,""speed_cms"":0,""heading_cd"":62814,""pitch_cd"":987,""roll_cd"":-132,""yaw_cd"":-196,""bat_mv"":0,""status"":2}"
2026-08-12T20:00:20.509+00:00,BIN,"BIN,ver=1,type=1,seq=60827,ts=60,lat=0,lon=0,alt_mm=690,speed_cms=0,heading_cd=62814,pitch_cd=987,roll_cd=-132,yaw_cd=-196,bat_mv=0,status=0x02","{""ver"":1,""type"":1,""seq"":60827,""ts"":60,""lat"":0,""lon"":0,""alt_mm"":690,""speed_cms"":0,""heading_cd"":62814,""pitch_cd"":987,""roll_cd"":-132,""yaw_cd"":-196,""bat_mv"":0,""status"":2}"
2026-08-12T20:00:20.605+00:00,BIN,"BIN,ver=1,type=1,seq=60951,ts=61,lat=0,lon=0,alt_mm=690,speed_cms=0,heading_cd=62814,pitch_cd=963,roll_cd=-96,yaw_cd=-44,bat_mv=0,status=0x02","{""ver"":1,""type"":1,""seq"":60951,""ts"":61,""lat"":0,""lon"":0,""alt_mm"":690,""speed_cms"":0,""heading_cd"":62814,""pitch_cd"":963,""roll_cd"":-96,""yaw_cd"":-44,""bat_mv"":0,""status"":2}"
2026-08-12T20:00:20.677+00:00,BIN,"BIN,ver=1,type=1,seq=60951,ts=61,lat=0,lon=0,alt_mm=690,speed_cms=0,heading_cd=62814,pitch_cd=980,roll_cd=-164,yaw_cd=-204,bat_mv=0,status=0x02","{""ver"":1,""type"":1,""seq"":60951,""ts"":61,""lat"":0,""lon"":0,""alt_mm"":690,""speed_cms"":0,""heading_cd"":62814,""pitch_cd"":980,""roll_cd"":-164,""yaw_cd"":-204,""bat_mv"":0,""status"":2}"
2026-08-12T20:00:20.928+00:00,BIN,"BIN,ver=1,type=1,seq=61231,ts=61,lat=0,lon=0,alt_mm=690,speed_cms=0,heading_cd=62814,pitch_cd=1061,roll_cd=-191,yaw_cd=-128,bat_mv=0,status=0x02","{""ver"":1,""type"":1,""seq"":61231,""ts"":61,""lat"":0,""lon"":0,""alt_mm"":690,""speed_cms"":0,""heading_cd"":62814,""pitch_cd"":1061,""roll_cd"":-191,""yaw_cd"":-128,""bat_mv"":0,""status"":2}"
2026-08-12T20:00:21.013+00:00,BIN,"BIN,ver=1,type=1,seq=61231,ts=61,lat=0,lon=0,alt_mm=730,speed_cms=0,heading_cd=62814,pitch_cd=1061,roll_cd=-191,yaw_cd=-128,bat_mv=0,status=0x02","{""ver"":1,""type"":1,""seq"":61231,""ts"":61,""lat"":0,""lon"":0,""alt_mm"":730,""speed_cms"":0,""heading_cd"":62814,""pitch_cd"":1061,""roll_cd"":-191,""yaw_cd"":-128,""bat_mv"":0,""status"":2}"
2026-08-12T20:00:21.098+00:00,BIN,"BIN,ver=1,type=1,seq=61511,ts=61,lat=0,lon=0,alt_mm=760,speed_cms=0,heading_cd=62814,pitch_cd=915,roll_cd=-44,yaw_cd=-152,bat_mv=0,status=0x02","{""ver"":1,""type"":1,""seq"":61511,""ts"":61,""lat"":0,""lon"":0,""alt_mm"":760,""speed_cms"":0,""heading_cd"":62814,""pitch_cd"":915,""roll_cd"":-44,""yaw_cd"":-152,""bat_mv"":0,""status"":2}"
2026-08-12T20:00:21.183+00:00,BIN,"BIN,ver=1,type=1,seq=61511,ts=61,lat=0,lon=0,alt_mm=760,speed_cms=0,heading_cd=62814,pitch_cd=869,roll_cd=-71,yaw_cd=-211,bat_mv=0,status=0x02","{""ver"":1,""type"":1,""seq"":61511,""ts"":61,""lat"":0,""lon"":0,""alt_mm"":760,""speed_cms"":0,""heading_cd"":62814,""pitch_cd"":869,""roll_cd"":-71,""yaw_cd"":-211,""bat_mv"":0,""status"":2}"
2026-08-12T20:00:21.281+00:00,BIN,"BIN,ver=1,type=1,seq=61714,ts=61,lat=0,lon=0,alt_mm=800,speed_cms=0,heading_cd=62814,pitch_cd=906,roll_cd=-48,yaw_cd=-71,bat_mv=0,status=0x02","{""ver"":1,""type"":1,""seq"":61714,""ts"":61,""lat"":0,""lon"":0,""alt_mm"":800,""speed_cms"":0,""heading_cd"":62814,""pitch_cd"":906,""roll_cd"":-48,""yaw_cd"":-71,""bat_mv"":0,""status"":2}"
2026-08-12T20:00:22.527+00:00,BIN,"BIN,ver=1,type=1,seq=62833,ts=62,lat=0,lon=0,alt_mm=690,speed_cms=0,heading_cd=62814,pitch_cd=931,roll_cd=44,yaw_cd=313,bat_mv=0,status=0x02","{""ver"":1,""type"":1,""seq"":62833,""ts"":62,""lat"":0,""lon"":0,""alt_mm"":690,""speed_cms"":0,""heading_cd"":62814,""pitch_cd"":931,""roll_cd"":44,""yaw_cd"":313,""bat_mv"":0,""status"":2}"
2026-08-12T20:00:23.533+00:00,BIN,"BIN,ver=1,type=1,seq=63886,ts=63,lat=0,lon=0,alt_mm=680,speed_cms=0,heading_cd=62814,pitch_cd=961,roll_cd=22,yaw_cd=277,bat_mv=0,status=0x02","{""ver"":1,""type"":1,""seq"":63886,""ts"":63,""lat"":0,""lon"":0,""alt_mm"":680,""speed_cms"":0,""heading_cd"":62814,""pitch_cd"":961,""roll_cd"":22,""yaw_cd"":277,""bat_mv"":0,""status"":2}"
2026-08-12T20:00:23.617+00:00,BIN,"BIN,ver=1,type=1,seq=63886,ts=64,lat=0,lon=0,alt_mm=690,speed_cms=0,heading_cd=62814,pitch_cd=1020,roll_cd=118,yaw_cd=336,bat_mv=0,status=0x02","{""ver"":1,""type"":1,""seq"":63886,""ts"":64,""lat"":0,""lon"":0,""alt_mm"":690,""speed_cms"":0,""heading_cd"":62814,""pitch_cd"":1020,""roll_cd"":118,""yaw_cd"":336,""bat_mv"":0,""status"":2}"
2026-08-12T20:00:23.953+00:00,BIN,"BIN,ver=1,type=1,seq=64166,ts=64,lat=0,lon=0,alt_mm=760,speed_cms=0,heading_cd=62814,pitch_cd=1117,roll_cd=227,yaw_cd=166,bat_mv=0,status=0x02","{""ver"":1,""type"":1,""seq"":64166,""ts"":64,""lat"":0,""lon"":0,""alt_mm"":760,""speed_cms"":0,""heading_cd"":62814,""pitch_cd"":1117,""roll_cd"":227,""yaw_cd"":166,""bat_mv"":0,""status"":2}"
2026-08-12T20:00:24.120+00:00,BIN,"BIN,ver=1,type=1,seq=64612,ts=64,lat=0,lon=0,alt_mm=830,speed_cms=0,heading_cd=62814,pitch_cd=874,roll_cd=-89,yaw_cd=75,bat_mv=0,status=0x02","{""ver"":1,""type"":1,""seq"":64612,""ts"":64,""lat"":0,""lon"":0,""alt_mm"":830,""speed_cms"":0,""heading_cd"":62814,""pitch_cd"":874,""roll_cd"":-89,""yaw_cd"":75,""bat_mv"":0,""status"":2}"
2026-08-12T20:00:24.286+00:00,BIN,"BIN,ver=1,type=1,seq=64612,ts=64,lat=0,lon=0,alt_mm=830,speed_cms=0,heading_cd=62814,pitch_cd=843,roll_cd=-207,yaw_cd=23,bat_mv=0,status=0x02","{""ver"":1,""type"":1,""seq"":64612,""ts"":64,""lat"":0,""lon"":0,""alt_mm"":830,""speed_cms"":0,""heading_cd"":62814,""pitch_cd"":843,""roll_cd"":-207,""yaw_cd"":23,""bat_mv"":0,""status"":2}"
2026-08-12T20:00:24.708+00:00,BIN,"BIN,ver=1,type=1,seq=65006,ts=65,lat=0,lon=0,alt_mm=850,speed_cms=0,heading_cd=62814,pitch_cd=997,roll_cd=-128,yaw_cd=-202,bat_mv=0,status=0x02","{""ver"":1,""type"":1,""seq"":65006,""ts"":65,""lat"":0,""lon"":0,""alt_mm"":850,""speed_cms"":0,""heading_cd"":62814,""pitch_cd"":997,""roll_cd"":-128,""yaw_cd"":-202,""bat_mv"":0,""status"":2}"
2026-08-12T20:00:24.877+00:00,BIN,"BIN,ver=1,type=1,seq=65131,ts=65,lat=0,lon=0,alt_mm=820,speed_cms=0,heading_cd=62814,pitch_cd=993,roll_cd=-96,yaw_cd=-190,bat_mv=0,status=0x02","{""ver"":1,""type"":1,""seq"":65131,""ts"":65,""lat"":0,""lon"":0,""alt_mm"":820,""speed_cms"":0,""heading_cd"":62814,""pitch_cd"":993,""roll_cd"":-96,""yaw_cd"":-190,""bat_mv"":0,""status"":2}"
2026-08-12T20:00:25.128+00:00,BIN,"BIN,ver=1,type=1,seq=73,ts=65,lat=0,lon=0,alt_mm=790,speed_cms=0,heading_cd=62814,pitch_cd=997,roll_cd=-57,yaw_cd=-228,bat_mv=0,status=0x02","{""ver"":1,""type"":1,""seq"":73,""ts"":65,""lat"":0,""lon"":0,""alt_mm"":790,""speed_cms"":0,""heading_cd"":62814,""pitch_cd"":997,""roll_cd"":-57,""yaw_cd"":-228,""bat_mv"":0,""status"":2}"
2026-08-12T20:00:25.212+00:00,BIN,"BIN,ver=1,type=1,seq=73,ts=65,lat=0,lon=0,alt_mm=790,speed_cms=0,heading_cd=62814,pitch_cd=1022,roll_cd=-47,yaw_cd=-209,bat_mv=0,status=0x02","{""ver"":1,""type"":1,""seq"":73,""ts"":65,""lat"":0,""lon"":0,""alt_mm"":790,""speed_cms"":0,""heading_cd"":62814,""pitch_cd"":1022,""roll_cd"":-47,""yaw_cd"":-209,""bat_mv"":0,""status"":2}"
2026-08-12T20:00:25.296+00:00,BIN,"BIN,ver=1,type=1,seq=73,ts=65,lat=0,lon=0,alt_mm=800,speed_cms=0,heading_cd=62814,pitch_cd=1022,roll_cd=-47,yaw_cd=-209,bat_mv=0,status=0x02","{""ver"":1,""type"":1,""seq"":73,""ts"":65,""lat"":0,""lon"":0,""alt_mm"":800,""speed_cms"":0,""heading_cd"":62814,""pitch_cd"":1022,""roll_cd"":-47,""yaw_cd"":-209,""bat_mv"":0,""status"":2}"
2026-08-12T20:00:25.380+00:00,BIN,"BIN,ver=1,type=1,seq=195,ts=65,lat=0,lon=0,alt_mm=800,speed_cms=0,heading_cd=62814,pitch_cd=1008,roll_cd=-45,yaw_cd=-167,bat_mv=0,status=0x02","{""ver"":1,""type"":1,""seq"":195,""ts"":65,""lat"":0,""lon"":0,""alt_mm"":800,""speed_cms"":0,""heading_cd"":62814,""pitch_cd"":1008,""roll_cd"":-45,""yaw_cd"":-167,""bat_mv"":0,""status"":2}"
2026-08-12T20:00:25.715+00:00,BIN,"BIN,ver=1,type=1,seq=435,ts=66,lat=0,lon=0,alt_mm=820,speed_cms=0,heading_cd=62814,pitch_cd=964,roll_cd=-20,yaw_cd=-190,bat_mv=0,status=0x02","{""ver"":1,""type"":1,""seq"":435,""ts"":66,""lat"":0,""lon"":0,""alt_mm"":820,""speed_cms"":0,""heading_cd"":62814,""pitch_cd"":964,""roll_cd"":-20,""yaw_cd"":-190,""bat_mv"":0,""status"":2}"
2026-08-12T20:00:25.799+00:00,BIN,"BIN,ver=1,type=1,seq=590,ts=66,lat=0,lon=0,alt_mm=820,speed_cms=0,heading_cd=62814,pitch_cd=960,roll_cd=-69,yaw_cd=-163,bat_mv=0,status=0x02","{""ver"":1,""type"":1,""seq"":590,""ts"":66,""lat"":0,""lon"":0,""alt_mm"":820,""speed_cms"":0,""heading_cd"":62814,""pitch_cd"":960,""roll_cd"":-69,""yaw_cd"":-163,""bat_mv"":0,""status"":2}"
2026-08-12T20:00:25.883+00:00,BIN,"BIN,ver=1,type=1,seq=715,ts=66,lat=0,lon=0,alt_mm=810,speed_cms=0,heading_cd=62814,pitch_cd=985,roll_cd=-148,yaw_cd=-140,bat_mv=0,status=0x02","{""ver"":1,""type"":1,""seq"":715,""ts"":66,""lat"":0,""lon"":0,""alt_mm"":810,""speed_cms"":0,""heading_cd"":62814,""pitch_cd"":985,""roll_cd"":-148,""yaw_cd"":-140,""bat_mv"":0,""status"":2}"
2026-08-12T20:00:26.049+00:00,BIN,"BIN,ver=1,type=1,seq=870,ts=66,lat=0,lon=0,alt_mm=850,speed_cms=0,heading_cd=62814,pitch_cd=997,roll_cd=-113,yaw_cd=-188,bat_mv=0,status=0x02","{""ver"":1,""type"":1,""seq"":870,""ts"":66,""lat"":0,""lon"":0,""alt_mm"":850,""speed_cms"":0,""heading_cd"":62814,""pitch_cd"":997,""roll_cd"":-113,""yaw_cd"":-188,""bat_mv"":0,""status"":2}"
2026-08-12T20:00:28.063+00:00,BIN,"BIN,ver=1,type=1,seq=2955,ts=68,lat=0,lon=0,alt_mm=760,speed_cms=0,heading_cd=62814,pitch_cd=948,roll_cd=-56,yaw_cd=-148,bat_mv=0,status=0x02","{""ver"":1,""type"":1,""seq"":2955,""ts"":68,""lat"":0,""lon"":0,""alt_mm"":760,""speed_cms"":0,""heading_cd"":62814,""pitch_cd"":948,""roll_cd"":-56,""yaw_cd"":-148,""bat_mv"":0,""status"":2}"
2026-08-12T20:00:28.314+00:00,BIN,"BIN,ver=1,type=1,seq=3141,ts=68,lat=0,lon=0,alt_mm=840,speed_cms=0,heading_cd=62814,pitch_cd=958,roll_cd=-2,yaw_cd=-198,bat_mv=0,status=0x02","{""ver"":1,""type"":1,""seq"":3141,""ts"":68,""lat"":0,""lon"":0,""alt_mm"":840,""speed_cms"":0,""heading_cd"":62814,""pitch_cd"":958,""roll_cd"":-2,""yaw_cd"":-198,""bat_mv"":0,""status"":2}"
2026-08-12T20:00:28.566+00:00,BIN,"BIN,ver=1,type=1,seq=3370,ts=68,lat=0,lon=0,alt_mm=950,speed_cms=0,heading_cd=62814,pitch_cd=942,roll_cd=-35,yaw_cd=-92,bat_mv=0,status=0x02","{""ver"":1,""type"":1,""seq"":3370,""ts"":68,""lat"":0,""lon"":0,""alt_mm"":950,""speed_cms"":0,""heading_cd"":62814,""pitch_cd"":942,""roll_cd"":-35,""yaw_cd"":-92,""bat_mv"":0,""status"":2}"
2026-08-12T20:00:28.650+00:00,BIN,"BIN,ver=1,type=1,seq=3370,ts=69,lat=0,lon=0,alt_mm=900,speed_cms=0,heading_cd=62814,pitch_cd=997,roll_cd=34,yaw_cd=-187,bat_mv=0,status=0x02","{""ver"":1,""type"":1,""seq"":3370,""ts"":69,""lat"":0,""lon"":0,""alt_mm"":900,""speed_cms"":0,""heading_cd"":62814,""pitch_cd"":997,""roll_cd"":34,""yaw_cd"":-187,""bat_mv"":0,""status"":2}"
2026-08-12T20:00:29.155+00:00,BIN,"BIN,ver=1,type=1,seq=4055,ts=69,lat=0,lon=0,alt_mm=850,speed_cms=0,heading_cd=62814,pitch_cd=1006,roll_cd=-92,yaw_cd=-55,bat_mv=0,status=0x02","{""ver"":1,""type"":1,""seq"":4055,""ts"":69,""lat"":0,""lon"":0,""alt_mm"":850,""speed_cms"":0,""heading_cd"":62814,""pitch_cd"":1006,""roll_cd"":-92,""yaw_cd"":-55,""bat_mv"":0,""status"":2}"
2026-08-12T20:00:30.832+00:00,BIN,"BIN,ver=1,type=1,seq=5570,ts=71,lat=0,lon=0,alt_mm=820,speed_cms=0,heading_cd=62814,pitch_cd=937,roll_cd=-356,yaw_cd=173,bat_mv=0,status=0x02","{""ver"":1,""type"":1,""seq"":5570,""ts"":71,""lat"":0,""lon"":0,""alt_mm"":820,""speed_cms"":0,""heading_cd"":62814,""pitch_cd"":937,""roll_cd"":-356,""yaw_cd"":173,""bat_mv"":0,""status"":2}"
2026-08-12T20:00:31.000+00:00,BIN,"BIN,ver=1,type=1,seq=5695,ts=71,lat=0,lon=0,alt_mm=830,speed_cms=0,heading_cd=62814,pitch_cd=983,roll_cd=-250,yaw_cd=58,bat_mv=0,status=0x02","{""ver"":1,""type"":1,""seq"":5695,""ts"":71,""lat"":0,""lon"":0,""alt_mm"":830,""speed_cms"":0,""heading_cd"":62814,""pitch_cd"":983,""roll_cd"":-250,""yaw_cd"":58,""bat_mv"":0,""status"":2}"
2026-08-12T20:00:31.338+00:00,BIN,"BIN,ver=1,type=1,seq=6165,ts=71,lat=0,lon=0,alt_mm=1000,speed_cms=0,heading_cd=62814,pitch_cd=942,roll_cd=-160,yaw_cd=-175,bat_mv=0,status=0x02","{""ver"":1,""type"":1,""seq"":6165,""ts"":71,""lat"":0,""lon"":0,""alt_mm"":1000,""speed_cms"":0,""heading_cd"":62814,""pitch_cd"":942,""roll_cd"":-160,""yaw_cd"":-175,""bat_mv"":0,""status"":2}"
2026-08-12T20:00:31.501+00:00,BIN,"BIN,ver=1,type=1,seq=6275,ts=71,lat=0,lon=0,alt_mm=850,speed_cms=0,heading_cd=62814,pitch_cd=919,roll_cd=-149,yaw_cd=107,bat_mv=0,status=0x02","{""ver"":1,""type"":1,""seq"":6275,""ts"":71,""lat"":0,""lon"":0,""alt_mm"":850,""speed_cms"":0,""heading_cd"":62814,""pitch_cd"":919,""roll_cd"":-149,""yaw_cd"":107,""bat_mv"":0,""status"":2}"
2026-08-12T20:00:31.923+00:00,BIN,"BIN,ver=1,type=1,seq=6670,ts=72,lat=0,lon=0,alt_mm=800,speed_cms=0,heading_cd=62814,pitch_cd=850,roll_cd=-39,yaw_cd=-34,bat_mv=0,status=0x02","{""ver"":1,""type"":1,""seq"":6670,""ts"":72,""lat"":0,""lon"":0,""alt_mm"":800,""speed_cms"":0,""heading_cd"":62814,""pitch_cd"":850,""roll_cd"":-39,""yaw_cd"":-34,""bat_mv"":0,""status"":2}"
2026-08-12T20:00:32.007+00:00,BIN,"BIN,ver=1,type=1,seq=6795,ts=72,lat=0,lon=0,alt_mm=1030,speed_cms=0,heading_cd=62814,pitch_cd=1017,roll_cd=41,yaw_cd=68,bat_mv=0,status=0x02","{""ver"":1,""type"":1,""seq"":6795,""ts"":72,""lat"":0,""lon"":0,""alt_mm"":1030,""speed_cms"":0,""heading_cd"":62814,""pitch_cd"":1017,""roll_cd"":41,""yaw_cd"":68,""bat_mv"":0,""status"":2}"
2026-08-12T20:00:32.089+00:00,BIN,"BIN,ver=1,type=1,seq=6962,ts=72,lat=0,lon=0,alt_mm=1030,speed_cms=0,heading_cd=62814,pitch_cd=1017,roll_cd=41,yaw_cd=68,bat_mv=0,status=0x02","{""ver"":1,""type"":1,""seq"":6962,""ts"":72,""lat"":0,""lon"":0,""alt_mm"":1030,""speed_cms"":0,""heading_cd"":62814,""pitch_cd"":1017,""roll_cd"":41,""yaw_cd"":68,""bat_mv"":0,""status"":2}"
2026-08-12T20:00:33.352+00:00,BIN,"BIN,ver=1,type=1,seq=8176,ts=73,lat=0,lon=0,alt_mm=820,speed_cms=0,heading_cd=62814,pitch_cd=990,roll_cd=-97,yaw_cd=-18,bat_mv=0,status=0x02","{""ver"":1,""type"":1,""seq"":8176,""ts"":73,""lat"":0,""lon"":0,""alt_mm"":820,""speed_cms"":0,""heading_cd"":62814,""pitch_cd"":990,""roll_cd"":-97,""yaw_cd"":-18,""bat_mv"":0,""status"":2}"
2026-08-12T20:00:34.441+00:00,BIN,"BIN,ver=1,type=1,seq=9295,ts=74,lat=0,lon=0,alt_mm=790,speed_cms=0,heading_cd=62814,pitch_cd=916,roll_cd=-156,yaw_cd=-168,bat_mv=0,status=0x02","{""ver"":1,""type"":1,""seq"":9295,""ts"":74,""lat"":0,""lon"":0,""alt_mm"":790,""speed_cms"":0,""heading_cd"":62814,""pitch_cd"":916,""roll_cd"":-156,""yaw_cd"":-168,""bat_mv"":0,""status"":2}"
2026-08-12T20:00:35.698+00:00,BIN,"BIN,ver=1,type=1,seq=10530,ts=76,lat=0,lon=0,alt_mm=780,speed_cms=0,heading_cd=62814,pitch_cd=1015,roll_cd=-159,yaw_cd=-136,bat_mv=0,status=0x02","{""ver"":1,""type"":1,""seq"":10530,""ts"":76,""lat"":0,""lon"":0,""alt_mm"":780,""speed_cms"":0,""heading_cd"":62814,""pitch_cd"":1015,""roll_cd"":-159,""yaw_cd"":-136,""bat_mv"":0,""status"":2}"
2026-08-12T20:00:37.546+00:00,BIN,"BIN,ver=1,type=1,seq=12335,ts=77,lat=0,lon=0,alt_mm=790,speed_cms=0,heading_cd=62814,pitch_cd=1181,roll_cd=-64,yaw_cd=-188,bat_mv=0,status=0x02","{""ver"":1,""type"":1,""seq"":12335,""ts"":77,""lat"":0,""lon"":0,""alt_mm"":790,""speed_cms"":0,""heading_cd"":62814,""pitch_cd"":1181,""roll_cd"":-64,""yaw_cd"":-188,""bat_mv"":0,""status"":2}"
2026-08-12T20:00:42.832+00:00,BIN,"BIN,ver=1,type=1,seq=17595,ts=83,lat=0,lon=0,alt_mm=720,speed_cms=0,heading_cd=62814,pitch_cd=1028,roll_cd=-315,yaw_cd=-36,bat_mv=0,status=0x02","{""ver"":1,""type"":1,""seq"":17595,""ts"":83,""lat"":0,""lon"":0,""alt_mm"":720,""speed_cms"":0,""heading_cd"":62814,""pitch_cd"":1028,""roll_cd"":-315,""yaw_cd"":-36,""bat_mv"":0,""status"":2}"
2026-08-12T20:00:43.668+00:00,BIN,"BIN,ver=1,type=1,seq=18435,ts=84,lat=0,lon=0,alt_mm=780,speed_cms=0,heading_cd=62814,pitch_cd=953,roll_cd=-98,yaw_cd=132,bat_mv=0,status=0x02","{""ver"":1,""type"":1,""seq"":18435,""ts"":84,""lat"":0,""lon"":0,""alt_mm"":780,""speed_cms"":0,""heading_cd"":62814,""pitch_cd"":953,""roll_cd"":-98,""yaw_cd"":132,""bat_mv"":0,""status"":2}"
2026-08-12T20:00:43.751+00:00,BIN,"BIN,ver=1,type=1,seq=18590,ts=84,lat=0,lon=0,alt_mm=810,speed_cms=0,heading_cd=62814,pitch_cd=1040,roll_cd=-53,yaw_cd=-50,bat_mv=0,status=0x02","{""ver"":1,""type"":1,""seq"":18590,""ts"":84,""lat"":0,""lon"":0,""alt_mm"":810,""speed_cms"":0,""heading_cd"":62814,""pitch_cd"":1040,""roll_cd"":-53,""yaw_cd"":-50,""bat_mv"":0,""status"":2}"
2026-08-12T20:00:45.681+00:00,BIN,"BIN,ver=1,type=1,seq=20395,ts=86,lat=0,lon=0,alt_mm=890,speed_cms=0,heading_cd=62814,pitch_cd=897,roll_cd=-384,yaw_cd=-63,bat_mv=0,status=0x02","{""ver"":1,""type"":1,""seq"":20395,""ts"":86,""lat"":0,""lon"":0,""alt_mm"":890,""speed_cms"":0,""heading_cd"":62814,""pitch_cd"":897,""roll_cd"":-384,""yaw_cd"":-63,""bat_mv"":0,""status"":2}"
2026-08-12T20:00:45.763+00:00,BIN,"BIN,ver=1,type=1,seq=20550,ts=86,lat=0,lon=0,alt_mm=890,speed_cms=0,heading_cd=62814,pitch_cd=1096,roll_cd=-346,yaw_cd=-86,bat_mv=0,status=0x02","{""ver"":1,""type"":1,""seq"":20550,""ts"":86,""lat"":0,""lon"":0,""alt_mm"":890,""speed_cms"":0,""heading_cd"":62814,""pitch_cd"":1096,""roll_cd"":-346,""yaw_cd"":-86,""bat_mv"":0,""status"":2}"
2026-08-12T20:00:45.848+00:00,BIN,"BIN,ver=1,type=1,seq=20675,ts=86,lat=0,lon=0,alt_mm=910,speed_cms=0,heading_cd=62814,pitch_cd=921,roll_cd=-189,yaw_cd=116,bat_mv=0,status=0x02","{""ver"":1,""type"":1,""seq"":20675,""ts"":86,""lat"":0,""lon"":0,""alt_mm"":910,""speed_cms"":0,""heading_cd"":62814,""pitch_cd"":921,""roll_cd"":-189,""yaw_cd"":116,""bat_mv"":0,""status"":2}"
2026-08-12T20:00:46.268+00:00,BIN,"BIN,ver=1,type=1,seq=21124,ts=86,lat=0,lon=0,alt_mm=880,speed_cms=0,heading_cd=62814,pitch_cd=824,roll_cd=-137,yaw_cd=-116,bat_mv=0,status=0x02","{""ver"":1,""type"":1,""seq"":21124,""ts"":86,""lat"":0,""lon"":0,""alt_mm"":880,""speed_cms"":0,""heading_cd"":62814,""pitch_cd"":824,""roll_cd"":-137,""yaw_cd"":-116,""bat_mv"":0,""status"":2}"
2026-08-12T20:00:46.518+00:00,BIN,"BIN,ver=1,type=1,seq=21235,ts=86,lat=0,lon=0,alt_mm=900,speed_cms=0,heading_cd=62814,pitch_cd=1045,roll_cd=-127,yaw_cd=34,bat_mv=0,status=0x02","{""ver"":1,""type"":1,""seq"":21235,""ts"":86,""lat"":0,""lon"":0,""alt_mm"":900,""speed_cms"":0,""heading_cd"":62814,""pitch_cd"":1045,""roll_cd"":-127,""yaw_cd"":34,""bat_mv"":0,""status"":2}"
2026-08-12T20:00:46.687+00:00,BIN,"BIN,ver=1,type=1,seq=21515,ts=87,lat=0,lon=0,alt_mm=900,speed_cms=0,heading_cd=62814,pitch_cd=1032,roll_cd=-24,yaw_cd=-103,bat_mv=0,status=0x02","{""ver"":1,""type"":1,""seq"":21515,""ts"":87,""lat"":0,""lon"":0,""alt_mm"":900,""speed_cms"":0,""heading_cd"":62814,""pitch_cd"":1032,""roll_cd"":-24,""yaw_cd"":-103,""bat_mv"":0,""status"":2}"
2026-08-12T20:00:46.772+00:00,BIN,"BIN,ver=1,type=1,seq=21515,ts=87,lat=0,lon=0,alt_mm=900,speed_cms=0,heading_cd=62814,pitch_cd=943,roll_cd=-76,yaw_cd=-147,bat_mv=0,status=0x02","{""ver"":1,""type"":1,""seq"":21515,""ts"":87,""lat"":0,""lon"":0,""alt_mm"":900,""speed_cms"":0,""heading_cd"":62814,""pitch_cd"":943,""roll_cd"":-76,""yaw_cd"":-147,""bat_mv"":0,""status"":2}"
2026-08-12T20:00:47.023+00:00,BIN,"BIN,ver=1,type=1,seq=21795,ts=87,lat=0,lon=0,alt_mm=970,speed_cms=0,heading_cd=62814,pitch_cd=951,roll_cd=-194,yaw_cd=-122,bat_mv=0,status=0x02","{""ver"":1,""type"":1,""seq"":21795,""ts"":87,""lat"":0,""lon"":0,""alt_mm"":970,""speed_cms"":0,""heading_cd"":62814,""pitch_cd"":951,""roll_cd"":-194,""yaw_cd"":-122,""bat_mv"":0,""status"":2}"
2026-08-12T20:00:47.110+00:00,BIN,"BIN,ver=1,type=1,seq=22076,ts=87,lat=0,lon=0,alt_mm=930,speed_cms=0,heading_cd=62814,pitch_cd=985,roll_cd=-248,yaw_cd=-73,bat_mv=0,status=0x02","{""ver"":1,""type"":1,""seq"":22076,""ts"":87,""lat"":0,""lon"":0,""alt_mm"":930,""speed_cms"":0,""heading_cd"":62814,""pitch_cd"":985,""roll_cd"":-248,""yaw_cd"":-73,""bat_mv"":0,""status"":2}"
2026-08-12T20:00:47.694+00:00,BIN,"BIN,ver=1,type=1,seq=22510,ts=88,lat=0,lon=0,alt_mm=820,speed_cms=0,heading_cd=62814,pitch_cd=999,roll_cd=-137,yaw_cd=-82,bat_mv=0,status=0x02","{""ver"":1,""type"":1,""seq"":22510,""ts"":88,""lat"":0,""lon"":0,""alt_mm"":820,""speed_cms"":0,""heading_cd"":62814,""pitch_cd"":999,""roll_cd"":-137,""yaw_cd"":-82,""bat_mv"":0,""status"":2}"
2026-08-12T20:00:47.779+00:00,BIN,"BIN,ver=1,type=1,seq=22510,ts=88,lat=0,lon=0,alt_mm=870,speed_cms=0,heading_cd=62814,pitch_cd=1024,roll_cd=-163,yaw_cd=2,bat_mv=0,status=0x02","{""ver"":1,""type"":1,""seq"":22510,""ts"":88,""lat"":0,""lon"":0,""alt_mm"":870,""speed_cms"":0,""heading_cd"":62814,""pitch_cd"":1024,""roll_cd"":-163,""yaw_cd"":2,""bat_mv"":0,""status"":2}"
2026-08-12T20:00:47.861+00:00,BIN,"BIN,ver=1,type=1,seq=22635,ts=88,lat=0,lon=0,alt_mm=870,speed_cms=0,heading_cd=62814,pitch_cd=1011,roll_cd=-171,yaw_cd=-77,bat_mv=0,status=0x02","{""ver"":1,""type"":1,""seq"":22635,""ts"":88,""lat"":0,""lon"":0,""alt_mm"":870,""speed_cms"":0,""heading_cd"":62814,""pitch_cd"":1011,""roll_cd"":-171,""yaw_cd"":-77,""bat_mv"":0,""status"":2}"
2026-08-12T20:00:48.785+00:00,BIN,"BIN,ver=1,type=1,seq=23630,ts=89,lat=0,lon=0,alt_mm=920,speed_cms=0,heading_cd=62814,pitch_cd=1039,roll_cd=-84,yaw_cd=-27,bat_mv=0,status=0x02","{""ver"":1,""type"":1,""seq"":23630,""ts"":89,""lat"":0,""lon"":0,""alt_mm"":920,""speed_cms"":0,""heading_cd"":62814,""pitch_cd"":1039,""roll_cd"":-84,""yaw_cd"":-27,""bat_mv"":0,""status"":2}"
2026-08-12T20:00:49.124+00:00,BIN,"BIN,ver=1,type=1,seq=24035,ts=89,lat=0,lon=0,alt_mm=940,speed_cms=0,heading_cd=62814,pitch_cd=882,roll_cd=-118,yaw_cd=-92,bat_mv=0,status=0x02","{""ver"":1,""type"":1,""seq"":24035,""ts"":89,""lat"":0,""lon"":0,""alt_mm"":940,""speed_cms"":0,""heading_cd"":62814,""pitch_cd"":882,""roll_cd"":-118,""yaw_cd"":-92,""bat_mv"":0,""status"":2}"
2026-08-12T20:00:51.807+00:00,BIN,"BIN,ver=1,type=1,seq=26555,ts=92,lat=0,lon=0,alt_mm=970,speed_cms=0,heading_cd=62814,pitch_cd=1019,roll_cd=-148,yaw_cd=7,bat_mv=0,status=0x02","{""ver"":1,""type"":1,""seq"":26555,""ts"":92,""lat"":0,""lon"":0,""alt_mm"":970,""speed_cms"":0,""heading_cd"":62814,""pitch_cd"":1019,""roll_cd"":-148,""yaw_cd"":7,""bat_mv"":0,""status"":2}"
2026-08-12T20:00:52.728+00:00,BIN,"BIN,ver=1,type=1,seq=27550,ts=93,lat=0,lon=0,alt_mm=1080,speed_cms=0,heading_cd=62814,pitch_cd=996,roll_cd=-310,yaw_cd=-22,bat_mv=0,status=0x02","{""ver"":1,""type"":1,""seq"":27550,""ts"":93,""lat"":0,""lon"":0,""alt_mm"":1080,""speed_cms"":0,""heading_cd"":62814,""pitch_cd"":996,""roll_cd"":-310,""yaw_cd"":-22,""bat_mv"":0,""status"":2}"
2026-08-12T20:00:53.148+00:00,BIN,"BIN,ver=1,type=1,seq=27955,ts=93,lat=0,lon=0,alt_mm=1230,speed_cms=0,heading_cd=62814,pitch_cd=1008,roll_cd=-133,yaw_cd=87,bat_mv=0,status=0x02","{""ver"":1,""type"":1,""seq"":27955,""ts"":93,""lat"":0,""lon"":0,""alt_mm"":1230,""speed_cms"":0,""heading_cd"":62814,""pitch_cd"":1008,""roll_cd"":-133,""yaw_cd"":87,""bat_mv"":0,""status"":2}"
2026-08-12T20:00:53.230+00:00,BIN,"BIN,ver=1,type=1,seq=28112,ts=93,lat=0,lon=0,alt_mm=1230,speed_cms=0,heading_cd=62814,pitch_cd=948,roll_cd=-109,yaw_cd=-125,bat_mv=0,status=0x02","{""ver"":1,""type"":1,""seq"":28112,""ts"":93,""lat"":0,""lon"":0,""alt_mm"":1230,""speed_cms"":0,""heading_cd"":62814,""pitch_cd"":948,""roll_cd"":-109,""yaw_cd"":-125,""bat_mv"":0,""status"":2}"
2026-08-12T20:01:29.819+00:00,BIN,"BIN,ver=1,type=1,seq=64615,ts=130,lat=0,lon=0,alt_mm=860,speed_cms=0,heading_cd=62814,pitch_cd=870,roll_cd=-251,yaw_cd=-573,bat_mv=0,status=0x02","{""ver"":1,""type"":1,""seq"":64615,""ts"":130,""lat"":0,""lon"":0,""alt_mm"":860,""speed_cms"":0,""heading_cd"":62814,""pitch_cd"":870,""roll_cd"":-251,""yaw_cd"":-573,""bat_mv"":0,""status"":2}"
2026-08-12T20:01:29.989+00:00,BIN,"BIN,ver=1,type=1,seq=64770,ts=130,lat=0,lon=0,alt_mm=710,speed_cms=0,heading_cd=62814,pitch_cd=886,roll_cd=-312,yaw_cd=-597,bat_mv=0,status=0x02","{""ver"":1,""type"":1,""seq"":64770,""ts"":130,""lat"":0,""lon"":0,""alt_mm"":710,""speed_cms"":0,""heading_cd"":62814,""pitch_cd"":886,""roll_cd"":-312,""yaw_cd"":-597,""bat_mv"":0,""status"":2}"
2026-08-12T20:01:30.073+00:00,BIN,"BIN,ver=1,type=1,seq=64895,ts=130,lat=0,lon=0,alt_mm=740,speed_cms=0,heading_cd=62814,pitch_cd=649,roll_cd=-422,yaw_cd=-319,bat_mv=0,status=0x02","{""ver"":1,""type"":1,""seq"":64895,""ts"":130,""lat"":0,""lon"":0,""alt_mm"":740,""speed_cms"":0,""heading_cd"":62814,""pitch_cd"":649,""roll_cd"":-422,""yaw_cd"":-319,""bat_mv"":0,""status"":2}"
2026-08-12T20:01:30.155+00:00,BIN,"BIN,ver=1,type=1,seq=65050,ts=130,lat=0,lon=0,alt_mm=740,speed_cms=0,heading_cd=62814,pitch_cd=649,roll_cd=-422,yaw_cd=-319,bat_mv=0,status=0x02","{""ver"":1,""type"":1,""seq"":65050,""ts"":130,""lat"":0,""lon"":0,""alt_mm"":740,""speed_cms"":0,""heading_cd"":62814,""pitch_cd"":649,""roll_cd"":-422,""yaw_cd"":-319,""bat_mv"":0,""status"":2}"
2026-08-12T20:01:30.325+00:00,BIN,"BIN,ver=1,type=1,seq=65176,ts=130,lat=0,lon=0,alt_mm=720,speed_cms=0,heading_cd=62814,pitch_cd=619,roll_cd=-173,yaw_cd=-450,bat_mv=0,status=0x02","{""ver"":1,""type"":1,""seq"":65176,""ts"":130,""lat"":0,""lon"":0,""alt_mm"":720,""speed_cms"":0,""heading_cd"":62814,""pitch_cd"":619,""roll_cd"":-173,""yaw_cd"":-450,""bat_mv"":0,""status"":2}"
2026-08-12T20:01:30.405+00:00,BIN,"BIN,ver=1,type=1,seq=65176,ts=130,lat=0,lon=0,alt_mm=550,speed_cms=0,heading_cd=62814,pitch_cd=796,roll_cd=-125,yaw_cd=-479,bat_mv=0,status=0x02","{""ver"":1,""type"":1,""seq"":65176,""ts"":130,""lat"":0,""lon"":0,""alt_mm"":550,""speed_cms"":0,""heading_cd"":62814,""pitch_cd"":796,""roll_cd"":-125,""yaw_cd"":-479,""bat_mv"":0,""status"":2}"
2026-08-12T20:01:30.575+00:00,BIN,"BIN,ver=1,type=1,seq=65332,ts=131,lat=0,lon=0,alt_mm=550,speed_cms=0,heading_cd=62814,pitch_cd=945,roll_cd=-220,yaw_cd=-542,bat_mv=0,status=0x02","{""ver"":1,""type"":1,""seq"":65332,""ts"":131,""lat"":0,""lon"":0,""alt_mm"":550,""speed_cms"":0,""heading_cd"":62814,""pitch_cd"":945,""roll_cd"":-220,""yaw_cd"":-542,""bat_mv"":0,""status"":2}"
2026-08-12T20:01:33.844+00:00,BIN,"BIN,ver=1,type=1,seq=3134,ts=134,lat=0,lon=0,alt_mm=890,speed_cms=0,heading_cd=62814,pitch_cd=1003,roll_cd=-171,yaw_cd=-7,bat_mv=0,status=0x02","{""ver"":1,""type"":1,""seq"":3134,""ts"":134,""lat"":0,""lon"":0,""alt_mm"":890,""speed_cms"":0,""heading_cd"":62814,""pitch_cd"":1003,""roll_cd"":-171,""yaw_cd"":-7,""bat_mv"":0,""status"":2}"
2026-08-12T20:01:35.857+00:00,BIN,"BIN,ver=1,type=1,seq=5094,ts=136,lat=0,lon=0,alt_mm=900,speed_cms=0,heading_cd=62814,pitch_cd=980,roll_cd=-37,yaw_cd=-74,bat_mv=0,status=0x02","{""ver"":1,""type"":1,""seq"":5094,""ts"":136,""lat"":0,""lon"":0,""alt_mm"":900,""speed_cms"":0,""heading_cd"":62814,""pitch_cd"":980,""roll_cd"":-37,""yaw_cd"":-74,""bat_mv"":0,""status"":2}"
2026-08-12T20:01:37.201+00:00,BIN,"BIN,ver=1,type=1,seq=6620,ts=137,lat=0,lon=0,alt_mm=960,speed_cms=0,heading_cd=62814,pitch_cd=973,roll_cd=-126,yaw_cd=-128,bat_mv=0,status=0x02","{""ver"":1,""type"":1,""seq"":6620,""ts"":137,""lat"":0,""lon"":0,""alt_mm"":960,""speed_cms"":0,""heading_cd"":62814,""pitch_cd"":973,""roll_cd"":-126,""yaw_cd"":-128,""bat_mv"":0,""status"":2}"
2026-08-12T20:01:41.562+00:00,BIN,"BIN,ver=1,type=1,seq=10819,ts=142,lat=0,lon=0,alt_mm=960,speed_cms=0,heading_cd=62814,pitch_cd=973,roll_cd=-118,yaw_cd=-64,bat_mv=0,status=0x02","{""ver"":1,""type"":1,""seq"":10819,""ts"":142,""lat"":0,""lon"":0,""alt_mm"":960,""speed_cms"":0,""heading_cd"":62814,""pitch_cd"":973,""roll_cd"":-118,""yaw_cd"":-64,""bat_mv"":0,""status"":2}"
2026-08-12T20:01:45.671+00:00,BIN,"BIN,ver=1,type=1,seq=14906,ts=146,lat=0,lon=0,alt_mm=630,speed_cms=0,heading_cd=62814,pitch_cd=965,roll_cd=-218,yaw_cd=-135,bat_mv=0,status=0x02","{""ver"":1,""type"":1,""seq"":14906,""ts"":146,""lat"":0,""lon"":0,""alt_mm"":630,""speed_cms"":0,""heading_cd"":62814,""pitch_cd"":965,""roll_cd"":-218,""yaw_cd"":-135,""bat_mv"":0,""status"":2}"
2026-08-12T20:01:59.039+00:00,BIN,"BIN,ver=1,type=1,seq=28274,ts=159,lat=0,lon=0,alt_mm=850,speed_cms=0,heading_cd=62814,pitch_cd=903,roll_cd=-242,yaw_cd=-20,bat_mv=0,status=0x02","{""ver"":1,""type"":1,""seq"":28274,""ts"":159,""lat"":0,""lon"":0,""alt_mm"":850,""speed_cms"":0,""heading_cd"":62814,""pitch_cd"":903,""roll_cd"":-242,""yaw_cd"":-20,""bat_mv"":0,""status"":2}"
2026-08-12T20:01:59.345+00:00,BIN,"BIN,ver=1,type=1,seq=28567,ts=159,lat=0,lon=0,alt_mm=780,speed_cms=0,heading_cd=62814,pitch_cd=853,roll_cd=-279,yaw_cd=-358,bat_mv=0,status=0x02","{""ver"":1,""type"":1,""seq"":28567,""ts"":159,""lat"":0,""lon"":0,""alt_mm"":780,""speed_cms"":0,""heading_cd"":62814,""pitch_cd"":853,""roll_cd"":-279,""yaw_cd"":-358,""bat_mv"":0,""status"":2}"
2026-08-12T20:03:03.350+00:00,BIN,"BIN,ver=1,type=1,seq=27024,ts=223,lat=0,lon=0,alt_mm=960,speed_cms=0,heading_cd=62814,pitch_cd=268,roll_cd=972,yaw_cd=13,bat_mv=0,status=0x02","{""ver"":1,""type"":1,""seq"":27024,""ts"":223,""lat"":0,""lon"":0,""alt_mm"":960,""speed_cms"":0,""heading_cd"":62814,""pitch_cd"":268,""roll_cd"":972,""yaw_cd"":13,""bat_mv"":0,""status"":2}"
2026-08-12T20:05:22.071+00:00,BIN,"BIN,ver=1,type=1,seq=0,ts=5,lat=0,lon=0,alt_mm=0,speed_cms=0,heading_cd=0,pitch_cd=0,roll_cd=0,yaw_cd=0,bat_mv=0,status=0x00","{""ver"":1,""type"":1,""seq"":0,""ts"":5,""lat"":0,""lon"":0,""alt_mm"":0,""speed_cms"":0,""heading_cd"":0,""pitch_cd"":0,""roll_cd"":0,""yaw_cd"":0,""bat_mv"":0,""status"":0}"
2026-08-12T20:05:22.126+00:00,BIN,"BIN,ver=1,type=1,seq=0,ts=5,lat=0,lon=0,alt_mm=0,speed_cms=0,heading_cd=0,pitch_cd=0,roll_cd=0,yaw_cd=0,bat_mv=0,status=0x00","{""ver"":1,""type"":1,""seq"":0,""ts"":5,""lat"":0,""lon"":0,""alt_mm"":0,""speed_cms"":0,""heading_cd"":0,""pitch_cd"":0,""roll_cd"":0,""yaw_cd"":0,""bat_mv"":0,""status"":0}"
2026-08-12T20:05:22.212+00:00,BIN,"BIN,ver=1,type=1,seq=0,ts=5,lat=0,lon=0,alt_mm=0,speed_cms=0,heading_cd=0,pitch_cd=0,roll_cd=0,yaw_cd=0,bat_mv=0,status=0x00","{""ver"":1,""type"":1,""seq"":0,""ts"":5,""lat"":0,""lon"":0,""alt_mm"":0,""speed_cms"":0,""heading_cd"":0,""pitch_cd"":0,""roll_cd"":0,""yaw_cd"":0,""bat_mv"":0,""status"":0}"
2026-08-12T20:05:22.295+00:00,BIN,"BIN,ver=1,type=1,seq=0,ts=5,lat=0,lon=0,alt_mm=110,speed_cms=0,heading_cd=0,pitch_cd=0,roll_cd=0,yaw_cd=0,bat_mv=0,status=0x02","{""ver"":1,""type"":1,""seq"":0,""ts"":5,""lat"":0,""lon"":0,""alt_mm"":110,""speed_cms"":0,""heading_cd"":0,""pitch_cd"":0,""roll_cd"":0,""yaw_cd"":0,""bat_mv"":0,""status"":2}"
2026-08-12T20:05:22.380+00:00,BIN,"BIN,ver=1,type=1,seq=5866,ts=5,lat=0,lon=0,alt_mm=110,speed_cms=0,heading_cd=8500,pitch_cd=236,roll_cd=-266,yaw_cd=-928,bat_mv=0,status=0x02","{""ver"":1,""type"":1,""seq"":5866,""ts"":5,""lat"":0,""lon"":0,""alt_mm"":110,""speed_cms"":0,""heading_cd"":8500,""pitch_cd"":236,""roll_cd"":-266,""yaw_cd"":-928,""bat_mv"":0,""status"":2}"
2026-08-12T20:05:22.465+00:00,BIN,"BIN,ver=1,type=1,seq=5985,ts=6,lat=0,lon=0,alt_mm=90,speed_cms=0,heading_cd=8500,pitch_cd=218,roll_cd=-254,yaw_cd=-988,bat_mv=0,status=0x02","{""ver"":1,""type"":1,""seq"":5985,""ts"":6,""lat"":0,""lon"":0,""alt_mm"":90,""speed_cms"":0,""heading_cd"":8500,""pitch_cd"":218,""roll_cd"":-254,""yaw_cd"":-988,""bat_mv"":0,""status"":2}"
2026-08-12T20:05:22.547+00:00,BIN,"BIN,ver=1,type=1,seq=5985,ts=6,lat=0,lon=0,alt_mm=30,speed_cms=0,heading_cd=8500,pitch_cd=192,roll_cd=-264,yaw_cd=-976,bat_mv=0,status=0x02","{""ver"":1,""type"":1,""seq"":5985,""ts"":6,""lat"":0,""lon"":0,""alt_mm"":30,""speed_cms"":0,""heading_cd"":8500,""pitch_cd"":192,""roll_cd"":-264,""yaw_cd"":-976,""bat_mv"":0,""status"":2}"
2026-08-12T20:05:22.632+00:00,BIN,"BIN,ver=1,type=1,seq=6091,ts=6,lat=0,lon=0,alt_mm=30,speed_cms=0,heading_cd=8500,pitch_cd=213,roll_cd=-263,yaw_cd=-922,bat_mv=0,status=0x02","{""ver"":1,""type"":1,""seq"":6091,""ts"":6,""lat"":0,""lon"":0,""alt_mm"":30,""speed_cms"":0,""heading_cd"":8500,""pitch_cd"":213,""roll_cd"":-263,""yaw_cd"":-922,""bat_mv"":0,""status"":2}"
2026-08-12T20:05:22.714+00:00,BIN,"BIN,ver=1,type=1,seq=6206,ts=6,lat=0,lon=0,alt_mm=50,speed_cms=0,heading_cd=8500,pitch_cd=218,roll_cd=-282,yaw_cd=-936,bat_mv=0,status=0x02","{""ver"":1,""type"":1,""seq"":6206,""ts"":6,""lat"":0,""lon"":0,""alt_mm"":50,""speed_cms"":0,""heading_cd"":8500,""pitch_cd"":218,""roll_cd"":-282,""yaw_cd"":-936,""bat_mv"":0,""status"":2}"
2026-08-12T20:05:22.883+00:00,BIN,"BIN,ver=1,type=1,seq=6486,ts=6,lat=0,lon=0,alt_mm=80,speed_cms=0,heading_cd=8500,pitch_cd=205,roll_cd=-273,yaw_cd=-905,bat_mv=0,status=0x02","{""ver"":1,""type"":1,""seq"":6486,""ts"":6,""lat"":0,""lon"":0,""alt_mm"":80,""speed_cms"":0,""heading_cd"":8500,""pitch_cd"":205,""roll_cd"":-273,""yaw_cd"":-905,""bat_mv"":0,""status"":2}"
2026-08-12T20:05:22.969+00:00,BIN,"BIN,ver=1,type=1,seq=6486,ts=6,lat=0,lon=0,alt_mm=80,speed_cms=0,heading_cd=8500,pitch_cd=205,roll_cd=-273,yaw_cd=-905,bat_mv=0,status=0x02","{""ver"":1,""type"":1,""seq"":6486,""ts"":6,""lat"":0,""lon"":0,""alt_mm"":80,""speed_cms"":0,""heading_cd"":8500,""pitch_cd"":205,""roll_cd"":-273,""yaw_cd"":-905,""bat_mv"":0,""status"":2}"
2026-08-12T20:05:23.136+00:00,BIN,"BIN,ver=1,type=1,seq=6612,ts=6,lat=0,lon=0,alt_mm=80,speed_cms=0,heading_cd=8500,pitch_cd=207,roll_cd=-171,yaw_cd=-1019,bat_mv=0,status=0x02","{""ver"":1,""type"":1,""seq"":6612,""ts"":6,""lat"":0,""lon"":0,""alt_mm"":80,""speed_cms"":0,""heading_cd"":8500,""pitch_cd"":207,""roll_cd"":-171,""yaw_cd"":-1019,""bat_mv"":0,""status"":2}"
2026-08-12T20:05:23.220+00:00,BIN,"BIN,ver=1,type=1,seq=6778,ts=6,lat=0,lon=0,alt_mm=60,speed_cms=0,heading_cd=8500,pitch_cd=238,roll_cd=-309,yaw_cd=-949,bat_mv=0,status=0x02","{""ver"":1,""type"":1,""seq"":6778,""ts"":6,""lat"":0,""lon"":0,""alt_mm"":60,""speed_cms"":0,""heading_cd"":8500,""pitch_cd"":238,""roll_cd"":-309,""yaw_cd"":-949,""bat_mv"":0,""status"":2}"
2026-08-12T20:05:23.304+00:00,BIN,"BIN,ver=1,type=1,seq=6778,ts=6,lat=0,lon=0,alt_mm=60,speed_cms=0,heading_cd=8500,pitch_cd=219,roll_cd=-253,yaw_cd=-882,bat_mv=0,status=0x02","{""ver"":1,""type"":1,""seq"":6778,""ts"":6,""lat"":0,""lon"":0,""alt_mm"":60,""speed_cms"":0,""heading_cd"":8500,""pitch_cd"":219,""roll_cd"":-253,""yaw_cd"":-882,""bat_mv"":0,""status"":2}"
2026-08-12T20:05:23.387+00:00,BIN,"BIN,ver=1,type=1,seq=6891,ts=6,lat=0,lon=0,alt_mm=40,speed_cms=0,heading_cd=8500,pitch_cd=219,roll_cd=-253,yaw_cd=-882,bat_mv=0,status=0x02","{""ver"":1,""type"":1,""seq"":6891,""ts"":6,""lat"":0,""lon"":0,""alt_mm"":40,""speed_cms"":0,""heading_cd"":8500,""pitch_cd"":219,""roll_cd"":-253,""yaw_cd"":-882,""bat_mv"":0,""status"":2}"
2026-08-12T20:05:23.473+00:00,BIN,"BIN,ver=1,type=1,seq=6891,ts=7,lat=0,lon=0,alt_mm=-30,speed_cms=0,heading_cd=8500,pitch_cd=271,roll_cd=62,yaw_cd=-792,bat_mv=0,status=0x02","{""ver"":1,""type"":1,""seq"":6891,""ts"":7,""lat"":0,""lon"":0,""alt_mm"":-30,""speed_cms"":0,""heading_cd"":8500,""pitch_cd"":271,""roll_cd"":62,""yaw_cd"":-792,""bat_mv"":0,""status"":2}"
2026-08-12T20:05:23.556+00:00,BIN,"BIN,ver=1,type=1,seq=7006,ts=7,lat=0,lon=0,alt_mm=-30,speed_cms=0,heading_cd=8500,pitch_cd=353,roll_cd=344,yaw_cd=-899,bat_mv=0,status=0x02","{""ver"":1,""type"":1,""seq"":7006,""ts"":7,""lat"":0,""lon"":0,""alt_mm"":-30,""speed_cms"":0,""heading_cd"":8500,""pitch_cd"":353,""roll_cd"":344,""yaw_cd"":-899,""bat_mv"":0,""status"":2}"
2026-08-12T20:05:23.639+00:00,BIN,"BIN,ver=1,type=1,seq=7131,ts=7,lat=0,lon=0,alt_mm=-40,speed_cms=0,heading_cd=8500,pitch_cd=440,roll_cd=431,yaw_cd=-1045,bat_mv=0,status=0x02","{""ver"":1,""type"":1,""seq"":7131,""ts"":7,""lat"":0,""lon"":0,""alt_mm"":-40,""speed_cms"":0,""heading_cd"":8500,""pitch_cd"":440,""roll_cd"":431,""yaw_cd"":-1045,""bat_mv"":0,""status"":2}"
2026-08-12T20:05:23.725+00:00,BIN,"BIN,ver=1,type=1,seq=7286,ts=7,lat=0,lon=0,alt_mm=-60,speed_cms=0,heading_cd=8500,pitch_cd=352,roll_cd=395,yaw_cd=-979,bat_mv=0,status=0x02","{""ver"":1,""type"":1,""seq"":7286,""ts"":7,""lat"":0,""lon"":0,""alt_mm"":-60,""speed_cms"":0,""heading_cd"":8500,""pitch_cd"":352,""roll_cd"":395,""yaw_cd"":-979,""bat_mv"":0,""status"":2}"
2026-08-12T20:05:23.810+00:00,BIN,"BIN,ver=1,type=1,seq=7286,ts=7,lat=0,lon=0,alt_mm=-10,speed_cms=0,heading_cd=8500,pitch_cd=299,roll_cd=254,yaw_cd=-903,bat_mv=0,status=0x02","{""ver"":1,""type"":1,""seq"":7286,""ts"":7,""lat"":0,""lon"":0,""alt_mm"":-10,""speed_cms"":0,""heading_cd"":8500,""pitch_cd"":299,""roll_cd"":254,""yaw_cd"":-903,""bat_mv"":0,""status"":2}"
2026-08-12T20:05:23.896+00:00,BIN,"BIN,ver=1,type=1,seq=7411,ts=7,lat=0,lon=0,alt_mm=-70,speed_cms=0,heading_cd=8500,pitch_cd=182,roll_cd=278,yaw_cd=-967,bat_mv=0,status=0x02","{""ver"":1,""type"":1,""seq"":7411,""ts"":7,""lat"":0,""lon"":0,""alt_mm"":-70,""speed_cms"":0,""heading_cd"":8500,""pitch_cd"":182,""roll_cd"":278,""yaw_cd"":-967,""bat_mv"":0,""status"":2}"
2026-08-12T20:05:23.978+00:00,BIN,"BIN,ver=1,type=1,seq=7526,ts=7,lat=0,lon=0,alt_mm=-70,speed_cms=0,heading_cd=8500,pitch_cd=182,roll_cd=278,yaw_cd=-967,bat_mv=0,status=0x02","{""ver"":1,""type"":1,""seq"":7526,""ts"":7,""lat"":0,""lon"":0,""alt_mm"":-70,""speed_cms"":0,""heading_cd"":8500,""pitch_cd"":182,""roll_cd"":278,""yaw_cd"":-967,""bat_mv"":0,""status"":2}"
2026-08-12T20:05:24.061+00:00,BIN,"BIN,ver=1,type=1,seq=7526,ts=7,lat=0,lon=0,alt_mm=-70,speed_cms=0,heading_cd=8500,pitch_cd=136,roll_cd=361,yaw_cd=-921,bat_mv=0,status=0x02","{""ver"":1,""type"":1,""seq"":7526,""ts"":7,""lat"":0,""lon"":0,""alt_mm"":-70,""speed_cms"":0,""heading_cd"":8500,""pitch_cd"":136,""roll_cd"":361,""yaw_cd"":-921,""bat_mv"":0,""status"":2}"
2026-08-12T20:05:24.146+00:00,BIN,"BIN,ver=1,type=1,seq=7526,ts=7,lat=0,lon=0,alt_mm=-40,speed_cms=0,heading_cd=8500,pitch_cd=136,roll_cd=361,yaw_cd=-921,bat_mv=0,status=0x02","{""ver"":1,""type"":1,""seq"":7526,""ts"":7,""lat"":0,""lon"":0,""alt_mm"":-40,""speed_cms"":0,""heading_cd"":8500,""pitch_cd"":136,""roll_cd"":361,""yaw_cd"":-921,""bat_mv"":0,""status"":2}"
2026-08-12T20:05:24.229+00:00,BIN,"BIN,ver=1,type=1,seq=7652,ts=7,lat=0,lon=0,alt_mm=-40,speed_cms=0,heading_cd=8500,pitch_cd=92,roll_cd=217,yaw_cd=-1129,bat_mv=0,status=0x02","{""ver"":1,""type"":1,""seq"":7652,""ts"":7,""lat"":0,""lon"":0,""alt_mm"":-40,""speed_cms"":0,""heading_cd"":8500,""pitch_cd"":92,""roll_cd"":217,""yaw_cd"":-1129,""bat_mv"":0,""status"":2}"
2026-08-12T20:05:24.309+00:00,BIN,"BIN,ver=1,type=1,seq=7818,ts=7,lat=0,lon=0,alt_mm=60,speed_cms=0,heading_cd=8500,pitch_cd=344,roll_cd=621,yaw_cd=-1193,bat_mv=0,status=0x02","{""ver"":1,""type"":1,""seq"":7818,""ts"":7,""lat"":0,""lon"":0,""alt_mm"":60,""speed_cms"":0,""heading_cd"":8500,""pitch_cd"":344,""roll_cd"":621,""yaw_cd"":-1193,""bat_mv"":0,""status"":2}"
2026-08-12T20:05:24.394+00:00,BIN,"BIN,ver=1,type=1,seq=7818,ts=7,lat=0,lon=0,alt_mm=70,speed_cms=0,heading_cd=8500,pitch_cd=423,roll_cd=682,yaw_cd=-428,bat_mv=0,status=0x02","{""ver"":1,""type"":1,""seq"":7818,""ts"":7,""lat"":0,""lon"":0,""alt_mm"":70,""speed_cms"":0,""heading_cd"":8500,""pitch_cd"":423,""roll_cd"":682,""yaw_cd"":-428,""bat_mv"":0,""status"":2}"
2026-08-12T20:05:24.478+00:00,BIN,"BIN,ver=1,type=1,seq=7931,ts=8,lat=0,lon=0,alt_mm=70,speed_cms=0,heading_cd=8500,pitch_cd=655,roll_cd=727,yaw_cd=-105,bat_mv=0,status=0x02","{""ver"":1,""type"":1,""seq"":7931,""ts"":8,""lat"":0,""lon"":0,""alt_mm"":70,""speed_cms"":0,""heading_cd"":8500,""pitch_cd"":655,""roll_cd"":727,""yaw_cd"":-105,""bat_mv"":0,""status"":2}"
2026-08-12T20:05:24.562+00:00,BIN,"BIN,ver=1,type=1,seq=8046,ts=8,lat=0,lon=0,alt_mm=30,speed_cms=0,heading_cd=8500,pitch_cd=654,roll_cd=461,yaw_cd=152,bat_mv=0,status=0x02","{""ver"":1,""type"":1,""seq"":8046,""ts"":8,""lat"":0,""lon"":0,""alt_mm"":30,""speed_cms"":0,""heading_cd"":8500,""pitch_cd"":654,""roll_cd"":461,""yaw_cd"":152,""bat_mv"":0,""status"":2}"
2026-08-12T20:05:24.645+00:00,BIN,"BIN,ver=1,type=1,seq=8046,ts=8,lat=0,lon=0,alt_mm=-50,speed_cms=0,heading_cd=8500,pitch_cd=736,roll_cd=150,yaw_cd=405,bat_mv=0,status=0x02","{""ver"":1,""type"":1,""seq"":8046,""ts"":8,""lat"":0,""lon"":0,""alt_mm"":-50,""speed_cms"":0,""heading_cd"":8500,""pitch_cd"":736,""roll_cd"":150,""yaw_cd"":405,""bat_mv"":0,""status"":2}"
2026-08-12T20:05:24.733+00:00,BIN,"BIN,ver=1,type=1,seq=8171,ts=8,lat=0,lon=0,alt_mm=-50,speed_cms=0,heading_cd=8500,pitch_cd=737,roll_cd=240,yaw_cd=546,bat_mv=0,status=0x02","{""ver"":1,""type"":1,""seq"":8171,""ts"":8,""lat"":0,""lon"":0,""alt_mm"":-50,""speed_cms"":0,""heading_cd"":8500,""pitch_cd"":737,""roll_cd"":240,""yaw_cd"":546,""bat_mv"":0,""status"":2}"
2026-08-12T20:05:24.814+00:00,BIN,"BIN,ver=1,type=1,seq=8326,ts=8,lat=0,lon=0,alt_mm=-60,speed_cms=0,heading_cd=8500,pitch_cd=785,roll_cd=395,yaw_cd=563,bat_mv=0,status=0x02","{""ver"":1,""type"":1,""seq"":8326,""ts"":8,""lat"":0,""lon"":0,""alt_mm"":-60,""speed_cms"":0,""heading_cd"":8500,""pitch_cd"":785,""roll_cd"":395,""yaw_cd"":563,""bat_mv"":0,""status"":2}"
2026-08-12T20:05:24.901+00:00,BIN,"BIN,ver=1,type=1,seq=8451,ts=8,lat=0,lon=0,alt_mm=-60,speed_cms=0,heading_cd=8500,pitch_cd=841,roll_cd=125,yaw_cd=529,bat_mv=0,status=0x02","{""ver"":1,""type"":1,""seq"":8451,""ts"":8,""lat"":0,""lon"":0,""alt_mm"":-60,""speed_cms"":0,""heading_cd"":8500,""pitch_cd"":841,""roll_cd"":125,""yaw_cd"":529,""bat_mv"":0,""status"":2}"
2026-08-12T20:05:24.983+00:00,BIN,"BIN,ver=1,type=1,seq=8451,ts=8,lat=0,lon=0,alt_mm=-70,speed_cms=0,heading_cd=8500,pitch_cd=794,roll_cd=266,yaw_cd=484,bat_mv=0,status=0x02","{""ver"":1,""type"":1,""seq"":8451,""ts"":8,""lat"":0,""lon"":0,""alt_mm"":-70,""speed_cms"":0,""heading_cd"":8500,""pitch_cd"":794,""roll_cd"":266,""yaw_cd"":484,""bat_mv"":0,""status"":2}"
2026-08-12T20:05:25.069+00:00,BIN,"BIN,ver=1,type=1,seq=8567,ts=8,lat=0,lon=0,alt_mm=-70,speed_cms=0,heading_cd=8500,pitch_cd=794,roll_cd=266,yaw_cd=484,bat_mv=0,status=0x02","{""ver"":1,""type"":1,""seq"":8567,""ts"":8,""lat"":0,""lon"":0,""alt_mm"":-70,""speed_cms"":0,""heading_cd"":8500,""pitch_cd"":794,""roll_cd"":266,""yaw_cd"":484,""bat_mv"":0,""status"":2}"
2026-08-12T20:05:25.152+00:00,BIN,"BIN,ver=1,type=1,seq=8567,ts=8,lat=0,lon=0,alt_mm=-70,speed_cms=0,heading_cd=8500,pitch_cd=780,roll_cd=362,yaw_cd=591,bat_mv=0,status=0x02","{""ver"":1,""type"":1,""seq"":8567,""ts"":8,""lat"":0,""lon"":0,""alt_mm"":-70,""speed_cms"":0,""heading_cd"":8500,""pitch_cd"":780,""roll_cd"":362,""yaw_cd"":591,""bat_mv"":0,""status"":2}"
2026-08-12T20:05:25.237+00:00,BIN,"BIN,ver=1,type=1,seq=8691,ts=8,lat=0,lon=0,alt_mm=-10,speed_cms=0,heading_cd=8500,pitch_cd=759,roll_cd=230,yaw_cd=665,bat_mv=0,status=0x02","{""ver"":1,""type"":1,""seq"":8691,""ts"":8,""lat"":0,""lon"":0,""alt_mm"":-10,""speed_cms"":0,""heading_cd"":8500,""pitch_cd"":759,""roll_cd"":230,""yaw_cd"":665,""bat_mv"":0,""status"":2}"
2026-08-12T20:05:25.320+00:00,BIN,"BIN,ver=1,type=1,seq=8846,ts=8,lat=0,lon=0,alt_mm=-50,speed_cms=0,heading_cd=8500,pitch_cd=639,roll_cd=216,yaw_cd=728,bat_mv=0,status=0x02","{""ver"":1,""type"":1,""seq"":8846,""ts"":8,""lat"":0,""lon"":0,""alt_mm"":-50,""speed_cms"":0,""heading_cd"":8500,""pitch_cd"":639,""roll_cd"":216,""yaw_cd"":728,""bat_mv"":0,""status"":2}"
2026-08-12T20:05:25.404+00:00,BIN,"BIN,ver=1,type=1,seq=8846,ts=9,lat=0,lon=0,alt_mm=-30,speed_cms=0,heading_cd=8500,pitch_cd=651,roll_cd=235,yaw_cd=721,bat_mv=0,status=0x02","{""ver"":1,""type"":1,""seq"":8846,""ts"":9,""lat"":0,""lon"":0,""alt_mm"":-30,""speed_cms"":0,""heading_cd"":8500,""pitch_cd"":651,""roll_cd"":235,""yaw_cd"":721,""bat_mv"":0,""status"":2}"
2026-08-12T20:05:25.486+00:00,BIN,"BIN,ver=1,type=1,seq=8971,ts=9,lat=0,lon=0,alt_mm=-30,speed_cms=0,heading_cd=8500,pitch_cd=688,roll_cd=187,yaw_cd=662,bat_mv=0,status=0x02","{""ver"":1,""type"":1,""seq"":8971,""ts"":9,""lat"":0,""lon"":0,""alt_mm"":-30,""speed_cms"":0,""heading_cd"":8500,""pitch_cd"":688,""roll_cd"":187,""yaw_cd"":662,""bat_mv"":0,""status"":2}"
2026-08-12T20:05:25.571+00:00,BIN,"BIN,ver=1,type=1,seq=8971,ts=9,lat=0,lon=0,alt_mm=10,speed_cms=0,heading_cd=8500,pitch_cd=688,roll_cd=187,yaw_cd=662,bat_mv=0,status=0x02","{""ver"":1,""type"":1,""seq"":8971,""ts"":9,""lat"":0,""lon"":0,""alt_mm"":10,""speed_cms"":0,""heading_cd"":8500,""pitch_cd"":688,""roll_cd"":187,""yaw_cd"":662,""bat_mv"":0,""status"":2}"
2026-08-12T20:05:25.655+00:00,BIN,"BIN,ver=1,type=1,seq=9086,ts=9,lat=0,lon=0,alt_mm=10,speed_cms=0,heading_cd=8500,pitch_cd=687,roll_cd=280,yaw_cd=738,bat_mv=0,status=0x02","{""ver"":1,""type"":1,""seq"":9086,""ts"":9,""lat"":0,""lon"":0,""alt_mm"":10,""speed_cms"":0,""heading_cd"":8500,""pitch_cd"":687,""roll_cd"":280,""yaw_cd"":738,""bat_mv"":0,""status"":2}"
2026-08-12T20:05:25.742+00:00,BIN,"BIN,ver=1,type=1,seq=9211,ts=9,lat=0,lon=0,alt_mm=60,speed_cms=0,heading_cd=8500,pitch_cd=780,roll_cd=254,yaw_cd=486,bat_mv=0,status=0x02","{""ver"":1,""type"":1,""seq"":9211,""ts"":9,""lat"":0,""lon"":0,""alt_mm"":60,""speed_cms"":0,""heading_cd"":8500,""pitch_cd"":780,""roll_cd"":254,""yaw_cd"":486,""bat_mv"":0,""status"":2}"
2026-08-12T20:05:25.824+00:00,BIN,"BIN,ver=1,type=1,seq=9378,ts=9,lat=0,lon=0,alt_mm=-40,speed_cms=0,heading_cd=8500,pitch_cd=872,roll_cd=255,yaw_cd=492,bat_mv=0,status=0x02","{""ver"":1,""type"":1,""seq"":9378,""ts"":9,""lat"":0,""lon"":0,""alt_mm"":-40,""speed_cms"":0,""heading_cd"":8500,""pitch_cd"":872,""roll_cd"":255,""yaw_cd"":492,""bat_mv"":0,""status"":2}"
2026-08-12T20:05:25.906+00:00,BIN,"BIN,ver=1,type=1,seq=9491,ts=9,lat=0,lon=0,alt_mm=-40,speed_cms=0,heading_cd=8500,pitch_cd=872,roll_cd=255,yaw_cd=492,bat_mv=0,status=0x02","{""ver"":1,""type"":1,""seq"":9491,""ts"":9,""lat"":0,""lon"":0,""alt_mm"":-40,""speed_cms"":0,""heading_cd"":8500,""pitch_cd"":872,""roll_cd"":255,""yaw_cd"":492,""bat_mv"":0,""status"":2}"
2026-08-12T20:05:25.992+00:00,BIN,"BIN,ver=1,type=1,seq=9491,ts=9,lat=0,lon=0,alt_mm=-40,speed_cms=0,heading_cd=8500,pitch_cd=746,roll_cd=39,yaw_cd=655,bat_mv=0,status=0x02","{""ver"":1,""type"":1,""seq"":9491,""ts"":9,""lat"":0,""lon"":0,""alt_mm"":-40,""speed_cms"":0,""heading_cd"":8500,""pitch_cd"":746,""roll_cd"":39,""yaw_cd"":655,""bat_mv"":0,""status"":2}"
2026-08-12T20:05:26.075+00:00,BIN,"BIN,ver=1,type=1,seq=9491,ts=9,lat=0,lon=0,alt_mm=-30,speed_cms=0,heading_cd=8500,pitch_cd=697,roll_cd=145,yaw_cd=779,bat_mv=0,status=0x02","{""ver"":1,""type"":1,""seq"":9491,""ts"":9,""lat"":0,""lon"":0,""alt_mm"":-30,""speed_cms"":0,""heading_cd"":8500,""pitch_cd"":697,""roll_cd"":145,""yaw_cd"":779,""bat_mv"":0,""status"":2}"
2026-08-12T20:05:26.159+00:00,BIN,"BIN,ver=1,type=1,seq=9608,ts=9,lat=0,lon=0,alt_mm=-30,speed_cms=0,heading_cd=8500,pitch_cd=697,roll_cd=145,yaw_cd=779,bat_mv=0,status=0x02","{""ver"":1,""type"":1,""seq"":9608,""ts"":9,""lat"":0,""lon"":0,""alt_mm"":-30,""speed_cms"":0,""heading_cd"":8500,""pitch_cd"":697,""roll_cd"":145,""yaw_cd"":779,""bat_mv"":0,""status"":2}"
2026-08-12T20:05:26.242+00:00,BIN,"BIN,ver=1,type=1,seq=9731,ts=9,lat=0,lon=0,alt_mm=-10,speed_cms=0,heading_cd=8500,pitch_cd=672,roll_cd=180,yaw_cd=802,bat_mv=0,status=0x02","{""ver"":1,""type"":1,""seq"":9731,""ts"":9,""lat"":0,""lon"":0,""alt_mm"":-10,""speed_cms"":0,""heading_cd"":8500,""pitch_cd"":672,""roll_cd"":180,""yaw_cd"":802,""bat_mv"":0,""status"":2}"
2026-08-12T20:05:26.328+00:00,BIN,"BIN,ver=1,type=1,seq=9886,ts=9,lat=0,lon=0,alt_mm=120,speed_cms=0,heading_cd=8500,pitch_cd=817,roll_cd=227,yaw_cd=350,bat_mv=0,status=0x02","{""ver"":1,""type"":1,""seq"":9886,""ts"":9,""lat"":0,""lon"":0,""alt_mm"":120,""speed_cms"":0,""heading_cd"":8500,""pitch_cd"":817,""roll_cd"":227,""yaw_cd"":350,""bat_mv"":0,""status"":2}"
2026-08-12T20:05:26.411+00:00,BIN,"BIN,ver=1,type=1,seq=9886,ts=10,lat=0,lon=0,alt_mm=120,speed_cms=0,heading_cd=8500,pitch_cd=808,roll_cd=309,yaw_cd=-327,bat_mv=0,status=0x02","{""ver"":1,""type"":1,""seq"":9886,""ts"":10,""lat"":0,""lon"":0,""alt_mm"":120,""speed_cms"":0,""heading_cd"":8500,""pitch_cd"":808,""roll_cd"":309,""yaw_cd"":-327,""bat_mv"":0,""status"":2}"
2026-08-12T20:05:26.496+00:00,BIN,"BIN,ver=1,type=1,seq=10011,ts=10,lat=0,lon=0,alt_mm=80,speed_cms=0,heading_cd=8500,pitch_cd=808,roll_cd=309,yaw_cd=-327,bat_mv=0,status=0x02","{""ver"":1,""type"":1,""seq"":10011,""ts"":10,""lat"":0,""lon"":0,""alt_mm"":80,""speed_cms"":0,""heading_cd"":8500,""pitch_cd"":808,""roll_cd"":309,""yaw_cd"":-327,""bat_mv"":0,""status"":2}"
2026-08-12T20:05:26.579+00:00,BIN,"BIN,ver=1,type=1,seq=10011,ts=10,lat=0,lon=0,alt_mm=80,speed_cms=0,heading_cd=8500,pitch_cd=839,roll_cd=327,yaw_cd=-632,bat_mv=0,status=0x02","{""ver"":1,""type"":1,""seq"":10011,""ts"":10,""lat"":0,""lon"":0,""alt_mm"":80,""speed_cms"":0,""heading_cd"":8500,""pitch_cd"":839,""roll_cd"":327,""yaw_cd"":-632,""bat_mv"":0,""status"":2}"
2026-08-12T20:05:26.661+00:00,BIN,"BIN,ver=1,type=1,seq=10126,ts=10,lat=0,lon=0,alt_mm=10,speed_cms=0,heading_cd=8500,pitch_cd=920,roll_cd=197,yaw_cd=-432,bat_mv=0,status=0x02","{""ver"":1,""type"":1,""seq"":10126,""ts"":10,""lat"":0,""lon"":0,""alt_mm"":10,""speed_cms"":0,""heading_cd"":8500,""pitch_cd"":920,""roll_cd"":197,""yaw_cd"":-432,""bat_mv"":0,""status"":2}"
2026-08-12T20:05:26.744+00:00,BIN,"BIN,ver=1,type=1,seq=10126,ts=10,lat=0,lon=0,alt_mm=-20,speed_cms=0,heading_cd=8500,pitch_cd=910,roll_cd=262,yaw_cd=-216,bat_mv=0,status=0x02","{""ver"":1,""type"":1,""seq"":10126,""ts"":10,""lat"":0,""lon"":0,""alt_mm"":-20,""speed_cms"":0,""heading_cd"":8500,""pitch_cd"":910,""roll_cd"":262,""yaw_cd"":-216,""bat_mv"":0,""status"":2}"
2026-08-12T20:05:26.828+00:00,BIN,"BIN,ver=1,type=1,seq=10251,ts=10,lat=0,lon=0,alt_mm=-40,speed_cms=0,heading_cd=8500,pitch_cd=961,roll_cd=107,yaw_cd=-79,bat_mv=0,status=0x02","{""ver"":1,""type"":1,""seq"":10251,""ts"":10,""lat"":0,""lon"":0,""alt_mm"":-40,""speed_cms"":0,""heading_cd"":8500,""pitch_cd"":961,""roll_cd"":107,""yaw_cd"":-79,""bat_mv"":0,""status"":2}"
2026-08-12T20:05:26.913+00:00,BIN,"BIN,ver=1,type=1,seq=10531,ts=10,lat=0,lon=0,alt_mm=30,speed_cms=0,heading_cd=8500,pitch_cd=966,roll_cd=449,yaw_cd=-250,bat_mv=0,status=0x02","{""ver"":1,""type"":1,""seq"":10531,""ts"":10,""lat"":0,""lon"":0,""alt_mm"":30,""speed_cms"":0,""heading_cd"":8500,""pitch_cd"":966,""roll_cd"":449,""yaw_cd"":-250,""bat_mv"":0,""status"":2}"
2026-08-12T20:05:26.998+00:00,BIN,"BIN,ver=1,type=1,seq=10531,ts=10,lat=0,lon=0,alt_mm=30,speed_cms=0,heading_cd=8500,pitch_cd=960,roll_cd=47,yaw_cd=127,bat_mv=0,status=0x02","{""ver"":1,""type"":1,""seq"":10531,""ts"":10,""lat"":0,""lon"":0,""alt_mm"":30,""speed_cms"":0,""heading_cd"":8500,""pitch_cd"":960,""roll_cd"":47,""yaw_cd"":127,""bat_mv"":0,""status"":2}"
2026-08-12T20:05:27.082+00:00,BIN,"BIN,ver=1,type=1,seq=10531,ts=10,lat=0,lon=0,alt_mm=20,speed_cms=0,heading_cd=8500,pitch_cd=960,roll_cd=47,yaw_cd=127,bat_mv=0,status=0x02","{""ver"":1,""type"":1,""seq"":10531,""ts"":10,""lat"":0,""lon"":0,""alt_mm"":20,""speed_cms"":0,""heading_cd"":8500,""pitch_cd"":960,""roll_cd"":47,""yaw_cd"":127,""bat_mv"":0,""status"":2}"
2026-08-12T20:05:27.165+00:00,BIN,"BIN,ver=1,type=1,seq=10651,ts=10,lat=0,lon=0,alt_mm=20,speed_cms=0,heading_cd=8500,pitch_cd=954,roll_cd=149,yaw_cd=118,bat_mv=0,status=0x02","{""ver"":1,""type"":1,""seq"":10651,""ts"":10,""lat"":0,""lon"":0,""alt_mm"":20,""speed_cms"":0,""heading_cd"":8500,""pitch_cd"":954,""roll_cd"":149,""yaw_cd"":118,""bat_mv"":0,""status"":2}"
2026-08-12T20:05:27.249+00:00,BIN,"BIN,ver=1,type=1,seq=10651,ts=10,lat=0,lon=0,alt_mm=-30,speed_cms=0,heading_cd=8500,pitch_cd=928,roll_cd=296,yaw_cd=-71,bat_mv=0,status=0x02","{""ver"":1,""type"":1,""seq"":10651,""ts"":10,""lat"":0,""lon"":0,""alt_mm"":-30,""speed_cms"":0,""heading_cd"":8500,""pitch_cd"":928,""roll_cd"":296,""yaw_cd"":-71,""bat_mv"":0,""status"":2}"
2026-08-12T20:05:27.333+00:00,BIN,"BIN,ver=1,type=1,seq=10771,ts=10,lat=0,lon=0,alt_mm=-30,speed_cms=0,heading_cd=8500,pitch_cd=1002,roll_cd=206,yaw_cd=157,bat_mv=0,status=0x02","{""ver"":1,""type"":1,""seq"":10771,""ts"":10,""lat"":0,""lon"":0,""alt_mm"":-30,""speed_cms"":0,""heading_cd"":8500,""pitch_cd"":1002,""roll_cd"":206,""yaw_cd"":157,""bat_mv"":0,""status"":2}"
2026-08-12T20:05:27.416+00:00,BIN,"BIN,ver=1,type=1,seq=10926,ts=10,lat=0,lon=0,alt_mm=-100,speed_cms=0,heading_cd=8500,pitch_cd=1038,roll_cd=357,yaw_cd=29,bat_mv=0,status=0x02","{""ver"":1,""type"":1,""seq"":10926,""ts"":10,""lat"":0,""lon"":0,""alt_mm"":-100,""speed_cms"":0,""heading_cd"":8500,""pitch_cd"":1038,""roll_cd"":357,""yaw_cd"":29,""bat_mv"":0,""status"":2}"
2026-08-12T20:05:27.507+00:00,BIN,"BIN,ver=1,type=1,seq=10926,ts=11,lat=0,lon=0,alt_mm=-80,speed_cms=0,heading_cd=8500,pitch_cd=971,roll_cd=158,yaw_cd=183,bat_mv=0,status=0x02","{""ver"":1,""type"":1,""seq"":10926,""ts"":11,""lat"":0,""lon"":0,""alt_mm"":-80,""speed_cms"":0,""heading_cd"":8500,""pitch_cd"":971,""roll_cd"":158,""yaw_cd"":183,""bat_mv"":0,""status"":2}"
2026-08-12T20:05:27.583+00:00,BIN,"BIN,ver=1,type=1,seq=11051,ts=11,lat=0,lon=0,alt_mm=-80,speed_cms=0,heading_cd=8500,pitch_cd=753,roll_cd=200,yaw_cd=671,bat_mv=0,status=0x02","{""ver"":1,""type"":1,""seq"":11051,""ts"":11,""lat"":0,""lon"":0,""alt_mm"":-80,""speed_cms"":0,""heading_cd"":8500,""pitch_cd"":753,""roll_cd"":200,""yaw_cd"":671,""bat_mv"":0,""status"":2}"
2026-08-12T20:05:27.669+00:00,BIN,"BIN,ver=1,type=1,seq=11166,ts=11,lat=0,lon=0,alt_mm=-50,speed_cms=0,heading_cd=8500,pitch_cd=681,roll_cd=-14,yaw_cd=886,bat_mv=0,status=0x02","{""ver"":1,""type"":1,""seq"":11166,""ts"":11,""lat"":0,""lon"":0,""alt_mm"":-50,""speed_cms"":0,""heading_cd"":8500,""pitch_cd"":681,""roll_cd"":-14,""yaw_cd"":886,""bat_mv"":0,""status"":2}"
2026-08-12T20:05:27.755+00:00,BIN,"BIN,ver=1,type=1,seq=11166,ts=11,lat=0,lon=0,alt_mm=-50,speed_cms=0,heading_cd=8500,pitch_cd=647,roll_cd=4,yaw_cd=768,bat_mv=0,status=0x02","{""ver"":1,""type"":1,""seq"":11166,""ts"":11,""lat"":0,""lon"":0,""alt_mm"":-50,""speed_cms"":0,""heading_cd"":8500,""pitch_cd"":647,""roll_cd"":4,""yaw_cd"":768,""bat_mv"":0,""status"":2}"
2026-08-12T20:05:27.839+00:00,BIN,"BIN,ver=1,type=1,seq=11291,ts=11,lat=0,lon=0,alt_mm=70,speed_cms=0,heading_cd=8500,pitch_cd=665,roll_cd=82,yaw_cd=618,bat_mv=0,status=0x02","{""ver"":1,""type"":1,""seq"":11291,""ts"":11,""lat"":0,""lon"":0,""alt_mm"":70,""speed_cms"":0,""heading_cd"":8500,""pitch_cd"":665,""roll_cd"":82,""yaw_cd"":618,""bat_mv"":0,""status"":2}"
2026-08-12T20:05:27.921+00:00,BIN,"BIN,ver=1,type=1,seq=11446,ts=11,lat=0,lon=0,alt_mm=50,speed_cms=0,heading_cd=8500,pitch_cd=672,roll_cd=62,yaw_cd=589,bat_mv=0,status=0x02","{""ver"":1,""type"":1,""seq"":11446,""ts"":11,""lat"":0,""lon"":0,""alt_mm"":50,""speed_cms"":0,""heading_cd"":8500,""pitch_cd"":672,""roll_cd"":62,""yaw_cd"":589,""bat_mv"":0,""status"":2}"
2026-08-12T20:05:28.005+00:00,BIN,"BIN,ver=1,type=1,seq=11572,ts=11,lat=0,lon=0,alt_mm=50,speed_cms=0,heading_cd=8500,pitch_cd=672,roll_cd=62,yaw_cd=589,bat_mv=0,status=0x02","{""ver"":1,""type"":1,""seq"":11572,""ts"":11,""lat"":0,""lon"":0,""alt_mm"":50,""speed_cms"":0,""heading_cd"":8500,""pitch_cd"":672,""roll_cd"":62,""yaw_cd"":589,""bat_mv"":0,""status"":2}"
2026-08-12T20:05:28.089+00:00,BIN,"BIN,ver=1,type=1,seq=11572,ts=11,lat=0,lon=0,alt_mm=50,speed_cms=0,heading_cd=8500,pitch_cd=794,roll_cd=90,yaw_cd=543,bat_mv=0,status=0x02","{""ver"":1,""type"":1,""seq"":11572,""ts"":11,""lat"":0,""lon"":0,""alt_mm"":50,""speed_cms"":0,""heading_cd"":8500,""pitch_cd"":794,""roll_cd"":90,""yaw_cd"":543,""bat_mv"":0,""status"":2}"
2026-08-12T20:05:28.174+00:00,BIN,"BIN,ver=1,type=1,seq=11699,ts=11,lat=0,lon=0,alt_mm=30,speed_cms=0,heading_cd=8500,pitch_cd=853,roll_cd=242,yaw_cd=505,bat_mv=0,status=0x02","{""ver"":1,""type"":1,""seq"":11699,""ts"":11,""lat"":0,""lon"":0,""alt_mm"":30,""speed_cms"":0,""heading_cd"":8500,""pitch_cd"":853,""roll_cd"":242,""yaw_cd"":505,""bat_mv"":0,""status"":2}"
2026-08-12T20:05:28.257+00:00,BIN,"BIN,ver=1,type=1,seq=11699,ts=11,lat=0,lon=0,alt_mm=30,speed_cms=0,heading_cd=8500,pitch_cd=954,roll_cd=169,yaw_cd=323,bat_mv=0,status=0x02","{""ver"":1,""type"":1,""seq"":11699,""ts"":11,""lat"":0,""lon"":0,""alt_mm"":30,""speed_cms"":0,""heading_cd"":8500,""pitch_cd"":954,""roll_cd"":169,""yaw_cd"":323,""bat_mv"":0,""status"":2}"
2026-08-12T20:05:28.339+00:00,BIN,"BIN,ver=1,type=1,seq=11811,ts=11,lat=0,lon=0,alt_mm=10,speed_cms=0,heading_cd=8500,pitch_cd=954,roll_cd=169,yaw_cd=323,bat_mv=0,status=0x02","{""ver"":1,""type"":1,""seq"":11811,""ts"":11,""lat"":0,""lon"":0,""alt_mm"":10,""speed_cms"":0,""heading_cd"":8500,""pitch_cd"":954,""roll_cd"":169,""yaw_cd"":323,""bat_mv"":0,""status"":2}"
2026-08-12T20:05:28.425+00:00,BIN,"BIN,ver=1,type=1,seq=11966,ts=12,lat=0,lon=0,alt_mm=-30,speed_cms=0,heading_cd=8500,pitch_cd=1051,roll_cd=230,yaw_cd=346,bat_mv=0,status=0x02","{""ver"":1,""type"":1,""seq"":11966,""ts"":12,""lat"":0,""lon"":0,""alt_mm"":-30,""speed_cms"":0,""heading_cd"":8500,""pitch_cd"":1051,""roll_cd"":230,""yaw_cd"":346,""bat_mv"":0,""status"":2}"
2026-08-12T20:05:28.508+00:00,BIN,"BIN,ver=1,type=1,seq=11966,ts=12,lat=0,lon=0,alt_mm=-30,speed_cms=0,heading_cd=8500,pitch_cd=958,roll_cd=341,yaw_cd=205,bat_mv=0,status=0x02","{""ver"":1,""type"":1,""seq"":11966,""ts"":12,""lat"":0,""lon"":0,""alt_mm"":-30,""speed_cms"":0,""heading_cd"":8500,""pitch_cd"":958,""roll_cd"":341,""yaw_cd"":205,""bat_mv"":0,""status"":2}"
2026-08-12T20:05:28.592+00:00,BIN,"BIN,ver=1,type=1,seq=12091,ts=12,lat=0,lon=0,alt_mm=-50,speed_cms=0,heading_cd=8500,pitch_cd=958,roll_cd=341,yaw_cd=205,bat_mv=0,status=0x02","{""ver"":1,""type"":1,""seq"":12091,""ts"":12,""lat"":0,""lon"":0,""alt_mm"":-50,""speed_cms"":0,""heading_cd"":8500,""pitch_cd"":958,""roll_cd"":341,""yaw_cd"":205,""bat_mv"":0,""status"":2}"
2026-08-12T20:05:28.675+00:00,BIN,"BIN,ver=1,type=1,seq=12091,ts=12,lat=0,lon=0,alt_mm=-10,speed_cms=0,heading_cd=8500,pitch_cd=909,roll_cd=234,yaw_cd=287,bat_mv=0,status=0x02","{""ver"":1,""type"":1,""seq"":12091,""ts"":12,""lat"":0,""lon"":0,""alt_mm"":-10,""speed_cms"":0,""heading_cd"":8500,""pitch_cd"":909,""roll_cd"":234,""yaw_cd"":287,""bat_mv"":0,""status"":2}"
2026-08-12T20:05:28.760+00:00,BIN,"BIN,ver=1,type=1,seq=12206,ts=12,lat=0,lon=0,alt_mm=-10,speed_cms=0,heading_cd=8500,pitch_cd=1033,roll_cd=227,yaw_cd=110,bat_mv=0,status=0x02","{""ver"":1,""type"":1,""seq"":12206,""ts"":12,""lat"":0,""lon"":0,""alt_mm"":-10,""speed_cms"":0,""heading_cd"":8500,""pitch_cd"":1033,""roll_cd"":227,""yaw_cd"":110,""bat_mv"":0,""status"":2}"
2026-08-12T20:05:28.844+00:00,BIN,"BIN,ver=1,type=1,seq=12331,ts=12,lat=0,lon=0,alt_mm=-10,speed_cms=0,heading_cd=8500,pitch_cd=956,roll_cd=73,yaw_cd=119,bat_mv=0,status=0x02","{""ver"":1,""type"":1,""seq"":12331,""ts"":12,""lat"":0,""lon"":0,""alt_mm"":-10,""speed_cms"":0,""heading_cd"":8500,""pitch_cd"":956,""roll_cd"":73,""yaw_cd"":119,""bat_mv"":0,""status"":2}"
2026-08-12T20:05:29.015+00:00,BIN,"BIN,ver=1,type=1,seq=12486,ts=12,lat=0,lon=0,alt_mm=-10,speed_cms=0,heading_cd=8500,pitch_cd=966,roll_cd=160,yaw_cd=148,bat_mv=0,status=0x02","{""ver"":1,""type"":1,""seq"":12486,""ts"":12,""lat"":0,""lon"":0,""alt_mm"":-10,""speed_cms"":0,""heading_cd"":8500,""pitch_cd"":966,""roll_cd"":160,""yaw_cd"":148,""bat_mv"":0,""status"":2}"
2026-08-12T20:05:29.018+00:00,BIN,"BIN,ver=1,type=1,seq=12486,ts=12,lat=0,lon=0,alt_mm=-20,speed_cms=0,heading_cd=8500,pitch_cd=966,roll_cd=160,yaw_cd=148,bat_mv=0,status=0x02","{""ver"":1,""type"":1,""seq"":12486,""ts"":12,""lat"":0,""lon"":0,""alt_mm"":-20,""speed_cms"":0,""heading_cd"":8500,""pitch_cd"":966,""roll_cd"":160,""yaw_cd"":148,""bat_mv"":0,""status"":2}"
2026-08-12T20:05:29.096+00:00,BIN,"BIN,ver=1,type=1,seq=12612,ts=12,lat=0,lon=0,alt_mm=-20,speed_cms=0,heading_cd=8500,pitch_cd=966,roll_cd=160,yaw_cd=148,bat_mv=0,status=0x02","{""ver"":1,""type"":1,""seq"":12612,""ts"":12,""lat"":0,""lon"":0,""alt_mm"":-20,""speed_cms"":0,""heading_cd"":8500,""pitch_cd"":966,""roll_cd"":160,""yaw_cd"":148,""bat_mv"":0,""status"":2}"
2026-08-12T20:05:29.178+00:00,BIN,"BIN,ver=1,type=1,seq=12612,ts=12,lat=0,lon=0,alt_mm=-20,speed_cms=0,heading_cd=8500,pitch_cd=985,roll_cd=242,yaw_cd=293,bat_mv=0,status=0x02","{""ver"":1,""type"":1,""seq"":12612,""ts"":12,""lat"":0,""lon"":0,""alt_mm"":-20,""speed_cms"":0,""heading_cd"":8500,""pitch_cd"":985,""roll_cd"":242,""yaw_cd"":293,""bat_mv"":0,""status"":2}"
2026-08-12T20:05:29.265+00:00,BIN,"BIN,ver=1,type=1,seq=12726,ts=12,lat=0,lon=0,alt_mm=-20,speed_cms=0,heading_cd=8500,pitch_cd=969,roll_cd=127,yaw_cd=112,bat_mv=0,status=0x02","{""ver"":1,""type"":1,""seq"":12726,""ts"":12,""lat"":0,""lon"":0,""alt_mm"":-20,""speed_cms"":0,""heading_cd"":8500,""pitch_cd"":969,""roll_cd"":127,""yaw_cd"":112,""bat_mv"":0,""status"":2}"
2026-08-12T20:05:29.349+00:00,BIN,"BIN,ver=1,type=1,seq=12726,ts=12,lat=0,lon=0,alt_mm=-30,speed_cms=0,heading_cd=8500,pitch_cd=931,roll_cd=263,yaw_cd=392,bat_mv=0,status=0x02","{""ver"":1,""type"":1,""seq"":12726,""ts"":12,""lat"":0,""lon"":0,""alt_mm"":-30,""speed_cms"":0,""heading_cd"":8500,""pitch_cd"":931,""roll_cd"":263,""yaw_cd"":392,""bat_mv"":0,""status"":2}"
2026-08-12T20:05:29.431+00:00,BIN,"BIN,ver=1,type=1,seq=12851,ts=13,lat=0,lon=0,alt_mm=-10,speed_cms=0,heading_cd=8500,pitch_cd=985,roll_cd=110,yaw_cd=142,bat_mv=0,status=0x02","{""ver"":1,""type"":1,""seq"":12851,""ts"":13,""lat"":0,""lon"":0,""alt_mm"":-10,""speed_cms"":0,""heading_cd"":8500,""pitch_cd"":985,""roll_cd"":110,""yaw_cd"":142,""bat_mv"":0,""status"":2}"
2026-08-12T20:05:29.514+00:00,BIN,"BIN,ver=1,type=1,seq=13018,ts=13,lat=0,lon=0,alt_mm=-10,speed_cms=0,heading_cd=8500,pitch_cd=952,roll_cd=223,yaw_cd=132,bat_mv=0,status=0x02","{""ver"":1,""type"":1,""seq"":13018,""ts"":13,""lat"":0,""lon"":0,""alt_mm"":-10,""speed_cms"":0,""heading_cd"":8500,""pitch_cd"":952,""roll_cd"":223,""yaw_cd"":132,""bat_mv"":0,""status"":2}"
2026-08-12T20:05:29.599+00:00,BIN,"BIN,ver=1,type=1,seq=13131,ts=13,lat=0,lon=0,alt_mm=-30,speed_cms=0,heading_cd=8500,pitch_cd=945,roll_cd=196,yaw_cd=124,bat_mv=0,status=0x02","{""ver"":1,""type"":1,""seq"":13131,""ts"":13,""lat"":0,""lon"":0,""alt_mm"":-30,""speed_cms"":0,""heading_cd"":8500,""pitch_cd"":945,""roll_cd"":196,""yaw_cd"":124,""bat_mv"":0,""status"":2}"
2026-08-12T20:05:29.682+00:00,BIN,"BIN,ver=1,type=1,seq=13131,ts=13,lat=0,lon=0,alt_mm=-30,speed_cms=0,heading_cd=8500,pitch_cd=995,roll_cd=127,yaw_cd=67,bat_mv=0,status=0x02","{""ver"":1,""type"":1,""seq"":13131,""ts"":13,""lat"":0,""lon"":0,""alt_mm"":-30,""speed_cms"":0,""heading_cd"":8500,""pitch_cd"":995,""roll_cd"":127,""yaw_cd"":67,""bat_mv"":0,""status"":2}"
2026-08-12T20:05:29.767+00:00,BIN,"BIN,ver=1,type=1,seq=13246,ts=13,lat=0,lon=0,alt_mm=-20,speed_cms=0,heading_cd=8500,pitch_cd=976,roll_cd=471,yaw_cd=124,bat_mv=0,status=0x02","{""ver"":1,""type"":1,""seq"":13246,""ts"":13,""lat"":0,""lon"":0,""alt_mm"":-20,""speed_cms"":0,""heading_cd"":8500,""pitch_cd"":976,""roll_cd"":471,""yaw_cd"":124,""bat_mv"":0,""status"":2}"
2026-08-12T20:05:29.852+00:00,BIN,"BIN,ver=1,type=1,seq=13371,ts=13,lat=0,lon=0,alt_mm=-30,speed_cms=0,heading_cd=8500,pitch_cd=937,roll_cd=239,yaw_cd=12,bat_mv=0,status=0x02","{""ver"":1,""type"":1,""seq"":13371,""ts"":13,""lat"":0,""lon"":0,""alt_mm"":-30,""speed_cms"":0,""heading_cd"":8500,""pitch_cd"":937,""roll_cd"":239,""yaw_cd"":12,""bat_mv"":0,""status"":2}"
2026-08-12T20:05:29.935+00:00,BIN,"BIN,ver=1,type=1,seq=13526,ts=13,lat=0,lon=0,alt_mm=-30,speed_cms=0,heading_cd=8500,pitch_cd=922,roll_cd=78,yaw_cd=-90,bat_mv=0,status=0x02","{""ver"":1,""type"":1,""seq"":13526,""ts"":13,""lat"":0,""lon"":0,""alt_mm"":-30,""speed_cms"":0,""heading_cd"":8500,""pitch_cd"":922,""roll_cd"":78,""yaw_cd"":-90,""bat_mv"":0,""status"":2}"
2026-08-12T20:05:30.017+00:00,BIN,"BIN,ver=1,type=1,seq=13526,ts=13,lat=0,lon=0,alt_mm=-30,speed_cms=0,heading_cd=8500,pitch_cd=918,roll_cd=98,yaw_cd=-37,bat_mv=0,status=0x02","{""ver"":1,""type"":1,""seq"":13526,""ts"":13,""lat"":0,""lon"":0,""alt_mm"":-30,""speed_cms"":0,""heading_cd"":8500,""pitch_cd"":918,""roll_cd"":98,""yaw_cd"":-37,""bat_mv"":0,""status"":2}"
2026-08-12T20:05:30.102+00:00,BIN,"BIN,ver=1,type=1,seq=13526,ts=13,lat=0,lon=0,alt_mm=-10,speed_cms=0,heading_cd=8500,pitch_cd=918,roll_cd=98,yaw_cd=-37,bat_mv=0,status=0x02","{""ver"":1,""type"":1,""seq"":13526,""ts"":13,""lat"":0,""lon"":0,""alt_mm"":-10,""speed_cms"":0,""heading_cd"":8500,""pitch_cd"":918,""roll_cd"":98,""yaw_cd"":-37,""bat_mv"":0,""status"":2}"
2026-08-12T20:05:30.186+00:00,BIN,"BIN,ver=1,type=1,seq=13652,ts=13,lat=0,lon=0,alt_mm=-10,speed_cms=0,heading_cd=8500,pitch_cd=922,roll_cd=105,yaw_cd=-96,bat_mv=0,status=0x02","{""ver"":1,""type"":1,""seq"":13652,""ts"":13,""lat"":0,""lon"":0,""alt_mm"":-10,""speed_cms"":0,""heading_cd"":8500,""pitch_cd"":922,""roll_cd"":105,""yaw_cd"":-96,""bat_mv"":0,""status"":2}"
2026-08-12T20:05:30.270+00:00,BIN,"BIN,ver=1,type=1,seq=13766,ts=13,lat=0,lon=0,alt_mm=-50,speed_cms=0,heading_cd=8500,pitch_cd=1019,roll_cd=143,yaw_cd=-49,bat_mv=0,status=0x02","{""ver"":1,""type"":1,""seq"":13766,""ts"":13,""lat"":0,""lon"":0,""alt_mm"":-50,""speed_cms"":0,""heading_cd"":8500,""pitch_cd"":1019,""roll_cd"":143,""yaw_cd"":-49,""bat_mv"":0,""status"":2}"
2026-08-12T20:05:30.355+00:00,BIN,"BIN,ver=1,type=1,seq=13766,ts=13,lat=0,lon=0,alt_mm=-50,speed_cms=0,heading_cd=8500,pitch_cd=1059,roll_cd=366,yaw_cd=11,bat_mv=0,status=0x02","{""ver"":1,""type"":1,""seq"":13766,""ts"":13,""lat"":0,""lon"":0,""alt_mm"":-50,""speed_cms"":0,""heading_cd"":8500,""pitch_cd"":1059,""roll_cd"":366,""yaw_cd"":11,""bat_mv"":0,""status"":2}"
2026-08-12T20:05:30.439+00:00,BIN,"BIN,ver=1,type=1,seq=13891,ts=14,lat=0,lon=0,alt_mm=-50,speed_cms=0,heading_cd=8500,pitch_cd=1052,roll_cd=361,yaw_cd=97,bat_mv=0,status=0x02","{""ver"":1,""type"":1,""seq"":13891,""ts"":14,""lat"":0,""lon"":0,""alt_mm"":-50,""speed_cms"":0,""heading_cd"":8500,""pitch_cd"":1052,""roll_cd"":361,""yaw_cd"":97,""bat_mv"":0,""status"":2}"
2026-08-12T20:05:30.523+00:00,BIN,"BIN,ver=1,type=1,seq=14058,ts=14,lat=0,lon=0,alt_mm=-10,speed_cms=0,heading_cd=8500,pitch_cd=960,roll_cd=373,yaw_cd=-22,bat_mv=0,status=0x02","{""ver"":1,""type"":1,""seq"":14058,""ts"":14,""lat"":0,""lon"":0,""alt_mm"":-10,""speed_cms"":0,""heading_cd"":8500,""pitch_cd"":960,""roll_cd"":373,""yaw_cd"":-22,""bat_mv"":0,""status"":2}"
2026-08-12T20:05:30.608+00:00,BIN,"BIN,ver=1,type=1,seq=14058,ts=14,lat=0,lon=0,alt_mm=10,speed_cms=0,heading_cd=8500,pitch_cd=932,roll_cd=297,yaw_cd=-85,bat_mv=0,status=0x02","{""ver"":1,""type"":1,""seq"":14058,""ts"":14,""lat"":0,""lon"":0,""alt_mm"":10,""speed_cms"":0,""heading_cd"":8500,""pitch_cd"":932,""roll_cd"":297,""yaw_cd"":-85,""bat_mv"":0,""status"":2}"
2026-08-12T20:05:30.690+00:00,BIN,"BIN,ver=1,type=1,seq=14171,ts=14,lat=0,lon=0,alt_mm=10,speed_cms=0,heading_cd=8500,pitch_cd=902,roll_cd=248,yaw_cd=-71,bat_mv=0,status=0x02","{""ver"":1,""type"":1,""seq"":14171,""ts"":14,""lat"":0,""lon"":0,""alt_mm"":10,""speed_cms"":0,""heading_cd"":8500,""pitch_cd"":902,""roll_cd"":248,""yaw_cd"":-71,""bat_mv"":0,""status"":2}"
2026-08-12T20:05:30.775+00:00,BIN,"BIN,ver=1,type=1,seq=14286,ts=14,lat=0,lon=0,alt_mm=10,speed_cms=0,heading_cd=8500,pitch_cd=983,roll_cd=308,yaw_cd=-34,bat_mv=0,status=0x02","{""ver"":1,""type"":1,""seq"":14286,""ts"":14,""lat"":0,""lon"":0,""alt_mm"":10,""speed_cms"":0,""heading_cd"":8500,""pitch_cd"":983,""roll_cd"":308,""yaw_cd"":-34,""bat_mv"":0,""status"":2}"
2026-08-12T20:05:30.858+00:00,BIN,"BIN,ver=1,type=1,seq=14411,ts=14,lat=0,lon=0,alt_mm=-10,speed_cms=0,heading_cd=8500,pitch_cd=983,roll_cd=308,yaw_cd=-34,bat_mv=0,status=0x02","{""ver"":1,""type"":1,""seq"":14411,""ts"":14,""lat"":0,""lon"":0,""alt_mm"":-10,""speed_cms"":0,""heading_cd"":8500,""pitch_cd"":983,""roll_cd"":308,""yaw_cd"":-34,""bat_mv"":0,""status"":2}"
2026-08-12T20:05:30.943+00:00,BIN,"BIN,ver=1,type=1,seq=14411,ts=14,lat=0,lon=0,alt_mm=-20,speed_cms=0,heading_cd=8500,pitch_cd=1009,roll_cd=400,yaw_cd=-24,bat_mv=0,status=0x02","{""ver"":1,""type"":1,""seq"":14411,""ts"":14,""lat"":0,""lon"":0,""alt_mm"":-20,""speed_cms"":0,""heading_cd"":8500,""pitch_cd"":1009,""roll_cd"":400,""yaw_cd"":-24,""bat_mv"":0,""status"":2}"
2026-08-12T20:05:31.026+00:00,BIN,"BIN,ver=1,type=1,seq=14567,ts=14,lat=0,lon=0,alt_mm=-20,speed_cms=0,heading_cd=8500,pitch_cd=937,roll_cd=397,yaw_cd=-26,bat_mv=0,status=0x02","{""ver"":1,""type"":1,""seq"":14567,""ts"":14,""lat"":0,""lon"":0,""alt_mm"":-20,""speed_cms"":0,""heading_cd"":8500,""pitch_cd"":937,""roll_cd"":397,""yaw_cd"":-26,""bat_mv"":0,""status"":2}"
2026-08-12T20:05:31.110+00:00,BIN,"BIN,ver=1,type=1,seq=14567,ts=14,lat=0,lon=0,alt_mm=-20,speed_cms=0,heading_cd=8500,pitch_cd=959,roll_cd=304,yaw_cd=-65,bat_mv=0,status=0x02","{""ver"":1,""type"":1,""seq"":14567,""ts"":14,""lat"":0,""lon"":0,""alt_mm"":-20,""speed_cms"":0,""heading_cd"":8500,""pitch_cd"":959,""roll_cd"":304,""yaw_cd"":-65,""bat_mv"":0,""status"":2}"
2026-08-12T20:05:31.194+00:00,BIN,"BIN,ver=1,type=1,seq=14691,ts=14,lat=0,lon=0,alt_mm=-30,speed_cms=0,heading_cd=8500,pitch_cd=959,roll_cd=304,yaw_cd=-65,bat_mv=0,status=0x02","{""ver"":1,""type"":1,""seq"":14691,""ts"":14,""lat"":0,""lon"":0,""alt_mm"":-30,""speed_cms"":0,""heading_cd"":8500,""pitch_cd"":959,""roll_cd"":304,""yaw_cd"":-65,""bat_mv"":0,""status"":2}"
2026-08-12T20:05:31.279+00:00,BIN,"BIN,ver=1,type=1,seq=14691,ts=14,lat=0,lon=0,alt_mm=-30,speed_cms=0,heading_cd=8500,pitch_cd=918,roll_cd=406,yaw_cd=-65,bat_mv=0,status=0x02","{""ver"":1,""type"":1,""seq"":14691,""ts"":14,""lat"":0,""lon"":0,""alt_mm"":-30,""speed_cms"":0,""heading_cd"":8500,""pitch_cd"":918,""roll_cd"":406,""yaw_cd"":-65,""bat_mv"":0,""status"":2}"
2026-08-12T20:05:31.360+00:00,BIN,"BIN,ver=1,type=1,seq=14806,ts=14,lat=0,lon=0,alt_mm=-30,speed_cms=0,heading_cd=8500,pitch_cd=923,roll_cd=405,yaw_cd=-11,bat_mv=0,status=0x02","{""ver"":1,""type"":1,""seq"":14806,""ts"":14,""lat"":0,""lon"":0,""alt_mm"":-30,""speed_cms"":0,""heading_cd"":8500,""pitch_cd"":923,""roll_cd"":405,""yaw_cd"":-11,""bat_mv"":0,""status"":2}"
2026-08-12T20:05:31.446+00:00,BIN,"BIN,ver=1,type=1,seq=14931,ts=15,lat=0,lon=0,alt_mm=-30,speed_cms=0,heading_cd=8500,pitch_cd=900,roll_cd=317,yaw_cd=-55,bat_mv=0,status=0x02","{""ver"":1,""type"":1,""seq"":14931,""ts"":15,""lat"":0,""lon"":0,""alt_mm"":-30,""speed_cms"":0,""heading_cd"":8500,""pitch_cd"":900,""roll_cd"":317,""yaw_cd"":-55,""bat_mv"":0,""status"":2}"
2026-08-12T20:05:31.529+00:00,BIN,"BIN,ver=1,type=1,seq=14931,ts=15,lat=0,lon=0,alt_mm=-10,speed_cms=0,heading_cd=8500,pitch_cd=900,roll_cd=282,yaw_cd=-64,bat_mv=0,status=0x02","{""ver"":1,""type"":1,""seq"":14931,""ts"":15,""lat"":0,""lon"":0,""alt_mm"":-10,""speed_cms"":0,""heading_cd"":8500,""pitch_cd"":900,""roll_cd"":282,""yaw_cd"":-64,""bat_mv"":0,""status"":2}"
2026-08-12T20:05:31.613+00:00,BIN,"BIN,ver=1,type=1,seq=15086,ts=15,lat=0,lon=0,alt_mm=-10,speed_cms=0,heading_cd=8500,pitch_cd=980,roll_cd=333,yaw_cd=-27,bat_mv=0,status=0x02","{""ver"":1,""type"":1,""seq"":15086,""ts"":15,""lat"":0,""lon"":0,""alt_mm"":-10,""speed_cms"":0,""heading_cd"":8500,""pitch_cd"":980,""roll_cd"":333,""yaw_cd"":-27,""bat_mv"":0,""status"":2}"
2026-08-12T20:05:31.697+00:00,BIN,"BIN,ver=1,type=1,seq=15211,ts=15,lat=0,lon=0,alt_mm=-10,speed_cms=0,heading_cd=8500,pitch_cd=1008,roll_cd=411,yaw_cd=25,bat_mv=0,status=0x02","{""ver"":1,""type"":1,""seq"":15211,""ts"":15,""lat"":0,""lon"":0,""alt_mm"":-10,""speed_cms"":0,""heading_cd"":8500,""pitch_cd"":1008,""roll_cd"":411,""yaw_cd"":25,""bat_mv"":0,""status"":2}"
2026-08-12T20:05:31.781+00:00,BIN,"BIN,ver=1,type=1,seq=15211,ts=15,lat=0,lon=0,alt_mm=-10,speed_cms=0,heading_cd=8500,pitch_cd=975,roll_cd=480,yaw_cd=62,bat_mv=0,status=0x02","{""ver"":1,""type"":1,""seq"":15211,""ts"":15,""lat"":0,""lon"":0,""alt_mm"":-10,""speed_cms"":0,""heading_cd"":8500,""pitch_cd"":975,""roll_cd"":480,""yaw_cd"":62,""bat_mv"":0,""status"":2}"
2026-08-12T20:05:31.949+00:00,BIN,"BIN,ver=1,type=1,seq=15451,ts=15,lat=0,lon=0,alt_mm=-20,speed_cms=0,heading_cd=8500,pitch_cd=874,roll_cd=320,yaw_cd=-34,bat_mv=0,status=0x02","{""ver"":1,""type"":1,""seq"":15451,""ts"":15,""lat"":0,""lon"":0,""alt_mm"":-20,""speed_cms"":0,""heading_cd"":8500,""pitch_cd"":874,""roll_cd"":320,""yaw_cd"":-34,""bat_mv"":0,""status"":2}"
2026-08-12T20:05:31.953+00:00,BIN,"BIN,ver=1,type=1,seq=15451,ts=15,lat=0,lon=0,alt_mm=-20,speed_cms=0,heading_cd=8500,pitch_cd=869,roll_cd=200,yaw_cd=-44,bat_mv=0,status=0x02","{""ver"":1,""type"":1,""seq"":15451,""ts"":15,""lat"":0,""lon"":0,""alt_mm"":-20,""speed_cms"":0,""heading_cd"":8500,""pitch_cd"":869,""roll_cd"":200,""yaw_cd"":-44,""bat_mv"":0,""status"":2}"
2026-08-12T20:05:32.035+00:00,BIN,"BIN,ver=1,type=1,seq=15608,ts=15,lat=0,lon=0,alt_mm=-10,speed_cms=0,heading_cd=8500,pitch_cd=970,roll_cd=340,yaw_cd=15,bat_mv=0,status=0x02","{""ver"":1,""type"":1,""seq"":15608,""ts"":15,""lat"":0,""lon"":0,""alt_mm"":-10,""speed_cms"":0,""heading_cd"":8500,""pitch_cd"":970,""roll_cd"":340,""yaw_cd"":15,""bat_mv"":0,""status"":2}"
2026-08-12T20:05:32.115+00:00,BIN,"BIN,ver=1,type=1,seq=15608,ts=15,lat=0,lon=0,alt_mm=-10,speed_cms=0,heading_cd=8500,pitch_cd=970,roll_cd=340,yaw_cd=15,bat_mv=0,status=0x02","{""ver"":1,""type"":1,""seq"":15608,""ts"":15,""lat"":0,""lon"":0,""alt_mm"":-10,""speed_cms"":0,""heading_cd"":8500,""pitch_cd"":970,""roll_cd"":340,""yaw_cd"":15,""bat_mv"":0,""status"":2}"
2026-08-12T20:05:32.200+00:00,BIN,"BIN,ver=1,type=1,seq=15731,ts=15,lat=0,lon=0,alt_mm=-40,speed_cms=0,heading_cd=8500,pitch_cd=971,roll_cd=428,yaw_cd=44,bat_mv=0,status=0x02","{""ver"":1,""type"":1,""seq"":15731,""ts"":15,""lat"":0,""lon"":0,""alt_mm"":-40,""speed_cms"":0,""heading_cd"":8500,""pitch_cd"":971,""roll_cd"":428,""yaw_cd"":44,""bat_mv"":0,""status"":2}"
2026-08-12T20:05:32.284+00:00,BIN,"BIN,ver=1,type=1,seq=15731,ts=15,lat=0,lon=0,alt_mm=-40,speed_cms=0,heading_cd=8500,pitch_cd=941,roll_cd=378,yaw_cd=160,bat_mv=0,status=0x02","{""ver"":1,""type"":1,""seq"":15731,""ts"":15,""lat"":0,""lon"":0,""alt_mm"":-40,""speed_cms"":0,""heading_cd"":8500,""pitch_cd"":941,""roll_cd"":378,""yaw_cd"":160,""bat_mv"":0,""status"":2}"
2026-08-12T20:05:32.368+00:00,BIN,"BIN,ver=1,type=1,seq=15849,ts=15,lat=0,lon=0,alt_mm=-20,speed_cms=0,heading_cd=8500,pitch_cd=941,roll_cd=351,yaw_cd=182,bat_mv=0,status=0x02","{""ver"":1,""type"":1,""seq"":15849,""ts"":15,""lat"":0,""lon"":0,""alt_mm"":-20,""speed_cms"":0,""heading_cd"":8500,""pitch_cd"":941,""roll_cd"":351,""yaw_cd"":182,""bat_mv"":0,""status"":2}"
2026-08-12T20:05:32.453+00:00,BIN,"BIN,ver=1,type=1,seq=15849,ts=16,lat=0,lon=0,alt_mm=-10,speed_cms=0,heading_cd=8500,pitch_cd=933,roll_cd=456,yaw_cd=118,bat_mv=0,status=0x02","{""ver"":1,""type"":1,""seq"":15849,""ts"":16,""lat"":0,""lon"":0,""alt_mm"":-10,""speed_cms"":0,""heading_cd"":8500,""pitch_cd"":933,""roll_cd"":456,""yaw_cd"":118,""bat_mv"":0,""status"":2}"
2026-08-12T20:05:32.536+00:00,BIN,"BIN,ver=1,type=1,seq=15971,ts=16,lat=0,lon=0,alt_mm=-10,speed_cms=0,heading_cd=8500,pitch_cd=949,roll_cd=455,yaw_cd=40,bat_mv=0,status=0x02","{""ver"":1,""type"":1,""seq"":15971,""ts"":16,""lat"":0,""lon"":0,""alt_mm"":-10,""speed_cms"":0,""heading_cd"":8500,""pitch_cd"":949,""roll_cd"":455,""yaw_cd"":40,""bat_mv"":0,""status"":2}"
2026-08-12T20:05:32.620+00:00,BIN,"BIN,ver=1,type=1,seq=16126,ts=16,lat=0,lon=0,alt_mm=40,speed_cms=0,heading_cd=8500,pitch_cd=963,roll_cd=345,yaw_cd=-50,bat_mv=0,status=0x02","{""ver"":1,""type"":1,""seq"":16126,""ts"":16,""lat"":0,""lon"":0,""alt_mm"":40,""speed_cms"":0,""heading_cd"":8500,""pitch_cd"":963,""roll_cd"":345,""yaw_cd"":-50,""bat_mv"":0,""status"":2}"
2026-08-12T20:05:32.704+00:00,BIN,"BIN,ver=1,type=1,seq=16126,ts=16,lat=0,lon=0,alt_mm=70,speed_cms=0,heading_cd=8500,pitch_cd=927,roll_cd=327,yaw_cd=-26,bat_mv=0,status=0x02","{""ver"":1,""type"":1,""seq"":16126,""ts"":16,""lat"":0,""lon"":0,""alt_mm"":70,""speed_cms"":0,""heading_cd"":8500,""pitch_cd"":927,""roll_cd"":327,""yaw_cd"":-26,""bat_mv"":0,""status"":2}"
2026-08-12T20:05:32.787+00:00,BIN,"BIN,ver=1,type=1,seq=16251,ts=16,lat=0,lon=0,alt_mm=70,speed_cms=0,heading_cd=8500,pitch_cd=927,roll_cd=280,yaw_cd=19,bat_mv=0,status=0x02","{""ver"":1,""type"":1,""seq"":16251,""ts"":16,""lat"":0,""lon"":0,""alt_mm"":70,""speed_cms"":0,""heading_cd"":8500,""pitch_cd"":927,""roll_cd"":280,""yaw_cd"":19,""bat_mv"":0,""status"":2}"
2026-08-12T20:05:32.872+00:00,BIN,"BIN,ver=1,type=1,seq=16366,ts=16,lat=0,lon=0,alt_mm=60,speed_cms=0,heading_cd=8500,pitch_cd=920,roll_cd=262,yaw_cd=4,bat_mv=0,status=0x02","{""ver"":1,""type"":1,""seq"":16366,""ts"":16,""lat"":0,""lon"":0,""alt_mm"":60,""speed_cms"":0,""heading_cd"":8500,""pitch_cd"":920,""roll_cd"":262,""yaw_cd"":4,""bat_mv"":0,""status"":2}"
2026-08-12T20:05:32.953+00:00,BIN,"BIN,ver=1,type=1,seq=16491,ts=16,lat=0,lon=0,alt_mm=60,speed_cms=0,heading_cd=8500,pitch_cd=947,roll_cd=282,yaw_cd=48,bat_mv=0,status=0x02","{""ver"":1,""type"":1,""seq"":16491,""ts"":16,""lat"":0,""lon"":0,""alt_mm"":60,""speed_cms"":0,""heading_cd"":8500,""pitch_cd"":947,""roll_cd"":282,""yaw_cd"":48,""bat_mv"":0,""status"":2}"
2026-08-12T20:05:33.088+00:00,BIN,"BIN,ver=1,type=1,seq=16491,ts=16,lat=0,lon=0,alt_mm=30,speed_cms=0,heading_cd=8500,pitch_cd=970,roll_cd=332,yaw_cd=60,bat_mv=0,status=0x02","{""ver"":1,""type"":1,""seq"":16491,""ts"":16,""lat"":0,""lon"":0,""alt_mm"":30,""speed_cms"":0,""heading_cd"":8500,""pitch_cd"":970,""roll_cd"":332,""yaw_cd"":60,""bat_mv"":0,""status"":2}"
2026-08-12T20:05:33.121+00:00,BIN,"BIN,ver=1,type=1,seq=16612,ts=16,lat=0,lon=0,alt_mm=30,speed_cms=0,heading_cd=8500,pitch_cd=1019,roll_cd=406,yaw_cd=-4,bat_mv=0,status=0x02","{""ver"":1,""type"":1,""seq"":16612,""ts"":16,""lat"":0,""lon"":0,""alt_mm"":30,""speed_cms"":0,""heading_cd"":8500,""pitch_cd"":1019,""roll_cd"":406,""yaw_cd"":-4,""bat_mv"":0,""status"":2}"
2026-08-12T20:05:33.289+00:00,BIN,"BIN,ver=1,type=1,seq=16719,ts=16,lat=0,lon=0,alt_mm=20,speed_cms=0,heading_cd=8500,pitch_cd=964,roll_cd=435,yaw_cd=-150,bat_mv=0,status=0x02","{""ver"":1,""type"":1,""seq"":16719,""ts"":16,""lat"":0,""lon"":0,""alt_mm"":20,""speed_cms"":0,""heading_cd"":8500,""pitch_cd"":964,""roll_cd"":435,""yaw_cd"":-150,""bat_mv"":0,""status"":2}"
2026-08-12T20:05:33.292+00:00,BIN,"BIN,ver=1,type=1,seq=16719,ts=16,lat=0,lon=0,alt_mm=40,speed_cms=0,heading_cd=8500,pitch_cd=864,roll_cd=343,yaw_cd=-144,bat_mv=0,status=0x02","{""ver"":1,""type"":1,""seq"":16719,""ts"":16,""lat"":0,""lon"":0,""alt_mm"":40,""speed_cms"":0,""heading_cd"":8500,""pitch_cd"":864,""roll_cd"":343,""yaw_cd"":-144,""bat_mv"":0,""status"":2}"
2026-08-12T20:05:33.377+00:00,BIN,"BIN,ver=1,type=1,seq=16823,ts=16,lat=0,lon=0,alt_mm=40,speed_cms=0,heading_cd=8500,pitch_cd=902,roll_cd=163,yaw_cd=12,bat_mv=0,status=0x02","{""ver"":1,""type"":1,""seq"":16823,""ts"":16,""lat"":0,""lon"":0,""alt_mm"":40,""speed_cms"":0,""heading_cd"":8500,""pitch_cd"":902,""roll_cd"":163,""yaw_cd"":12,""bat_mv"":0,""status"":2}"
2026-08-12T20:05:33.458+00:00,BIN,"BIN,ver=1,type=1,seq=16966,ts=17,lat=0,lon=0,alt_mm=0,speed_cms=0,heading_cd=8500,pitch_cd=929,roll_cd=199,yaw_cd=76,bat_mv=0,status=0x02","{""ver"":1,""type"":1,""seq"":16966,""ts"":17,""lat"":0,""lon"":0,""alt_mm"":0,""speed_cms"":0,""heading_cd"":8500,""pitch_cd"":929,""roll_cd"":199,""yaw_cd"":76,""bat_mv"":0,""status"":2}"
2026-08-12T20:05:33.542+00:00,BIN,"BIN,ver=1,type=1,seq=16966,ts=17,lat=0,lon=0,alt_mm=0,speed_cms=0,heading_cd=8500,pitch_cd=975,roll_cd=448,yaw_cd=84,bat_mv=0,status=0x02","{""ver"":1,""type"":1,""seq"":16966,""ts"":17,""lat"":0,""lon"":0,""alt_mm"":0,""speed_cms"":0,""heading_cd"":8500,""pitch_cd"":975,""roll_cd"":448,""yaw_cd"":84,""bat_mv"":0,""status"":2}"
2026-08-12T20:05:33.627+00:00,BIN,"BIN,ver=1,type=1,seq=17091,ts=17,lat=0,lon=0,alt_mm=30,speed_cms=0,heading_cd=8500,pitch_cd=975,roll_cd=448,yaw_cd=84,bat_mv=0,status=0x02","{""ver"":1,""type"":1,""seq"":17091,""ts"":17,""lat"":0,""lon"":0,""alt_mm"":30,""speed_cms"":0,""heading_cd"":8500,""pitch_cd"":975,""roll_cd"":448,""yaw_cd"":84,""bat_mv"":0,""status"":2}"
2026-08-12T20:05:33.710+00:00,BIN,"BIN,ver=1,type=1,seq=17091,ts=17,lat=0,lon=0,alt_mm=30,speed_cms=0,heading_cd=8500,pitch_cd=897,roll_cd=526,yaw_cd=13,bat_mv=0,status=0x02","{""ver"":1,""type"":1,""seq"":17091,""ts"":17,""lat"":0,""lon"":0,""alt_mm"":30,""speed_cms"":0,""heading_cd"":8500,""pitch_cd"":897,""roll_cd"":526,""yaw_cd"":13,""bat_mv"":0,""status"":2}"
2026-08-12T20:05:33.795+00:00,BIN,"BIN,ver=1,type=1,seq=17246,ts=17,lat=0,lon=0,alt_mm=-50,speed_cms=0,heading_cd=8500,pitch_cd=906,roll_cd=309,yaw_cd=-55,bat_mv=0,status=0x02","{""ver"":1,""type"":1,""seq"":17246,""ts"":17,""lat"":0,""lon"":0,""alt_mm"":-50,""speed_cms"":0,""heading_cd"":8500,""pitch_cd"":906,""roll_cd"":309,""yaw_cd"":-55,""bat_mv"":0,""status"":2}"
2026-08-12T20:05:33.879+00:00,BIN,"BIN,ver=1,type=1,seq=17371,ts=17,lat=0,lon=0,alt_mm=-90,speed_cms=0,heading_cd=8500,pitch_cd=1077,roll_cd=429,yaw_cd=-30,bat_mv=0,status=0x02","{""ver"":1,""type"":1,""seq"":17371,""ts"":17,""lat"":0,""lon"":0,""alt_mm"":-90,""speed_cms"":0,""heading_cd"":8500,""pitch_cd"":1077,""roll_cd"":429,""yaw_cd"":-30,""bat_mv"":0,""status"":2}"
2026-08-12T20:05:34.975+00:00,BIN,"BIN,ver=1,type=1,seq=18491,ts=18,lat=0,lon=0,alt_mm=-150,speed_cms=0,heading_cd=8500,pitch_cd=643,roll_cd=706,yaw_cd=-156,bat_mv=0,status=0x02","{""ver"":1,""type"":1,""seq"":18491,""ts"":18,""lat"":0,""lon"":0,""alt_mm"":-150,""speed_cms"":0,""heading_cd"":8500,""pitch_cd"":643,""roll_cd"":706,""yaw_cd"":-156,""bat_mv"":0,""status"":2}"
2026-08-12T20:05:35.138+00:00,BIN,"BIN,ver=1,type=1,seq=18648,ts=18,lat=0,lon=0,alt_mm=-140,speed_cms=0,heading_cd=8500,pitch_cd=728,roll_cd=801,yaw_cd=-41,bat_mv=0,status=0x02","{""ver"":1,""type"":1,""seq"":18648,""ts"":18,""lat"":0,""lon"":0,""alt_mm"":-140,""speed_cms"":0,""heading_cd"":8500,""pitch_cd"":728,""roll_cd"":801,""yaw_cd"":-41,""bat_mv"":0,""status"":2}"
2026-08-12T20:05:35.221+00:00,BIN,"BIN,ver=1,type=1,seq=18648,ts=18,lat=0,lon=0,alt_mm=-140,speed_cms=0,heading_cd=8500,pitch_cd=668,roll_cd=698,yaw_cd=-69,bat_mv=0,status=0x02","{""ver"":1,""type"":1,""seq"":18648,""ts"":18,""lat"":0,""lon"":0,""alt_mm"":-140,""speed_cms"":0,""heading_cd"":8500,""pitch_cd"":668,""roll_cd"":698,""yaw_cd"":-69,""bat_mv"":0,""status"":2}"
2026-08-12T20:05:35.472+00:00,BIN,"BIN,ver=1,type=1,seq=18926,ts=18,lat=0,lon=0,alt_mm=-10,speed_cms=0,heading_cd=8500,pitch_cd=730,roll_cd=701,yaw_cd=-291,bat_mv=0,status=0x02","{""ver"":1,""type"":1,""seq"":18926,""ts"":18,""lat"":0,""lon"":0,""alt_mm"":-10,""speed_cms"":0,""heading_cd"":8500,""pitch_cd"":730,""roll_cd"":701,""yaw_cd"":-291,""bat_mv"":0,""status"":2}"
2026-08-12T20:05:36.817+00:00,BIN,"BIN,ver=1,type=1,seq=20431,ts=20,lat=0,lon=0,alt_mm=-290,speed_cms=0,heading_cd=8500,pitch_cd=755,roll_cd=694,yaw_cd=-122,bat_mv=0,status=0x02","{""ver"":1,""type"":1,""seq"":20431,""ts"":20,""lat"":0,""lon"":0,""alt_mm"":-290,""speed_cms"":0,""heading_cd"":8500,""pitch_cd"":755,""roll_cd"":694,""yaw_cd"":-122,""bat_mv"":0,""status"":2}"
2026-08-12T20:05:37.070+00:00,BIN,"BIN,ver=1,type=1,seq=20591,ts=20,lat=0,lon=0,alt_mm=-360,speed_cms=0,heading_cd=8500,pitch_cd=884,roll_cd=616,yaw_cd=44,bat_mv=0,status=0x02","{""ver"":1,""type"":1,""seq"":20591,""ts"":20,""lat"":0,""lon"":0,""alt_mm"":-360,""speed_cms"":0,""heading_cd"":8500,""pitch_cd"":884,""roll_cd"":616,""yaw_cd"":44,""bat_mv"":0,""status"":2}"
2026-08-12T20:05:37.235+00:00,BIN,"BIN,ver=1,type=1,seq=20591,ts=20,lat=0,lon=0,alt_mm=-360,speed_cms=0,heading_cd=8500,pitch_cd=867,roll_cd=737,yaw_cd=107,bat_mv=0,status=0x02","{""ver"":1,""type"":1,""seq"":20591,""ts"":20,""lat"":0,""lon"":0,""alt_mm"":-360,""speed_cms"":0,""heading_cd"":8500,""pitch_cd"":867,""roll_cd"":737,""yaw_cd"":107,""bat_mv"":0,""status"":2}"
2026-08-12T20:05:37.241+00:00,BIN,"BIN,ver=1,type=1,seq=20711,ts=20,lat=0,lon=0,alt_mm=-380,speed_cms=0,heading_cd=8500,pitch_cd=867,roll_cd=737,yaw_cd=107,bat_mv=0,status=0x02","{""ver"":1,""type"":1,""seq"":20711,""ts"":20,""lat"":0,""lon"":0,""alt_mm"":-380,""speed_cms"":0,""heading_cd"":8500,""pitch_cd"":867,""roll_cd"":737,""yaw_cd"":107,""bat_mv"":0,""status"":2}"
2026-08-12T20:05:37.319+00:00,BIN,"BIN,ver=1,type=1,seq=20711,ts=20,lat=0,lon=0,alt_mm=-380,speed_cms=0,heading_cd=8500,pitch_cd=849,roll_cd=617,yaw_cd=115,bat_mv=0,status=0x02","{""ver"":1,""type"":1,""seq"":20711,""ts"":20,""lat"":0,""lon"":0,""alt_mm"":-380,""speed_cms"":0,""heading_cd"":8500,""pitch_cd"":849,""roll_cd"":617,""yaw_cd"":115,""bat_mv"":0,""status"":2}"
2026-08-12T20:05:37.403+00:00,BIN,"BIN,ver=1,type=1,seq=20866,ts=20,lat=0,lon=0,alt_mm=-350,speed_cms=0,heading_cd=8500,pitch_cd=778,roll_cd=259,yaw_cd=222,bat_mv=0,status=0x02","{""ver"":1,""type"":1,""seq"":20866,""ts"":20,""lat"":0,""lon"":0,""alt_mm"":-350,""speed_cms"":0,""heading_cd"":8500,""pitch_cd"":778,""roll_cd"":259,""yaw_cd"":222,""bat_mv"":0,""status"":2}"
2026-08-12T20:05:37.487+00:00,BIN,"BIN,ver=1,type=1,seq=20866,ts=21,lat=0,lon=0,alt_mm=-370,speed_cms=0,heading_cd=8500,pitch_cd=559,roll_cd=653,yaw_cd=109,bat_mv=0,status=0x02","{""ver"":1,""type"":1,""seq"":20866,""ts"":21,""lat"":0,""lon"":0,""alt_mm"":-370,""speed_cms"":0,""heading_cd"":8500,""pitch_cd"":559,""roll_cd"":653,""yaw_cd"":109,""bat_mv"":0,""status"":2}"
2026-08-12T20:05:37.820+00:00,BIN,"BIN,ver=1,type=1,seq=21271,ts=21,lat=0,lon=0,alt_mm=-360,speed_cms=0,heading_cd=8500,pitch_cd=677,roll_cd=520,yaw_cd=597,bat_mv=0,status=0x02","{""ver"":1,""type"":1,""seq"":21271,""ts"":21,""lat"":0,""lon"":0,""alt_mm"":-360,""speed_cms"":0,""heading_cd"":8500,""pitch_cd"":677,""roll_cd"":520,""yaw_cd"":597,""bat_mv"":0,""status"":2}"
2026-08-12T20:05:37.905+00:00,BIN,"BIN,ver=1,type=1,seq=21552,ts=21,lat=0,lon=0,alt_mm=-400,speed_cms=0,heading_cd=8500,pitch_cd=774,roll_cd=382,yaw_cd=667,bat_mv=0,status=0x02","{""ver"":1,""type"":1,""seq"":21552,""ts"":21,""lat"":0,""lon"":0,""alt_mm"":-400,""speed_cms"":0,""heading_cd"":8500,""pitch_cd"":774,""roll_cd"":382,""yaw_cd"":667,""bat_mv"":0,""status"":2}"
2026-08-12T20:05:37.992+00:00,BIN,"BIN,ver=1,type=1,seq=21552,ts=21,lat=0,lon=0,alt_mm=-400,speed_cms=0,heading_cd=8500,pitch_cd=774,roll_cd=382,yaw_cd=667,bat_mv=0,status=0x02","{""ver"":1,""type"":1,""seq"":21552,""ts"":21,""lat"":0,""lon"":0,""alt_mm"":-400,""speed_cms"":0,""heading_cd"":8500,""pitch_cd"":774,""roll_cd"":382,""yaw_cd"":667,""bat_mv"":0,""status"":2}"
2026-08-12T20:05:38.076+00:00,BIN,"BIN,ver=1,type=1,seq=21552,ts=21,lat=0,lon=0,alt_mm=-400,speed_cms=0,heading_cd=8500,pitch_cd=720,roll_cd=13,yaw_cd=262,bat_mv=0,status=0x02","{""ver"":1,""type"":1,""seq"":21552,""ts"":21,""lat"":0,""lon"":0,""alt_mm"":-400,""speed_cms"":0,""heading_cd"":8500,""pitch_cd"":720,""roll_cd"":13,""yaw_cd"":262,""bat_mv"":0,""status"":2}"
2026-08-12T20:05:38.158+00:00,BIN,"BIN,ver=1,type=1,seq=21552,ts=21,lat=0,lon=0,alt_mm=-400,speed_cms=0,heading_cd=8500,pitch_cd=720,roll_cd=13,yaw_cd=262,bat_mv=0,status=0x02","{""ver"":1,""type"":1,""seq"":21552,""ts"":21,""lat"":0,""lon"":0,""alt_mm"":-400,""speed_cms"":0,""heading_cd"":8500,""pitch_cd"":720,""roll_cd"":13,""yaw_cd"":262,""bat_mv"":0,""status"":2}"
2026-08-12T20:05:38.243+00:00,BIN,"BIN,ver=1,type=1,seq=21707,ts=21,lat=0,lon=0,alt_mm=-380,speed_cms=0,heading_cd=8500,pitch_cd=828,roll_cd=242,yaw_cd=257,bat_mv=0,status=0x02","{""ver"":1,""type"":1,""seq"":21707,""ts"":21,""lat"":0,""lon"":0,""alt_mm"":-380,""speed_cms"":0,""heading_cd"":8500,""pitch_cd"":828,""roll_cd"":242,""yaw_cd"":257,""bat_mv"":0,""status"":2}"
2026-08-12T20:05:38.327+00:00,BIN,"BIN,ver=1,type=1,seq=21707,ts=21,lat=0,lon=0,alt_mm=-410,speed_cms=0,heading_cd=8500,pitch_cd=912,roll_cd=241,yaw_cd=294,bat_mv=0,status=0x02","{""ver"":1,""type"":1,""seq"":21707,""ts"":21,""lat"":0,""lon"":0,""alt_mm"":-410,""speed_cms"":0,""heading_cd"":8500,""pitch_cd"":912,""roll_cd"":241,""yaw_cd"":294,""bat_mv"":0,""status"":2}"
2026-08-12T20:05:38.410+00:00,BIN,"BIN,ver=1,type=1,seq=21831,ts=21,lat=0,lon=0,alt_mm=-410,speed_cms=0,heading_cd=8500,pitch_cd=717,roll_cd=209,yaw_cd=360,bat_mv=0,status=0x02","{""ver"":1,""type"":1,""seq"":21831,""ts"":21,""lat"":0,""lon"":0,""alt_mm"":-410,""speed_cms"":0,""heading_cd"":8500,""pitch_cd"":717,""roll_cd"":209,""yaw_cd"":360,""bat_mv"":0,""status"":2}"
2026-08-12T20:05:38.495+00:00,BIN,"BIN,ver=1,type=1,seq=21998,ts=22,lat=0,lon=0,alt_mm=-510,speed_cms=0,heading_cd=8500,pitch_cd=764,roll_cd=198,yaw_cd=435,bat_mv=0,status=0x02","{""ver"":1,""type"":1,""seq"":21998,""ts"":22,""lat"":0,""lon"":0,""alt_mm"":-510,""speed_cms"":0,""heading_cd"":8500,""pitch_cd"":764,""roll_cd"":198,""yaw_cd"":435,""bat_mv"":0,""status"":2}"
2026-08-12T20:05:38.577+00:00,BIN,"BIN,ver=1,type=1,seq=21998,ts=22,lat=0,lon=0,alt_mm=-530,speed_cms=0,heading_cd=8500,pitch_cd=831,roll_cd=419,yaw_cd=561,bat_mv=0,status=0x02","{""ver"":1,""type"":1,""seq"":21998,""ts"":22,""lat"":0,""lon"":0,""alt_mm"":-530,""speed_cms"":0,""heading_cd"":8500,""pitch_cd"":831,""roll_cd"":419,""yaw_cd"":561,""bat_mv"":0,""status"":2}"
2026-08-12T20:05:38.662+00:00,BIN,"BIN,ver=1,type=1,seq=22111,ts=22,lat=0,lon=0,alt_mm=-530,speed_cms=0,heading_cd=8500,pitch_cd=798,roll_cd=692,yaw_cd=459,bat_mv=0,status=0x02","{""ver"":1,""type"":1,""seq"":22111,""ts"":22,""lat"":0,""lon"":0,""alt_mm"":-530,""speed_cms"":0,""heading_cd"":8500,""pitch_cd"":798,""roll_cd"":692,""yaw_cd"":459,""bat_mv"":0,""status"":2}"
2026-08-12T20:05:38.747+00:00,BIN,"BIN,ver=1,type=1,seq=22266,ts=22,lat=0,lon=0,alt_mm=-470,speed_cms=0,heading_cd=8500,pitch_cd=821,roll_cd=621,yaw_cd=364,bat_mv=0,status=0x02","{""ver"":1,""type"":1,""seq"":22266,""ts"":22,""lat"":0,""lon"":0,""alt_mm"":-470,""speed_cms"":0,""heading_cd"":8500,""pitch_cd"":821,""roll_cd"":621,""yaw_cd"":364,""bat_mv"":0,""status"":2}"
2026-08-12T20:05:38.831+00:00,BIN,"BIN,ver=1,type=1,seq=22266,ts=22,lat=0,lon=0,alt_mm=-520,speed_cms=0,heading_cd=8500,pitch_cd=791,roll_cd=571,yaw_cd=255,bat_mv=0,status=0x02","{""ver"":1,""type"":1,""seq"":22266,""ts"":22,""lat"":0,""lon"":0,""alt_mm"":-520,""speed_cms"":0,""heading_cd"":8500,""pitch_cd"":791,""roll_cd"":571,""yaw_cd"":255,""bat_mv"":0,""status"":2}"
2026-08-12T20:05:38.914+00:00,BIN,"BIN,ver=1,type=1,seq=22391,ts=22,lat=0,lon=0,alt_mm=-550,speed_cms=0,heading_cd=8500,pitch_cd=787,roll_cd=456,yaw_cd=410,bat_mv=0,status=0x02","{""ver"":1,""type"":1,""seq"":22391,""ts"":22,""lat"":0,""lon"":0,""alt_mm"":-550,""speed_cms"":0,""heading_cd"":8500,""pitch_cd"":787,""roll_cd"":456,""yaw_cd"":410,""bat_mv"":0,""status"":2}"
2026-08-12T20:05:38.997+00:00,BIN,"BIN,ver=1,type=1,seq=22547,ts=22,lat=0,lon=0,alt_mm=-550,speed_cms=0,heading_cd=8500,pitch_cd=787,roll_cd=456,yaw_cd=410,bat_mv=0,status=0x02","{""ver"":1,""type"":1,""seq"":22547,""ts"":22,""lat"":0,""lon"":0,""alt_mm"":-550,""speed_cms"":0,""heading_cd"":8500,""pitch_cd"":787,""roll_cd"":456,""yaw_cd"":410,""bat_mv"":0,""status"":2}"
2026-08-12T20:05:39.084+00:00,BIN,"BIN,ver=1,type=1,seq=22547,ts=22,lat=0,lon=0,alt_mm=-550,speed_cms=0,heading_cd=8500,pitch_cd=810,roll_cd=310,yaw_cd=348,bat_mv=0,status=0x02","{""ver"":1,""type"":1,""seq"":22547,""ts"":22,""lat"":0,""lon"":0,""alt_mm"":-550,""speed_cms"":0,""heading_cd"":8500,""pitch_cd"":810,""roll_cd"":310,""yaw_cd"":348,""bat_mv"":0,""status"":2}"
2026-08-12T20:05:39.164+00:00,BIN,"BIN,ver=1,type=1,seq=22547,ts=22,lat=0,lon=0,alt_mm=-560,speed_cms=0,heading_cd=8500,pitch_cd=810,roll_cd=310,yaw_cd=348,bat_mv=0,status=0x02","{""ver"":1,""type"":1,""seq"":22547,""ts"":22,""lat"":0,""lon"":0,""alt_mm"":-560,""speed_cms"":0,""heading_cd"":8500,""pitch_cd"":810,""roll_cd"":310,""yaw_cd"":348,""bat_mv"":0,""status"":2}"
2026-08-12T20:05:39.250+00:00,BIN,"BIN,ver=1,type=1,seq=22672,ts=22,lat=0,lon=0,alt_mm=-560,speed_cms=0,heading_cd=8500,pitch_cd=832,roll_cd=287,yaw_cd=424,bat_mv=0,status=0x02","{""ver"":1,""type"":1,""seq"":22672,""ts"":22,""lat"":0,""lon"":0,""alt_mm"":-560,""speed_cms"":0,""heading_cd"":8500,""pitch_cd"":832,""roll_cd"":287,""yaw_cd"":424,""bat_mv"":0,""status"":2}"
2026-08-12T20:05:39.414+00:00,BIN,"BIN,ver=1,type=1,seq=22838,ts=22,lat=0,lon=0,alt_mm=-530,speed_cms=0,heading_cd=8500,pitch_cd=801,roll_cd=564,yaw_cd=493,bat_mv=0,status=0x02","{""ver"":1,""type"":1,""seq"":22838,""ts"":22,""lat"":0,""lon"":0,""alt_mm"":-530,""speed_cms"":0,""heading_cd"":8500,""pitch_cd"":801,""roll_cd"":564,""yaw_cd"":493,""bat_mv"":0,""status"":2}"
2026-08-12T20:05:39.418+00:00,BIN,"BIN,ver=1,type=1,seq=22838,ts=22,lat=0,lon=0,alt_mm=-550,speed_cms=0,heading_cd=8500,pitch_cd=773,roll_cd=465,yaw_cd=391,bat_mv=0,status=0x02","{""ver"":1,""type"":1,""seq"":22838,""ts"":22,""lat"":0,""lon"":0,""alt_mm"":-550,""speed_cms"":0,""heading_cd"":8500,""pitch_cd"":773,""roll_cd"":465,""yaw_cd"":391,""bat_mv"":0,""status"":2}"
2026-08-12T20:05:39.502+00:00,BIN,"BIN,ver=1,type=1,seq=22951,ts=23,lat=0,lon=0,alt_mm=-550,speed_cms=0,heading_cd=8500,pitch_cd=843,roll_cd=474,yaw_cd=309,bat_mv=0,status=0x02","{""ver"":1,""type"":1,""seq"":22951,""ts"":23,""lat"":0,""lon"":0,""alt_mm"":-550,""speed_cms"":0,""heading_cd"":8500,""pitch_cd"":843,""roll_cd"":474,""yaw_cd"":309,""bat_mv"":0,""status"":2}"
2026-08-12T20:05:39.586+00:00,BIN,"BIN,ver=1,type=1,seq=23106,ts=23,lat=0,lon=0,alt_mm=-510,speed_cms=0,heading_cd=8500,pitch_cd=619,roll_cd=488,yaw_cd=463,bat_mv=0,status=0x02","{""ver"":1,""type"":1,""seq"":23106,""ts"":23,""lat"":0,""lon"":0,""alt_mm"":-510,""speed_cms"":0,""heading_cd"":8500,""pitch_cd"":619,""roll_cd"":488,""yaw_cd"":463,""bat_mv"":0,""status"":2}"
2026-08-12T20:05:39.670+00:00,BIN,"BIN,ver=1,type=1,seq=23106,ts=23,lat=0,lon=0,alt_mm=-510,speed_cms=0,heading_cd=8500,pitch_cd=615,roll_cd=365,yaw_cd=646,bat_mv=0,status=0x02","{""ver"":1,""type"":1,""seq"":23106,""ts"":23,""lat"":0,""lon"":0,""alt_mm"":-510,""speed_cms"":0,""heading_cd"":8500,""pitch_cd"":615,""roll_cd"":365,""yaw_cd"":646,""bat_mv"":0,""status"":2}"
2026-08-12T20:05:39.753+00:00,BIN,"BIN,ver=1,type=1,seq=23231,ts=23,lat=0,lon=0,alt_mm=-520,speed_cms=0,heading_cd=8500,pitch_cd=615,roll_cd=365,yaw_cd=646,bat_mv=0,status=0x02","{""ver"":1,""type"":1,""seq"":23231,""ts"":23,""lat"":0,""lon"":0,""alt_mm"":-520,""speed_cms"":0,""heading_cd"":8500,""pitch_cd"":615,""roll_cd"":365,""yaw_cd"":646,""bat_mv"":0,""status"":2}"
2026-08-12T20:05:39.836+00:00,BIN,"BIN,ver=1,type=1,seq=23231,ts=23,lat=0,lon=0,alt_mm=-570,speed_cms=0,heading_cd=8500,pitch_cd=726,roll_cd=379,yaw_cd=512,bat_mv=0,status=0x02","{""ver"":1,""type"":1,""seq"":23231,""ts"":23,""lat"":0,""lon"":0,""alt_mm"":-570,""speed_cms"":0,""heading_cd"":8500,""pitch_cd"":726,""roll_cd"":379,""yaw_cd"":512,""bat_mv"":0,""status"":2}"
2026-08-12T20:05:39.921+00:00,BIN,"BIN,ver=1,type=1,seq=23511,ts=23,lat=0,lon=0,alt_mm=-620,speed_cms=0,heading_cd=8500,pitch_cd=817,roll_cd=318,yaw_cd=472,bat_mv=0,status=0x02","{""ver"":1,""type"":1,""seq"":23511,""ts"":23,""lat"":0,""lon"":0,""alt_mm"":-620,""speed_cms"":0,""heading_cd"":8500,""pitch_cd"":817,""roll_cd"":318,""yaw_cd"":472,""bat_mv"":0,""status"":2}"
2026-08-12T20:05:40.010+00:00,BIN,"BIN,ver=1,type=1,seq=23511,ts=23,lat=0,lon=0,alt_mm=-620,speed_cms=0,heading_cd=8500,pitch_cd=849,roll_cd=480,yaw_cd=412,bat_mv=0,status=0x02","{""ver"":1,""type"":1,""seq"":23511,""ts"":23,""lat"":0,""lon"":0,""alt_mm"":-620,""speed_cms"":0,""heading_cd"":8500,""pitch_cd"":849,""roll_cd"":480,""yaw_cd"":412,""bat_mv"":0,""status"":2}"
2026-08-12T20:05:40.090+00:00,BIN,"BIN,ver=1,type=1,seq=23511,ts=23,lat=0,lon=0,alt_mm=-620,speed_cms=0,heading_cd=8500,pitch_cd=849,roll_cd=480,yaw_cd=412,bat_mv=0,status=0x02","{""ver"":1,""type"":1,""seq"":23511,""ts"":23,""lat"":0,""lon"":0,""alt_mm"":-620,""speed_cms"":0,""heading_cd"":8500,""pitch_cd"":849,""roll_cd"":480,""yaw_cd"":412,""bat_mv"":0,""status"":2}"
2026-08-12T20:05:40.173+00:00,BIN,"BIN,ver=1,type=1,seq=23679,ts=23,lat=0,lon=0,alt_mm=-710,speed_cms=0,heading_cd=8500,pitch_cd=795,roll_cd=550,yaw_cd=463,bat_mv=0,status=0x02","{""ver"":1,""type"":1,""seq"":23679,""ts"":23,""lat"":0,""lon"":0,""alt_mm"":-710,""speed_cms"":0,""heading_cd"":8500,""pitch_cd"":795,""roll_cd"":550,""yaw_cd"":463,""bat_mv"":0,""status"":2}"
2026-08-12T20:05:40.256+00:00,BIN,"BIN,ver=1,type=1,seq=23679,ts=23,lat=0,lon=0,alt_mm=-680,speed_cms=0,heading_cd=8500,pitch_cd=613,roll_cd=659,yaw_cd=464,bat_mv=0,status=0x02","{""ver"":1,""type"":1,""seq"":23679,""ts"":23,""lat"":0,""lon"":0,""alt_mm"":-680,""speed_cms"":0,""heading_cd"":8500,""pitch_cd"":613,""roll_cd"":659,""yaw_cd"":464,""bat_mv"":0,""status"":2}"
2026-08-12T20:05:40.342+00:00,BIN,"BIN,ver=1,type=1,seq=23791,ts=23,lat=0,lon=0,alt_mm=-680,speed_cms=0,heading_cd=8500,pitch_cd=653,roll_cd=702,yaw_cd=569,bat_mv=0,status=0x02","{""ver"":1,""type"":1,""seq"":23791,""ts"":23,""lat"":0,""lon"":0,""alt_mm"":-680,""speed_cms"":0,""heading_cd"":8500,""pitch_cd"":653,""roll_cd"":702,""yaw_cd"":569,""bat_mv"":0,""status"":2}"
2026-08-12T20:05:40.424+00:00,BIN,"BIN,ver=1,type=1,seq=23946,ts=24,lat=0,lon=0,alt_mm=-630,speed_cms=0,heading_cd=8500,pitch_cd=543,roll_cd=658,yaw_cd=374,bat_mv=0,status=0x02","{""ver"":1,""type"":1,""seq"":23946,""ts"":24,""lat"":0,""lon"":0,""alt_mm"":-630,""speed_cms"":0,""heading_cd"":8500,""pitch_cd"":543,""roll_cd"":658,""yaw_cd"":374,""bat_mv"":0,""status"":2}"
2026-08-12T20:05:40.508+00:00,BIN,"BIN,ver=1,type=1,seq=23946,ts=24,lat=0,lon=0,alt_mm=-630,speed_cms=0,heading_cd=8500,pitch_cd=704,roll_cd=249,yaw_cd=80,bat_mv=0,status=0x02","{""ver"":1,""type"":1,""seq"":23946,""ts"":24,""lat"":0,""lon"":0,""alt_mm"":-630,""speed_cms"":0,""heading_cd"":8500,""pitch_cd"":704,""roll_cd"":249,""yaw_cd"":80,""bat_mv"":0,""status"":2}"
2026-08-12T20:05:40.592+00:00,BIN,"BIN,ver=1,type=1,seq=24071,ts=24,lat=0,lon=0,alt_mm=-680,speed_cms=0,heading_cd=8500,pitch_cd=704,roll_cd=249,yaw_cd=80,bat_mv=0,status=0x02","{""ver"":1,""type"":1,""seq"":24071,""ts"":24,""lat"":0,""lon"":0,""alt_mm"":-680,""speed_cms"":0,""heading_cd"":8500,""pitch_cd"":704,""roll_cd"":249,""yaw_cd"":80,""bat_mv"":0,""status"":2}"
2026-08-12T20:05:40.677+00:00,BIN,"BIN,ver=1,type=1,seq=24071,ts=24,lat=0,lon=0,alt_mm=-680,speed_cms=0,heading_cd=8500,pitch_cd=666,roll_cd=380,yaw_cd=-272,bat_mv=0,status=0x02","{""ver"":1,""type"":1,""seq"":24071,""ts"":24,""lat"":0,""lon"":0,""alt_mm"":-680,""speed_cms"":0,""heading_cd"":8500,""pitch_cd"":666,""roll_cd"":380,""yaw_cd"":-272,""bat_mv"":0,""status"":2}"
2026-08-12T20:05:40.760+00:00,BIN,"BIN,ver=1,type=1,seq=24226,ts=24,lat=0,lon=0,alt_mm=-690,speed_cms=0,heading_cd=8500,pitch_cd=523,roll_cd=694,yaw_cd=-69,bat_mv=0,status=0x02","{""ver"":1,""type"":1,""seq"":24226,""ts"":24,""lat"":0,""lon"":0,""alt_mm"":-690,""speed_cms"":0,""heading_cd"":8500,""pitch_cd"":523,""roll_cd"":694,""yaw_cd"":-69,""bat_mv"":0,""status"":2}"
2026-08-12T20:05:40.846+00:00,BIN,"BIN,ver=1,type=1,seq=24351,ts=24,lat=0,lon=0,alt_mm=-760,speed_cms=0,heading_cd=8500,pitch_cd=278,roll_cd=1500,yaw_cd=152,bat_mv=0,status=0x02","{""ver"":1,""type"":1,""seq"":24351,""ts"":24,""lat"":0,""lon"":0,""alt_mm"":-760,""speed_cms"":0,""heading_cd"":8500,""pitch_cd"":278,""roll_cd"":1500,""yaw_cd"":152,""bat_mv"":0,""status"":2}"
2026-08-12T20:05:40.928+00:00,BIN,"BIN,ver=1,type=1,seq=24518,ts=24,lat=0,lon=0,alt_mm=-860,speed_cms=0,heading_cd=8500,pitch_cd=503,roll_cd=1203,yaw_cd=584,bat_mv=0,status=0x02","{""ver"":1,""type"":1,""seq"":24518,""ts"":24,""lat"":0,""lon"":0,""alt_mm"":-860,""speed_cms"":0,""heading_cd"":8500,""pitch_cd"":503,""roll_cd"":1203,""yaw_cd"":584,""bat_mv"":0,""status"":2}"
2026-08-12T20:05:41.010+00:00,BIN,"BIN,ver=1,type=1,seq=24518,ts=24,lat=0,lon=0,alt_mm=-860,speed_cms=0,heading_cd=8500,pitch_cd=419,roll_cd=892,yaw_cd=379,bat_mv=0,status=0x02","{""ver"":1,""type"":1,""seq"":24518,""ts"":24,""lat"":0,""lon"":0,""alt_mm"":-860,""speed_cms"":0,""heading_cd"":8500,""pitch_cd"":419,""roll_cd"":892,""yaw_cd"":379,""bat_mv"":0,""status"":2}"
2026-08-12T20:05:41.096+00:00,BIN,"BIN,ver=1,type=1,seq=24632,ts=24,lat=0,lon=0,alt_mm=-800,speed_cms=0,heading_cd=8500,pitch_cd=419,roll_cd=892,yaw_cd=379,bat_mv=0,status=0x02","{""ver"":1,""type"":1,""seq"":24632,""ts"":24,""lat"":0,""lon"":0,""alt_mm"":-800,""speed_cms"":0,""heading_cd"":8500,""pitch_cd"":419,""roll_cd"":892,""yaw_cd"":379,""bat_mv"":0,""status"":2}"
2026-08-12T20:05:41.180+00:00,BIN,"BIN,ver=1,type=1,seq=24632,ts=24,lat=0,lon=0,alt_mm=-800,speed_cms=0,heading_cd=8500,pitch_cd=382,roll_cd=504,yaw_cd=236,bat_mv=0,status=0x02","{""ver"":1,""type"":1,""seq"":24632,""ts"":24,""lat"":0,""lon"":0,""alt_mm"":-800,""speed_cms"":0,""heading_cd"":8500,""pitch_cd"":382,""roll_cd"":504,""yaw_cd"":236,""bat_mv"":0,""status"":2}"
2026-08-12T20:05:41.313+00:00,BIN,"BIN,ver=1,type=1,seq=24786,ts=24,lat=0,lon=0,alt_mm=-740,speed_cms=0,heading_cd=8500,pitch_cd=514,roll_cd=348,yaw_cd=195,bat_mv=0,status=0x02","{""ver"":1,""type"":1,""seq"":24786,""ts"":24,""lat"":0,""lon"":0,""alt_mm"":-740,""speed_cms"":0,""heading_cd"":8500,""pitch_cd"":514,""roll_cd"":348,""yaw_cd"":195,""bat_mv"":0,""status"":2}"
2026-08-12T20:05:41.515+00:00,BIN,"BIN,ver=1,type=1,seq=24911,ts=25,lat=0,lon=0,alt_mm=-700,speed_cms=0,heading_cd=8500,pitch_cd=451,roll_cd=714,yaw_cd=650,bat_mv=0,status=0x02","{""ver"":1,""type"":1,""seq"":24911,""ts"":25,""lat"":0,""lon"":0,""alt_mm"":-700,""speed_cms"":0,""heading_cd"":8500,""pitch_cd"":451,""roll_cd"":714,""yaw_cd"":650,""bat_mv"":0,""status"":2}"
2026-08-12T20:05:41.597+00:00,BIN,"BIN,ver=1,type=1,seq=25066,ts=25,lat=0,lon=0,alt_mm=-750,speed_cms=0,heading_cd=8500,pitch_cd=555,roll_cd=705,yaw_cd=693,bat_mv=0,status=0x02","{""ver"":1,""type"":1,""seq"":25066,""ts"":25,""lat"":0,""lon"":0,""alt_mm"":-750,""speed_cms"":0,""heading_cd"":8500,""pitch_cd"":555,""roll_cd"":705,""yaw_cd"":693,""bat_mv"":0,""status"":2}"
2026-08-12T20:05:41.681+00:00,BIN,"BIN,ver=1,type=1,seq=25066,ts=25,lat=0,lon=0,alt_mm=-810,speed_cms=0,heading_cd=8500,pitch_cd=739,roll_cd=634,yaw_cd=492,bat_mv=0,status=0x02","{""ver"":1,""type"":1,""seq"":25066,""ts"":25,""lat"":0,""lon"":0,""alt_mm"":-810,""speed_cms"":0,""heading_cd"":8500,""pitch_cd"":739,""roll_cd"":634,""yaw_cd"":492,""bat_mv"":0,""status"":2}"
2026-08-12T20:05:41.766+00:00,BIN,"BIN,ver=1,type=1,seq=25191,ts=25,lat=0,lon=0,alt_mm=-810,speed_cms=0,heading_cd=8500,pitch_cd=627,roll_cd=931,yaw_cd=444,bat_mv=0,status=0x02","{""ver"":1,""type"":1,""seq"":25191,""ts"":25,""lat"":0,""lon"":0,""alt_mm"":-810,""speed_cms"":0,""heading_cd"":8500,""pitch_cd"":627,""roll_cd"":931,""yaw_cd"":444,""bat_mv"":0,""status"":2}"
2026-08-12T20:05:41.849+00:00,BIN,"BIN,ver=1,type=1,seq=25471,ts=25,lat=0,lon=0,alt_mm=-820,speed_cms=0,heading_cd=8500,pitch_cd=490,roll_cd=527,yaw_cd=271,bat_mv=0,status=0x02","{""ver"":1,""type"":1,""seq"":25471,""ts"":25,""lat"":0,""lon"":0,""alt_mm"":-820,""speed_cms"":0,""heading_cd"":8500,""pitch_cd"":490,""roll_cd"":527,""yaw_cd"":271,""bat_mv"":0,""status"":2}"
2026-08-12T20:05:41.937+00:00,BIN,"BIN,ver=1,type=1,seq=25471,ts=25,lat=0,lon=0,alt_mm=-820,speed_cms=0,heading_cd=8500,pitch_cd=442,roll_cd=546,yaw_cd=63,bat_mv=0,status=0x02","{""ver"":1,""type"":1,""seq"":25471,""ts"":25,""lat"":0,""lon"":0,""alt_mm"":-820,""speed_cms"":0,""heading_cd"":8500,""pitch_cd"":442,""roll_cd"":546,""yaw_cd"":63,""bat_mv"":0,""status"":2}"
2026-08-12T20:05:42.094+00:00,BIN,"BIN,ver=1,type=1,seq=25471,ts=25,lat=0,lon=0,alt_mm=-840,speed_cms=0,heading_cd=8500,pitch_cd=442,roll_cd=546,yaw_cd=63,bat_mv=0,status=0x02","{""ver"":1,""type"":1,""seq"":25471,""ts"":25,""lat"":0,""lon"":0,""alt_mm"":-840,""speed_cms"":0,""heading_cd"":8500,""pitch_cd"":442,""roll_cd"":546,""yaw_cd"":63,""bat_mv"":0,""status"":2}"
2026-08-12T20:05:42.110+00:00,BIN,"BIN,ver=1,type=1,seq=25628,ts=25,lat=0,lon=0,alt_mm=-840,speed_cms=0,heading_cd=8500,pitch_cd=705,roll_cd=1129,yaw_cd=281,bat_mv=0,status=0x02","{""ver"":1,""type"":1,""seq"":25628,""ts"":25,""lat"":0,""lon"":0,""alt_mm"":-840,""speed_cms"":0,""heading_cd"":8500,""pitch_cd"":705,""roll_cd"":1129,""yaw_cd"":281,""bat_mv"":0,""status"":2}"
2026-08-12T20:05:42.186+00:00,BIN,"BIN,ver=1,type=1,seq=25628,ts=25,lat=0,lon=0,alt_mm=-840,speed_cms=0,heading_cd=8500,pitch_cd=1022,roll_cd=573,yaw_cd=412,bat_mv=0,status=0x02","{""ver"":1,""type"":1,""seq"":25628,""ts"":25,""lat"":0,""lon"":0,""alt_mm"":-840,""speed_cms"":0,""heading_cd"":8500,""pitch_cd"":1022,""roll_cd"":573,""yaw_cd"":412,""bat_mv"":0,""status"":2}"
2026-08-12T20:05:42.270+00:00,BIN,"BIN,ver=1,type=1,seq=25751,ts=25,lat=0,lon=0,alt_mm=-900,speed_cms=0,heading_cd=8500,pitch_cd=1022,roll_cd=573,yaw_cd=412,bat_mv=0,status=0x02","{""ver"":1,""type"":1,""seq"":25751,""ts"":25,""lat"":0,""lon"":0,""alt_mm"":-900,""speed_cms"":0,""heading_cd"":8500,""pitch_cd"":1022,""roll_cd"":573,""yaw_cd"":412,""bat_mv"":0,""status"":2}"
2026-08-12T20:05:42.353+00:00,BIN,"BIN,ver=1,type=1,seq=25751,ts=25,lat=0,lon=0,alt_mm=-900,speed_cms=0,heading_cd=8500,pitch_cd=821,roll_cd=675,yaw_cd=260,bat_mv=0,status=0x02","{""ver"":1,""type"":1,""seq"":25751,""ts"":25,""lat"":0,""lon"":0,""alt_mm"":-900,""speed_cms"":0,""heading_cd"":8500,""pitch_cd"":821,""roll_cd"":675,""yaw_cd"":260,""bat_mv"":0,""status"":2}"
2026-08-12T20:05:42.438+00:00,BIN,"BIN,ver=1,type=1,seq=25906,ts=25,lat=0,lon=0,alt_mm=-910,speed_cms=0,heading_cd=8500,pitch_cd=837,roll_cd=299,yaw_cd=405,bat_mv=0,status=0x02","{""ver"":1,""type"":1,""seq"":25906,""ts"":25,""lat"":0,""lon"":0,""alt_mm"":-910,""speed_cms"":0,""heading_cd"":8500,""pitch_cd"":837,""roll_cd"":299,""yaw_cd"":405,""bat_mv"":0,""status"":2}"
2026-08-12T20:05:42.523+00:00,BIN,"BIN,ver=1,type=1,seq=25906,ts=26,lat=0,lon=0,alt_mm=-980,speed_cms=0,heading_cd=8500,pitch_cd=830,roll_cd=255,yaw_cd=238,bat_mv=0,status=0x02","{""ver"":1,""type"":1,""seq"":25906,""ts"":26,""lat"":0,""lon"":0,""alt_mm"":-980,""speed_cms"":0,""heading_cd"":8500,""pitch_cd"":830,""roll_cd"":255,""yaw_cd"":238,""bat_mv"":0,""status"":2}"
2026-08-12T20:05:42.605+00:00,BIN,"BIN,ver=1,type=1,seq=26031,ts=26,lat=0,lon=0,alt_mm=-980,speed_cms=0,heading_cd=8500,pitch_cd=1040,roll_cd=189,yaw_cd=380,bat_mv=0,status=0x02","{""ver"":1,""type"":1,""seq"":26031,""ts"":26,""lat"":0,""lon"":0,""alt_mm"":-980,""speed_cms"":0,""heading_cd"":8500,""pitch_cd"":1040,""roll_cd"":189,""yaw_cd"":380,""bat_mv"":0,""status"":2}"
2026-08-12T20:05:42.688+00:00,BIN,"BIN,ver=1,type=1,seq=26200,ts=26,lat=0,lon=0,alt_mm=-910,speed_cms=0,heading_cd=8500,pitch_cd=682,roll_cd=916,yaw_cd=291,bat_mv=0,status=0x02","{""ver"":1,""type"":1,""seq"":26200,""ts"":26,""lat"":0,""lon"":0,""alt_mm"":-910,""speed_cms"":0,""heading_cd"":8500,""pitch_cd"":682,""roll_cd"":916,""yaw_cd"":291,""bat_mv"":0,""status"":2}"
2026-08-12T20:05:42.772+00:00,BIN,"BIN,ver=1,type=1,seq=26200,ts=26,lat=0,lon=0,alt_mm=-910,speed_cms=0,heading_cd=8500,pitch_cd=695,roll_cd=474,yaw_cd=384,bat_mv=0,status=0x02","{""ver"":1,""type"":1,""seq"":26200,""ts"":26,""lat"":0,""lon"":0,""alt_mm"":-910,""speed_cms"":0,""heading_cd"":8500,""pitch_cd"":695,""roll_cd"":474,""yaw_cd"":384,""bat_mv"":0,""status"":2}"
2026-08-12T20:05:42.857+00:00,BIN,"BIN,ver=1,type=1,seq=26466,ts=26,lat=0,lon=0,alt_mm=-850,speed_cms=0,heading_cd=8500,pitch_cd=768,roll_cd=646,yaw_cd=150,bat_mv=0,status=0x02","{""ver"":1,""type"":1,""seq"":26466,""ts"":26,""lat"":0,""lon"":0,""alt_mm"":-850,""speed_cms"":0,""heading_cd"":8500,""pitch_cd"":768,""roll_cd"":646,""yaw_cd"":150,""bat_mv"":0,""status"":2}"
2026-08-12T20:05:43.026+00:00,BIN,"BIN,ver=1,type=1,seq=26592,ts=26,lat=0,lon=0,alt_mm=-830,speed_cms=0,heading_cd=8500,pitch_cd=774,roll_cd=351,yaw_cd=-62,bat_mv=0,status=0x02","{""ver"":1,""type"":1,""seq"":26592,""ts"":26,""lat"":0,""lon"":0,""alt_mm"":-830,""speed_cms"":0,""heading_cd"":8500,""pitch_cd"":774,""roll_cd"":351,""yaw_cd"":-62,""bat_mv"":0,""status"":2}"
2026-08-12T20:05:43.277+00:00,BIN,"BIN,ver=1,type=1,seq=26746,ts=26,lat=0,lon=0,alt_mm=-860,speed_cms=0,heading_cd=8500,pitch_cd=1089,roll_cd=270,yaw_cd=97,bat_mv=0,status=0x02","{""ver"":1,""type"":1,""seq"":26746,""ts"":26,""lat"":0,""lon"":0,""alt_mm"":-860,""speed_cms"":0,""heading_cd"":8500,""pitch_cd"":1089,""roll_cd"":270,""yaw_cd"":97,""bat_mv"":0,""status"":2}"
2026-08-12T20:05:43.360+00:00,BIN,"BIN,ver=1,type=1,seq=26746,ts=26,lat=0,lon=0,alt_mm=-800,speed_cms=0,heading_cd=8500,pitch_cd=906,roll_cd=342,yaw_cd=201,bat_mv=0,status=0x02","{""ver"":1,""type"":1,""seq"":26746,""ts"":26,""lat"":0,""lon"":0,""alt_mm"":-800,""speed_cms"":0,""heading_cd"":8500,""pitch_cd"":906,""roll_cd"":342,""yaw_cd"":201,""bat_mv"":0,""status"":2}"
2026-08-12T20:05:43.445+00:00,BIN,"BIN,ver=1,type=1,seq=26871,ts=26,lat=0,lon=0,alt_mm=-800,speed_cms=0,heading_cd=8500,pitch_cd=761,roll_cd=418,yaw_cd=183,bat_mv=0,status=0x02","{""ver"":1,""type"":1,""seq"":26871,""ts"":26,""lat"":0,""lon"":0,""alt_mm"":-800,""speed_cms"":0,""heading_cd"":8500,""pitch_cd"":761,""roll_cd"":418,""yaw_cd"":183,""bat_mv"":0,""status"":2}"
2026-08-12T20:05:43.530+00:00,BIN,"BIN,ver=1,type=1,seq=27038,ts=27,lat=0,lon=0,alt_mm=-780,speed_cms=0,heading_cd=8500,pitch_cd=872,roll_cd=367,yaw_cd=-2,bat_mv=0,status=0x02","{""ver"":1,""type"":1,""seq"":27038,""ts"":27,""lat"":0,""lon"":0,""alt_mm"":-780,""speed_cms"":0,""heading_cd"":8500,""pitch_cd"":872,""roll_cd"":367,""yaw_cd"":-2,""bat_mv"":0,""status"":2}"
2026-08-12T20:05:43.613+00:00,BIN,"BIN,ver=1,type=1,seq=27038,ts=27,lat=0,lon=0,alt_mm=-790,speed_cms=0,heading_cd=8500,pitch_cd=876,roll_cd=235,yaw_cd=-64,bat_mv=0,status=0x02","{""ver"":1,""type"":1,""seq"":27038,""ts"":27,""lat"":0,""lon"":0,""alt_mm"":-790,""speed_cms"":0,""heading_cd"":8500,""pitch_cd"":876,""roll_cd"":235,""yaw_cd"":-64,""bat_mv"":0,""status"":2}"
2026-08-12T20:05:43.696+00:00,BIN,"BIN,ver=1,type=1,seq=27151,ts=27,lat=0,lon=0,alt_mm=-790,speed_cms=0,heading_cd=8500,pitch_cd=942,roll_cd=277,yaw_cd=-46,bat_mv=0,status=0x02","{""ver"":1,""type"":1,""seq"":27151,""ts"":27,""lat"":0,""lon"":0,""alt_mm"":-790,""speed_cms"":0,""heading_cd"":8500,""pitch_cd"":942,""roll_cd"":277,""yaw_cd"":-46,""bat_mv"":0,""status"":2}"
2026-08-12T20:05:43.781+00:00,BIN,"BIN,ver=1,type=1,seq=27306,ts=27,lat=0,lon=0,alt_mm=-830,speed_cms=0,heading_cd=8500,pitch_cd=949,roll_cd=370,yaw_cd=14,bat_mv=0,status=0x02","{""ver"":1,""type"":1,""seq"":27306,""ts"":27,""lat"":0,""lon"":0,""alt_mm"":-830,""speed_cms"":0,""heading_cd"":8500,""pitch_cd"":949,""roll_cd"":370,""yaw_cd"":14,""bat_mv"":0,""status"":2}"
2026-08-12T20:05:43.865+00:00,BIN,"BIN,ver=1,type=1,seq=27431,ts=27,lat=0,lon=0,alt_mm=-870,speed_cms=0,heading_cd=8500,pitch_cd=952,roll_cd=383,yaw_cd=-28,bat_mv=0,status=0x02","{""ver"":1,""type"":1,""seq"":27431,""ts"":27,""lat"":0,""lon"":0,""alt_mm"":-870,""speed_cms"":0,""heading_cd"":8500,""pitch_cd"":952,""roll_cd"":383,""yaw_cd"":-28,""bat_mv"":0,""status"":2}"
2026-08-12T20:05:43.949+00:00,BIN,"BIN,ver=1,type=1,seq=27431,ts=27,lat=0,lon=0,alt_mm=-850,speed_cms=0,heading_cd=8500,pitch_cd=971,roll_cd=607,yaw_cd=51,bat_mv=0,status=0x02","{""ver"":1,""type"":1,""seq"":27431,""ts"":27,""lat"":0,""lon"":0,""alt_mm"":-850,""speed_cms"":0,""heading_cd"":8500,""pitch_cd"":971,""roll_cd"":607,""yaw_cd"":51,""bat_mv"":0,""status"":2}"
2026-08-12T20:05:44.032+00:00,BIN,"BIN,ver=1,type=1,seq=27431,ts=27,lat=0,lon=0,alt_mm=-850,speed_cms=0,heading_cd=8500,pitch_cd=816,roll_cd=729,yaw_cd=80,bat_mv=0,status=0x02","{""ver"":1,""type"":1,""seq"":27431,""ts"":27,""lat"":0,""lon"":0,""alt_mm"":-850,""speed_cms"":0,""heading_cd"":8500,""pitch_cd"":816,""roll_cd"":729,""yaw_cd"":80,""bat_mv"":0,""status"":2}"
2026-08-12T20:05:45.297+00:00,BIN,"BIN,ver=1,type=1,seq=28718,ts=28,lat=0,lon=0,alt_mm=-900,speed_cms=0,heading_cd=8500,pitch_cd=797,roll_cd=532,yaw_cd=133,bat_mv=0,status=0x02","{""ver"":1,""type"":1,""seq"":28718,""ts"":28,""lat"":0,""lon"":0,""alt_mm"":-900,""speed_cms"":0,""heading_cd"":8500,""pitch_cd"":797,""roll_cd"":532,""yaw_cd"":133,""bat_mv"":0,""status"":2}"
2026-08-12T20:05:47.164+00:00,BIN,"BIN,ver=1,type=1,seq=30668,ts=30,lat=0,lon=0,alt_mm=-1150,speed_cms=0,heading_cd=8500,pitch_cd=314,roll_cd=213,yaw_cd=-727,bat_mv=0,status=0x02","{""ver"":1,""type"":1,""seq"":30668,""ts"":30,""lat"":0,""lon"":0,""alt_mm"":-1150,""speed_cms"":0,""heading_cd"":8500,""pitch_cd"":314,""roll_cd"":213,""yaw_cd"":-727,""bat_mv"":0,""status"":2}"
2026-08-12T20:05:47.227+00:00,BIN,"BIN,ver=1,type=1,seq=30668,ts=30,lat=0,lon=0,alt_mm=-1150,speed_cms=0,heading_cd=8500,pitch_cd=466,roll_cd=325,yaw_cd=-701,bat_mv=0,status=0x02","{""ver"":1,""type"":1,""seq"":30668,""ts"":30,""lat"":0,""lon"":0,""alt_mm"":-1150,""speed_cms"":0,""heading_cd"":8500,""pitch_cd"":466,""roll_cd"":325,""yaw_cd"":-701,""bat_mv"":0,""status"":2}"
2026-08-12T20:05:47.312+00:00,BIN,"BIN,ver=1,type=1,seq=30791,ts=30,lat=0,lon=0,alt_mm=-1180,speed_cms=0,heading_cd=8500,pitch_cd=466,roll_cd=325,yaw_cd=-701,bat_mv=0,status=0x02","{""ver"":1,""type"":1,""seq"":30791,""ts"":30,""lat"":0,""lon"":0,""alt_mm"":-1180,""speed_cms"":0,""heading_cd"":8500,""pitch_cd"":466,""roll_cd"":325,""yaw_cd"":-701,""bat_mv"":0,""status"":2}"
2026-08-12T20:05:47.395+00:00,BIN,"BIN,ver=1,type=1,seq=30791,ts=30,lat=0,lon=0,alt_mm=-1180,speed_cms=0,heading_cd=8500,pitch_cd=520,roll_cd=462,yaw_cd=-736,bat_mv=0,status=0x02","{""ver"":1,""type"":1,""seq"":30791,""ts"":30,""lat"":0,""lon"":0,""alt_mm"":-1180,""speed_cms"":0,""heading_cd"":8500,""pitch_cd"":520,""roll_cd"":462,""yaw_cd"":-736,""bat_mv"":0,""status"":2}"
2026-08-12T20:05:47.480+00:00,BIN,"BIN,ver=1,type=1,seq=30946,ts=31,lat=0,lon=0,alt_mm=-1210,speed_cms=0,heading_cd=8500,pitch_cd=645,roll_cd=371,yaw_cd=-951,bat_mv=0,status=0x02","{""ver"":1,""type"":1,""seq"":30946,""ts"":31,""lat"":0,""lon"":0,""alt_mm"":-1210,""speed_cms"":0,""heading_cd"":8500,""pitch_cd"":645,""roll_cd"":371,""yaw_cd"":-951,""bat_mv"":0,""status"":2}"
2026-08-12T20:05:47.563+00:00,BIN,"BIN,ver=1,type=1,seq=30946,ts=31,lat=0,lon=0,alt_mm=-1270,speed_cms=0,heading_cd=8500,pitch_cd=860,roll_cd=466,yaw_cd=-991,bat_mv=0,status=0x02","{""ver"":1,""type"":1,""seq"":30946,""ts"":31,""lat"":0,""lon"":0,""alt_mm"":-1270,""speed_cms"":0,""heading_cd"":8500,""pitch_cd"":860,""roll_cd"":466,""yaw_cd"":-991,""bat_mv"":0,""status"":2}"
2026-08-12T20:05:48.568+00:00,BIN,"BIN,ver=1,type=1,seq=32078,ts=32,lat=0,lon=0,alt_mm=-1230,speed_cms=0,heading_cd=8500,pitch_cd=775,roll_cd=757,yaw_cd=-903,bat_mv=0,status=0x02","{""ver"":1,""type"":1,""seq"":32078,""ts"":32,""lat"":0,""lon"":0,""alt_mm"":-1230,""speed_cms"":0,""heading_cd"":8500,""pitch_cd"":775,""roll_cd"":757,""yaw_cd"":-903,""bat_mv"":0,""status"":2}"
2026-08-12T20:05:48.737+00:00,BIN,"BIN,ver=1,type=1,seq=32191,ts=32,lat=0,lon=0,alt_mm=-1240,speed_cms=0,heading_cd=8500,pitch_cd=650,roll_cd=607,yaw_cd=-1085,bat_mv=0,status=0x02","{""ver"":1,""type"":1,""seq"":32191,""ts"":32,""lat"":0,""lon"":0,""alt_mm"":-1240,""speed_cms"":0,""heading_cd"":8500,""pitch_cd"":650,""roll_cd"":607,""yaw_cd"":-1085,""bat_mv"":0,""status"":2}"
2026-08-12T20:05:48.822+00:00,BIN,"BIN,ver=1,type=1,seq=32346,ts=32,lat=0,lon=0,alt_mm=-1150,speed_cms=0,heading_cd=8500,pitch_cd=352,roll_cd=103,yaw_cd=-771,bat_mv=0,status=0x02","{""ver"":1,""type"":1,""seq"":32346,""ts"":32,""lat"":0,""lon"":0,""alt_mm"":-1150,""speed_cms"":0,""heading_cd"":8500,""pitch_cd"":352,""roll_cd"":103,""yaw_cd"":-771,""bat_mv"":0,""status"":2}"
2026-08-12T20:05:48.904+00:00,BIN,"BIN,ver=1,type=1,seq=32471,ts=32,lat=0,lon=0,alt_mm=-1060,speed_cms=0,heading_cd=8500,pitch_cd=370,roll_cd=122,yaw_cd=-732,bat_mv=0,status=0x02","{""ver"":1,""type"":1,""seq"":32471,""ts"":32,""lat"":0,""lon"":0,""alt_mm"":-1060,""speed_cms"":0,""heading_cd"":8500,""pitch_cd"":370,""roll_cd"":122,""yaw_cd"":-732,""bat_mv"":0,""status"":2}"
2026-08-12T20:05:48.990+00:00,BIN,"BIN,ver=1,type=1,seq=32471,ts=32,lat=0,lon=0,alt_mm=-1060,speed_cms=0,heading_cd=8500,pitch_cd=363,roll_cd=263,yaw_cd=-949,bat_mv=0,status=0x02","{""ver"":1,""type"":1,""seq"":32471,""ts"":32,""lat"":0,""lon"":0,""alt_mm"":-1060,""speed_cms"":0,""heading_cd"":8500,""pitch_cd"":363,""roll_cd"":263,""yaw_cd"":-949,""bat_mv"":0,""status"":2}"
2026-08-12T20:05:49.073+00:00,BIN,"BIN,ver=1,type=1,seq=32471,ts=32,lat=0,lon=0,alt_mm=-1070,speed_cms=0,heading_cd=8500,pitch_cd=363,roll_cd=263,yaw_cd=-949,bat_mv=0,status=0x02","{""ver"":1,""type"":1,""seq"":32471,""ts"":32,""lat"":0,""lon"":0,""alt_mm"":-1070,""speed_cms"":0,""heading_cd"":8500,""pitch_cd"":363,""roll_cd"":263,""yaw_cd"":-949,""bat_mv"":0,""status"":2}"
2026-08-12T20:05:49.157+00:00,BIN,"BIN,ver=1,type=1,seq=32628,ts=32,lat=0,lon=0,alt_mm=-1070,speed_cms=0,heading_cd=8500,pitch_cd=392,roll_cd=247,yaw_cd=-808,bat_mv=0,status=0x02","{""ver"":1,""type"":1,""seq"":32628,""ts"":32,""lat"":0,""lon"":0,""alt_mm"":-1070,""speed_cms"":0,""heading_cd"":8500,""pitch_cd"":392,""roll_cd"":247,""yaw_cd"":-808,""bat_mv"":0,""status"":2}"
2026-08-12T20:05:49.495+00:00,BIN,"BIN,ver=1,type=1,seq=32918,ts=32,lat=0,lon=0,alt_mm=-1050,speed_cms=0,heading_cd=8500,pitch_cd=609,roll_cd=277,yaw_cd=-574,bat_mv=0,status=0x02","{""ver"":1,""type"":1,""seq"":32918,""ts"":32,""lat"":0,""lon"":0,""alt_mm"":-1050,""speed_cms"":0,""heading_cd"":8500,""pitch_cd"":609,""roll_cd"":277,""yaw_cd"":-574,""bat_mv"":0,""status"":2}"
2026-08-12T20:05:49.578+00:00,BIN,"BIN,ver=1,type=1,seq=33031,ts=33,lat=0,lon=0,alt_mm=-1070,speed_cms=0,heading_cd=8500,pitch_cd=683,roll_cd=399,yaw_cd=-677,bat_mv=0,status=0x02","{""ver"":1,""type"":1,""seq"":33031,""ts"":33,""lat"":0,""lon"":0,""alt_mm"":-1070,""speed_cms"":0,""heading_cd"":8500,""pitch_cd"":683,""roll_cd"":399,""yaw_cd"":-677,""bat_mv"":0,""status"":2}"
2026-08-12T20:05:49.661+00:00,BIN,"BIN,ver=1,type=1,seq=33031,ts=33,lat=0,lon=0,alt_mm=-1130,speed_cms=0,heading_cd=8500,pitch_cd=682,roll_cd=362,yaw_cd=-825,bat_mv=0,status=0x02","{""ver"":1,""type"":1,""seq"":33031,""ts"":33,""lat"":0,""lon"":0,""alt_mm"":-1130,""speed_cms"":0,""heading_cd"":8500,""pitch_cd"":682,""roll_cd"":362,""yaw_cd"":-825,""bat_mv"":0,""status"":2}"
2026-08-12T20:05:49.745+00:00,BIN,"BIN,ver=1,type=1,seq=33243,ts=33,lat=0,lon=0,alt_mm=-1130,speed_cms=0,heading_cd=8500,pitch_cd=861,roll_cd=552,yaw_cd=-971,bat_mv=0,status=0x02","{""ver"":1,""type"":1,""seq"":33243,""ts"":33,""lat"":0,""lon"":0,""alt_mm"":-1130,""speed_cms"":0,""heading_cd"":8500,""pitch_cd"":861,""roll_cd"":552,""yaw_cd"":-971,""bat_mv"":0,""status"":2}"
2026-08-12T20:05:49.828+00:00,BIN,"BIN,ver=1,type=1,seq=33351,ts=33,lat=0,lon=0,alt_mm=-1100,speed_cms=0,heading_cd=8500,pitch_cd=457,roll_cd=519,yaw_cd=-814,bat_mv=0,status=0x02","{""ver"":1,""type"":1,""seq"":33351,""ts"":33,""lat"":0,""lon"":0,""alt_mm"":-1100,""speed_cms"":0,""heading_cd"":8500,""pitch_cd"":457,""roll_cd"":519,""yaw_cd"":-814,""bat_mv"":0,""status"":2}"
2026-08-12T20:05:49.912+00:00,BIN,"BIN,ver=1,type=1,seq=33478,ts=33,lat=0,lon=0,alt_mm=-1100,speed_cms=0,heading_cd=8500,pitch_cd=332,roll_cd=247,yaw_cd=-576,bat_mv=0,status=0x02","{""ver"":1,""type"":1,""seq"":33478,""ts"":33,""lat"":0,""lon"":0,""alt_mm"":-1100,""speed_cms"":0,""heading_cd"":8500,""pitch_cd"":332,""roll_cd"":247,""yaw_cd"":-576,""bat_mv"":0,""status"":2}"
2026-08-12T20:05:49.997+00:00,BIN,"BIN,ver=1,type=1,seq=33478,ts=33,lat=0,lon=0,alt_mm=-1080,speed_cms=0,heading_cd=8500,pitch_cd=414,roll_cd=98,yaw_cd=-693,bat_mv=0,status=0x02","{""ver"":1,""type"":1,""seq"":33478,""ts"":33,""lat"":0,""lon"":0,""alt_mm"":-1080,""speed_cms"":0,""heading_cd"":8500,""pitch_cd"":414,""roll_cd"":98,""yaw_cd"":-693,""bat_mv"":0,""status"":2}"
2026-08-12T20:05:50.081+00:00,BIN,"BIN,ver=1,type=1,seq=33592,ts=33,lat=0,lon=0,alt_mm=-1080,speed_cms=0,heading_cd=8500,pitch_cd=414,roll_cd=98,yaw_cd=-693,bat_mv=0,status=0x02","{""ver"":1,""type"":1,""seq"":33592,""ts"":33,""lat"":0,""lon"":0,""alt_mm"":-1080,""speed_cms"":0,""heading_cd"":8500,""pitch_cd"":414,""roll_cd"":98,""yaw_cd"":-693,""bat_mv"":0,""status"":2}"
2026-08-12T20:05:50.165+00:00,BIN,"BIN,ver=1,type=1,seq=33592,ts=33,lat=0,lon=0,alt_mm=-1080,speed_cms=0,heading_cd=8500,pitch_cd=353,roll_cd=202,yaw_cd=-1085,bat_mv=0,status=0x02","{""ver"":1,""type"":1,""seq"":33592,""ts"":33,""lat"":0,""lon"":0,""alt_mm"":-1080,""speed_cms"":0,""heading_cd"":8500,""pitch_cd"":353,""roll_cd"":202,""yaw_cd"":-1085,""bat_mv"":0,""status"":2}"
2026-08-12T20:05:50.249+00:00,BIN,"BIN,ver=1,type=1,seq=33758,ts=33,lat=0,lon=0,alt_mm=-1130,speed_cms=0,heading_cd=8500,pitch_cd=219,roll_cd=398,yaw_cd=-971,bat_mv=0,status=0x02","{""ver"":1,""type"":1,""seq"":33758,""ts"":33,""lat"":0,""lon"":0,""alt_mm"":-1130,""speed_cms"":0,""heading_cd"":8500,""pitch_cd"":219,""roll_cd"":398,""yaw_cd"":-971,""bat_mv"":0,""status"":2}"
2026-08-12T20:05:50.333+00:00,BIN,"BIN,ver=1,type=1,seq=33758,ts=33,lat=0,lon=0,alt_mm=-1130,speed_cms=0,heading_cd=8500,pitch_cd=627,roll_cd=215,yaw_cd=-557,bat_mv=0,status=0x02","{""ver"":1,""type"":1,""seq"":33758,""ts"":33,""lat"":0,""lon"":0,""alt_mm"":-1130,""speed_cms"":0,""heading_cd"":8500,""pitch_cd"":627,""roll_cd"":215,""yaw_cd"":-557,""bat_mv"":0,""status"":2}"
2026-08-12T20:05:50.417+00:00,BIN,"BIN,ver=1,type=1,seq=33871,ts=33,lat=0,lon=0,alt_mm=-1100,speed_cms=0,heading_cd=8500,pitch_cd=573,roll_cd=234,yaw_cd=-987,bat_mv=0,status=0x02","{""ver"":1,""type"":1,""seq"":33871,""ts"":33,""lat"":0,""lon"":0,""alt_mm"":-1100,""speed_cms"":0,""heading_cd"":8500,""pitch_cd"":573,""roll_cd"":234,""yaw_cd"":-987,""bat_mv"":0,""status"":2}"
2026-08-12T20:05:51.340+00:00,BIN,"BIN,ver=1,type=1,seq=34711,ts=34,lat=0,lon=0,alt_mm=-990,speed_cms=0,heading_cd=8500,pitch_cd=172,roll_cd=358,yaw_cd=-1004,bat_mv=0,status=0x02","{""ver"":1,""type"":1,""seq"":34711,""ts"":34,""lat"":0,""lon"":0,""alt_mm"":-990,""speed_cms"":0,""heading_cd"":8500,""pitch_cd"":172,""roll_cd"":358,""yaw_cd"":-1004,""bat_mv"":0,""status"":2}"
2026-08-12T20:05:51.426+00:00,BIN,"BIN,ver=1,type=1,seq=34866,ts=34,lat=0,lon=0,alt_mm=-990,speed_cms=0,heading_cd=8500,pitch_cd=219,roll_cd=454,yaw_cd=-1046,bat_mv=0,status=0x02","{""ver"":1,""type"":1,""seq"":34866,""ts"":34,""lat"":0,""lon"":0,""alt_mm"":-990,""speed_cms"":0,""heading_cd"":8500,""pitch_cd"":219,""roll_cd"":454,""yaw_cd"":-1046,""bat_mv"":0,""status"":2}"
2026-08-12T20:05:51.511+00:00,BIN,"BIN,ver=1,type=1,seq=34991,ts=35,lat=0,lon=0,alt_mm=-1030,speed_cms=0,heading_cd=8500,pitch_cd=410,roll_cd=256,yaw_cd=-842,bat_mv=0,status=0x02","{""ver"":1,""type"":1,""seq"":34991,""ts"":35,""lat"":0,""lon"":0,""alt_mm"":-1030,""speed_cms"":0,""heading_cd"":8500,""pitch_cd"":410,""roll_cd"":256,""yaw_cd"":-842,""bat_mv"":0,""status"":2}"
2026-08-12T20:05:51.927+00:00,BIN,"BIN,ver=1,type=1,seq=35552,ts=35,lat=0,lon=0,alt_mm=-1130,speed_cms=0,heading_cd=8500,pitch_cd=392,roll_cd=582,yaw_cd=-1091,bat_mv=0,status=0x02","{""ver"":1,""type"":1,""seq"":35552,""ts"":35,""lat"":0,""lon"":0,""alt_mm"":-1130,""speed_cms"":0,""heading_cd"":8500,""pitch_cd"":392,""roll_cd"":582,""yaw_cd"":-1091,""bat_mv"":0,""status"":2}"
2026-08-12T20:05:52.011+00:00,BIN,"BIN,ver=1,type=1,seq=35552,ts=35,lat=0,lon=0,alt_mm=-1130,speed_cms=0,heading_cd=8500,pitch_cd=377,roll_cd=530,yaw_cd=-782,bat_mv=0,status=0x02","{""ver"":1,""type"":1,""seq"":35552,""ts"":35,""lat"":0,""lon"":0,""alt_mm"":-1130,""speed_cms"":0,""heading_cd"":8500,""pitch_cd"":377,""roll_cd"":530,""yaw_cd"":-782,""bat_mv"":0,""status"":2}"
2026-08-12T20:05:52.094+00:00,BIN,"BIN,ver=1,type=1,seq=35552,ts=35,lat=0,lon=0,alt_mm=-1130,speed_cms=0,heading_cd=8500,pitch_cd=377,roll_cd=530,yaw_cd=-782,bat_mv=0,status=0x02","{""ver"":1,""type"":1,""seq"":35552,""ts"":35,""lat"":0,""lon"":0,""alt_mm"":-1130,""speed_cms"":0,""heading_cd"":8500,""pitch_cd"":377,""roll_cd"":530,""yaw_cd"":-782,""bat_mv"":0,""status"":2}"
2026-08-12T20:05:52.178+00:00,BIN,"BIN,ver=1,type=1,seq=35552,ts=35,lat=0,lon=0,alt_mm=-1100,speed_cms=0,heading_cd=8500,pitch_cd=377,roll_cd=530,yaw_cd=-782,bat_mv=0,status=0x02","{""ver"":1,""type"":1,""seq"":35552,""ts"":35,""lat"":0,""lon"":0,""alt_mm"":-1100,""speed_cms"":0,""heading_cd"":8500,""pitch_cd"":377,""roll_cd"":530,""yaw_cd"":-782,""bat_mv"":0,""status"":2}"
2026-08-12T20:05:53.184+00:00,BIN,"BIN,ver=1,type=1,seq=36672,ts=36,lat=0,lon=0,alt_mm=-870,speed_cms=0,heading_cd=8500,pitch_cd=565,roll_cd=643,yaw_cd=-981,bat_mv=0,status=0x02","{""ver"":1,""type"":1,""seq"":36672,""ts"":36,""lat"":0,""lon"":0,""alt_mm"":-870,""speed_cms"":0,""heading_cd"":8500,""pitch_cd"":565,""roll_cd"":643,""yaw_cd"":-981,""bat_mv"":0,""status"":2}"
2026-08-12T20:05:53.522+00:00,BIN,"BIN,ver=1,type=1,seq=36951,ts=37,lat=0,lon=0,alt_mm=-970,speed_cms=0,heading_cd=8500,pitch_cd=246,roll_cd=339,yaw_cd=-866,bat_mv=0,status=0x02","{""ver"":1,""type"":1,""seq"":36951,""ts"":37,""lat"":0,""lon"":0,""alt_mm"":-970,""speed_cms"":0,""heading_cd"":8500,""pitch_cd"":246,""roll_cd"":339,""yaw_cd"":-866,""bat_mv"":0,""status"":2}"
2026-08-12T20:05:54.447+00:00,BIN,"BIN,ver=1,type=1,seq=37958,ts=38,lat=0,lon=0,alt_mm=-1070,speed_cms=0,heading_cd=8500,pitch_cd=396,roll_cd=717,yaw_cd=-906,bat_mv=0,status=0x02","{""ver"":1,""type"":1,""seq"":37958,""ts"":38,""lat"":0,""lon"":0,""alt_mm"":-1070,""speed_cms"":0,""heading_cd"":8500,""pitch_cd"":396,""roll_cd"":717,""yaw_cd"":-906,""bat_mv"":0,""status"":2}"
2026-08-12T20:05:56.880+00:00,BIN,"BIN,ver=1,type=1,seq=40478,ts=40,lat=0,lon=0,alt_mm=-880,speed_cms=0,heading_cd=8500,pitch_cd=359,roll_cd=272,yaw_cd=-705,bat_mv=0,status=0x02","{""ver"":1,""type"":1,""seq"":40478,""ts"":40,""lat"":0,""lon"":0,""alt_mm"":-880,""speed_cms"":0,""heading_cd"":8500,""pitch_cd"":359,""roll_cd"":272,""yaw_cd"":-705,""bat_mv"":0,""status"":2}"
2026-08-12T20:05:57.551+00:00,BIN,"BIN,ver=1,type=1,seq=41026,ts=41,lat=0,lon=0,alt_mm=-610,speed_cms=0,heading_cd=8500,pitch_cd=598,roll_cd=376,yaw_cd=-898,bat_mv=0,status=0x02","{""ver"":1,""type"":1,""seq"":41026,""ts"":41,""lat"":0,""lon"":0,""alt_mm"":-610,""speed_cms"":0,""heading_cd"":8500,""pitch_cd"":598,""roll_cd"":376,""yaw_cd"":-898,""bat_mv"":0,""status"":2}"
2026-08-12T20:05:57.635+00:00,BIN,"BIN,ver=1,type=1,seq=41026,ts=41,lat=0,lon=0,alt_mm=-450,speed_cms=0,heading_cd=8500,pitch_cd=640,roll_cd=432,yaw_cd=-1029,bat_mv=0,status=0x02","{""ver"":1,""type"":1,""seq"":41026,""ts"":41,""lat"":0,""lon"":0,""alt_mm"":-450,""speed_cms"":0,""heading_cd"":8500,""pitch_cd"":640,""roll_cd"":432,""yaw_cd"":-1029,""bat_mv"":0,""status"":2}"
2026-08-12T20:05:57.807+00:00,BIN,"BIN,ver=1,type=1,seq=41151,ts=41,lat=0,lon=0,alt_mm=-310,speed_cms=0,heading_cd=8500,pitch_cd=523,roll_cd=286,yaw_cd=-824,bat_mv=0,status=0x02","{""ver"":1,""type"":1,""seq"":41151,""ts"":41,""lat"":0,""lon"":0,""alt_mm"":-310,""speed_cms"":0,""heading_cd"":8500,""pitch_cd"":523,""roll_cd"":286,""yaw_cd"":-824,""bat_mv"":0,""status"":2}"
2026-08-12T20:05:57.888+00:00,BIN,"BIN,ver=1,type=1,seq=41431,ts=41,lat=0,lon=0,alt_mm=-280,speed_cms=0,heading_cd=8500,pitch_cd=383,roll_cd=404,yaw_cd=-659,bat_mv=0,status=0x02","{""ver"":1,""type"":1,""seq"":41431,""ts"":41,""lat"":0,""lon"":0,""alt_mm"":-280,""speed_cms"":0,""heading_cd"":8500,""pitch_cd"":383,""roll_cd"":404,""yaw_cd"":-659,""bat_mv"":0,""status"":2}"
2026-08-12T20:05:58.052+00:00,BIN,"BIN,ver=1,type=1,seq=41431,ts=41,lat=0,lon=0,alt_mm=-530,speed_cms=0,heading_cd=8500,pitch_cd=362,roll_cd=357,yaw_cd=-1018,bat_mv=0,status=0x02","{""ver"":1,""type"":1,""seq"":41431,""ts"":41,""lat"":0,""lon"":0,""alt_mm"":-530,""speed_cms"":0,""heading_cd"":8500,""pitch_cd"":362,""roll_cd"":357,""yaw_cd"":-1018,""bat_mv"":0,""status"":2}"
2026-08-12T20:05:58.136+00:00,BIN,"BIN,ver=1,type=1,seq=41634,ts=41,lat=0,lon=0,alt_mm=-530,speed_cms=0,heading_cd=8500,pitch_cd=362,roll_cd=357,yaw_cd=-1018,bat_mv=0,status=0x02","{""ver"":1,""type"":1,""seq"":41634,""ts"":41,""lat"":0,""lon"":0,""alt_mm"":-530,""speed_cms"":0,""heading_cd"":8500,""pitch_cd"":362,""roll_cd"":357,""yaw_cd"":-1018,""bat_mv"":0,""status"":2}"
2026-08-12T20:05:58.814+00:00,BIN,"BIN,ver=1,type=1,seq=42271,ts=42,lat=0,lon=0,alt_mm=-470,speed_cms=0,heading_cd=8500,pitch_cd=634,roll_cd=553,yaw_cd=-887,bat_mv=0,status=0x02","{""ver"":1,""type"":1,""seq"":42271,""ts"":42,""lat"":0,""lon"":0,""alt_mm"":-470,""speed_cms"":0,""heading_cd"":8500,""pitch_cd"":634,""roll_cd"":553,""yaw_cd"":-887,""bat_mv"":0,""status"":2}"
2026-08-12T20:05:59.229+00:00,BIN,"BIN,ver=1,type=1,seq=42707,ts=42,lat=0,lon=0,alt_mm=-240,speed_cms=0,heading_cd=8500,pitch_cd=552,roll_cd=383,yaw_cd=-664,bat_mv=0,status=0x02","{""ver"":1,""type"":1,""seq"":42707,""ts"":42,""lat"":0,""lon"":0,""alt_mm"":-240,""speed_cms"":0,""heading_cd"":8500,""pitch_cd"":552,""roll_cd"":383,""yaw_cd"":-664,""bat_mv"":0,""status"":2}"
2026-08-12T20:05:59.396+00:00,BIN,"BIN,ver=1,type=1,seq=42831,ts=42,lat=0,lon=0,alt_mm=-310,speed_cms=0,heading_cd=8500,pitch_cd=787,roll_cd=407,yaw_cd=-659,bat_mv=0,status=0x02","{""ver"":1,""type"":1,""seq"":42831,""ts"":42,""lat"":0,""lon"":0,""alt_mm"":-310,""speed_cms"":0,""heading_cd"":8500,""pitch_cd"":787,""roll_cd"":407,""yaw_cd"":-659,""bat_mv"":0,""status"":2}"
2026-08-12T20:05:59.481+00:00,BIN,"BIN,ver=1,type=1,seq=42998,ts=43,lat=0,lon=0,alt_mm=-350,speed_cms=0,heading_cd=8500,pitch_cd=789,roll_cd=502,yaw_cd=-821,bat_mv=0,status=0x02","{""ver"":1,""type"":1,""seq"":42998,""ts"":43,""lat"":0,""lon"":0,""alt_mm"":-350,""speed_cms"":0,""heading_cd"":8500,""pitch_cd"":789,""roll_cd"":502,""yaw_cd"":-821,""bat_mv"":0,""status"":2}"
2026-08-12T20:05:59.564+00:00,BIN,"BIN,ver=1,type=1,seq=42998,ts=43,lat=0,lon=0,alt_mm=-350,speed_cms=0,heading_cd=8500,pitch_cd=731,roll_cd=421,yaw_cd=-476,bat_mv=0,status=0x02","{""ver"":1,""type"":1,""seq"":42998,""ts"":43,""lat"":0,""lon"":0,""alt_mm"":-350,""speed_cms"":0,""heading_cd"":8500,""pitch_cd"":731,""roll_cd"":421,""yaw_cd"":-476,""bat_mv"":0,""status"":2}"
2026-08-12T20:05:59.648+00:00,BIN,"BIN,ver=1,type=1,seq=43111,ts=43,lat=0,lon=0,alt_mm=-410,speed_cms=0,heading_cd=8500,pitch_cd=731,roll_cd=421,yaw_cd=-476,bat_mv=0,status=0x02","{""ver"":1,""type"":1,""seq"":43111,""ts"":43,""lat"":0,""lon"":0,""alt_mm"":-410,""speed_cms"":0,""heading_cd"":8500,""pitch_cd"":731,""roll_cd"":421,""yaw_cd"":-476,""bat_mv"":0,""status"":2}"
2026-08-12T20:05:59.816+00:00,BIN,"BIN,ver=1,type=1,seq=43266,ts=43,lat=0,lon=0,alt_mm=-490,speed_cms=0,heading_cd=8500,pitch_cd=793,roll_cd=528,yaw_cd=-517,bat_mv=0,status=0x02","{""ver"":1,""type"":1,""seq"":43266,""ts"":43,""lat"":0,""lon"":0,""alt_mm"":-490,""speed_cms"":0,""heading_cd"":8500,""pitch_cd"":793,""roll_cd"":528,""yaw_cd"":-517,""bat_mv"":0,""status"":2}"
2026-08-12T20:05:59.914+00:00,BIN,"BIN,ver=1,type=1,seq=43391,ts=43,lat=0,lon=0,alt_mm=-420,speed_cms=0,heading_cd=8500,pitch_cd=772,roll_cd=351,yaw_cd=-339,bat_mv=0,status=0x02","{""ver"":1,""type"":1,""seq"":43391,""ts"":43,""lat"":0,""lon"":0,""alt_mm"":-420,""speed_cms"":0,""heading_cd"":8500,""pitch_cd"":772,""roll_cd"":351,""yaw_cd"":-339,""bat_mv"":0,""status"":2}"
2026-08-12T20:05:59.983+00:00,BIN,"BIN,ver=1,type=1,seq=43547,ts=43,lat=0,lon=0,alt_mm=-420,speed_cms=0,heading_cd=8500,pitch_cd=772,roll_cd=351,yaw_cd=-339,bat_mv=0,status=0x02","{""ver"":1,""type"":1,""seq"":43547,""ts"":43,""lat"":0,""lon"":0,""alt_mm"":-420,""speed_cms"":0,""heading_cd"":8500,""pitch_cd"":772,""roll_cd"":351,""yaw_cd"":-339,""bat_mv"":0,""status"":2}"
2026-08-12T20:06:00.066+00:00,BIN,"BIN,ver=1,type=1,seq=43547,ts=43,lat=0,lon=0,alt_mm=-420,speed_cms=0,heading_cd=8500,pitch_cd=1094,roll_cd=290,yaw_cd=-323,bat_mv=0,status=0x02","{""ver"":1,""type"":1,""seq"":43547,""ts"":43,""lat"":0,""lon"":0,""alt_mm"":-420,""speed_cms"":0,""heading_cd"":8500,""pitch_cd"":1094,""roll_cd"":290,""yaw_cd"":-323,""bat_mv"":0,""status"":2}"
2026-08-12T20:06:00.150+00:00,BIN,"BIN,ver=1,type=1,seq=43547,ts=43,lat=0,lon=0,alt_mm=-420,speed_cms=0,heading_cd=8500,pitch_cd=1094,roll_cd=290,yaw_cd=-323,bat_mv=0,status=0x02","{""ver"":1,""type"":1,""seq"":43547,""ts"":43,""lat"":0,""lon"":0,""alt_mm"":-420,""speed_cms"":0,""heading_cd"":8500,""pitch_cd"":1094,""roll_cd"":290,""yaw_cd"":-323,""bat_mv"":0,""status"":2}"
2026-08-12T20:06:00.320+00:00,BIN,"BIN,ver=1,type=1,seq=43869,ts=43,lat=0,lon=0,alt_mm=60,speed_cms=0,heading_cd=8500,pitch_cd=848,roll_cd=299,yaw_cd=-148,bat_mv=0,status=0x02","{""ver"":1,""type"":1,""seq"":43869,""ts"":43,""lat"":0,""lon"":0,""alt_mm"":60,""speed_cms"":0,""heading_cd"":8500,""pitch_cd"":848,""roll_cd"":299,""yaw_cd"":-148,""bat_mv"":0,""status"":2}"
2026-08-12T20:06:00.403+00:00,BIN,"BIN,ver=1,type=1,seq=43869,ts=44,lat=0,lon=0,alt_mm=60,speed_cms=0,heading_cd=8500,pitch_cd=848,roll_cd=404,yaw_cd=-301,bat_mv=0,status=0x02","{""ver"":1,""type"":1,""seq"":43869,""ts"":44,""lat"":0,""lon"":0,""alt_mm"":60,""speed_cms"":0,""heading_cd"":8500,""pitch_cd"":848,""roll_cd"":404,""yaw_cd"":-301,""bat_mv"":0,""status"":2}"
2026-08-12T20:06:00.486+00:00,BIN,"BIN,ver=1,type=1,seq=43991,ts=44,lat=0,lon=0,alt_mm=100,speed_cms=0,heading_cd=8500,pitch_cd=848,roll_cd=404,yaw_cd=-301,bat_mv=0,status=0x02","{""ver"":1,""type"":1,""seq"":43991,""ts"":44,""lat"":0,""lon"":0,""alt_mm"":100,""speed_cms"":0,""heading_cd"":8500,""pitch_cd"":848,""roll_cd"":404,""yaw_cd"":-301,""bat_mv"":0,""status"":2}"
2026-08-12T20:06:00.572+00:00,BIN,"BIN,ver=1,type=1,seq=43991,ts=44,lat=0,lon=0,alt_mm=240,speed_cms=0,heading_cd=8500,pitch_cd=815,roll_cd=390,yaw_cd=-384,bat_mv=0,status=0x02","{""ver"":1,""type"":1,""seq"":43991,""ts"":44,""lat"":0,""lon"":0,""alt_mm"":240,""speed_cms"":0,""heading_cd"":8500,""pitch_cd"":815,""roll_cd"":390,""yaw_cd"":-384,""bat_mv"":0,""status"":2}"
2026-08-12T20:06:00.657+00:00,BIN,"BIN,ver=1,type=1,seq=44106,ts=44,lat=0,lon=0,alt_mm=240,speed_cms=0,heading_cd=8500,pitch_cd=780,roll_cd=306,yaw_cd=-396,bat_mv=0,status=0x02","{""ver"":1,""type"":1,""seq"":44106,""ts"":44,""lat"":0,""lon"":0,""alt_mm"":240,""speed_cms"":0,""heading_cd"":8500,""pitch_cd"":780,""roll_cd"":306,""yaw_cd"":-396,""bat_mv"":0,""status"":2}"
2026-08-12T20:06:00.740+00:00,BIN,"BIN,ver=1,type=1,seq=44231,ts=44,lat=0,lon=0,alt_mm=180,speed_cms=0,heading_cd=8500,pitch_cd=875,roll_cd=319,yaw_cd=-331,bat_mv=0,status=0x02","{""ver"":1,""type"":1,""seq"":44231,""ts"":44,""lat"":0,""lon"":0,""alt_mm"":180,""speed_cms"":0,""heading_cd"":8500,""pitch_cd"":875,""roll_cd"":319,""yaw_cd"":-331,""bat_mv"":0,""status"":2}"
2026-08-12T20:06:00.823+00:00,BIN,"BIN,ver=1,type=1,seq=44231,ts=44,lat=0,lon=0,alt_mm=70,speed_cms=0,heading_cd=8500,pitch_cd=940,roll_cd=252,yaw_cd=-495,bat_mv=0,status=0x02","{""ver"":1,""type"":1,""seq"":44231,""ts"":44,""lat"":0,""lon"":0,""alt_mm"":70,""speed_cms"":0,""heading_cd"":8500,""pitch_cd"":940,""roll_cd"":252,""yaw_cd"":-495,""bat_mv"":0,""status"":2}"
2026-08-12T20:06:00.907+00:00,BIN,"BIN,ver=1,type=1,seq=44511,ts=44,lat=0,lon=0,alt_mm=-60,speed_cms=0,heading_cd=8500,pitch_cd=961,roll_cd=173,yaw_cd=-226,bat_mv=0,status=0x02","{""ver"":1,""type"":1,""seq"":44511,""ts"":44,""lat"":0,""lon"":0,""alt_mm"":-60,""speed_cms"":0,""heading_cd"":8500,""pitch_cd"":961,""roll_cd"":173,""yaw_cd"":-226,""bat_mv"":0,""status"":2}"
2026-08-12T20:06:00.992+00:00,BIN,"BIN,ver=1,type=1,seq=44511,ts=44,lat=0,lon=0,alt_mm=-60,speed_cms=0,heading_cd=8500,pitch_cd=955,roll_cd=350,yaw_cd=-325,bat_mv=0,status=0x02","{""ver"":1,""type"":1,""seq"":44511,""ts"":44,""lat"":0,""lon"":0,""alt_mm"":-60,""speed_cms"":0,""heading_cd"":8500,""pitch_cd"":955,""roll_cd"":350,""yaw_cd"":-325,""bat_mv"":0,""status"":2}"
2026-08-12T20:06:01.076+00:00,BIN,"BIN,ver=1,type=1,seq=44511,ts=44,lat=0,lon=0,alt_mm=-60,speed_cms=0,heading_cd=8500,pitch_cd=955,roll_cd=350,yaw_cd=-325,bat_mv=0,status=0x02","{""ver"":1,""type"":1,""seq"":44511,""ts"":44,""lat"":0,""lon"":0,""alt_mm"":-60,""speed_cms"":0,""heading_cd"":8500,""pitch_cd"":955,""roll_cd"":350,""yaw_cd"":-325,""bat_mv"":0,""status"":2}"
2026-08-12T20:06:01.410+00:00,BIN,"BIN,ver=1,type=1,seq=44791,ts=45,lat=0,lon=0,alt_mm=-20,speed_cms=0,heading_cd=8500,pitch_cd=861,roll_cd=287,yaw_cd=-341,bat_mv=0,status=0x02","{""ver"":1,""type"":1,""seq"":44791,""ts"":45,""lat"":0,""lon"":0,""alt_mm"":-20,""speed_cms"":0,""heading_cd"":8500,""pitch_cd"":861,""roll_cd"":287,""yaw_cd"":-341,""bat_mv"":0,""status"":2}"
2026-08-12T20:06:01.663+00:00,BIN,"BIN,ver=1,type=1,seq=45071,ts=45,lat=0,lon=0,alt_mm=-40,speed_cms=0,heading_cd=8500,pitch_cd=844,roll_cd=174,yaw_cd=-128,bat_mv=0,status=0x02","{""ver"":1,""type"":1,""seq"":45071,""ts"":45,""lat"":0,""lon"":0,""alt_mm"":-40,""speed_cms"":0,""heading_cd"":8500,""pitch_cd"":844,""roll_cd"":174,""yaw_cd"":-128,""bat_mv"":0,""status"":2}"
2026-08-12T20:06:01.835+00:00,BIN,"BIN,ver=1,type=1,seq=45351,ts=45,lat=0,lon=0,alt_mm=170,speed_cms=0,heading_cd=8500,pitch_cd=1017,roll_cd=194,yaw_cd=-124,bat_mv=0,status=0x02","{""ver"":1,""type"":1,""seq"":45351,""ts"":45,""lat"":0,""lon"":0,""alt_mm"":170,""speed_cms"":0,""heading_cd"":8500,""pitch_cd"":1017,""roll_cd"":194,""yaw_cd"":-124,""bat_mv"":0,""status"":2}"
2026-08-12T20:06:01.914+00:00,BIN,"BIN,ver=1,type=1,seq=45506,ts=45,lat=0,lon=0,alt_mm=150,speed_cms=0,heading_cd=8500,pitch_cd=1014,roll_cd=270,yaw_cd=-63,bat_mv=0,status=0x02","{""ver"":1,""type"":1,""seq"":45506,""ts"":45,""lat"":0,""lon"":0,""alt_mm"":150,""speed_cms"":0,""heading_cd"":8500,""pitch_cd"":1014,""roll_cd"":270,""yaw_cd"":-63,""bat_mv"":0,""status"":2}"
2026-08-12T20:06:02.588+00:00,BIN,"BIN,ver=1,type=1,seq=46066,ts=46,lat=0,lon=0,alt_mm=-240,speed_cms=0,heading_cd=8500,pitch_cd=981,roll_cd=148,yaw_cd=-217,bat_mv=0,status=0x02","{""ver"":1,""type"":1,""seq"":46066,""ts"":46,""lat"":0,""lon"":0,""alt_mm"":-240,""speed_cms"":0,""heading_cd"":8500,""pitch_cd"":981,""roll_cd"":148,""yaw_cd"":-217,""bat_mv"":0,""status"":2}"
2026-08-12T20:06:03.007+00:00,BIN,"BIN,ver=1,type=1,seq=46471,ts=46,lat=0,lon=0,alt_mm=-210,speed_cms=0,heading_cd=8500,pitch_cd=1042,roll_cd=61,yaw_cd=-153,bat_mv=0,status=0x02","{""ver"":1,""type"":1,""seq"":46471,""ts"":46,""lat"":0,""lon"":0,""alt_mm"":-210,""speed_cms"":0,""heading_cd"":8500,""pitch_cd"":1042,""roll_cd"":61,""yaw_cd"":-153,""bat_mv"":0,""status"":2}"
2026-08-12T20:06:03.431+00:00,BIN,"BIN,ver=1,type=1,seq=46931,ts=47,lat=0,lon=0,alt_mm=-250,speed_cms=0,heading_cd=8500,pitch_cd=937,roll_cd=180,yaw_cd=-217,bat_mv=0,status=0x02","{""ver"":1,""type"":1,""seq"":46931,""ts"":47,""lat"":0,""lon"":0,""alt_mm"":-250,""speed_cms"":0,""heading_cd"":8500,""pitch_cd"":937,""roll_cd"":180,""yaw_cd"":-217,""bat_mv"":0,""status"":2}"
2026-08-12T20:06:03.929+00:00,BIN,"BIN,ver=1,type=1,seq=47477,ts=47,lat=0,lon=0,alt_mm=-290,speed_cms=0,heading_cd=8500,pitch_cd=881,roll_cd=179,yaw_cd=-258,bat_mv=0,status=0x02","{""ver"":1,""type"":1,""seq"":47477,""ts"":47,""lat"":0,""lon"":0,""alt_mm"":-290,""speed_cms"":0,""heading_cd"":8500,""pitch_cd"":881,""roll_cd"":179,""yaw_cd"":-258,""bat_mv"":0,""status"":2}"
2026-08-12T20:06:04.766+00:00,BIN,"BIN,ver=1,type=1,seq=48266,ts=48,lat=0,lon=0,alt_mm=-380,speed_cms=0,heading_cd=8500,pitch_cd=915,roll_cd=216,yaw_cd=-189,bat_mv=0,status=0x02","{""ver"":1,""type"":1,""seq"":48266,""ts"":48,""lat"":0,""lon"":0,""alt_mm"":-380,""speed_cms"":0,""heading_cd"":8500,""pitch_cd"":915,""roll_cd"":216,""yaw_cd"":-189,""bat_mv"":0,""status"":2}"
2026-08-12T20:06:05.691+00:00,BIN,"BIN,ver=1,type=1,seq=49106,ts=49,lat=0,lon=0,alt_mm=-470,speed_cms=0,heading_cd=8500,pitch_cd=978,roll_cd=298,yaw_cd=-21,bat_mv=0,status=0x02","{""ver"":1,""type"":1,""seq"":49106,""ts"":49,""lat"":0,""lon"":0,""alt_mm"":-470,""speed_cms"":0,""heading_cd"":8500,""pitch_cd"":978,""roll_cd"":298,""yaw_cd"":-21,""bat_mv"":0,""status"":2}"
2026-08-12T20:06:05.775+00:00,BIN,"BIN,ver=1,type=1,seq=49231,ts=49,lat=0,lon=0,alt_mm=-480,speed_cms=0,heading_cd=8500,pitch_cd=978,roll_cd=298,yaw_cd=-21,bat_mv=0,status=0x02","{""ver"":1,""type"":1,""seq"":49231,""ts"":49,""lat"":0,""lon"":0,""alt_mm"":-480,""speed_cms"":0,""heading_cd"":8500,""pitch_cd"":978,""roll_cd"":298,""yaw_cd"":-21,""bat_mv"":0,""status"":2}"
2026-08-12T20:06:05.867+00:00,BIN,"BIN,ver=1,type=1,seq=49231,ts=49,lat=0,lon=0,alt_mm=-470,speed_cms=0,heading_cd=8500,pitch_cd=1016,roll_cd=195,yaw_cd=17,bat_mv=0,status=0x02","{""ver"":1,""type"":1,""seq"":49231,""ts"":49,""lat"":0,""lon"":0,""alt_mm"":-470,""speed_cms"":0,""heading_cd"":8500,""pitch_cd"":1016,""roll_cd"":195,""yaw_cd"":17,""bat_mv"":0,""status"":2}"
2026-08-12T20:06:06.025+00:00,BIN,"BIN,ver=1,type=1,seq=49511,ts=49,lat=0,lon=0,alt_mm=-400,speed_cms=0,heading_cd=8500,pitch_cd=863,roll_cd=436,yaw_cd=-68,bat_mv=0,status=0x02","{""ver"":1,""type"":1,""seq"":49511,""ts"":49,""lat"":0,""lon"":0,""alt_mm"":-400,""speed_cms"":0,""heading_cd"":8500,""pitch_cd"":863,""roll_cd"":436,""yaw_cd"":-68,""bat_mv"":0,""status"":2}"
2026-08-12T20:06:06.110+00:00,BIN,"BIN,ver=1,type=1,seq=49710,ts=49,lat=0,lon=0,alt_mm=-340,speed_cms=0,heading_cd=8500,pitch_cd=918,roll_cd=286,yaw_cd=-44,bat_mv=0,status=0x02","{""ver"":1,""type"":1,""seq"":49710,""ts"":49,""lat"":0,""lon"":0,""alt_mm"":-340,""speed_cms"":0,""heading_cd"":8500,""pitch_cd"":918,""roll_cd"":286,""yaw_cd"":-44,""bat_mv"":0,""status"":2}"
2026-08-12T20:06:06.613+00:00,BIN,"BIN,ver=1,type=1,seq=50071,ts=50,lat=0,lon=0,alt_mm=-330,speed_cms=0,heading_cd=8500,pitch_cd=1025,roll_cd=266,yaw_cd=-59,bat_mv=0,status=0x02","{""ver"":1,""type"":1,""seq"":50071,""ts"":50,""lat"":0,""lon"":0,""alt_mm"":-330,""speed_cms"":0,""heading_cd"":8500,""pitch_cd"":1025,""roll_cd"":266,""yaw_cd"":-59,""bat_mv"":0,""status"":2}"
2026-08-12T20:06:06.794+00:00,BIN,"BIN,ver=1,type=1,seq=50226,ts=50,lat=0,lon=0,alt_mm=-300,speed_cms=0,heading_cd=8500,pitch_cd=903,roll_cd=258,yaw_cd=-82,bat_mv=0,status=0x02","{""ver"":1,""type"":1,""seq"":50226,""ts"":50,""lat"":0,""lon"":0,""alt_mm"":-300,""speed_cms"":0,""heading_cd"":8500,""pitch_cd"":903,""roll_cd"":258,""yaw_cd"":-82,""bat_mv"":0,""status"":2}"
2026-08-12T20:06:06.948+00:00,BIN,"BIN,ver=1,type=1,seq=50351,ts=50,lat=0,lon=0,alt_mm=-310,speed_cms=0,heading_cd=8500,pitch_cd=944,roll_cd=386,yaw_cd=-64,bat_mv=0,status=0x02","{""ver"":1,""type"":1,""seq"":50351,""ts"":50,""lat"":0,""lon"":0,""alt_mm"":-310,""speed_cms"":0,""heading_cd"":8500,""pitch_cd"":944,""roll_cd"":386,""yaw_cd"":-64,""bat_mv"":0,""status"":2}"
2026-08-12T20:06:07.285+00:00,BIN,"BIN,ver=1,type=1,seq=50787,ts=50,lat=0,lon=0,alt_mm=-360,speed_cms=0,heading_cd=8500,pitch_cd=949,roll_cd=284,yaw_cd=-238,bat_mv=0,status=0x02","{""ver"":1,""type"":1,""seq"":50787,""ts"":50,""lat"":0,""lon"":0,""alt_mm"":-360,""speed_cms"":0,""heading_cd"":8500,""pitch_cd"":949,""roll_cd"":284,""yaw_cd"":-238,""bat_mv"":0,""status"":2}"
2026-08-12T20:06:07.367+00:00,BIN,"BIN,ver=1,type=1,seq=50787,ts=50,lat=0,lon=0,alt_mm=-360,speed_cms=0,heading_cd=8500,pitch_cd=918,roll_cd=237,yaw_cd=-211,bat_mv=0,status=0x02","{""ver"":1,""type"":1,""seq"":50787,""ts"":50,""lat"":0,""lon"":0,""alt_mm"":-360,""speed_cms"":0,""heading_cd"":8500,""pitch_cd"":918,""roll_cd"":237,""yaw_cd"":-211,""bat_mv"":0,""status"":2}"
2026-08-12T20:06:07.451+00:00,BIN,"BIN,ver=1,type=1,seq=50911,ts=51,lat=0,lon=0,alt_mm=-370,speed_cms=0,heading_cd=8500,pitch_cd=918,roll_cd=237,yaw_cd=-211,bat_mv=0,status=0x02","{""ver"":1,""type"":1,""seq"":50911,""ts"":51,""lat"":0,""lon"":0,""alt_mm"":-370,""speed_cms"":0,""heading_cd"":8500,""pitch_cd"":918,""roll_cd"":237,""yaw_cd"":-211,""bat_mv"":0,""status"":2}"
2026-08-12T20:06:08.710+00:00,BIN,"BIN,ver=1,type=1,seq=52166,ts=52,lat=0,lon=0,alt_mm=-420,speed_cms=0,heading_cd=8500,pitch_cd=974,roll_cd=341,yaw_cd=-191,bat_mv=0,status=0x02","{""ver"":1,""type"":1,""seq"":52166,""ts"":52,""lat"":0,""lon"":0,""alt_mm"":-420,""speed_cms"":0,""heading_cd"":8500,""pitch_cd"":974,""roll_cd"":341,""yaw_cd"":-191,""bat_mv"":0,""status"":2}"
2026-08-12T20:06:09.564+00:00,BIN,"BIN,ver=1,type=1,seq=53006,ts=53,lat=0,lon=0,alt_mm=-370,speed_cms=0,heading_cd=8500,pitch_cd=909,roll_cd=270,yaw_cd=-178,bat_mv=0,status=0x02","{""ver"":1,""type"":1,""seq"":53006,""ts"":53,""lat"":0,""lon"":0,""alt_mm"":-370,""speed_cms"":0,""heading_cd"":8500,""pitch_cd"":909,""roll_cd"":270,""yaw_cd"":-178,""bat_mv"":0,""status"":2}"
2026-08-12T20:06:09.635+00:00,BIN,"BIN,ver=1,type=1,seq=53006,ts=53,lat=0,lon=0,alt_mm=-350,speed_cms=0,heading_cd=8500,pitch_cd=976,roll_cd=309,yaw_cd=-193,bat_mv=0,status=0x02","{""ver"":1,""type"":1,""seq"":53006,""ts"":53,""lat"":0,""lon"":0,""alt_mm"":-350,""speed_cms"":0,""heading_cd"":8500,""pitch_cd"":976,""roll_cd"":309,""yaw_cd"":-193,""bat_mv"":0,""status"":2}"
2026-08-12T20:06:10.642+00:00,BIN,"BIN,ver=1,type=1,seq=54106,ts=54,lat=0,lon=0,alt_mm=-420,speed_cms=0,heading_cd=8500,pitch_cd=949,roll_cd=310,yaw_cd=-142,bat_mv=0,status=0x02","{""ver"":1,""type"":1,""seq"":54106,""ts"":54,""lat"":0,""lon"":0,""alt_mm"":-420,""speed_cms"":0,""heading_cd"":8500,""pitch_cd"":949,""roll_cd"":310,""yaw_cd"":-142,""bat_mv"":0,""status"":2}"
2026-08-12T20:06:10.809+00:00,BIN,"BIN,ver=1,type=1,seq=54231,ts=54,lat=0,lon=0,alt_mm=-420,speed_cms=0,heading_cd=8500,pitch_cd=957,roll_cd=339,yaw_cd=-131,bat_mv=0,status=0x02","{""ver"":1,""type"":1,""seq"":54231,""ts"":54,""lat"":0,""lon"":0,""alt_mm"":-420,""speed_cms"":0,""heading_cd"":8500,""pitch_cd"":957,""roll_cd"":339,""yaw_cd"":-131,""bat_mv"":0,""status"":2}"
2026-08-12T20:06:10.892+00:00,BIN,"BIN,ver=1,type=1,seq=54398,ts=54,lat=0,lon=0,alt_mm=-390,speed_cms=0,heading_cd=8500,pitch_cd=934,roll_cd=272,yaw_cd=-139,bat_mv=0,status=0x02","{""ver"":1,""type"":1,""seq"":54398,""ts"":54,""lat"":0,""lon"":0,""alt_mm"":-390,""speed_cms"":0,""heading_cd"":8500,""pitch_cd"":934,""roll_cd"":272,""yaw_cd"":-139,""bat_mv"":0,""status"":2}"
2026-08-12T20:06:11.061+00:00,BIN,"BIN,ver=1,type=1,seq=54666,ts=54,lat=0,lon=0,alt_mm=-420,speed_cms=0,heading_cd=8500,pitch_cd=922,roll_cd=305,yaw_cd=-155,bat_mv=0,status=0x02","{""ver"":1,""type"":1,""seq"":54666,""ts"":54,""lat"":0,""lon"":0,""alt_mm"":-420,""speed_cms"":0,""heading_cd"":8500,""pitch_cd"":922,""roll_cd"":305,""yaw_cd"":-155,""bat_mv"":0,""status"":2}"
2026-08-12T20:06:11.145+00:00,BIN,"BIN,ver=1,type=1,seq=54792,ts=54,lat=0,lon=0,alt_mm=-410,speed_cms=0,heading_cd=8500,pitch_cd=921,roll_cd=239,yaw_cd=-159,bat_mv=0,status=0x02","{""ver"":1,""type"":1,""seq"":54792,""ts"":54,""lat"":0,""lon"":0,""alt_mm"":-410,""speed_cms"":0,""heading_cd"":8500,""pitch_cd"":921,""roll_cd"":239,""yaw_cd"":-159,""bat_mv"":0,""status"":2}"
2026-08-12T20:06:11.395+00:00,BIN,"BIN,ver=1,type=1,seq=54792,ts=54,lat=0,lon=0,alt_mm=-410,speed_cms=0,heading_cd=8500,pitch_cd=949,roll_cd=237,yaw_cd=-162,bat_mv=0,status=0x02","{""ver"":1,""type"":1,""seq"":54792,""ts"":54,""lat"":0,""lon"":0,""alt_mm"":-410,""speed_cms"":0,""heading_cd"":8500,""pitch_cd"":949,""roll_cd"":237,""yaw_cd"":-162,""bat_mv"":0,""status"":2}"
2026-08-12T20:06:11.984+00:00,BIN,"BIN,ver=1,type=1,seq=55537,ts=55,lat=0,lon=0,alt_mm=-330,speed_cms=0,heading_cd=8500,pitch_cd=965,roll_cd=324,yaw_cd=-174,bat_mv=0,status=0x02","{""ver"":1,""type"":1,""seq"":55537,""ts"":55,""lat"":0,""lon"":0,""alt_mm"":-330,""speed_cms"":0,""heading_cd"":8500,""pitch_cd"":965,""roll_cd"":324,""yaw_cd"":-174,""bat_mv"":0,""status"":2}"
2026-08-12T20:06:12.489+00:00,BIN,"BIN,ver=1,type=1,seq=55891,ts=56,lat=0,lon=0,alt_mm=-270,speed_cms=0,heading_cd=8500,pitch_cd=952,roll_cd=307,yaw_cd=-168,bat_mv=0,status=0x02","{""ver"":1,""type"":1,""seq"":55891,""ts"":56,""lat"":0,""lon"":0,""alt_mm"":-270,""speed_cms"":0,""heading_cd"":8500,""pitch_cd"":952,""roll_cd"":307,""yaw_cd"":-168,""bat_mv"":0,""status"":2}"
2026-08-12T20:06:13.662+00:00,BIN,"BIN,ver=1,type=1,seq=57166,ts=57,lat=0,lon=0,alt_mm=-140,speed_cms=0,heading_cd=8500,pitch_cd=1021,roll_cd=279,yaw_cd=-215,bat_mv=0,status=0x02","{""ver"":1,""type"":1,""seq"":57166,""ts"":57,""lat"":0,""lon"":0,""alt_mm"":-140,""speed_cms"":0,""heading_cd"":8500,""pitch_cd"":1021,""roll_cd"":279,""yaw_cd"":-215,""bat_mv"":0,""status"":2}"
2026-08-12T20:06:14.165+00:00,BIN,"BIN,ver=1,type=1,seq=57571,ts=57,lat=0,lon=0,alt_mm=-60,speed_cms=0,heading_cd=8500,pitch_cd=850,roll_cd=241,yaw_cd=-380,bat_mv=0,status=0x02","{""ver"":1,""type"":1,""seq"":57571,""ts"":57,""lat"":0,""lon"":0,""alt_mm"":-60,""speed_cms"":0,""heading_cd"":8500,""pitch_cd"":850,""roll_cd"":241,""yaw_cd"":-380,""bat_mv"":0,""status"":2}"
2026-08-12T20:06:14.506+00:00,BIN,"BIN,ver=1,type=1,seq=58009,ts=58,lat=0,lon=0,alt_mm=-150,speed_cms=0,heading_cd=8500,pitch_cd=949,roll_cd=90,yaw_cd=-286,bat_mv=0,status=0x02","{""ver"":1,""type"":1,""seq"":58009,""ts"":58,""lat"":0,""lon"":0,""alt_mm"":-150,""speed_cms"":0,""heading_cd"":8500,""pitch_cd"":949,""roll_cd"":90,""yaw_cd"":-286,""bat_mv"":0,""status"":2}"
2026-08-12T20:06:14.671+00:00,BIN,"BIN,ver=1,type=1,seq=58131,ts=58,lat=0,lon=0,alt_mm=-80,speed_cms=0,heading_cd=8500,pitch_cd=986,roll_cd=17,yaw_cd=-111,bat_mv=0,status=0x02","{""ver"":1,""type"":1,""seq"":58131,""ts"":58,""lat"":0,""lon"":0,""alt_mm"":-80,""speed_cms"":0,""heading_cd"":8500,""pitch_cd"":986,""roll_cd"":17,""yaw_cd"":-111,""bat_mv"":0,""status"":2}"
2026-08-12T20:06:14.753+00:00,BIN,"BIN,ver=1,type=1,seq=58131,ts=58,lat=0,lon=0,alt_mm=-60,speed_cms=0,heading_cd=8500,pitch_cd=1032,roll_cd=126,yaw_cd=-129,bat_mv=0,status=0x02","{""ver"":1,""type"":1,""seq"":58131,""ts"":58,""lat"":0,""lon"":0,""alt_mm"":-60,""speed_cms"":0,""heading_cd"":8500,""pitch_cd"":1032,""roll_cd"":126,""yaw_cd"":-129,""bat_mv"":0,""status"":2}"
2026-08-12T20:06:14.837+00:00,BIN,"BIN,ver=1,type=1,seq=58286,ts=58,lat=0,lon=0,alt_mm=-60,speed_cms=0,heading_cd=8500,pitch_cd=1091,roll_cd=109,yaw_cd=-91,bat_mv=0,status=0x02","{""ver"":1,""type"":1,""seq"":58286,""ts"":58,""lat"":0,""lon"":0,""alt_mm"":-60,""speed_cms"":0,""heading_cd"":8500,""pitch_cd"":1091,""roll_cd"":109,""yaw_cd"":-91,""bat_mv"":0,""status"":2}"
2026-08-12T20:06:14.919+00:00,BIN,"BIN,ver=1,type=1,seq=58411,ts=58,lat=0,lon=0,alt_mm=40,speed_cms=0,heading_cd=8500,pitch_cd=1246,roll_cd=259,yaw_cd=-117,bat_mv=0,status=0x02","{""ver"":1,""type"":1,""seq"":58411,""ts"":58,""lat"":0,""lon"":0,""alt_mm"":40,""speed_cms"":0,""heading_cd"":8500,""pitch_cd"":1246,""roll_cd"":259,""yaw_cd"":-117,""bat_mv"":0,""status"":2}"
2026-08-12T20:06:15.042+00:00,BIN,"BIN,ver=1,type=1,seq=58411,ts=58,lat=0,lon=0,alt_mm=10,speed_cms=0,heading_cd=8500,pitch_cd=900,roll_cd=325,yaw_cd=-268,bat_mv=0,status=0x02","{""ver"":1,""type"":1,""seq"":58411,""ts"":58,""lat"":0,""lon"":0,""alt_mm"":10,""speed_cms"":0,""heading_cd"":8500,""pitch_cd"":900,""roll_cd"":325,""yaw_cd"":-268,""bat_mv"":0,""status"":2}"
2026-08-12T20:06:15.087+00:00,BIN,"BIN,ver=1,type=1,seq=58691,ts=58,lat=0,lon=0,alt_mm=-20,speed_cms=0,heading_cd=8500,pitch_cd=740,roll_cd=104,yaw_cd=-142,bat_mv=0,status=0x02","{""ver"":1,""type"":1,""seq"":58691,""ts"":58,""lat"":0,""lon"":0,""alt_mm"":-20,""speed_cms"":0,""heading_cd"":8500,""pitch_cd"":740,""roll_cd"":104,""yaw_cd"":-142,""bat_mv"":0,""status"":2}"
2026-08-12T20:06:15.265+00:00,BIN,"BIN,ver=1,type=1,seq=58691,ts=58,lat=0,lon=0,alt_mm=-20,speed_cms=0,heading_cd=8500,pitch_cd=877,roll_cd=270,yaw_cd=-231,bat_mv=0,status=0x02","{""ver"":1,""type"":1,""seq"":58691,""ts"":58,""lat"":0,""lon"":0,""alt_mm"":-20,""speed_cms"":0,""heading_cd"":8500,""pitch_cd"":877,""roll_cd"":270,""yaw_cd"":-231,""bat_mv"":0,""status"":2}"
2026-08-12T20:06:15.341+00:00,BIN,"BIN,ver=1,type=1,seq=58859,ts=58,lat=0,lon=0,alt_mm=-90,speed_cms=0,heading_cd=8500,pitch_cd=993,roll_cd=280,yaw_cd=-119,bat_mv=0,status=0x02","{""ver"":1,""type"":1,""seq"":58859,""ts"":58,""lat"":0,""lon"":0,""alt_mm"":-90,""speed_cms"":0,""heading_cd"":8500,""pitch_cd"":993,""roll_cd"":280,""yaw_cd"":-119,""bat_mv"":0,""status"":2}"
2026-08-12T20:06:15.423+00:00,BIN,"BIN,ver=1,type=1,seq=58859,ts=59,lat=0,lon=0,alt_mm=-90,speed_cms=0,heading_cd=8500,pitch_cd=893,roll_cd=262,yaw_cd=-393,bat_mv=0,status=0x02","{""ver"":1,""type"":1,""seq"":58859,""ts"":59,""lat"":0,""lon"":0,""alt_mm"":-90,""speed_cms"":0,""heading_cd"":8500,""pitch_cd"":893,""roll_cd"":262,""yaw_cd"":-393,""bat_mv"":0,""status"":2}"
2026-08-12T20:06:15.507+00:00,BIN,"BIN,ver=1,type=1,seq=58971,ts=59,lat=0,lon=0,alt_mm=-90,speed_cms=0,heading_cd=8500,pitch_cd=893,roll_cd=262,yaw_cd=-393,bat_mv=0,status=0x02","{""ver"":1,""type"":1,""seq"":58971,""ts"":59,""lat"":0,""lon"":0,""alt_mm"":-90,""speed_cms"":0,""heading_cd"":8500,""pitch_cd"":893,""roll_cd"":262,""yaw_cd"":-393,""bat_mv"":0,""status"":2}"
2026-08-12T20:06:15.592+00:00,BIN,"BIN,ver=1,type=1,seq=58971,ts=59,lat=0,lon=0,alt_mm=-160,speed_cms=0,heading_cd=8500,pitch_cd=1097,roll_cd=193,yaw_cd=-195,bat_mv=0,status=0x02","{""ver"":1,""type"":1,""seq"":58971,""ts"":59,""lat"":0,""lon"":0,""alt_mm"":-160,""speed_cms"":0,""heading_cd"":8500,""pitch_cd"":1097,""roll_cd"":193,""yaw_cd"":-195,""bat_mv"":0,""status"":2}"
2026-08-12T20:06:15.845+00:00,BIN,"BIN,ver=1,type=1,seq=59251,ts=59,lat=0,lon=0,alt_mm=-100,speed_cms=0,heading_cd=8500,pitch_cd=737,roll_cd=112,yaw_cd=-147,bat_mv=0,status=0x02","{""ver"":1,""type"":1,""seq"":59251,""ts"":59,""lat"":0,""lon"":0,""alt_mm"":-100,""speed_cms"":0,""heading_cd"":8500,""pitch_cd"":737,""roll_cd"":112,""yaw_cd"":-147,""bat_mv"":0,""status"":2}"
2026-08-12T20:06:15.849+00:00,BIN,"BIN,ver=1,type=1,seq=59251,ts=59,lat=0,lon=0,alt_mm=-100,speed_cms=0,heading_cd=8500,pitch_cd=927,roll_cd=222,yaw_cd=-57,bat_mv=0,status=0x02","{""ver"":1,""type"":1,""seq"":59251,""ts"":59,""lat"":0,""lon"":0,""alt_mm"":-100,""speed_cms"":0,""heading_cd"":8500,""pitch_cd"":927,""roll_cd"":222,""yaw_cd"":-57,""bat_mv"":0,""status"":2}"
2026-08-12T20:06:16.012+00:00,BIN,"BIN,ver=1,type=1,seq=59406,ts=59,lat=0,lon=0,alt_mm=-80,speed_cms=0,heading_cd=8500,pitch_cd=1087,roll_cd=205,yaw_cd=-152,bat_mv=0,status=0x02","{""ver"":1,""type"":1,""seq"":59406,""ts"":59,""lat"":0,""lon"":0,""alt_mm"":-80,""speed_cms"":0,""heading_cd"":8500,""pitch_cd"":1087,""roll_cd"":205,""yaw_cd"":-152,""bat_mv"":0,""status"":2}"
2026-08-12T20:06:18.387+00:00,BIN,"BIN,ver=1,type=1,seq=61898,ts=62,lat=0,lon=0,alt_mm=-160,speed_cms=0,heading_cd=8500,pitch_cd=984,roll_cd=268,yaw_cd=-171,bat_mv=0,status=0x02","{""ver"":1,""type"":1,""seq"":61898,""ts"":62,""lat"":0,""lon"":0,""alt_mm"":-160,""speed_cms"":0,""heading_cd"":8500,""pitch_cd"":984,""roll_cd"":268,""yaw_cd"":-171,""bat_mv"":0,""status"":2}"
2026-08-12T20:06:18.614+00:00,BIN,"BIN,ver=1,type=1,seq=62012,ts=62,lat=0,lon=0,alt_mm=-130,speed_cms=0,heading_cd=8500,pitch_cd=960,roll_cd=234,yaw_cd=-105,bat_mv=0,status=0x02","{""ver"":1,""type"":1,""seq"":62012,""ts"":62,""lat"":0,""lon"":0,""alt_mm"":-130,""speed_cms"":0,""heading_cd"":8500,""pitch_cd"":960,""roll_cd"":234,""yaw_cd"":-105,""bat_mv"":0,""status"":2}"
2026-08-12T20:06:18.868+00:00,BIN,"BIN,ver=1,type=1,seq=62291,ts=62,lat=0,lon=0,alt_mm=-180,speed_cms=0,heading_cd=8500,pitch_cd=976,roll_cd=209,yaw_cd=-105,bat_mv=0,status=0x02","{""ver"":1,""type"":1,""seq"":62291,""ts"":62,""lat"":0,""lon"":0,""alt_mm"":-180,""speed_cms"":0,""heading_cd"":8500,""pitch_cd"":976,""roll_cd"":209,""yaw_cd"":-105,""bat_mv"":0,""status"":2}"
2026-08-12T20:06:19.291+00:00,BIN,"BIN,ver=1,type=1,seq=62851,ts=62,lat=0,lon=0,alt_mm=-190,speed_cms=0,heading_cd=8500,pitch_cd=982,roll_cd=275,yaw_cd=-80,bat_mv=0,status=0x02","{""ver"":1,""type"":1,""seq"":62851,""ts"":62,""lat"":0,""lon"":0,""alt_mm"":-190,""speed_cms"":0,""heading_cd"":8500,""pitch_cd"":982,""roll_cd"":275,""yaw_cd"":-80,""bat_mv"":0,""status"":2}"
2026-08-12T20:06:21.977+00:00,BIN,"BIN,ver=1,type=1,seq=65371,ts=65,lat=0,lon=0,alt_mm=-130,speed_cms=0,heading_cd=8500,pitch_cd=986,roll_cd=292,yaw_cd=-100,bat_mv=0,status=0x02","{""ver"":1,""type"":1,""seq"":65371,""ts"":65,""lat"":0,""lon"":0,""alt_mm"":-130,""speed_cms"":0,""heading_cd"":8500,""pitch_cd"":986,""roll_cd"":292,""yaw_cd"":-100,""bat_mv"":0,""status"":2}"
2026-08-12T20:06:22.478+00:00,BIN,"BIN,ver=1,type=1,seq=396,ts=66,lat=0,lon=0,alt_mm=-170,speed_cms=0,heading_cd=8500,pitch_cd=975,roll_cd=207,yaw_cd=-92,bat_mv=0,status=0x02","{""ver"":1,""type"":1,""seq"":396,""ts"":66,""lat"":0,""lon"":0,""alt_mm"":-170,""speed_cms"":0,""heading_cd"":8500,""pitch_cd"":975,""roll_cd"":207,""yaw_cd"":-92,""bat_mv"":0,""status"":2}"
2026-08-12T20:06:24.747+00:00,BIN,"BIN,ver=1,type=1,seq=2615,ts=68,lat=0,lon=0,alt_mm=-350,speed_cms=0,heading_cd=8500,pitch_cd=961,roll_cd=237,yaw_cd=-101,bat_mv=0,status=0x02","{""ver"":1,""type"":1,""seq"":2615,""ts"":68,""lat"":0,""lon"":0,""alt_mm"":-350,""speed_cms"":0,""heading_cd"":8500,""pitch_cd"":961,""roll_cd"":237,""yaw_cd"":-101,""bat_mv"":0,""status"":2}"
2026-08-12T20:06:25.836+00:00,BIN,"BIN,ver=1,type=1,seq=3735,ts=69,lat=0,lon=0,alt_mm=-370,speed_cms=0,heading_cd=8500,pitch_cd=966,roll_cd=222,yaw_cd=-97,bat_mv=0,status=0x02","{""ver"":1,""type"":1,""seq"":3735,""ts"":69,""lat"":0,""lon"":0,""alt_mm"":-370,""speed_cms"":0,""heading_cd"":8500,""pitch_cd"":966,""roll_cd"":222,""yaw_cd"":-97,""bat_mv"":0,""status"":2}"
2026-08-12T20:06:26.591+00:00,BIN,"BIN,ver=1,type=1,seq=4432,ts=70,lat=0,lon=0,alt_mm=-280,speed_cms=0,heading_cd=8500,pitch_cd=981,roll_cd=245,yaw_cd=-106,bat_mv=0,status=0x02","{""ver"":1,""type"":1,""seq"":4432,""ts"":70,""lat"":0,""lon"":0,""alt_mm"":-280,""speed_cms"":0,""heading_cd"":8500,""pitch_cd"":981,""roll_cd"":245,""yaw_cd"":-106,""bat_mv"":0,""status"":2}"
2026-08-12T20:06:26.675+00:00,BIN,"BIN,ver=1,type=1,seq=4555,ts=70,lat=0,lon=0,alt_mm=-280,speed_cms=0,heading_cd=8500,pitch_cd=977,roll_cd=234,yaw_cd=-102,bat_mv=0,status=0x02","{""ver"":1,""type"":1,""seq"":4555,""ts"":70,""lat"":0,""lon"":0,""alt_mm"":-280,""speed_cms"":0,""heading_cd"":8500,""pitch_cd"":977,""roll_cd"":234,""yaw_cd"":-102,""bat_mv"":0,""status"":2}"
2026-08-12T20:06:27.178+00:00,BIN,"BIN,ver=1,type=1,seq=5115,ts=70,lat=0,lon=0,alt_mm=-320,speed_cms=0,heading_cd=8500,pitch_cd=988,roll_cd=33,yaw_cd=86,bat_mv=0,status=0x02","{""ver"":1,""type"":1,""seq"":5115,""ts"":70,""lat"":0,""lon"":0,""alt_mm"":-320,""speed_cms"":0,""heading_cd"":8500,""pitch_cd"":988,""roll_cd"":33,""yaw_cd"":86,""bat_mv"":0,""status"":2}"
2026-08-12T20:06:27.263+00:00,BIN,"BIN,ver=1,type=1,seq=5115,ts=70,lat=0,lon=0,alt_mm=-290,speed_cms=0,heading_cd=8500,pitch_cd=895,roll_cd=283,yaw_cd=2,bat_mv=0,status=0x02","{""ver"":1,""type"":1,""seq"":5115,""ts"":70,""lat"":0,""lon"":0,""alt_mm"":-290,""speed_cms"":0,""heading_cd"":8500,""pitch_cd"":895,""roll_cd"":283,""yaw_cd"":2,""bat_mv"":0,""status"":2}"
2026-08-12T20:06:29.529+00:00,BIN,"BIN,ver=1,type=1,seq=7492,ts=73,lat=0,lon=0,alt_mm=-140,speed_cms=0,heading_cd=8500,pitch_cd=1012,roll_cd=-53,yaw_cd=-177,bat_mv=0,status=0x02","{""ver"":1,""type"":1,""seq"":7492,""ts"":73,""lat"":0,""lon"":0,""alt_mm"":-140,""speed_cms"":0,""heading_cd"":8500,""pitch_cd"":1012,""roll_cd"":-53,""yaw_cd"":-177,""bat_mv"":0,""status"":2}"
2026-08-12T20:06:32.048+00:00,BIN,"BIN,ver=1,type=1,seq=9990,ts=75,lat=0,lon=0,alt_mm=-30,speed_cms=0,heading_cd=8500,pitch_cd=935,roll_cd=102,yaw_cd=-269,bat_mv=0,status=0x02","{""ver"":1,""type"":1,""seq"":9990,""ts"":75,""lat"":0,""lon"":0,""alt_mm"":-30,""speed_cms"":0,""heading_cd"":8500,""pitch_cd"":935,""roll_cd"":102,""yaw_cd"":-269,""bat_mv"":0,""status"":2}"
2026-08-12T20:06:34.648+00:00,BIN,"BIN,ver=1,type=1,seq=12512,ts=78,lat=0,lon=0,alt_mm=-70,speed_cms=0,heading_cd=8500,pitch_cd=1176,roll_cd=285,yaw_cd=-40,bat_mv=0,status=0x02","{""ver"":1,""type"":1,""seq"":12512,""ts"":78,""lat"":0,""lon"":0,""alt_mm"":-70,""speed_cms"":0,""heading_cd"":8500,""pitch_cd"":1176,""roll_cd"":285,""yaw_cd"":-40,""bat_mv"":0,""status"":2}"
2026-08-12T20:06:35.069+00:00,BIN,"BIN,ver=1,type=1,seq=12915,ts=78,lat=0,lon=0,alt_mm=-50,speed_cms=0,heading_cd=8500,pitch_cd=881,roll_cd=313,yaw_cd=-167,bat_mv=0,status=0x02","{""ver"":1,""type"":1,""seq"":12915,""ts"":78,""lat"":0,""lon"":0,""alt_mm"":-50,""speed_cms"":0,""heading_cd"":8500,""pitch_cd"":881,""roll_cd"":313,""yaw_cd"":-167,""bat_mv"":0,""status"":2}"
2026-08-12T20:06:35.237+00:00,BIN,"BIN,ver=1,type=1,seq=13195,ts=78,lat=0,lon=0,alt_mm=10,speed_cms=0,heading_cd=8500,pitch_cd=1068,roll_cd=217,yaw_cd=-209,bat_mv=0,status=0x02","{""ver"":1,""type"":1,""seq"":13195,""ts"":78,""lat"":0,""lon"":0,""alt_mm"":10,""speed_cms"":0,""heading_cd"":8500,""pitch_cd"":1068,""roll_cd"":217,""yaw_cd"":-209,""bat_mv"":0,""status"":2}"
2026-08-12T20:06:35.570+00:00,BIN,"BIN,ver=1,type=1,seq=13476,ts=79,lat=0,lon=0,alt_mm=60,speed_cms=0,heading_cd=8500,pitch_cd=932,roll_cd=54,yaw_cd=20,bat_mv=0,status=0x02","{""ver"":1,""type"":1,""seq"":13476,""ts"":79,""lat"":0,""lon"":0,""alt_mm"":60,""speed_cms"":0,""heading_cd"":8500,""pitch_cd"":932,""roll_cd"":54,""yaw_cd"":20,""bat_mv"":0,""status"":2}"
2026-08-12T20:06:36.158+00:00,BIN,"BIN,ver=1,type=1,seq=14171,ts=79,lat=0,lon=0,alt_mm=110,speed_cms=0,heading_cd=8500,pitch_cd=1024,roll_cd=168,yaw_cd=-160,bat_mv=0,status=0x02","{""ver"":1,""type"":1,""seq"":14171,""ts"":79,""lat"":0,""lon"":0,""alt_mm"":110,""speed_cms"":0,""heading_cd"":8500,""pitch_cd"":1024,""roll_cd"":168,""yaw_cd"":-160,""bat_mv"":0,""status"":2}"
2026-08-12T20:06:36.829+00:00,BIN,"BIN,ver=1,type=1,seq=14730,ts=80,lat=0,lon=0,alt_mm=140,speed_cms=0,heading_cd=8500,pitch_cd=991,roll_cd=101,yaw_cd=-154,bat_mv=0,status=0x02","{""ver"":1,""type"":1,""seq"":14730,""ts"":80,""lat"":0,""lon"":0,""alt_mm"":140,""speed_cms"":0,""heading_cd"":8500,""pitch_cd"":991,""roll_cd"":101,""yaw_cd"":-154,""bat_mv"":0,""status"":2}"
2026-08-12T20:06:37.501+00:00,BIN,"BIN,ver=1,type=1,seq=15415,ts=81,lat=0,lon=0,alt_mm=110,speed_cms=0,heading_cd=8500,pitch_cd=977,roll_cd=151,yaw_cd=-80,bat_mv=0,status=0x02","{""ver"":1,""type"":1,""seq"":15415,""ts"":81,""lat"":0,""lon"":0,""alt_mm"":110,""speed_cms"":0,""heading_cd"":8500,""pitch_cd"":977,""roll_cd"":151,""yaw_cd"":-80,""bat_mv"":0,""status"":2}"
2026-08-12T20:06:37.595+00:00,BIN,"BIN,ver=1,type=1,seq=15415,ts=81,lat=0,lon=0,alt_mm=90,speed_cms=0,heading_cd=8500,pitch_cd=977,roll_cd=151,yaw_cd=-80,bat_mv=0,status=0x02","{""ver"":1,""type"":1,""seq"":15415,""ts"":81,""lat"":0,""lon"":0,""alt_mm"":90,""speed_cms"":0,""heading_cd"":8500,""pitch_cd"":977,""roll_cd"":151,""yaw_cd"":-80,""bat_mv"":0,""status"":2}"
2026-08-12T20:06:37.917+00:00,BIN,"BIN,ver=1,type=1,seq=15882,ts=81,lat=0,lon=0,alt_mm=200,speed_cms=0,heading_cd=8500,pitch_cd=982,roll_cd=177,yaw_cd=-159,bat_mv=0,status=0x02","{""ver"":1,""type"":1,""seq"":15882,""ts"":81,""lat"":0,""lon"":0,""alt_mm"":200,""speed_cms"":0,""heading_cd"":8500,""pitch_cd"":982,""roll_cd"":177,""yaw_cd"":-159,""bat_mv"":0,""status"":2}"
2026-08-12T20:06:38.171+00:00,BIN,"BIN,ver=1,type=1,seq=16236,ts=81,lat=0,lon=0,alt_mm=0,speed_cms=0,heading_cd=8500,pitch_cd=993,roll_cd=198,yaw_cd=-134,bat_mv=0,status=0x02","{""ver"":1,""type"":1,""seq"":16236,""ts"":81,""lat"":0,""lon"":0,""alt_mm"":0,""speed_cms"":0,""heading_cd"":8500,""pitch_cd"":993,""roll_cd"":198,""yaw_cd"":-134,""bat_mv"":0,""status"":2}"
2026-08-12T20:06:39.262+00:00,BIN,"BIN,ver=1,type=1,seq=17244,ts=82,lat=0,lon=0,alt_mm=-240,speed_cms=0,heading_cd=8500,pitch_cd=908,roll_cd=135,yaw_cd=-126,bat_mv=0,status=0x02","{""ver"":1,""type"":1,""seq"":17244,""ts"":82,""lat"":0,""lon"":0,""alt_mm"":-240,""speed_cms"":0,""heading_cd"":8500,""pitch_cd"":908,""roll_cd"":135,""yaw_cd"":-126,""bat_mv"":0,""status"":2}"
2026-08-12T20:06:39.346+00:00,BIN,"BIN,ver=1,type=1,seq=17244,ts=82,lat=0,lon=0,alt_mm=-240,speed_cms=0,heading_cd=8500,pitch_cd=1001,roll_cd=72,yaw_cd=-69,bat_mv=0,status=0x02","{""ver"":1,""type"":1,""seq"":17244,""ts"":82,""lat"":0,""lon"":0,""alt_mm"":-240,""speed_cms"":0,""heading_cd"":8500,""pitch_cd"":1001,""roll_cd"":72,""yaw_cd"":-69,""bat_mv"":0,""status"":2}"
2026-08-12T20:06:39.435+00:00,BIN,"BIN,ver=1,type=1,seq=17355,ts=83,lat=0,lon=0,alt_mm=-200,speed_cms=0,heading_cd=8500,pitch_cd=1013,roll_cd=71,yaw_cd=-110,bat_mv=0,status=0x02","{""ver"":1,""type"":1,""seq"":17355,""ts"":83,""lat"":0,""lon"":0,""alt_mm"":-200,""speed_cms"":0,""heading_cd"":8500,""pitch_cd"":1013,""roll_cd"":71,""yaw_cd"":-110,""bat_mv"":0,""status"":2}"
2026-08-12T20:06:39.595+00:00,BIN,"BIN,ver=1,type=1,seq=17510,ts=83,lat=0,lon=0,alt_mm=-220,speed_cms=0,heading_cd=8500,pitch_cd=932,roll_cd=264,yaw_cd=-146,bat_mv=0,status=0x02","{""ver"":1,""type"":1,""seq"":17510,""ts"":83,""lat"":0,""lon"":0,""alt_mm"":-220,""speed_cms"":0,""heading_cd"":8500,""pitch_cd"":932,""roll_cd"":264,""yaw_cd"":-146,""bat_mv"":0,""status"":2}"
2026-08-12T20:06:39.681+00:00,BIN,"BIN,ver=1,type=1,seq=17510,ts=83,lat=0,lon=0,alt_mm=-150,speed_cms=0,heading_cd=8500,pitch_cd=994,roll_cd=130,yaw_cd=-82,bat_mv=0,status=0x02","{""ver"":1,""type"":1,""seq"":17510,""ts"":83,""lat"":0,""lon"":0,""alt_mm"":-150,""speed_cms"":0,""heading_cd"":8500,""pitch_cd"":994,""roll_cd"":130,""yaw_cd"":-82,""bat_mv"":0,""status"":2}"
2026-08-12T20:06:39.763+00:00,BIN,"BIN,ver=1,type=1,seq=17635,ts=83,lat=0,lon=0,alt_mm=-150,speed_cms=0,heading_cd=8500,pitch_cd=1083,roll_cd=144,yaw_cd=-214,bat_mv=0,status=0x02","{""ver"":1,""type"":1,""seq"":17635,""ts"":83,""lat"":0,""lon"":0,""alt_mm"":-150,""speed_cms"":0,""heading_cd"":8500,""pitch_cd"":1083,""roll_cd"":144,""yaw_cd"":-214,""bat_mv"":0,""status"":2}"
2026-08-12T20:06:39.848+00:00,BIN,"BIN,ver=1,type=1,seq=17823,ts=83,lat=0,lon=0,alt_mm=-50,speed_cms=0,heading_cd=8500,pitch_cd=958,roll_cd=200,yaw_cd=-306,bat_mv=0,status=0x02","{""ver"":1,""type"":1,""seq"":17823,""ts"":83,""lat"":0,""lon"":0,""alt_mm"":-50,""speed_cms"":0,""heading_cd"":8500,""pitch_cd"":958,""roll_cd"":200,""yaw_cd"":-306,""bat_mv"":0,""status"":2}"
2026-08-12T20:06:39.937+00:00,BIN,"BIN,ver=1,type=1,seq=17823,ts=83,lat=0,lon=0,alt_mm=-40,speed_cms=0,heading_cd=8500,pitch_cd=936,roll_cd=126,yaw_cd=-174,bat_mv=0,status=0x02","{""ver"":1,""type"":1,""seq"":17823,""ts"":83,""lat"":0,""lon"":0,""alt_mm"":-40,""speed_cms"":0,""heading_cd"":8500,""pitch_cd"":936,""roll_cd"":126,""yaw_cd"":-174,""bat_mv"":0,""status"":2}"
2026-08-12T20:06:40.774+00:00,BIN,"BIN,ver=1,type=1,seq=18613,ts=84,lat=0,lon=0,alt_mm=-70,speed_cms=0,heading_cd=8500,pitch_cd=974,roll_cd=203,yaw_cd=-45,bat_mv=0,status=0x02","{""ver"":1,""type"":1,""seq"":18613,""ts"":84,""lat"":0,""lon"":0,""alt_mm"":-70,""speed_cms"":0,""heading_cd"":8500,""pitch_cd"":974,""roll_cd"":203,""yaw_cd"":-45,""bat_mv"":0,""status"":2}"
2026-08-12T20:06:40.941+00:00,BIN,"BIN,ver=1,type=1,seq=18890,ts=84,lat=0,lon=0,alt_mm=-110,speed_cms=0,heading_cd=8500,pitch_cd=1042,roll_cd=152,yaw_cd=-155,bat_mv=0,status=0x02","{""ver"":1,""type"":1,""seq"":18890,""ts"":84,""lat"":0,""lon"":0,""alt_mm"":-110,""speed_cms"":0,""heading_cd"":8500,""pitch_cd"":1042,""roll_cd"":152,""yaw_cd"":-155,""bat_mv"":0,""status"":2}"
2026-08-12T20:06:41.022+00:00,BIN,"BIN,ver=1,type=1,seq=19015,ts=84,lat=0,lon=0,alt_mm=-60,speed_cms=0,heading_cd=8500,pitch_cd=918,roll_cd=148,yaw_cd=-171,bat_mv=0,status=0x02","{""ver"":1,""type"":1,""seq"":19015,""ts"":84,""lat"":0,""lon"":0,""alt_mm"":-60,""speed_cms"":0,""heading_cd"":8500,""pitch_cd"":918,""roll_cd"":148,""yaw_cd"":-171,""bat_mv"":0,""status"":2}"
2026-08-12T20:06:41.192+00:00,BIN,"BIN,ver=1,type=1,seq=19182,ts=84,lat=0,lon=0,alt_mm=-60,speed_cms=0,heading_cd=8500,pitch_cd=979,roll_cd=58,yaw_cd=-33,bat_mv=0,status=0x02","{""ver"":1,""type"":1,""seq"":19182,""ts"":84,""lat"":0,""lon"":0,""alt_mm"":-60,""speed_cms"":0,""heading_cd"":8500,""pitch_cd"":979,""roll_cd"":58,""yaw_cd"":-33,""bat_mv"":0,""status"":2}"
2026-08-12T20:06:41.359+00:00,BIN,"BIN,ver=1,type=1,seq=19296,ts=84,lat=0,lon=0,alt_mm=-40,speed_cms=0,heading_cd=8500,pitch_cd=979,roll_cd=58,yaw_cd=-33,bat_mv=0,status=0x02","{""ver"":1,""type"":1,""seq"":19296,""ts"":84,""lat"":0,""lon"":0,""alt_mm"":-40,""speed_cms"":0,""heading_cd"":8500,""pitch_cd"":979,""roll_cd"":58,""yaw_cd"":-33,""bat_mv"":0,""status"":2}"
2026-08-12T20:06:41.444+00:00,BIN,"BIN,ver=1,type=1,seq=19296,ts=84,lat=0,lon=0,alt_mm=-40,speed_cms=0,heading_cd=8500,pitch_cd=1030,roll_cd=157,yaw_cd=-154,bat_mv=0,status=0x02","{""ver"":1,""type"":1,""seq"":19296,""ts"":84,""lat"":0,""lon"":0,""alt_mm"":-40,""speed_cms"":0,""heading_cd"":8500,""pitch_cd"":1030,""roll_cd"":157,""yaw_cd"":-154,""bat_mv"":0,""status"":2}"
2026-08-12T20:06:41.611+00:00,BIN,"BIN,ver=1,type=1,seq=19450,ts=85,lat=0,lon=0,alt_mm=-340,speed_cms=0,heading_cd=8500,pitch_cd=1021,roll_cd=170,yaw_cd=-69,bat_mv=0,status=0x02","{""ver"":1,""type"":1,""seq"":19450,""ts"":85,""lat"":0,""lon"":0,""alt_mm"":-340,""speed_cms"":0,""heading_cd"":8500,""pitch_cd"":1021,""roll_cd"":170,""yaw_cd"":-69,""bat_mv"":0,""status"":2}"
2026-08-12T20:06:41.693+00:00,BIN,"BIN,ver=1,type=1,seq=19575,ts=85,lat=0,lon=0,alt_mm=-340,speed_cms=0,heading_cd=8500,pitch_cd=989,roll_cd=257,yaw_cd=-269,bat_mv=0,status=0x02","{""ver"":1,""type"":1,""seq"":19575,""ts"":85,""lat"":0,""lon"":0,""alt_mm"":-340,""speed_cms"":0,""heading_cd"":8500,""pitch_cd"":989,""roll_cd"":257,""yaw_cd"":-269,""bat_mv"":0,""status"":2}"
2026-08-12T20:06:43.122+00:00,BIN,"BIN,ver=1,type=1,seq=21130,ts=86,lat=0,lon=0,alt_mm=-180,speed_cms=0,heading_cd=8500,pitch_cd=1042,roll_cd=268,yaw_cd=196,bat_mv=0,status=0x02","{""ver"":1,""type"":1,""seq"":21130,""ts"":86,""lat"":0,""lon"":0,""alt_mm"":-180,""speed_cms"":0,""heading_cd"":8500,""pitch_cd"":1042,""roll_cd"":268,""yaw_cd"":196,""bat_mv"":0,""status"":2}"
2026-08-12T20:06:43.375+00:00,BIN,"BIN,ver=1,type=1,seq=21256,ts=86,lat=0,lon=0,alt_mm=-140,speed_cms=0,heading_cd=8500,pitch_cd=929,roll_cd=55,yaw_cd=227,bat_mv=0,status=0x02","{""ver"":1,""type"":1,""seq"":21256,""ts"":86,""lat"":0,""lon"":0,""alt_mm"":-140,""speed_cms"":0,""heading_cd"":8500,""pitch_cd"":929,""roll_cd"":55,""yaw_cd"":227,""bat_mv"":0,""status"":2}"
2026-08-12T20:06:43.793+00:00,BIN,"BIN,ver=1,type=1,seq=21702,ts=87,lat=0,lon=0,alt_mm=-110,speed_cms=0,heading_cd=8500,pitch_cd=1044,roll_cd=37,yaw_cd=236,bat_mv=0,status=0x02","{""ver"":1,""type"":1,""seq"":21702,""ts"":87,""lat"":0,""lon"":0,""alt_mm"":-110,""speed_cms"":0,""heading_cd"":8500,""pitch_cd"":1044,""roll_cd"":37,""yaw_cd"":236,""bat_mv"":0,""status"":2}"
2026-08-12T20:06:43.878+00:00,BIN,"BIN,ver=1,type=1,seq=21815,ts=87,lat=0,lon=0,alt_mm=-30,speed_cms=0,heading_cd=8500,pitch_cd=1157,roll_cd=101,yaw_cd=208,bat_mv=0,status=0x02","{""ver"":1,""type"":1,""seq"":21815,""ts"":87,""lat"":0,""lon"":0,""alt_mm"":-30,""speed_cms"":0,""heading_cd"":8500,""pitch_cd"":1157,""roll_cd"":101,""yaw_cd"":208,""bat_mv"":0,""status"":2}"
2026-08-12T20:06:44.127+00:00,BIN,"BIN,ver=1,type=1,seq=22115,ts=87,lat=0,lon=0,alt_mm=-90,speed_cms=0,heading_cd=8500,pitch_cd=1000,roll_cd=141,yaw_cd=95,bat_mv=0,status=0x02","{""ver"":1,""type"":1,""seq"":22115,""ts"":87,""lat"":0,""lon"":0,""alt_mm"":-90,""speed_cms"":0,""heading_cd"":8500,""pitch_cd"":1000,""roll_cd"":141,""yaw_cd"":95,""bat_mv"":0,""status"":2}"
2026-08-12T20:06:44.210+00:00,BIN,"BIN,ver=1,type=1,seq=22115,ts=87,lat=0,lon=0,alt_mm=-90,speed_cms=0,heading_cd=8500,pitch_cd=1000,roll_cd=141,yaw_cd=95,bat_mv=0,status=0x02","{""ver"":1,""type"":1,""seq"":22115,""ts"":87,""lat"":0,""lon"":0,""alt_mm"":-90,""speed_cms"":0,""heading_cd"":8500,""pitch_cd"":1000,""roll_cd"":141,""yaw_cd"":95,""bat_mv"":0,""status"":2}"
2026-08-12T20:06:44.380+00:00,BIN,"BIN,ver=1,type=1,seq=22291,ts=87,lat=0,lon=0,alt_mm=-100,speed_cms=0,heading_cd=8500,pitch_cd=1003,roll_cd=175,yaw_cd=-17,bat_mv=0,status=0x02","{""ver"":1,""type"":1,""seq"":22291,""ts"":87,""lat"":0,""lon"":0,""alt_mm"":-100,""speed_cms"":0,""heading_cd"":8500,""pitch_cd"":1003,""roll_cd"":175,""yaw_cd"":-17,""bat_mv"":0,""status"":2}"
2026-08-12T20:06:44.464+00:00,BIN,"BIN,ver=1,type=1,seq=22415,ts=88,lat=0,lon=0,alt_mm=-90,speed_cms=0,heading_cd=8500,pitch_cd=1003,roll_cd=175,yaw_cd=-17,bat_mv=0,status=0x02","{""ver"":1,""type"":1,""seq"":22415,""ts"":88,""lat"":0,""lon"":0,""alt_mm"":-90,""speed_cms"":0,""heading_cd"":8500,""pitch_cd"":1003,""roll_cd"":175,""yaw_cd"":-17,""bat_mv"":0,""status"":2}"
2026-08-12T20:06:44.548+00:00,BIN,"BIN,ver=1,type=1,seq=22522,ts=88,lat=0,lon=0,alt_mm=-60,speed_cms=0,heading_cd=8500,pitch_cd=951,roll_cd=-6,yaw_cd=-58,bat_mv=0,status=0x02","{""ver"":1,""type"":1,""seq"":22522,""ts"":88,""lat"":0,""lon"":0,""alt_mm"":-60,""speed_cms"":0,""heading_cd"":8500,""pitch_cd"":951,""roll_cd"":-6,""yaw_cd"":-58,""bat_mv"":0,""status"":2}"
2026-08-12T20:06:44.632+00:00,BIN,"BIN,ver=1,type=1,seq=22522,ts=88,lat=0,lon=0,alt_mm=-90,speed_cms=0,heading_cd=8500,pitch_cd=1009,roll_cd=44,yaw_cd=-84,bat_mv=0,status=0x02","{""ver"":1,""type"":1,""seq"":22522,""ts"":88,""lat"":0,""lon"":0,""alt_mm"":-90,""speed_cms"":0,""heading_cd"":8500,""pitch_cd"":1009,""roll_cd"":44,""yaw_cd"":-84,""bat_mv"":0,""status"":2}"
2026-08-12T20:06:44.718+00:00,BIN,"BIN,ver=1,type=1,seq=22655,ts=88,lat=0,lon=0,alt_mm=-90,speed_cms=0,heading_cd=8500,pitch_cd=981,roll_cd=150,yaw_cd=-62,bat_mv=0,status=0x02","{""ver"":1,""type"":1,""seq"":22655,""ts"":88,""lat"":0,""lon"":0,""alt_mm"":-90,""speed_cms"":0,""heading_cd"":8500,""pitch_cd"":981,""roll_cd"":150,""yaw_cd"":-62,""bat_mv"":0,""status"":2}"
2026-08-12T20:06:44.882+00:00,BIN,"BIN,ver=1,type=1,seq=22770,ts=88,lat=0,lon=0,alt_mm=-130,speed_cms=0,heading_cd=8500,pitch_cd=991,roll_cd=69,yaw_cd=61,bat_mv=0,status=0x02","{""ver"":1,""type"":1,""seq"":22770,""ts"":88,""lat"":0,""lon"":0,""alt_mm"":-130,""speed_cms"":0,""heading_cd"":8500,""pitch_cd"":991,""roll_cd"":69,""yaw_cd"":61,""bat_mv"":0,""status"":2}"
2026-08-12T20:06:45.051+00:00,BIN,"BIN,ver=1,type=1,seq=22895,ts=88,lat=0,lon=0,alt_mm=-190,speed_cms=0,heading_cd=8500,pitch_cd=997,roll_cd=103,yaw_cd=-40,bat_mv=0,status=0x02","{""ver"":1,""type"":1,""seq"":22895,""ts"":88,""lat"":0,""lon"":0,""alt_mm"":-190,""speed_cms"":0,""heading_cd"":8500,""pitch_cd"":997,""roll_cd"":103,""yaw_cd"":-40,""bat_mv"":0,""status"":2}"
2026-08-12T20:06:45.135+00:00,BIN,"BIN,ver=1,type=1,seq=23175,ts=88,lat=0,lon=0,alt_mm=-150,speed_cms=0,heading_cd=8500,pitch_cd=1037,roll_cd=-14,yaw_cd=-58,bat_mv=0,status=0x02","{""ver"":1,""type"":1,""seq"":23175,""ts"":88,""lat"":0,""lon"":0,""alt_mm"":-150,""speed_cms"":0,""heading_cd"":8500,""pitch_cd"":1037,""roll_cd"":-14,""yaw_cd"":-58,""bat_mv"":0,""status"":2}"
2026-08-12T20:06:45.974+00:00,BIN,"BIN,ver=1,type=1,seq=23882,ts=89,lat=0,lon=0,alt_mm=-210,speed_cms=0,heading_cd=8500,pitch_cd=996,roll_cd=-100,yaw_cd=63,bat_mv=0,status=0x02","{""ver"":1,""type"":1,""seq"":23882,""ts"":89,""lat"":0,""lon"":0,""alt_mm"":-210,""speed_cms"":0,""heading_cd"":8500,""pitch_cd"":996,""roll_cd"":-100,""yaw_cd"":63,""bat_mv"":0,""status"":2}"
2026-08-12T20:06:46.394+00:00,BIN,"BIN,ver=1,type=1,seq=24276,ts=89,lat=0,lon=0,alt_mm=-220,speed_cms=0,heading_cd=8500,pitch_cd=956,roll_cd=31,yaw_cd=-59,bat_mv=0,status=0x02","{""ver"":1,""type"":1,""seq"":24276,""ts"":89,""lat"":0,""lon"":0,""alt_mm"":-220,""speed_cms"":0,""heading_cd"":8500,""pitch_cd"":956,""roll_cd"":31,""yaw_cd"":-59,""bat_mv"":0,""status"":2}"
2026-08-12T20:06:46.478+00:00,BIN,"BIN,ver=1,type=1,seq=24430,ts=90,lat=0,lon=0,alt_mm=-220,speed_cms=0,heading_cd=8500,pitch_cd=1012,roll_cd=89,yaw_cd=-57,bat_mv=0,status=0x02","{""ver"":1,""type"":1,""seq"":24430,""ts"":90,""lat"":0,""lon"":0,""alt_mm"":-220,""speed_cms"":0,""heading_cd"":8500,""pitch_cd"":1012,""roll_cd"":89,""yaw_cd"":-57,""bat_mv"":0,""status"":2}"
2026-08-12T20:06:46.561+00:00,BIN,"BIN,ver=1,type=1,seq=24430,ts=90,lat=0,lon=0,alt_mm=-160,speed_cms=0,heading_cd=8500,pitch_cd=1016,roll_cd=176,yaw_cd=-96,bat_mv=0,status=0x02","{""ver"":1,""type"":1,""seq"":24430,""ts"":90,""lat"":0,""lon"":0,""alt_mm"":-160,""speed_cms"":0,""heading_cd"":8500,""pitch_cd"":1016,""roll_cd"":176,""yaw_cd"":-96,""bat_mv"":0,""status"":2}"
2026-08-12T20:06:46.983+00:00,BIN,"BIN,ver=1,type=1,seq=24835,ts=90,lat=0,lon=0,alt_mm=-230,speed_cms=0,heading_cd=8500,pitch_cd=953,roll_cd=284,yaw_cd=-242,bat_mv=0,status=0x02","{""ver"":1,""type"":1,""seq"":24835,""ts"":90,""lat"":0,""lon"":0,""alt_mm"":-230,""speed_cms"":0,""heading_cd"":8500,""pitch_cd"":953,""roll_cd"":284,""yaw_cd"":-242,""bat_mv"":0,""status"":2}"
2026-08-12T20:06:47.067+00:00,BIN,"BIN,ver=1,type=1,seq=25115,ts=90,lat=0,lon=0,alt_mm=-200,speed_cms=0,heading_cd=8500,pitch_cd=901,roll_cd=269,yaw_cd=-44,bat_mv=0,status=0x02","{""ver"":1,""type"":1,""seq"":25115,""ts"":90,""lat"":0,""lon"":0,""alt_mm"":-200,""speed_cms"":0,""heading_cd"":8500,""pitch_cd"":901,""roll_cd"":269,""yaw_cd"":-44,""bat_mv"":0,""status"":2}"
2026-08-12T20:06:47.149+00:00,BIN,"BIN,ver=1,type=1,seq=25115,ts=90,lat=0,lon=0,alt_mm=-200,speed_cms=0,heading_cd=8500,pitch_cd=928,roll_cd=288,yaw_cd=54,bat_mv=0,status=0x02","{""ver"":1,""type"":1,""seq"":25115,""ts"":90,""lat"":0,""lon"":0,""alt_mm"":-200,""speed_cms"":0,""heading_cd"":8500,""pitch_cd"":928,""roll_cd"":288,""yaw_cd"":54,""bat_mv"":0,""status"":2}"
2026-08-12T20:06:47.235+00:00,BIN,"BIN,ver=1,type=1,seq=25115,ts=90,lat=0,lon=0,alt_mm=-240,speed_cms=0,heading_cd=8500,pitch_cd=928,roll_cd=288,yaw_cd=54,bat_mv=0,status=0x02","{""ver"":1,""type"":1,""seq"":25115,""ts"":90,""lat"":0,""lon"":0,""alt_mm"":-240,""speed_cms"":0,""heading_cd"":8500,""pitch_cd"":928,""roll_cd"":288,""yaw_cd"":54,""bat_mv"":0,""status"":2}"
2026-08-12T20:06:47.483+00:00,BIN,"BIN,ver=1,type=1,seq=25395,ts=91,lat=0,lon=0,alt_mm=-230,speed_cms=0,heading_cd=8500,pitch_cd=1008,roll_cd=180,yaw_cd=-12,bat_mv=0,status=0x02","{""ver"":1,""type"":1,""seq"":25395,""ts"":91,""lat"":0,""lon"":0,""alt_mm"":-230,""speed_cms"":0,""heading_cd"":8500,""pitch_cd"":1008,""roll_cd"":180,""yaw_cd"":-12,""bat_mv"":0,""status"":2}"
2026-08-12T20:06:47.568+00:00,BIN,"BIN,ver=1,type=1,seq=25595,ts=91,lat=0,lon=0,alt_mm=-230,speed_cms=0,heading_cd=8500,pitch_cd=943,roll_cd=284,yaw_cd=-272,bat_mv=0,status=0x02","{""ver"":1,""type"":1,""seq"":25595,""ts"":91,""lat"":0,""lon"":0,""alt_mm"":-230,""speed_cms"":0,""heading_cd"":8500,""pitch_cd"":943,""roll_cd"":284,""yaw_cd"":-272,""bat_mv"":0,""status"":2}"
2026-08-12T20:06:47.652+00:00,BIN,"BIN,ver=1,type=1,seq=25595,ts=91,lat=0,lon=0,alt_mm=-230,speed_cms=0,heading_cd=8500,pitch_cd=808,roll_cd=144,yaw_cd=-128,bat_mv=0,status=0x02","{""ver"":1,""type"":1,""seq"":25595,""ts"":91,""lat"":0,""lon"":0,""alt_mm"":-230,""speed_cms"":0,""heading_cd"":8500,""pitch_cd"":808,""roll_cd"":144,""yaw_cd"":-128,""bat_mv"":0,""status"":2}"
2026-08-12T20:06:47.820+00:00,BIN,"BIN,ver=1,type=1,seq=25715,ts=91,lat=0,lon=0,alt_mm=-190,speed_cms=0,heading_cd=8500,pitch_cd=956,roll_cd=61,yaw_cd=19,bat_mv=0,status=0x02","{""ver"":1,""type"":1,""seq"":25715,""ts"":91,""lat"":0,""lon"":0,""alt_mm"":-190,""speed_cms"":0,""heading_cd"":8500,""pitch_cd"":956,""roll_cd"":61,""yaw_cd"":19,""bat_mv"":0,""status"":2}"
2026-08-12T20:06:47.905+00:00,BIN,"BIN,ver=1,type=1,seq=25830,ts=91,lat=0,lon=0,alt_mm=-180,speed_cms=0,heading_cd=8500,pitch_cd=999,roll_cd=267,yaw_cd=-185,bat_mv=0,status=0x02","{""ver"":1,""type"":1,""seq"":25830,""ts"":91,""lat"":0,""lon"":0,""alt_mm"":-180,""speed_cms"":0,""heading_cd"":8500,""pitch_cd"":999,""roll_cd"":267,""yaw_cd"":-185,""bat_mv"":0,""status"":2}"
2026-08-12T20:06:47.987+00:00,BIN,"BIN,ver=1,type=1,seq=25955,ts=91,lat=0,lon=0,alt_mm=-240,speed_cms=0,heading_cd=8500,pitch_cd=868,roll_cd=109,yaw_cd=-238,bat_mv=0,status=0x02","{""ver"":1,""type"":1,""seq"":25955,""ts"":91,""lat"":0,""lon"":0,""alt_mm"":-240,""speed_cms"":0,""heading_cd"":8500,""pitch_cd"":868,""roll_cd"":109,""yaw_cd"":-238,""bat_mv"":0,""status"":2}"
2026-08-12T20:06:48.071+00:00,BIN,"BIN,ver=1,type=1,seq=26110,ts=91,lat=0,lon=0,alt_mm=-220,speed_cms=0,heading_cd=8500,pitch_cd=929,roll_cd=37,yaw_cd=46,bat_mv=0,status=0x02","{""ver"":1,""type"":1,""seq"":26110,""ts"":91,""lat"":0,""lon"":0,""alt_mm"":-220,""speed_cms"":0,""heading_cd"":8500,""pitch_cd"":929,""roll_cd"":37,""yaw_cd"":46,""bat_mv"":0,""status"":2}"
2026-08-12T20:06:48.405+00:00,BIN,"BIN,ver=1,type=1,seq=26236,ts=91,lat=0,lon=0,alt_mm=-170,speed_cms=0,heading_cd=8500,pitch_cd=1295,roll_cd=350,yaw_cd=42,bat_mv=0,status=0x02","{""ver"":1,""type"":1,""seq"":26236,""ts"":91,""lat"":0,""lon"":0,""alt_mm"":-170,""speed_cms"":0,""heading_cd"":8500,""pitch_cd"":1295,""roll_cd"":350,""yaw_cd"":42,""bat_mv"":0,""status"":2}"
2026-08-12T20:06:48.575+00:00,BIN,"BIN,ver=1,type=1,seq=26515,ts=92,lat=0,lon=0,alt_mm=-220,speed_cms=0,heading_cd=8500,pitch_cd=899,roll_cd=266,yaw_cd=-225,bat_mv=0,status=0x02","{""ver"":1,""type"":1,""seq"":26515,""ts"":92,""lat"":0,""lon"":0,""alt_mm"":-220,""speed_cms"":0,""heading_cd"":8500,""pitch_cd"":899,""roll_cd"":266,""yaw_cd"":-225,""bat_mv"":0,""status"":2}"
2026-08-12T20:06:48.828+00:00,BIN,"BIN,ver=1,type=1,seq=26682,ts=92,lat=0,lon=0,alt_mm=-220,speed_cms=0,heading_cd=8500,pitch_cd=989,roll_cd=205,yaw_cd=101,bat_mv=0,status=0x02","{""ver"":1,""type"":1,""seq"":26682,""ts"":92,""lat"":0,""lon"":0,""alt_mm"":-220,""speed_cms"":0,""heading_cd"":8500,""pitch_cd"":989,""roll_cd"":205,""yaw_cd"":101,""bat_mv"":0,""status"":2}"
2026-08-12T20:06:50.420+00:00,BIN,"BIN,ver=1,type=1,seq=28343,ts=94,lat=0,lon=0,alt_mm=-130,speed_cms=0,heading_cd=8500,pitch_cd=916,roll_cd=134,yaw_cd=-72,bat_mv=0,status=0x02","{""ver"":1,""type"":1,""seq"":28343,""ts"":94,""lat"":0,""lon"":0,""alt_mm"":-130,""speed_cms"":0,""heading_cd"":8500,""pitch_cd"":916,""roll_cd"":134,""yaw_cd"":-72,""bat_mv"":0,""status"":2}"
2026-08-12T20:06:50.586+00:00,BIN,"BIN,ver=1,type=1,seq=28455,ts=94,lat=0,lon=0,alt_mm=-170,speed_cms=0,heading_cd=8500,pitch_cd=919,roll_cd=190,yaw_cd=-139,bat_mv=0,status=0x02","{""ver"":1,""type"":1,""seq"":28455,""ts"":94,""lat"":0,""lon"":0,""alt_mm"":-170,""speed_cms"":0,""heading_cd"":8500,""pitch_cd"":919,""roll_cd"":190,""yaw_cd"":-139,""bat_mv"":0,""status"":2}"
2026-08-12T20:06:50.759+00:00,BIN,"BIN,ver=1,type=1,seq=28610,ts=94,lat=0,lon=0,alt_mm=-140,speed_cms=0,heading_cd=8500,pitch_cd=1152,roll_cd=223,yaw_cd=-335,bat_mv=0,status=0x02","{""ver"":1,""type"":1,""seq"":28610,""ts"":94,""lat"":0,""lon"":0,""alt_mm"":-140,""speed_cms"":0,""heading_cd"":8500,""pitch_cd"":1152,""roll_cd"":223,""yaw_cd"":-335,""bat_mv"":0,""status"":2}"
2026-08-12T20:06:51.094+00:00,BIN,"BIN,ver=1,type=1,seq=29015,ts=94,lat=0,lon=0,alt_mm=-210,speed_cms=0,heading_cd=8500,pitch_cd=888,roll_cd=187,yaw_cd=-214,bat_mv=0,status=0x02","{""ver"":1,""type"":1,""seq"":29015,""ts"":94,""lat"":0,""lon"":0,""alt_mm"":-210,""speed_cms"":0,""heading_cd"":8500,""pitch_cd"":888,""roll_cd"":187,""yaw_cd"":-214,""bat_mv"":0,""status"":2}"
2026-08-12T20:06:51.177+00:00,BIN,"BIN,ver=1,type=1,seq=29182,ts=94,lat=0,lon=0,alt_mm=-210,speed_cms=0,heading_cd=8500,pitch_cd=888,roll_cd=187,yaw_cd=-214,bat_mv=0,status=0x02","{""ver"":1,""type"":1,""seq"":29182,""ts"":94,""lat"":0,""lon"":0,""alt_mm"":-210,""speed_cms"":0,""heading_cd"":8500,""pitch_cd"":888,""roll_cd"":187,""yaw_cd"":-214,""bat_mv"":0,""status"":2}"
2026-08-12T20:06:51.517+00:00,BIN,"BIN,ver=1,type=1,seq=29450,ts=95,lat=0,lon=0,alt_mm=-150,speed_cms=0,heading_cd=8500,pitch_cd=932,roll_cd=405,yaw_cd=-231,bat_mv=0,status=0x02","{""ver"":1,""type"":1,""seq"":29450,""ts"":95,""lat"":0,""lon"":0,""alt_mm"":-150,""speed_cms"":0,""heading_cd"":8500,""pitch_cd"":932,""roll_cd"":405,""yaw_cd"":-231,""bat_mv"":0,""status"":2}"
2026-08-12T20:06:51.679+00:00,BIN,"BIN,ver=1,type=1,seq=29575,ts=95,lat=0,lon=0,alt_mm=-150,speed_cms=0,heading_cd=8500,pitch_cd=954,roll_cd=185,yaw_cd=-263,bat_mv=0,status=0x02","{""ver"":1,""type"":1,""seq"":29575,""ts"":95,""lat"":0,""lon"":0,""alt_mm"":-150,""speed_cms"":0,""heading_cd"":8500,""pitch_cd"":954,""roll_cd"":185,""yaw_cd"":-263,""bat_mv"":0,""status"":2}"
2026-08-12T20:06:52.857+00:00,BIN,"BIN,ver=1,type=1,seq=30842,ts=96,lat=0,lon=0,alt_mm=10,speed_cms=0,heading_cd=8500,pitch_cd=880,roll_cd=278,yaw_cd=-238,bat_mv=0,status=0x02","{""ver"":1,""type"":1,""seq"":30842,""ts"":96,""lat"":0,""lon"":0,""alt_mm"":10,""speed_cms"":0,""heading_cd"":8500,""pitch_cd"":880,""roll_cd"":278,""yaw_cd"":-238,""bat_mv"":0,""status"":2}"
2026-08-12T20:06:53.777+00:00,BIN,"BIN,ver=1,type=1,seq=31682,ts=97,lat=0,lon=0,alt_mm=-130,speed_cms=0,heading_cd=8500,pitch_cd=991,roll_cd=272,yaw_cd=22,bat_mv=0,status=0x02","{""ver"":1,""type"":1,""seq"":31682,""ts"":97,""lat"":0,""lon"":0,""alt_mm"":-130,""speed_cms"":0,""heading_cd"":8500,""pitch_cd"":991,""roll_cd"":272,""yaw_cd"":22,""bat_mv"":0,""status"":2}"
2026-08-12T20:06:53.861+00:00,BIN,"BIN,ver=1,type=1,seq=31795,ts=97,lat=0,lon=0,alt_mm=-110,speed_cms=0,heading_cd=8500,pitch_cd=991,roll_cd=272,yaw_cd=22,bat_mv=0,status=0x02","{""ver"":1,""type"":1,""seq"":31795,""ts"":97,""lat"":0,""lon"":0,""alt_mm"":-110,""speed_cms"":0,""heading_cd"":8500,""pitch_cd"":991,""roll_cd"":272,""yaw_cd"":22,""bat_mv"":0,""status"":2}"
2026-08-12T20:06:57.555+00:00,BIN,"BIN,ver=1,type=1,seq=35436,ts=101,lat=0,lon=0,alt_mm=20,speed_cms=0,heading_cd=8500,pitch_cd=864,roll_cd=92,yaw_cd=61,bat_mv=0,status=0x02","{""ver"":1,""type"":1,""seq"":35436,""ts"":101,""lat"":0,""lon"":0,""alt_mm"":20,""speed_cms"":0,""heading_cd"":8500,""pitch_cd"":864,""roll_cd"":92,""yaw_cd"":61,""bat_mv"":0,""status"":2}"
2026-08-12T20:06:58.562+00:00,BIN,"BIN,ver=1,type=1,seq=36412,ts=102,lat=0,lon=0,alt_mm=-50,speed_cms=0,heading_cd=8500,pitch_cd=994,roll_cd=197,yaw_cd=-138,bat_mv=0,status=0x02","{""ver"":1,""type"":1,""seq"":36412,""ts"":102,""lat"":0,""lon"":0,""alt_mm"":-50,""speed_cms"":0,""heading_cd"":8500,""pitch_cd"":994,""roll_cd"":197,""yaw_cd"":-138,""bat_mv"":0,""status"":2}"
2026-08-12T20:07:02.258+00:00,BIN,"BIN,ver=1,type=1,seq=40342,ts=105,lat=0,lon=0,alt_mm=10,speed_cms=0,heading_cd=8500,pitch_cd=927,roll_cd=239,yaw_cd=-224,bat_mv=0,status=0x02","{""ver"":1,""type"":1,""seq"":40342,""ts"":105,""lat"":0,""lon"":0,""alt_mm"":10,""speed_cms"":0,""heading_cd"":8500,""pitch_cd"":927,""roll_cd"":239,""yaw_cd"":-224,""bat_mv"":0,""status"":2}"
2026-08-12T20:07:03.435+00:00,BIN,"BIN,ver=1,type=1,seq=41295,ts=107,lat=0,lon=0,alt_mm=-180,speed_cms=0,heading_cd=8500,pitch_cd=1052,roll_cd=203,yaw_cd=-121,bat_mv=0,status=0x02","{""ver"":1,""type"":1,""seq"":41295,""ts"":107,""lat"":0,""lon"":0,""alt_mm"":-180,""speed_cms"":0,""heading_cd"":8500,""pitch_cd"":1052,""roll_cd"":203,""yaw_cd"":-121,""bat_mv"":0,""status"":2}"
2026-08-12T20:07:06.377+00:00,BIN,"BIN,ver=1,type=1,seq=44376,ts=110,lat=0,lon=0,alt_mm=-100,speed_cms=0,heading_cd=8500,pitch_cd=1019,roll_cd=197,yaw_cd=-140,bat_mv=0,status=0x02","{""ver"":1,""type"":1,""seq"":44376,""ts"":110,""lat"":0,""lon"":0,""alt_mm"":-100,""speed_cms"":0,""heading_cd"":8500,""pitch_cd"":1019,""roll_cd"":197,""yaw_cd"":-140,""bat_mv"":0,""status"":2}"
2026-08-12T20:07:06.880+00:00,BIN,"BIN,ver=1,type=1,seq=44813,ts=110,lat=0,lon=0,alt_mm=-20,speed_cms=0,heading_cd=8500,pitch_cd=923,roll_cd=305,yaw_cd=38,bat_mv=0,status=0x02","{""ver"":1,""type"":1,""seq"":44813,""ts"":110,""lat"":0,""lon"":0,""alt_mm"":-20,""speed_cms"":0,""heading_cd"":8500,""pitch_cd"":923,""roll_cd"":305,""yaw_cd"":38,""bat_mv"":0,""status"":2}"
2026-08-12T20:07:07.382+00:00,BIN,"BIN,ver=1,type=1,seq=45370,ts=111,lat=0,lon=0,alt_mm=30,speed_cms=0,heading_cd=8500,pitch_cd=966,roll_cd=368,yaw_cd=-25,bat_mv=0,status=0x02","{""ver"":1,""type"":1,""seq"":45370,""ts"":111,""lat"":0,""lon"":0,""alt_mm"":30,""speed_cms"":0,""heading_cd"":8500,""pitch_cd"":966,""roll_cd"":368,""yaw_cd"":-25,""bat_mv"":0,""status"":2}"
2026-08-12T20:07:07.464+00:00,BIN,"BIN,ver=1,type=1,seq=45370,ts=111,lat=0,lon=0,alt_mm=30,speed_cms=0,heading_cd=8500,pitch_cd=931,roll_cd=326,yaw_cd=-39,bat_mv=0,status=0x02","{""ver"":1,""type"":1,""seq"":45370,""ts"":111,""lat"":0,""lon"":0,""alt_mm"":30,""speed_cms"":0,""heading_cd"":8500,""pitch_cd"":931,""roll_cd"":326,""yaw_cd"":-39,""bat_mv"":0,""status"":2}"
2026-08-12T20:07:08.555+00:00,BIN,"BIN,ver=1,type=1,seq=46492,ts=112,lat=0,lon=0,alt_mm=50,speed_cms=0,heading_cd=8500,pitch_cd=936,roll_cd=206,yaw_cd=-132,bat_mv=0,status=0x02","{""ver"":1,""type"":1,""seq"":46492,""ts"":112,""lat"":0,""lon"":0,""alt_mm"":50,""speed_cms"":0,""heading_cd"":8500,""pitch_cd"":936,""roll_cd"":206,""yaw_cd"":-132,""bat_mv"":0,""status"":2}"
2026-08-12T20:07:13.004+00:00,BIN,"BIN,ver=1,type=1,seq=50962,ts=116,lat=0,lon=0,alt_mm=-120,speed_cms=0,heading_cd=8500,pitch_cd=986,roll_cd=114,yaw_cd=-253,bat_mv=0,status=0x02","{""ver"":1,""type"":1,""seq"":50962,""ts"":116,""lat"":0,""lon"":0,""alt_mm"":-120,""speed_cms"":0,""heading_cd"":8500,""pitch_cd"":986,""roll_cd"":114,""yaw_cd"":-253,""bat_mv"":0,""status"":2}"
2026-08-12T20:07:18.796+00:00,BIN,"BIN,ver=1,type=1,seq=56676,ts=122,lat=0,lon=0,alt_mm=-90,speed_cms=0,heading_cd=8500,pitch_cd=982,roll_cd=167,yaw_cd=-97,bat_mv=0,status=0x02","{""ver"":1,""type"":1,""seq"":56676,""ts"":122,""lat"":0,""lon"":0,""alt_mm"":-90,""speed_cms"":0,""heading_cd"":8500,""pitch_cd"":982,""roll_cd"":167,""yaw_cd"":-97,""bat_mv"":0,""status"":2}"
2026-08-12T20:07:19.468+00:00,BIN,"BIN,ver=1,type=1,seq=57390,ts=122,lat=0,lon=0,alt_mm=130,speed_cms=0,heading_cd=8500,pitch_cd=881,roll_cd=217,yaw_cd=350,bat_mv=0,status=0x02","{""ver"":1,""type"":1,""seq"":57390,""ts"":122,""lat"":0,""lon"":0,""alt_mm"":130,""speed_cms"":0,""heading_cd"":8500,""pitch_cd"":881,""roll_cd"":217,""yaw_cd"":350,""bat_mv"":0,""status"":2}"
2026-08-12T20:07:20.055+00:00,BIN,"BIN,ver=1,type=1,seq=58075,ts=123,lat=0,lon=0,alt_mm=230,speed_cms=0,heading_cd=8500,pitch_cd=907,roll_cd=26,yaw_cd=135,bat_mv=0,status=0x02","{""ver"":1,""type"":1,""seq"":58075,""ts"":123,""lat"":0,""lon"":0,""alt_mm"":230,""speed_cms"":0,""heading_cd"":8500,""pitch_cd"":907,""roll_cd"":26,""yaw_cd"":135,""bat_mv"":0,""status"":2}"
2026-08-12T20:07:20.139+00:00,BIN,"BIN,ver=1,type=1,seq=58075,ts=123,lat=0,lon=0,alt_mm=230,speed_cms=0,heading_cd=8500,pitch_cd=907,roll_cd=26,yaw_cd=135,bat_mv=0,status=0x02","{""ver"":1,""type"":1,""seq"":58075,""ts"":123,""lat"":0,""lon"":0,""alt_mm"":230,""speed_cms"":0,""heading_cd"":8500,""pitch_cd"":907,""roll_cd"":26,""yaw_cd"":135,""bat_mv"":0,""status"":2}"
2026-08-12T20:07:20.391+00:00,BIN,"BIN,ver=1,type=1,seq=58232,ts=123,lat=0,lon=0,alt_mm=160,speed_cms=0,heading_cd=8500,pitch_cd=1078,roll_cd=12,yaw_cd=-34,bat_mv=0,status=0x02","{""ver"":1,""type"":1,""seq"":58232,""ts"":123,""lat"":0,""lon"":0,""alt_mm"":160,""speed_cms"":0,""heading_cd"":8500,""pitch_cd"":1078,""roll_cd"":12,""yaw_cd"":-34,""bat_mv"":0,""status"":2}"
2026-08-12T20:07:20.474+00:00,BIN,"BIN,ver=1,type=1,seq=58355,ts=124,lat=0,lon=0,alt_mm=160,speed_cms=0,heading_cd=8500,pitch_cd=1005,roll_cd=36,yaw_cd=143,bat_mv=0,status=0x02","{""ver"":1,""type"":1,""seq"":58355,""ts"":124,""lat"":0,""lon"":0,""alt_mm"":160,""speed_cms"":0,""heading_cd"":8500,""pitch_cd"":1005,""roll_cd"":36,""yaw_cd"":143,""bat_mv"":0,""status"":2}"
2026-08-12T20:07:20.642+00:00,BIN,"BIN,ver=1,type=1,seq=58510,ts=124,lat=0,lon=0,alt_mm=240,speed_cms=0,heading_cd=8500,pitch_cd=1041,roll_cd=272,yaw_cd=132,bat_mv=0,status=0x02","{""ver"":1,""type"":1,""seq"":58510,""ts"":124,""lat"":0,""lon"":0,""alt_mm"":240,""speed_cms"":0,""heading_cd"":8500,""pitch_cd"":1041,""roll_cd"":272,""yaw_cd"":132,""bat_mv"":0,""status"":2}"
2026-08-12T20:07:20.727+00:00,BIN,"BIN,ver=1,type=1,seq=58635,ts=124,lat=0,lon=0,alt_mm=240,speed_cms=0,heading_cd=8500,pitch_cd=969,roll_cd=193,yaw_cd=272,bat_mv=0,status=0x02","{""ver"":1,""type"":1,""seq"":58635,""ts"":124,""lat"":0,""lon"":0,""alt_mm"":240,""speed_cms"":0,""heading_cd"":8500,""pitch_cd"":969,""roll_cd"":193,""yaw_cd"":272,""bat_mv"":0,""status"":2}"
2026-08-12T20:07:21.482+00:00,BIN,"BIN,ver=1,type=1,seq=59351,ts=125,lat=373927333,lon=-1219814900,alt_mm=80,speed_cms=17,heading_cd=8500,pitch_cd=984,roll_cd=-16,yaw_cd=-50,bat_mv=0,status=0x03","{""ver"":1,""type"":1,""seq"":59351,""ts"":125,""lat"":373927333,""lon"":-1219814900,""alt_mm"":80,""speed_cms"":17,""heading_cd"":8500,""pitch_cd"":984,""roll_cd"":-16,""yaw_cd"":-50,""bat_mv"":0,""status"":3}"
2026-08-12T20:07:22.153+00:00,BIN,"BIN,ver=1,type=1,seq=60035,ts=125,lat=373927333,lon=-1219814883,alt_mm=30,speed_cms=17,heading_cd=8500,pitch_cd=1002,roll_cd=76,yaw_cd=40,bat_mv=0,status=0x03","{""ver"":1,""type"":1,""seq"":60035,""ts"":125,""lat"":373927333,""lon"":-1219814883,""alt_mm"":30,""speed_cms"":17,""heading_cd"":8500,""pitch_cd"":1002,""roll_cd"":76,""yaw_cd"":40,""bat_mv"":0,""status"":3}"
2026-08-12T20:08:40.618+00:00,BIN,"BIN,ver=1,type=1,seq=7483,ts=204,lat=373929717,lon=-1219811833,alt_mm=410,speed_cms=16,heading_cd=8500,pitch_cd=940,roll_cd=-74,yaw_cd=4,bat_mv=0,status=0x03","{""ver"":1,""type"":1,""seq"":7483,""ts"":204,""lat"":373929717,""lon"":-1219811833,""alt_mm"":410,""speed_cms"":16,""heading_cd"":8500,""pitch_cd"":940,""roll_cd"":-74,""yaw_cd"":4,""bat_mv"":0,""status"":3}"
2026-08-12T20:08:46.161+00:00,BIN,"BIN,ver=1,type=1,seq=13083,ts=209,lat=373929717,lon=-1219811717,alt_mm=260,speed_cms=17,heading_cd=8500,pitch_cd=1003,roll_cd=66,yaw_cd=-173,bat_mv=0,status=0x03","{""ver"":1,""type"":1,""seq"":13083,""ts"":209,""lat"":373929717,""lon"":-1219811717,""alt_mm"":260,""speed_cms"":17,""heading_cd"":8500,""pitch_cd"":1003,""roll_cd"":66,""yaw_cd"":-173,""bat_mv"":0,""status"":3}"
2026-08-12T20:08:52.199+00:00,BIN,"BIN,ver=1,type=1,seq=19119,ts=215,lat=373929600,lon=-1219812050,alt_mm=250,speed_cms=36,heading_cd=8500,pitch_cd=1000,roll_cd=-48,yaw_cd=-137,bat_mv=0,status=0x03","{""ver"":1,""type"":1,""seq"":19119,""ts"":215,""lat"":373929600,""lon"":-1219812050,""alt_mm"":250,""speed_cms"":36,""heading_cd"":8500,""pitch_cd"":1000,""roll_cd"":-48,""yaw_cd"":-137,""bat_mv"":0,""status"":3}"
2026-08-12T20:08:52.956+00:00,BIN,"BIN,ver=1,type=1,seq=19678,ts=216,lat=373929600,lon=-1219812050,alt_mm=190,speed_cms=36,heading_cd=8500,pitch_cd=957,roll_cd=46,yaw_cd=-457,bat_mv=0,status=0x03","{""ver"":1,""type"":1,""seq"":19678,""ts"":216,""lat"":373929600,""lon"":-1219812050,""alt_mm"":190,""speed_cms"":36,""heading_cd"":8500,""pitch_cd"":957,""roll_cd"":46,""yaw_cd"":-457,""bat_mv"":0,""status"":3}"
2026-08-12T20:09:02.355+00:00,BIN,"BIN,ver=1,type=1,seq=29284,ts=225,lat=373929650,lon=-1219812100,alt_mm=250,speed_cms=16,heading_cd=8500,pitch_cd=985,roll_cd=66,yaw_cd=-224,bat_mv=0,status=0x03","{""ver"":1,""type"":1,""seq"":29284,""ts"":225,""lat"":373929650,""lon"":-1219812100,""alt_mm"":250,""speed_cms"":16,""heading_cd"":8500,""pitch_cd"":985,""roll_cd"":66,""yaw_cd"":-224,""bat_mv"":0,""status"":3}"
2026-08-12T20:09:04.792+00:00,BIN,"BIN,ver=1,type=1,seq=31678,ts=228,lat=373929633,lon=-1219812083,alt_mm=290,speed_cms=13,heading_cd=8500,pitch_cd=970,roll_cd=78,yaw_cd=-244,bat_mv=0,status=0x03","{""ver"":1,""type"":1,""seq"":31678,""ts"":228,""lat"":373929633,""lon"":-1219812083,""alt_mm"":290,""speed_cms"":13,""heading_cd"":8500,""pitch_cd"":970,""roll_cd"":78,""yaw_cd"":-244,""bat_mv"":0,""status"":3}"
2026-08-12T20:09:04.956+00:00,BIN,"BIN,ver=1,type=1,seq=31803,ts=228,lat=373929633,lon=-1219812083,alt_mm=350,speed_cms=13,heading_cd=8500,pitch_cd=948,roll_cd=96,yaw_cd=-209,bat_mv=0,status=0x03","{""ver"":1,""type"":1,""seq"":31803,""ts"":228,""lat"":373929633,""lon"":-1219812083,""alt_mm"":350,""speed_cms"":13,""heading_cd"":8500,""pitch_cd"":948,""roll_cd"":96,""yaw_cd"":-209,""bat_mv"":0,""status"":3}"
2026-08-12T20:09:05.459+00:00,BIN,"BIN,ver=1,type=1,seq=32240,ts=229,lat=373929633,lon=-1219812067,alt_mm=270,speed_cms=14,heading_cd=8500,pitch_cd=975,roll_cd=95,yaw_cd=-206,bat_mv=0,status=0x03","{""ver"":1,""type"":1,""seq"":32240,""ts"":229,""lat"":373929633,""lon"":-1219812067,""alt_mm"":270,""speed_cms"":14,""heading_cd"":8500,""pitch_cd"":975,""roll_cd"":95,""yaw_cd"":-206,""bat_mv"":0,""status"":3}"
2026-08-12T20:09:11.087+00:00,BIN,"BIN,ver=1,type=1,seq=37943,ts=234,lat=373929583,lon=-1219812017,alt_mm=20,speed_cms=3,heading_cd=8500,pitch_cd=968,roll_cd=57,yaw_cd=-182,bat_mv=0,status=0x03","{""ver"":1,""type"":1,""seq"":37943,""ts"":234,""lat"":373929583,""lon"":-1219812017,""alt_mm"":20,""speed_cms"":3,""heading_cd"":8500,""pitch_cd"":968,""roll_cd"":57,""yaw_cd"":-182,""bat_mv"":0,""status"":3}"
